{"type":"FeatureCollection","features":[{"type":"Feature","geometry":{"type":"Point","coordinates":[-96.992,-30.692]},"properties":{"ptf_id":1099108,"ptf_ref":"5501611_100","category":"drifting_buoys","ptf_model":"SVP MetOcean","wigos_ref":"0-22000-100-5501611","country_name":"ITALY","country_ship":"ITALY","goos_networks":"GDA","ptf_family_name":"Drifting Buoy","country_iso_reporting":"IT","country_sensor_provider":null}},{"type":"Feature","geometry":{"type":"Point","coordinates":[-54.233,29.699]},"properties":{"ptf_id":1106124,"ptf_ref":"4101523_100","category":"drifting_buoys","ptf_model":"SVP MetOcean","wigos_ref":"0-22000-100-4101523","country_name":"USA","country_ship":null,"goos_networks":"GDA","ptf_family_name":"Drifting Buoy","country_iso_reporting":"US","country_sensor_provider":null}},{"type":"Feature","geometry":{"type":"Point","coordinates":[-96.558,-36.084]},"properties":{"ptf_id":1106385,"ptf_ref":"1701600_100","category":"drifting_buoys","ptf_model":"SVP MetOcean","wigos_ref":"0-22000-100-1701600","country_name":"ITALY","country_ship":null,"goos_networks":"GDA","ptf_family_name":"Drifting Buoy","country_iso_reporting":"IT","country_sensor_provider":null}},{"type":"Feature","geometry":{"type":"Point","coordinates":[-128.603,-27.957]},"properties":{"ptf_id":1120435,"ptf_ref":"7301552_100","category":"drifting_buoys","ptf_model":"SVP B MetOcean","wigos_ref":"0-22000-100-7301552","country_name":"AUSTRALIA","country_ship":null,"goos_networks":"GDA","ptf_family_name":"Drifting Buoy","country_iso_reporting":"AU","country_sensor_provider":null}},{"type":"Feature","geometry":{"type":"Point","coordinates":[-33.01,83.806]},"properties":{"ptf_id":1123380,"ptf_ref":"4802502_100","category":"drifting_buoys","ptf_model":"AXIB","wigos_ref":"0-22000-100-4802502","country_name":"USA","country_ship":null,"goos_networks":"GDA","ptf_family_name":"Drifting Buoy","country_iso_reporting":"US","country_sensor_provider":null}},{"type":"Feature","geometry":{"type":"Point","coordinates":[-127.485,70.229]},"properties":{"ptf_id":1123386,"ptf_ref":"4801639_100","category":"drifting_buoys","ptf_model":"AXIB","wigos_ref":"0-22000-100-4801639","country_name":"USA","country_ship":null,"goos_networks":"GDA","ptf_family_name":"Drifting Buoy","country_iso_reporting":"US","country_sensor_provider":null}},{"type":"Feature","geometry":{"type":"Point","coordinates":[-16.101,31.142]},"properties":{"ptf_id":1124462,"ptf_ref":"4401582_100","category":"drifting_buoys","ptf_model":"SVP B MetOcean","wigos_ref":"0-22000-100-4401582","country_name":"EUROPE","country_ship":null,"goos_networks":"GDA","ptf_family_name":"Drifting Buoy","country_iso_reporting":"EU","country_sensor_provider":null}},{"type":"Feature","geometry":{"type":"Point","coordinates":[-139.997,69.611]},"properties":{"ptf_id":1124629,"ptf_ref":"4802539_100","category":"drifting_buoys","ptf_model":"POLAR SVP","wigos_ref":"0-22000-100-4802539","country_name":"CANADA","country_ship":null,"goos_networks":"GDA","ptf_family_name":"Drifting Buoy","country_iso_reporting":"CA","country_sensor_provider":null}},{"type":"Feature","geometry":{"type":"Point","coordinates":[-105.554,-26.231]},"properties":{"ptf_id":1126455,"ptf_ref":"3101571","category":"drifting_buoys","ptf_model":"SVP","wigos_ref":"0-22000-0-3101571","country_name":"USA","country_ship":"GERMANY","goos_networks":"GDA","ptf_family_name":"Drifting Buoy","country_iso_reporting":"US","country_sensor_provider":null}},{"type":"Feature","geometry":{"type":"Point","coordinates":[-108.304,-30.518]},"properties":{"ptf_id":1126476,"ptf_ref":"3101573","category":"drifting_buoys","ptf_model":"SVP","wigos_ref":"0-22000-0-3101573","country_name":"USA","country_ship":"GERMANY","goos_networks":"GDA","ptf_family_name":"Drifting Buoy","country_iso_reporting":"US","country_sensor_provider":null}},{"type":"Feature","geometry":{"type":"Point","coordinates":[-105.577,-28.225]},"properties":{"ptf_id":1126483,"ptf_ref":"3101569","category":"drifting_buoys","ptf_model":"SVP","wigos_ref":"0-22000-0-3101569","country_name":"USA","country_ship":"GERMANY","goos_networks":"GDA","ptf_family_name":"Drifting Buoy","country_iso_reporting":"US","country_sensor_provider":null}},{"type":"Feature","geometry":{"type":"Point","coordinates":[-119.566,-24.332]},"properties":{"ptf_id":1126485,"ptf_ref":"3101570","category":"drifting_buoys","ptf_model":"SVP","wigos_ref":"0-22000-0-3101570","country_name":"USA","country_ship":"GERMANY","goos_networks":"GDA","ptf_family_name":"Drifting Buoy","country_iso_reporting":"US","country_sensor_provider":null}},{"type":"Feature","geometry":{"type":"Point","coordinates":[-47.996,27.978]},"properties":{"ptf_id":1131368,"ptf_ref":"6203639_100","category":"drifting_buoys","ptf_model":"SVP B MetOcean","wigos_ref":"0-22000-100-6203639","country_name":"EUROPE","country_ship":null,"goos_networks":"GDA","ptf_family_name":"Drifting Buoy","country_iso_reporting":"EU","country_sensor_provider":null}},{"type":"Feature","geometry":{"type":"Point","coordinates":[-67.158,79.505]},"properties":{"ptf_id":1132449,"ptf_ref":"4802664","category":"drifting_buoys","ptf_model":"POLAR SVP","wigos_ref":"0-22000-0-4802664","country_name":"CANADA","country_ship":null,"goos_networks":"GDA","ptf_family_name":"Drifting Buoy","country_iso_reporting":"CA","country_sensor_provider":null}},{"type":"Feature","geometry":{"type":"Point","coordinates":[-38.245,28.389]},"properties":{"ptf_id":1132487,"ptf_ref":"6203632_100","category":"drifting_buoys","ptf_model":"SVP B MetOcean","wigos_ref":"0-22000-100-6203632","country_name":"EUROPE","country_ship":null,"goos_networks":"GDA","ptf_family_name":"Drifting Buoy","country_iso_reporting":"EU","country_sensor_provider":null}},{"type":"Feature","geometry":{"type":"Point","coordinates":[0.869,-38.078]},"properties":{"ptf_id":1134115,"ptf_ref":"1501711_100","category":"drifting_buoys","ptf_model":"SVP DBi","wigos_ref":"0-22000-100-1501711","country_name":"USA","country_ship":null,"goos_networks":"GDA","ptf_family_name":"Drifting Buoy","country_iso_reporting":"US","country_sensor_provider":"UK"}},{"type":"Feature","geometry":{"type":"Point","coordinates":[-8.539,-31.811]},"properties":{"ptf_id":1134116,"ptf_ref":"1501712_100","category":"drifting_buoys","ptf_model":"SVP DBi","wigos_ref":"0-22000-100-1501712","country_name":"USA","country_ship":null,"goos_networks":"GDA","ptf_family_name":"Drifting Buoy","country_iso_reporting":"US","country_sensor_provider":"UK"}},{"type":"Feature","geometry":{"type":"Point","coordinates":[-3.975,-31.927]},"properties":{"ptf_id":1134142,"ptf_ref":"1501695_100","category":"drifting_buoys","ptf_model":"SVP DBi","wigos_ref":"0-22000-100-1501695","country_name":"USA","country_ship":null,"goos_networks":"GDA","ptf_family_name":"Drifting Buoy","country_iso_reporting":"US","country_sensor_provider":"UK"}},{"type":"Feature","geometry":{"type":"Point","coordinates":[-14.064,-26.282]},"properties":{"ptf_id":1134143,"ptf_ref":"1501699_100","category":"drifting_buoys","ptf_model":"SVP DBi","wigos_ref":"0-22000-100-1501699","country_name":"USA","country_ship":null,"goos_networks":"GDA","ptf_family_name":"Drifting Buoy","country_iso_reporting":"US","country_sensor_provider":"UK"}},{"type":"Feature","geometry":{"type":"Point","coordinates":[-13.211,-34.621]},"properties":{"ptf_id":1134779,"ptf_ref":"1501697_100","category":"drifting_buoys","ptf_model":"SVP DBi","wigos_ref":"0-22000-100-1501697","country_name":"USA","country_ship":null,"goos_networks":"GDA","ptf_family_name":"Drifting Buoy","country_iso_reporting":"US","country_sensor_provider":"UK"}},{"type":"Feature","geometry":{"type":"Point","coordinates":[-28.16,-29.315]},"properties":{"ptf_id":1134812,"ptf_ref":"1501717_100","category":"drifting_buoys","ptf_model":"SVP DBi","wigos_ref":"0-22000-100-1501717","country_name":"USA","country_ship":null,"goos_networks":"GDA","ptf_family_name":"Drifting Buoy","country_iso_reporting":"US","country_sensor_provider":"UK"}},{"type":"Feature","geometry":{"type":"Point","coordinates":[-74.562,23.947]},"properties":{"ptf_id":1134895,"ptf_ref":"6203621_100","category":"drifting_buoys","ptf_model":"SVP B MetOcean","wigos_ref":"0-22000-100-6203621","country_name":"EUROPE","country_ship":null,"goos_networks":"GDA","ptf_family_name":"Drifting Buoy","country_iso_reporting":"EU","country_sensor_provider":null}},{"type":"Feature","geometry":{"type":"Point","coordinates":[-41.642,33.292]},"properties":{"ptf_id":1134896,"ptf_ref":"6203625_100","category":"drifting_buoys","ptf_model":"SVP B MetOcean","wigos_ref":"0-22000-100-6203625","country_name":"EUROPE","country_ship":null,"goos_networks":"GDA","ptf_family_name":"Drifting Buoy","country_iso_reporting":"EU","country_sensor_provider":null}},{"type":"Feature","geometry":{"type":"Point","coordinates":[-45.26,26.325]},"properties":{"ptf_id":1134911,"ptf_ref":"6203615_100","category":"drifting_buoys","ptf_model":"SVP B MetOcean","wigos_ref":"0-22000-100-6203615","country_name":"EUROPE","country_ship":null,"goos_networks":"GDA","ptf_family_name":"Drifting Buoy","country_iso_reporting":"EU","country_sensor_provider":null}},{"type":"Feature","geometry":{"type":"Point","coordinates":[-19.318,-41.563]},"properties":{"ptf_id":1135505,"ptf_ref":"6203819","category":"drifting_buoys","ptf_model":"SVP DBi","wigos_ref":"0-22000-0-6203819","country_name":"USA","country_ship":null,"goos_networks":"GDA","ptf_family_name":"Drifting Buoy","country_iso_reporting":"US","country_sensor_provider":"UK"}},{"type":"Feature","geometry":{"type":"Point","coordinates":[-10.59,-35.275]},"properties":{"ptf_id":1135507,"ptf_ref":"6203810","category":"drifting_buoys","ptf_model":"SVP DBi","wigos_ref":"0-22000-0-6203810","country_name":"USA","country_ship":null,"goos_networks":"GDA","ptf_family_name":"Drifting Buoy","country_iso_reporting":"US","country_sensor_provider":"UK"}},{"type":"Feature","geometry":{"type":"Point","coordinates":[-152.031,15.898]},"properties":{"ptf_id":1136071,"ptf_ref":"4402654_100","category":"drifting_buoys","ptf_model":"SVP B MetOcean","wigos_ref":"0-22000-100-4402654","country_name":"USA","country_ship":null,"goos_networks":"GDA","ptf_family_name":"Drifting Buoy","country_iso_reporting":"US","country_sensor_provider":"CANADA"}},{"type":"Feature","geometry":{"type":"Point","coordinates":[-2.785,-32.236]},"properties":{"ptf_id":1136091,"ptf_ref":"6203816_100","category":"drifting_buoys","ptf_model":"SVP DBi","wigos_ref":"0-22000-100-6203816","country_name":"USA","country_ship":null,"goos_networks":"GDA","ptf_family_name":"Drifting Buoy","country_iso_reporting":"US","country_sensor_provider":"UK"}},{"type":"Feature","geometry":{"type":"Point","coordinates":[-89.174,29.25]},"properties":{"ptf_id":1136378,"ptf_ref":"4101722","category":"drifting_buoys","ptf_model":"SVP B MetOcean","wigos_ref":"0-22000-0-4101722","country_name":"EUROPE","country_ship":null,"goos_networks":"GDA","ptf_family_name":"Drifting Buoy","country_iso_reporting":"EU","country_sensor_provider":null}},{"type":"Feature","geometry":{"type":"Point","coordinates":[-63.031,18.068]},"properties":{"ptf_id":1136379,"ptf_ref":"4101725","category":"drifting_buoys","ptf_model":"SVP B MetOcean","wigos_ref":"0-22000-0-4101725","country_name":"EUROPE","country_ship":null,"goos_networks":"GDA","ptf_family_name":"Drifting Buoy","country_iso_reporting":"EU","country_sensor_provider":null}},{"type":"Feature","geometry":{"type":"Point","coordinates":[-76.963,26.535]},"properties":{"ptf_id":1136380,"ptf_ref":"4101726","category":"drifting_buoys","ptf_model":"SVP B MetOcean","wigos_ref":"0-22000-0-4101726","country_name":"EUROPE","country_ship":null,"goos_networks":"GDA","ptf_family_name":"Drifting Buoy","country_iso_reporting":"EU","country_sensor_provider":null}},{"type":"Feature","geometry":{"type":"Point","coordinates":[-116.532,69.433]},"properties":{"ptf_id":1136701,"ptf_ref":"4801762","category":"drifting_buoys","ptf_model":"POLAR SVP","wigos_ref":"0-22000-0-4801762","country_name":"CANADA","country_ship":null,"goos_networks":"GDA","ptf_family_name":"Drifting Buoy","country_iso_reporting":"CA","country_sensor_provider":null}},{"type":"Feature","geometry":{"type":"Point","coordinates":[-38.256,29.016]},"properties":{"ptf_id":1136727,"ptf_ref":"4601782_100","category":"drifting_buoys","ptf_model":"SVP B MetOcean","wigos_ref":"0-22000-100-4601782","country_name":"USA","country_ship":null,"goos_networks":"GDA","ptf_family_name":"Drifting Buoy","country_iso_reporting":"US","country_sensor_provider":"CANADA"}},{"type":"Feature","geometry":{"type":"Point","coordinates":[-52.792,32.924]},"properties":{"ptf_id":1140090,"ptf_ref":"4401584","category":"drifting_buoys","ptf_model":"SVP B MetOcean","wigos_ref":"0-22000-0-4401584","country_name":"EUROPE","country_ship":null,"goos_networks":"GDA","ptf_family_name":"Drifting Buoy","country_iso_reporting":"EU","country_sensor_provider":null}},{"type":"Feature","geometry":{"type":"Point","coordinates":[-93.516,-29.265]},"properties":{"ptf_id":1140198,"ptf_ref":"5601689","category":"drifting_buoys","ptf_model":"SVP B Pacific Gyre","wigos_ref":"0-22000-0-5601689","country_name":"USA","country_ship":null,"goos_networks":"GDA","ptf_family_name":"Drifting Buoy","country_iso_reporting":"US","country_sensor_provider":null}},{"type":"Feature","geometry":{"type":"Point","coordinates":[-166.496,24.072]},"properties":{"ptf_id":1141580,"ptf_ref":"5103561","category":"drifting_buoys","ptf_model":"SVP B DBi","wigos_ref":"0-22000-0-5103561","country_name":"USA","country_ship":"USA","goos_networks":"GDA","ptf_family_name":"Drifting Buoy","country_iso_reporting":"US","country_sensor_provider":null}},{"type":"Feature","geometry":{"type":"Point","coordinates":[-158.381,28.17]},"properties":{"ptf_id":1141581,"ptf_ref":"5103559","category":"drifting_buoys","ptf_model":"SVP B DBi","wigos_ref":"0-22000-0-5103559","country_name":"USA","country_ship":"USA","goos_networks":"GDA","ptf_family_name":"Drifting Buoy","country_iso_reporting":"US","country_sensor_provider":null}},{"type":"Feature","geometry":{"type":"Point","coordinates":[-152.583,40.124]},"properties":{"ptf_id":1141582,"ptf_ref":"5103562","category":"drifting_buoys","ptf_model":"SVP B DBi","wigos_ref":"0-22000-0-5103562","country_name":"USA","country_ship":"USA","goos_networks":"GDA","ptf_family_name":"Drifting Buoy","country_iso_reporting":"US","country_sensor_provider":null}},{"type":"Feature","geometry":{"type":"Point","coordinates":[176.594,35.245]},"properties":{"ptf_id":1141583,"ptf_ref":"5103558","category":"drifting_buoys","ptf_model":"SVP B DBi","wigos_ref":"0-22000-0-5103558","country_name":"USA","country_ship":"USA","goos_networks":"GDA","ptf_family_name":"Drifting Buoy","country_iso_reporting":"US","country_sensor_provider":null}},{"type":"Feature","geometry":{"type":"Point","coordinates":[-150.313,37.618]},"properties":{"ptf_id":1141585,"ptf_ref":"5103557","category":"drifting_buoys","ptf_model":"SVP B DBi","wigos_ref":"0-22000-0-5103557","country_name":"USA","country_ship":"USA","goos_networks":"GDA","ptf_family_name":"Drifting Buoy","country_iso_reporting":"US","country_sensor_provider":null}},{"type":"Feature","geometry":{"type":"Point","coordinates":[-154.716,32.174]},"properties":{"ptf_id":1141586,"ptf_ref":"5103555","category":"drifting_buoys","ptf_model":"SVP B DBi","wigos_ref":"0-22000-0-5103555","country_name":"USA","country_ship":"USA","goos_networks":"GDA","ptf_family_name":"Drifting Buoy","country_iso_reporting":"US","country_sensor_provider":null}},{"type":"Feature","geometry":{"type":"Point","coordinates":[-169.922,33.47]},"properties":{"ptf_id":1141588,"ptf_ref":"5103560","category":"drifting_buoys","ptf_model":"SVP B DBi","wigos_ref":"0-22000-0-5103560","country_name":"USA","country_ship":"USA","goos_networks":"GDA","ptf_family_name":"Drifting Buoy","country_iso_reporting":"US","country_sensor_provider":null}},{"type":"Feature","geometry":{"type":"Point","coordinates":[-36.331,29.974]},"properties":{"ptf_id":1142627,"ptf_ref":"1301622","category":"drifting_buoys","ptf_model":"SVP B MetOcean","wigos_ref":"0-22000-0-1301622","country_name":"EUROPE","country_ship":"FRANCE","goos_networks":"GDA","ptf_family_name":"Drifting Buoy","country_iso_reporting":"EU","country_sensor_provider":null}},{"type":"Feature","geometry":{"type":"Point","coordinates":[1.172,-33.2]},"properties":{"ptf_id":1142710,"ptf_ref":"1501730","category":"drifting_buoys","ptf_model":"SVP B DBi","wigos_ref":"0-22000-0-1501730","country_name":"USA","country_ship":null,"goos_networks":"GDA","ptf_family_name":"Drifting Buoy","country_iso_reporting":"US","country_sensor_provider":"UK"}},{"type":"Feature","geometry":{"type":"Point","coordinates":[-16.845,-26.058]},"properties":{"ptf_id":1142713,"ptf_ref":"1501734","category":"drifting_buoys","ptf_model":"SVP B DBi","wigos_ref":"0-22000-0-1501734","country_name":"USA","country_ship":null,"goos_networks":"GDA","ptf_family_name":"Drifting Buoy","country_iso_reporting":"US","country_sensor_provider":"UK"}},{"type":"Feature","geometry":{"type":"Point","coordinates":[-161.835,21.163]},"properties":{"ptf_id":1142719,"ptf_ref":"2101821","category":"drifting_buoys","ptf_model":"SVP B DBi","wigos_ref":"0-22000-0-2101821","country_name":"USA","country_ship":null,"goos_networks":"GDA","ptf_family_name":"Drifting Buoy","country_iso_reporting":"US","country_sensor_provider":null}},{"type":"Feature","geometry":{"type":"Point","coordinates":[-156.918,38.205]},"properties":{"ptf_id":1142721,"ptf_ref":"2101823","category":"drifting_buoys","ptf_model":"SVP B DBi","wigos_ref":"0-22000-0-2101823","country_name":"USA","country_ship":null,"goos_networks":"GDA","ptf_family_name":"Drifting Buoy","country_iso_reporting":"US","country_sensor_provider":null}},{"type":"Feature","geometry":{"type":"Point","coordinates":[-155.356,34.477]},"properties":{"ptf_id":1142722,"ptf_ref":"2101824","category":"drifting_buoys","ptf_model":"SVP B DBi","wigos_ref":"0-22000-0-2101824","country_name":"USA","country_ship":null,"goos_networks":"GDA","ptf_family_name":"Drifting Buoy","country_iso_reporting":"US","country_sensor_provider":null}},{"type":"Feature","geometry":{"type":"Point","coordinates":[-152.085,31.958]},"properties":{"ptf_id":1142726,"ptf_ref":"2101828","category":"drifting_buoys","ptf_model":"SVP B DBi","wigos_ref":"0-22000-0-2101828","country_name":"USA","country_ship":null,"goos_networks":"GDA","ptf_family_name":"Drifting Buoy","country_iso_reporting":"US","country_sensor_provider":null}},{"type":"Feature","geometry":{"type":"Point","coordinates":[-163.174,31.117]},"properties":{"ptf_id":1142727,"ptf_ref":"2101829","category":"drifting_buoys","ptf_model":"SVP B Pacific Gyre","wigos_ref":"0-22000-0-2101829","country_name":"USA","country_ship":null,"goos_networks":"GDA","ptf_family_name":"Drifting Buoy","country_iso_reporting":"US","country_sensor_provider":null}},{"type":"Feature","geometry":{"type":"Point","coordinates":[-163.426,33.931]},"properties":{"ptf_id":1142728,"ptf_ref":"2101830","category":"drifting_buoys","ptf_model":"SVP B Pacific Gyre","wigos_ref":"0-22000-0-2101830","country_name":"USA","country_ship":null,"goos_networks":"GDA","ptf_family_name":"Drifting Buoy","country_iso_reporting":"US","country_sensor_provider":null}},{"type":"Feature","geometry":{"type":"Point","coordinates":[-107.389,-33.185]},"properties":{"ptf_id":1142758,"ptf_ref":"3201851","category":"drifting_buoys","ptf_model":"SVP DBi","wigos_ref":"0-22000-0-3201851","country_name":"USA","country_ship":null,"goos_networks":"GDA","ptf_family_name":"Drifting Buoy","country_iso_reporting":"US","country_sensor_provider":null}},{"type":"Feature","geometry":{"type":"Point","coordinates":[-95.237,-34.194]},"properties":{"ptf_id":1142761,"ptf_ref":"3201854","category":"drifting_buoys","ptf_model":"SVP DBi","wigos_ref":"0-22000-0-3201854","country_name":"USA","country_ship":null,"goos_networks":"GDA","ptf_family_name":"Drifting Buoy","country_iso_reporting":"US","country_sensor_provider":null}},{"type":"Feature","geometry":{"type":"Point","coordinates":[-154.422,32.961]},"properties":{"ptf_id":1142775,"ptf_ref":"5201728","category":"drifting_buoys","ptf_model":"SVP B DBi","wigos_ref":"0-22000-0-5201728","country_name":"USA","country_ship":null,"goos_networks":"GDA","ptf_family_name":"Drifting Buoy","country_iso_reporting":"US","country_sensor_provider":null}},{"type":"Feature","geometry":{"type":"Point","coordinates":[-139.167,33.846]},"properties":{"ptf_id":1142782,"ptf_ref":"5201736","category":"drifting_buoys","ptf_model":"SVP DBi","wigos_ref":"0-22000-0-5201736","country_name":"USA","country_ship":null,"goos_networks":"GDA","ptf_family_name":"Drifting Buoy","country_iso_reporting":"US","country_sensor_provider":null}},{"type":"Feature","geometry":{"type":"Point","coordinates":[-21.611,-21.315]},"properties":{"ptf_id":1142819,"ptf_ref":"1501728","category":"drifting_buoys","ptf_model":"SVP B DBi","wigos_ref":"0-22000-0-1501728","country_name":"USA","country_ship":null,"goos_networks":"GDA","ptf_family_name":"Drifting Buoy","country_iso_reporting":"US","country_sensor_provider":"UK"}},{"type":"Feature","geometry":{"type":"Point","coordinates":[-15.898,-33.884]},"properties":{"ptf_id":1142821,"ptf_ref":"1501731","category":"drifting_buoys","ptf_model":"SVP B DBi","wigos_ref":"0-22000-0-1501731","country_name":"USA","country_ship":null,"goos_networks":"GDA","ptf_family_name":"Drifting Buoy","country_iso_reporting":"US","country_sensor_provider":"UK"}},{"type":"Feature","geometry":{"type":"Point","coordinates":[-8.825,-34.577]},"properties":{"ptf_id":1142822,"ptf_ref":"1501756","category":"drifting_buoys","ptf_model":"SVP B Pacific Gyre","wigos_ref":"0-22000-0-1501756","country_name":"USA","country_ship":null,"goos_networks":"GDA","ptf_family_name":"Drifting Buoy","country_iso_reporting":"US","country_sensor_provider":"UK"}},{"type":"Feature","geometry":{"type":"Point","coordinates":[-92.061,-29.864]},"properties":{"ptf_id":1142942,"ptf_ref":"3201861","category":"drifting_buoys","ptf_model":"SVP DBi","wigos_ref":"0-22000-0-3201861","country_name":"USA","country_ship":null,"goos_networks":"GDA","ptf_family_name":"Drifting Buoy","country_iso_reporting":"US","country_sensor_provider":null}},{"type":"Feature","geometry":{"type":"Point","coordinates":[78.963,-36.285]},"properties":{"ptf_id":1144693,"ptf_ref":"5601751","category":"drifting_buoys","ptf_model":"SVP B MetOcean","wigos_ref":"0-22000-0-5601751","country_name":"AUSTRALIA","country_ship":null,"goos_networks":"GDA","ptf_family_name":"Drifting Buoy","country_iso_reporting":"AU","country_sensor_provider":null}},{"type":"Feature","geometry":{"type":"Point","coordinates":[-50.24,29.728]},"properties":{"ptf_id":1144862,"ptf_ref":"4403568","category":"drifting_buoys","ptf_model":"SVP B MetOcean","wigos_ref":"0-22000-0-4403568","country_name":"CANADA","country_ship":null,"goos_networks":"GDA","ptf_family_name":"Drifting Buoy","country_iso_reporting":"CA","country_sensor_provider":null}},{"type":"Feature","geometry":{"type":"Point","coordinates":[73.748,-27.091]},"properties":{"ptf_id":1144921,"ptf_ref":"1601727","category":"drifting_buoys","ptf_model":"SVP B Pacific Gyre","wigos_ref":"0-22000-0-1601727","country_name":"USA","country_ship":null,"goos_networks":"GDA","ptf_family_name":"Drifting Buoy","country_iso_reporting":"US","country_sensor_provider":"FRANCE"}},{"type":"Feature","geometry":{"type":"Point","coordinates":[63.444,-31.723]},"properties":{"ptf_id":1144922,"ptf_ref":"1601726","category":"drifting_buoys","ptf_model":"SVP B Pacific Gyre","wigos_ref":"0-22000-0-1601726","country_name":"USA","country_ship":null,"goos_networks":"GDA","ptf_family_name":"Drifting Buoy","country_iso_reporting":"US","country_sensor_provider":"FRANCE"}},{"type":"Feature","geometry":{"type":"Point","coordinates":[68.253,-28.176]},"properties":{"ptf_id":1144923,"ptf_ref":"1601729","category":"drifting_buoys","ptf_model":"SVP B Pacific Gyre","wigos_ref":"0-22000-0-1601729","country_name":"USA","country_ship":null,"goos_networks":"GDA","ptf_family_name":"Drifting Buoy","country_iso_reporting":"US","country_sensor_provider":"FRANCE"}},{"type":"Feature","geometry":{"type":"Point","coordinates":[26.663,70.963]},"properties":{"ptf_id":1145023,"ptf_ref":"6203854","category":"drifting_buoys","ptf_model":"SVP B DBi","wigos_ref":"0-22000-0-6203854","country_name":"USA","country_ship":null,"goos_networks":"GDA","ptf_family_name":"Drifting Buoy","country_iso_reporting":"US","country_sensor_provider":"EUROPE"}},{"type":"Feature","geometry":{"type":"Point","coordinates":[10.522,78.807]},"properties":{"ptf_id":1145026,"ptf_ref":"6203853","category":"drifting_buoys","ptf_model":"SVP B DBi","wigos_ref":"0-22000-0-6203853","country_name":"USA","country_ship":null,"goos_networks":"GDA","ptf_family_name":"Drifting Buoy","country_iso_reporting":"US","country_sensor_provider":"EUROPE"}},{"type":"Feature","geometry":{"type":"Point","coordinates":[-54.667,30.134]},"properties":{"ptf_id":1145103,"ptf_ref":"4101728","category":"drifting_buoys","ptf_model":"SVP B MetOcean","wigos_ref":"0-22000-0-4101728","country_name":"EUROPE","country_ship":null,"goos_networks":"GDA","ptf_family_name":"Drifting Buoy","country_iso_reporting":"EU","country_sensor_provider":null}},{"type":"Feature","geometry":{"type":"Point","coordinates":[-62.491,35.357]},"properties":{"ptf_id":1145104,"ptf_ref":"4101727","category":"drifting_buoys","ptf_model":"SVP B MetOcean","wigos_ref":"0-22000-0-4101727","country_name":"EUROPE","country_ship":null,"goos_networks":"GDA","ptf_family_name":"Drifting Buoy","country_iso_reporting":"EU","country_sensor_provider":null}},{"type":"Feature","geometry":{"type":"Point","coordinates":[-60.15,30.511]},"properties":{"ptf_id":1145107,"ptf_ref":"4101729","category":"drifting_buoys","ptf_model":"SVP B MetOcean","wigos_ref":"0-22000-0-4101729","country_name":"EUROPE","country_ship":null,"goos_networks":"GDA","ptf_family_name":"Drifting Buoy","country_iso_reporting":"EU","country_sensor_provider":null}},{"type":"Feature","geometry":{"type":"Point","coordinates":[-37.251,-27.654]},"properties":{"ptf_id":1145108,"ptf_ref":"1601731","category":"drifting_buoys","ptf_model":"SVP B Pacific Gyre","wigos_ref":"0-22000-0-1601731","country_name":"USA","country_ship":null,"goos_networks":"GDA","ptf_family_name":"Drifting Buoy","country_iso_reporting":"US","country_sensor_provider":"FRANCE"}},{"type":"Feature","geometry":{"type":"Point","coordinates":[7.854,73.595]},"properties":{"ptf_id":1145367,"ptf_ref":"4402749","category":"drifting_buoys","ptf_model":"SVP B Pacific Gyre","wigos_ref":"0-22000-0-4402749","country_name":"USA","country_ship":null,"goos_networks":"GDA","ptf_family_name":"Drifting Buoy","country_iso_reporting":"US","country_sensor_provider":"EUROPE"}},{"type":"Feature","geometry":{"type":"Point","coordinates":[-53.81,33.492]},"properties":{"ptf_id":1145442,"ptf_ref":"1301726","category":"drifting_buoys","ptf_model":"SVP B Pacific Gyre","wigos_ref":"0-22000-0-1301726","country_name":"USA","country_ship":null,"goos_networks":"GDA","ptf_family_name":"Drifting Buoy","country_iso_reporting":"US","country_sensor_provider":"EUROPE"}},{"type":"Feature","geometry":{"type":"Point","coordinates":[25.497,-37.323]},"properties":{"ptf_id":1145445,"ptf_ref":"1601737","category":"drifting_buoys","ptf_model":"SVP B DBi","wigos_ref":"0-22000-0-1601737","country_name":"USA","country_ship":"FRANCE","goos_networks":"GDA","ptf_family_name":"Drifting Buoy","country_iso_reporting":"US","country_sensor_provider":null}},{"type":"Feature","geometry":{"type":"Point","coordinates":[-171.807,32.047]},"properties":{"ptf_id":1145548,"ptf_ref":"2101836","category":"drifting_buoys","ptf_model":"SVP B DBi","wigos_ref":"0-22000-0-2101836","country_name":"USA","country_ship":null,"goos_networks":"GDA","ptf_family_name":"Drifting Buoy","country_iso_reporting":"US","country_sensor_provider":null}},{"type":"Feature","geometry":{"type":"Point","coordinates":[-161.806,34.263]},"properties":{"ptf_id":1145551,"ptf_ref":"2101839","category":"drifting_buoys","ptf_model":"SVP B DBi","wigos_ref":"0-22000-0-2101839","country_name":"USA","country_ship":null,"goos_networks":"GDA","ptf_family_name":"Drifting Buoy","country_iso_reporting":"US","country_sensor_provider":null}},{"type":"Feature","geometry":{"type":"Point","coordinates":[-38.679,36.535]},"properties":{"ptf_id":1145557,"ptf_ref":"6402617","category":"drifting_buoys","ptf_model":"SVP B Pacific Gyre","wigos_ref":"0-22000-0-6402617","country_name":"USA","country_ship":null,"goos_networks":"GDA","ptf_family_name":"Drifting Buoy","country_iso_reporting":"US","country_sensor_provider":"EUROPE"}},{"type":"Feature","geometry":{"type":"Point","coordinates":[67.961,-34.156]},"properties":{"ptf_id":1148786,"ptf_ref":"1701652","category":"drifting_buoys","ptf_model":"SVP DBi","wigos_ref":"0-22000-0-1701652","country_name":"USA","country_ship":null,"goos_networks":"GDA","ptf_family_name":"Drifting Buoy","country_iso_reporting":"US","country_sensor_provider":null}},{"type":"Feature","geometry":{"type":"Point","coordinates":[-90.996,-30.682]},"properties":{"ptf_id":1148789,"ptf_ref":"3201876","category":"drifting_buoys","ptf_model":"SVP DBi","wigos_ref":"0-22000-0-3201876","country_name":"USA","country_ship":null,"goos_networks":"GDA","ptf_family_name":"Drifting Buoy","country_iso_reporting":"US","country_sensor_provider":null}},{"type":"Feature","geometry":{"type":"Point","coordinates":[-144.681,32.808]},"properties":{"ptf_id":1148824,"ptf_ref":"2101841","category":"drifting_buoys","ptf_model":"SVP DBi","wigos_ref":"0-22000-0-2101841","country_name":"USA","country_ship":null,"goos_networks":"GDA","ptf_family_name":"Drifting Buoy","country_iso_reporting":"US","country_sensor_provider":null}},{"type":"Feature","geometry":{"type":"Point","coordinates":[-40.986,-30.223]},"properties":{"ptf_id":1148846,"ptf_ref":"1501781","category":"drifting_buoys","ptf_model":"SVP DBi","wigos_ref":"0-22000-0-1501781","country_name":"USA","country_ship":null,"goos_networks":"GDA","ptf_family_name":"Drifting Buoy","country_iso_reporting":"US","country_sensor_provider":null}},{"type":"Feature","geometry":{"type":"Point","coordinates":[-151.385,28.569]},"properties":{"ptf_id":1148880,"ptf_ref":"5201761","category":"drifting_buoys","ptf_model":"SVP DBi","wigos_ref":"0-22000-0-5201761","country_name":"USA","country_ship":null,"goos_networks":"GDA","ptf_family_name":"Drifting Buoy","country_iso_reporting":"US","country_sensor_provider":null}},{"type":"Feature","geometry":{"type":"Point","coordinates":[-179.587,31.724]},"properties":{"ptf_id":1148882,"ptf_ref":"2101843","category":"drifting_buoys","ptf_model":"SVP DBi","wigos_ref":"0-22000-0-2101843","country_name":"USA","country_ship":null,"goos_networks":"GDA","ptf_family_name":"Drifting Buoy","country_iso_reporting":"US","country_sensor_provider":null}},{"type":"Feature","geometry":{"type":"Point","coordinates":[-48.991,31.422]},"properties":{"ptf_id":1148973,"ptf_ref":"4402744","category":"drifting_buoys","ptf_model":"SVP B DBi","wigos_ref":"0-22000-0-4402744","country_name":"USA","country_ship":null,"goos_networks":"GDA","ptf_family_name":"Drifting Buoy","country_iso_reporting":"US","country_sensor_provider":"EUROPE"}},{"type":"Feature","geometry":{"type":"Point","coordinates":[35.903,-30.242]},"properties":{"ptf_id":1149043,"ptf_ref":"1601741","category":"drifting_buoys","ptf_model":"SVP B DBi","wigos_ref":"0-22000-0-1601741","country_name":"USA","country_ship":"SOUTH AFRICA","goos_networks":"GDA","ptf_family_name":"Drifting Buoy","country_iso_reporting":"US","country_sensor_provider":null}},{"type":"Feature","geometry":{"type":"Point","coordinates":[54.764,-35.806]},"properties":{"ptf_id":1149048,"ptf_ref":"1601740","category":"drifting_buoys","ptf_model":"SVP B DBi","wigos_ref":"0-22000-0-1601740","country_name":"USA","country_ship":"SOUTH AFRICA","goos_networks":"GDA","ptf_family_name":"Drifting Buoy","country_iso_reporting":"US","country_sensor_provider":null}},{"type":"Feature","geometry":{"type":"Point","coordinates":[-33.175,34.663]},"properties":{"ptf_id":1149536,"ptf_ref":"6203861","category":"drifting_buoys","ptf_model":"SVP B DBi","wigos_ref":"0-22000-0-6203861","country_name":"USA","country_ship":"FRANCE","goos_networks":"GDA","ptf_family_name":"Drifting Buoy","country_iso_reporting":"US","country_sensor_provider":null}},{"type":"Feature","geometry":{"type":"Point","coordinates":[-15.916,-35.707]},"properties":{"ptf_id":1149768,"ptf_ref":"6203858","category":"drifting_buoys","ptf_model":"SVP B DBi","wigos_ref":"0-22000-0-6203858","country_name":"USA","country_ship":null,"goos_networks":"GDA","ptf_family_name":"Drifting Buoy","country_iso_reporting":"US","country_sensor_provider":null}},{"type":"Feature","geometry":{"type":"Point","coordinates":[-17.563,34.872]},"properties":{"ptf_id":1149940,"ptf_ref":"5801972","category":"drifting_buoys","ptf_model":"SVP B SIO","wigos_ref":"0-22000-0-5801972","country_name":"USA","country_ship":null,"goos_networks":"GDA","ptf_family_name":"Drifting Buoy","country_iso_reporting":"US","country_sensor_provider":"EUROPE"}},{"type":"Feature","geometry":{"type":"Point","coordinates":[50.961,-30.168]},"properties":{"ptf_id":1149942,"ptf_ref":"4803996","category":"drifting_buoys","ptf_model":"SVP B SIO","wigos_ref":"0-22000-0-4803996","country_name":"USA","country_ship":null,"goos_networks":"GDA","ptf_family_name":"Drifting Buoy","country_iso_reporting":"US","country_sensor_provider":null}},{"type":"Feature","geometry":{"type":"Point","coordinates":[-6.684,48.686]},"properties":{"ptf_id":1149943,"ptf_ref":"1801670","category":"drifting_buoys","ptf_model":"SVP B SIO","wigos_ref":"0-22000-0-1801670","country_name":"USA","country_ship":null,"goos_networks":"GDA","ptf_family_name":"Drifting Buoy","country_iso_reporting":"US","country_sensor_provider":null}},{"type":"Feature","geometry":{"type":"Point","coordinates":[-20.857,45.21]},"properties":{"ptf_id":1149947,"ptf_ref":"4803997","category":"drifting_buoys","ptf_model":"SVP B SIO","wigos_ref":"0-22000-0-4803997","country_name":"USA","country_ship":"CANADA","goos_networks":"GDA","ptf_family_name":"Drifting Buoy","country_iso_reporting":"US","country_sensor_provider":"EUROPE"}},{"type":"Feature","geometry":{"type":"Point","coordinates":[39.298,-28.993]},"properties":{"ptf_id":1149948,"ptf_ref":"4803998","category":"drifting_buoys","ptf_model":"SVP B SIO","wigos_ref":"0-22000-0-4803998","country_name":"USA","country_ship":"FRANCE","goos_networks":"GDA","ptf_family_name":"Drifting Buoy","country_iso_reporting":"US","country_sensor_provider":null}},{"type":"Feature","geometry":{"type":"Point","coordinates":[-11.914,40.626]},"properties":{"ptf_id":1149955,"ptf_ref":"6801771","category":"drifting_buoys","ptf_model":"SVP B SIO","wigos_ref":"0-22000-0-6801771","country_name":"USA","country_ship":"CANADA","goos_networks":"GDA","ptf_family_name":"Drifting Buoy","country_iso_reporting":"US","country_sensor_provider":"EUROPE"}},{"type":"Feature","geometry":{"type":"Point","coordinates":[-35.865,22.071]},"properties":{"ptf_id":1149956,"ptf_ref":"2801970","category":"drifting_buoys","ptf_model":"SVP B SIO","wigos_ref":"0-22000-0-2801970","country_name":"USA","country_ship":null,"goos_networks":"GDA","ptf_family_name":"Drifting Buoy","country_iso_reporting":"US","country_sensor_provider":null}},{"type":"Feature","geometry":{"type":"Point","coordinates":[-19.308,62.931]},"properties":{"ptf_id":1149960,"ptf_ref":"1801673","category":"drifting_buoys","ptf_model":"SVP B SIO","wigos_ref":"0-22000-0-1801673","country_name":"USA","country_ship":null,"goos_networks":"GDA","ptf_family_name":"Drifting Buoy","country_iso_reporting":"US","country_sensor_provider":null}},{"type":"Feature","geometry":{"type":"Point","coordinates":[-18.095,62.388]},"properties":{"ptf_id":1149967,"ptf_ref":"1801675","category":"drifting_buoys","ptf_model":"SVP B SIO","wigos_ref":"0-22000-0-1801675","country_name":"USA","country_ship":null,"goos_networks":"GDA","ptf_family_name":"Drifting Buoy","country_iso_reporting":"US","country_sensor_provider":null}},{"type":"Feature","geometry":{"type":"Point","coordinates":[36.23,69.108]},"properties":{"ptf_id":1149980,"ptf_ref":"3801575","category":"drifting_buoys","ptf_model":"SVP B SIO","wigos_ref":"0-22000-0-3801575","country_name":"USA","country_ship":null,"goos_networks":"GDA","ptf_family_name":"Drifting Buoy","country_iso_reporting":"US","country_sensor_provider":null}},{"type":"Feature","geometry":{"type":"Point","coordinates":[0.72,-38.974]},"properties":{"ptf_id":1149989,"ptf_ref":"7801573","category":"drifting_buoys","ptf_model":"SVP B Pacific Gyre","wigos_ref":"0-22000-0-7801573","country_name":"USA","country_ship":"FRANCE","goos_networks":"GDA","ptf_family_name":"Drifting Buoy","country_iso_reporting":"US","country_sensor_provider":"EUROPE"}},{"type":"Feature","geometry":{"type":"Point","coordinates":[-38.42,-33.056]},"properties":{"ptf_id":1149993,"ptf_ref":"1801683","category":"drifting_buoys","ptf_model":"SVP B Pacific Gyre","wigos_ref":"0-22000-0-1801683","country_name":"USA","country_ship":"FRANCE","goos_networks":"GDA","ptf_family_name":"Drifting Buoy","country_iso_reporting":"US","country_sensor_provider":"EUROPE"}},{"type":"Feature","geometry":{"type":"Point","coordinates":[-15.142,-29.609]},"properties":{"ptf_id":1150020,"ptf_ref":"1501821","category":"drifting_buoys","ptf_model":"SVP Pacific Gyre","wigos_ref":"0-22000-0-1501821","country_name":"USA","country_ship":null,"goos_networks":"GDA","ptf_family_name":"Drifting Buoy","country_iso_reporting":"US","country_sensor_provider":null}},{"type":"Feature","geometry":{"type":"Point","coordinates":[163.647,-19.649]},"properties":{"ptf_id":1150021,"ptf_ref":"5501691","category":"drifting_buoys","ptf_model":"SVP DBi","wigos_ref":"0-22000-0-5501691","country_name":"USA","country_ship":null,"goos_networks":"GDA","ptf_family_name":"Drifting Buoy","country_iso_reporting":"US","country_sensor_provider":null}},{"type":"Feature","geometry":{"type":"Point","coordinates":[8.539,-35.958]},"properties":{"ptf_id":1150028,"ptf_ref":"1701656","category":"drifting_buoys","ptf_model":"SVP DBi","wigos_ref":"0-22000-0-1701656","country_name":"USA","country_ship":null,"goos_networks":"GDA","ptf_family_name":"Drifting Buoy","country_iso_reporting":"US","country_sensor_provider":null}},{"type":"Feature","geometry":{"type":"Point","coordinates":[-26.399,-28.607]},"properties":{"ptf_id":1150032,"ptf_ref":"1501806","category":"drifting_buoys","ptf_model":"SVP MetOcean","wigos_ref":"0-22000-0-1501806","country_name":"USA","country_ship":null,"goos_networks":"GDA","ptf_family_name":"Drifting Buoy","country_iso_reporting":"US","country_sensor_provider":null}},{"type":"Feature","geometry":{"type":"Point","coordinates":[67.886,-46.106]},"properties":{"ptf_id":1150039,"ptf_ref":"5601706","category":"drifting_buoys","ptf_model":"SVP DBi","wigos_ref":"0-22000-0-5601706","country_name":"USA","country_ship":null,"goos_networks":"GDA","ptf_family_name":"Drifting Buoy","country_iso_reporting":"US","country_sensor_provider":null}},{"type":"Feature","geometry":{"type":"Point","coordinates":[-14.264,-34.015]},"properties":{"ptf_id":1150040,"ptf_ref":"1501793","category":"drifting_buoys","ptf_model":"SVP MetOcean","wigos_ref":"0-22000-0-1501793","country_name":"USA","country_ship":null,"goos_networks":"GDA","ptf_family_name":"Drifting Buoy","country_iso_reporting":"US","country_sensor_provider":null}},{"type":"Feature","geometry":{"type":"Point","coordinates":[142.902,-52.094]},"properties":{"ptf_id":1150041,"ptf_ref":"5601703","category":"drifting_buoys","ptf_model":"SVP DBi","wigos_ref":"0-22000-0-5601703","country_name":"USA","country_ship":null,"goos_networks":"GDA","ptf_family_name":"Drifting Buoy","country_iso_reporting":"US","country_sensor_provider":null}},{"type":"Feature","geometry":{"type":"Point","coordinates":[-141.992,-31.459]},"properties":{"ptf_id":1150052,"ptf_ref":"3201873","category":"drifting_buoys","ptf_model":"SVP DBi","wigos_ref":"0-22000-0-3201873","country_name":"USA","country_ship":null,"goos_networks":"GDA","ptf_family_name":"Drifting Buoy","country_iso_reporting":"US","country_sensor_provider":null}},{"type":"Feature","geometry":{"type":"Point","coordinates":[11.033,-36.146]},"properties":{"ptf_id":1150058,"ptf_ref":"1501807","category":"drifting_buoys","ptf_model":"SVP MetOcean","wigos_ref":"0-22000-0-1501807","country_name":"USA","country_ship":null,"goos_networks":"GDA","ptf_family_name":"Drifting Buoy","country_iso_reporting":"US","country_sensor_provider":null}},{"type":"Feature","geometry":{"type":"Point","coordinates":[-4.102,-31.37]},"properties":{"ptf_id":1150060,"ptf_ref":"1501799","category":"drifting_buoys","ptf_model":"SVP MetOcean","wigos_ref":"0-22000-0-1501799","country_name":"USA","country_ship":null,"goos_networks":"GDA","ptf_family_name":"Drifting Buoy","country_iso_reporting":"US","country_sensor_provider":null}},{"type":"Feature","geometry":{"type":"Point","coordinates":[-12.369,-30.208]},"properties":{"ptf_id":1150062,"ptf_ref":"1501791","category":"drifting_buoys","ptf_model":"SVP MetOcean","wigos_ref":"0-22000-0-1501791","country_name":"USA","country_ship":null,"goos_networks":"GDA","ptf_family_name":"Drifting Buoy","country_iso_reporting":"US","country_sensor_provider":null}},{"type":"Feature","geometry":{"type":"Point","coordinates":[-12.345,-29.896]},"properties":{"ptf_id":1150066,"ptf_ref":"1501809","category":"drifting_buoys","ptf_model":"SVP MetOcean","wigos_ref":"0-22000-0-1501809","country_name":"USA","country_ship":null,"goos_networks":"GDA","ptf_family_name":"Drifting Buoy","country_iso_reporting":"US","country_sensor_provider":null}},{"type":"Feature","geometry":{"type":"Point","coordinates":[-10.997,-35.386]},"properties":{"ptf_id":1150068,"ptf_ref":"1501826","category":"drifting_buoys","ptf_model":"SVP Pacific Gyre","wigos_ref":"0-22000-0-1501826","country_name":"USA","country_ship":null,"goos_networks":"GDA","ptf_family_name":"Drifting Buoy","country_iso_reporting":"US","country_sensor_provider":null}},{"type":"Feature","geometry":{"type":"Point","coordinates":[-49.243,-34.75]},"properties":{"ptf_id":1150071,"ptf_ref":"1501823","category":"drifting_buoys","ptf_model":"SVP Pacific Gyre","wigos_ref":"0-22000-0-1501823","country_name":"USA","country_ship":null,"goos_networks":"GDA","ptf_family_name":"Drifting Buoy","country_iso_reporting":"US","country_sensor_provider":null}},{"type":"Feature","geometry":{"type":"Point","coordinates":[2.505,-37.911]},"properties":{"ptf_id":1150072,"ptf_ref":"1701657","category":"drifting_buoys","ptf_model":"SVP DBi","wigos_ref":"0-22000-0-1701657","country_name":"USA","country_ship":null,"goos_networks":"GDA","ptf_family_name":"Drifting Buoy","country_iso_reporting":"US","country_sensor_provider":null}},{"type":"Feature","geometry":{"type":"Point","coordinates":[-12.931,-31.439]},"properties":{"ptf_id":1150076,"ptf_ref":"1501788","category":"drifting_buoys","ptf_model":"SVP DBi","wigos_ref":"0-22000-0-1501788","country_name":"USA","country_ship":null,"goos_networks":"GDA","ptf_family_name":"Drifting Buoy","country_iso_reporting":"US","country_sensor_provider":null}},{"type":"Feature","geometry":{"type":"Point","coordinates":[144.513,-49.348]},"properties":{"ptf_id":1150077,"ptf_ref":"5601704","category":"drifting_buoys","ptf_model":"SVP DBi","wigos_ref":"0-22000-0-5601704","country_name":"USA","country_ship":null,"goos_networks":"GDA","ptf_family_name":"Drifting Buoy","country_iso_reporting":"US","country_sensor_provider":null}},{"type":"Feature","geometry":{"type":"Point","coordinates":[-13.907,-25.783]},"properties":{"ptf_id":1150086,"ptf_ref":"1501798","category":"drifting_buoys","ptf_model":"SVP MetOcean","wigos_ref":"0-22000-0-1501798","country_name":"USA","country_ship":null,"goos_networks":"GDA","ptf_family_name":"Drifting Buoy","country_iso_reporting":"US","country_sensor_provider":null}},{"type":"Feature","geometry":{"type":"Point","coordinates":[-50.423,39.715]},"properties":{"ptf_id":1150104,"ptf_ref":"4402752","category":"drifting_buoys","ptf_model":"SVP DBi","wigos_ref":"0-22000-0-4402752","country_name":"USA","country_ship":null,"goos_networks":"GDA","ptf_family_name":"Drifting Buoy","country_iso_reporting":"US","country_sensor_provider":null}},{"type":"Feature","geometry":{"type":"Point","coordinates":[-157.539,31.941]},"properties":{"ptf_id":1150106,"ptf_ref":"2101856","category":"drifting_buoys","ptf_model":"SVP Pacific Gyre","wigos_ref":"0-22000-0-2101856","country_name":"USA","country_ship":null,"goos_networks":"GDA","ptf_family_name":"Drifting Buoy","country_iso_reporting":"US","country_sensor_provider":null}},{"type":"Feature","geometry":{"type":"Point","coordinates":[0.061,-34.601]},"properties":{"ptf_id":1150109,"ptf_ref":"1501803","category":"drifting_buoys","ptf_model":"SVP MetOcean","wigos_ref":"0-22000-0-1501803","country_name":"USA","country_ship":null,"goos_networks":"GDA","ptf_family_name":"Drifting Buoy","country_iso_reporting":"US","country_sensor_provider":null}},{"type":"Feature","geometry":{"type":"Point","coordinates":[153.386,-29.198]},"properties":{"ptf_id":1150111,"ptf_ref":"5501690","category":"drifting_buoys","ptf_model":"SVP DBi","wigos_ref":"0-22000-0-5501690","country_name":"USA","country_ship":"NEW ZEALAND","goos_networks":"GDA","ptf_family_name":"Drifting Buoy","country_iso_reporting":"US","country_sensor_provider":null}},{"type":"Feature","geometry":{"type":"Point","coordinates":[-1.342,-39.542]},"properties":{"ptf_id":1150113,"ptf_ref":"1501801","category":"drifting_buoys","ptf_model":"SVP MetOcean","wigos_ref":"0-22000-0-1501801","country_name":"USA","country_ship":null,"goos_networks":"GDA","ptf_family_name":"Drifting Buoy","country_iso_reporting":"US","country_sensor_provider":null}},{"type":"Feature","geometry":{"type":"Point","coordinates":[-152.949,31.927]},"properties":{"ptf_id":1150114,"ptf_ref":"2101859","category":"drifting_buoys","ptf_model":"SVP Pacific Gyre","wigos_ref":"0-22000-0-2101859","country_name":"USA","country_ship":null,"goos_networks":"GDA","ptf_family_name":"Drifting Buoy","country_iso_reporting":"US","country_sensor_provider":null}},{"type":"Feature","geometry":{"type":"Point","coordinates":[34.057,-37.014]},"properties":{"ptf_id":1150125,"ptf_ref":"3801578","category":"drifting_buoys","ptf_model":"SVP SIO","wigos_ref":"0-22000-0-3801578","country_name":"USA","country_ship":null,"goos_networks":"GDA","ptf_family_name":"Drifting Buoy","country_iso_reporting":"US","country_sensor_provider":null}},{"type":"Feature","geometry":{"type":"Point","coordinates":[59.154,-31.385]},"properties":{"ptf_id":1150132,"ptf_ref":"3801579","category":"drifting_buoys","ptf_model":"SVP SIO","wigos_ref":"0-22000-0-3801579","country_name":"USA","country_ship":null,"goos_networks":"GDA","ptf_family_name":"Drifting Buoy","country_iso_reporting":"US","country_sensor_provider":null}},{"type":"Feature","geometry":{"type":"Point","coordinates":[59.502,-35.862]},"properties":{"ptf_id":1150133,"ptf_ref":"7801576","category":"drifting_buoys","ptf_model":"SVP SIO","wigos_ref":"0-22000-0-7801576","country_name":"USA","country_ship":null,"goos_networks":"GDA","ptf_family_name":"Drifting Buoy","country_iso_reporting":"US","country_sensor_provider":null}},{"type":"Feature","geometry":{"type":"Point","coordinates":[71.026,-24.572]},"properties":{"ptf_id":1150137,"ptf_ref":"4804011","category":"drifting_buoys","ptf_model":"SVP SIO","wigos_ref":"0-22000-0-4804011","country_name":"USA","country_ship":null,"goos_networks":"GDA","ptf_family_name":"Drifting Buoy","country_iso_reporting":"US","country_sensor_provider":null}},{"type":"Feature","geometry":{"type":"Point","coordinates":[28.893,-36.487]},"properties":{"ptf_id":1150143,"ptf_ref":"4804012","category":"drifting_buoys","ptf_model":"SVP SIO","wigos_ref":"0-22000-0-4804012","country_name":"USA","country_ship":"USA","goos_networks":"GDA","ptf_family_name":"Drifting Buoy","country_iso_reporting":"US","country_sensor_provider":null}},{"type":"Feature","geometry":{"type":"Point","coordinates":[45.498,-31.385]},"properties":{"ptf_id":1150148,"ptf_ref":"1801687","category":"drifting_buoys","ptf_model":"SVP SIO","wigos_ref":"0-22000-0-1801687","country_name":"USA","country_ship":null,"goos_networks":"GDA","ptf_family_name":"Drifting Buoy","country_iso_reporting":"US","country_sensor_provider":null}},{"type":"Feature","geometry":{"type":"Point","coordinates":[71.981,-36.86]},"properties":{"ptf_id":1150152,"ptf_ref":"1801689","category":"drifting_buoys","ptf_model":"SVP SIO","wigos_ref":"0-22000-0-1801689","country_name":"USA","country_ship":null,"goos_networks":"GDA","ptf_family_name":"Drifting Buoy","country_iso_reporting":"US","country_sensor_provider":null}},{"type":"Feature","geometry":{"type":"Point","coordinates":[75.124,-26.316]},"properties":{"ptf_id":1150160,"ptf_ref":"6801781","category":"drifting_buoys","ptf_model":"SVP","wigos_ref":"0-22000-0-6801781","country_name":"USA","country_ship":null,"goos_networks":"GDA","ptf_family_name":"Drifting Buoy","country_iso_reporting":"US","country_sensor_provider":null}},{"type":"Feature","geometry":{"type":"Point","coordinates":[60.491,-34.76]},"properties":{"ptf_id":1150163,"ptf_ref":"7801585","category":"drifting_buoys","ptf_model":"SVP SIO","wigos_ref":"0-22000-0-7801585","country_name":"USA","country_ship":null,"goos_networks":"GDA","ptf_family_name":"Drifting Buoy","country_iso_reporting":"US","country_sensor_provider":null}},{"type":"Feature","geometry":{"type":"Point","coordinates":[41.569,-34.149]},"properties":{"ptf_id":1150164,"ptf_ref":"3801582","category":"drifting_buoys","ptf_model":"SVP","wigos_ref":"0-22000-0-3801582","country_name":"USA","country_ship":null,"goos_networks":"GDA","ptf_family_name":"Drifting Buoy","country_iso_reporting":"US","country_sensor_provider":null}},{"type":"Feature","geometry":{"type":"Point","coordinates":[86.369,-25.209]},"properties":{"ptf_id":1150168,"ptf_ref":"6801783","category":"drifting_buoys","ptf_model":"SVP","wigos_ref":"0-22000-0-6801783","country_name":"USA","country_ship":null,"goos_networks":"GDA","ptf_family_name":"Drifting Buoy","country_iso_reporting":"US","country_sensor_provider":null}},{"type":"Feature","geometry":{"type":"Point","coordinates":[-50.978,51.267]},"properties":{"ptf_id":1150267,"ptf_ref":"2801979","category":"drifting_buoys","ptf_model":"SVP B Pacific Gyre","wigos_ref":"0-22000-0-2801979","country_name":"USA","country_ship":null,"goos_networks":"GDA","ptf_family_name":"Drifting Buoy","country_iso_reporting":"US","country_sensor_provider":null}},{"type":"Feature","geometry":{"type":"Point","coordinates":[83.797,-26.129]},"properties":{"ptf_id":1150270,"ptf_ref":"3801583","category":"drifting_buoys","ptf_model":"SVP B Pacific Gyre","wigos_ref":"0-22000-0-3801583","country_name":"USA","country_ship":null,"goos_networks":"GDA","ptf_family_name":"Drifting Buoy","country_iso_reporting":"US","country_sensor_provider":"FRANCE"}},{"type":"Feature","geometry":{"type":"Point","coordinates":[-52.639,49.883]},"properties":{"ptf_id":1150271,"ptf_ref":"2801980","category":"drifting_buoys","ptf_model":"SVP B Pacific Gyre","wigos_ref":"0-22000-0-2801980","country_name":"USA","country_ship":null,"goos_networks":"GDA","ptf_family_name":"Drifting Buoy","country_iso_reporting":"US","country_sensor_provider":null}},{"type":"Feature","geometry":{"type":"Point","coordinates":[59.997,-27.799]},"properties":{"ptf_id":1150292,"ptf_ref":"2801982","category":"drifting_buoys","ptf_model":"SVP B DBi","wigos_ref":"0-22000-0-2801982","country_name":"USA","country_ship":null,"goos_networks":"GDA","ptf_family_name":"Drifting Buoy","country_iso_reporting":"US","country_sensor_provider":null}},{"type":"Feature","geometry":{"type":"Point","coordinates":[-45.135,59.833]},"properties":{"ptf_id":1150303,"ptf_ref":"7801593","category":"drifting_buoys","ptf_model":"SVP B Pacific Gyre","wigos_ref":"0-22000-0-7801593","country_name":"USA","country_ship":null,"goos_networks":"GDA","ptf_family_name":"Drifting Buoy","country_iso_reporting":"US","country_sensor_provider":null}},{"type":"Feature","geometry":{"type":"Point","coordinates":[30.132,70.655]},"properties":{"ptf_id":1150304,"ptf_ref":"7801594","category":"drifting_buoys","ptf_model":"SVP B Pacific Gyre","wigos_ref":"0-22000-0-7801594","country_name":"USA","country_ship":null,"goos_networks":"GDA","ptf_family_name":"Drifting Buoy","country_iso_reporting":"US","country_sensor_provider":null}},{"type":"Feature","geometry":{"type":"Point","coordinates":[15.101,-40.397]},"properties":{"ptf_id":1150305,"ptf_ref":"5801988","category":"drifting_buoys","ptf_model":"SVP B DBi","wigos_ref":"0-22000-0-5801988","country_name":"USA","country_ship":null,"goos_networks":"GDA","ptf_family_name":"Drifting Buoy","country_iso_reporting":"US","country_sensor_provider":null}},{"type":"Feature","geometry":{"type":"Point","coordinates":[82.81,-22.627]},"properties":{"ptf_id":1150308,"ptf_ref":"6801788","category":"drifting_buoys","ptf_model":"SVP B Pacific Gyre","wigos_ref":"0-22000-0-6801788","country_name":"USA","country_ship":null,"goos_networks":"GDA","ptf_family_name":"Drifting Buoy","country_iso_reporting":"US","country_sensor_provider":"FRANCE"}},{"type":"Feature","geometry":{"type":"Point","coordinates":[-29.671,49.381]},"properties":{"ptf_id":1150310,"ptf_ref":"1801695","category":"drifting_buoys","ptf_model":"SVP B Pacific Gyre","wigos_ref":"0-22000-0-1801695","country_name":"USA","country_ship":null,"goos_networks":"GDA","ptf_family_name":"Drifting Buoy","country_iso_reporting":"US","country_sensor_provider":null}},{"type":"Feature","geometry":{"type":"Point","coordinates":[30.48,-38.328]},"properties":{"ptf_id":1150312,"ptf_ref":"4804017","category":"drifting_buoys","ptf_model":"SVP B DBi","wigos_ref":"0-22000-0-4804017","country_name":"USA","country_ship":null,"goos_networks":"GDA","ptf_family_name":"Drifting Buoy","country_iso_reporting":"US","country_sensor_provider":null}},{"type":"Feature","geometry":{"type":"Point","coordinates":[81.928,-28.539]},"properties":{"ptf_id":1150316,"ptf_ref":"2801987","category":"drifting_buoys","ptf_model":"SVP B Pacific Gyre","wigos_ref":"0-22000-0-2801987","country_name":"USA","country_ship":null,"goos_networks":"GDA","ptf_family_name":"Drifting Buoy","country_iso_reporting":"US","country_sensor_provider":"FRANCE"}},{"type":"Feature","geometry":{"type":"Point","coordinates":[57.329,-31.978]},"properties":{"ptf_id":1150317,"ptf_ref":"3801592","category":"drifting_buoys","ptf_model":"SVP B Pacific Gyre","wigos_ref":"0-22000-0-3801592","country_name":"USA","country_ship":null,"goos_networks":"GDA","ptf_family_name":"Drifting Buoy","country_iso_reporting":"US","country_sensor_provider":"FRANCE"}},{"type":"Feature","geometry":{"type":"Point","coordinates":[-25.36,28.018]},"properties":{"ptf_id":1150325,"ptf_ref":"6801791","category":"drifting_buoys","ptf_model":"SVP B DBi","wigos_ref":"0-22000-0-6801791","country_name":"USA","country_ship":null,"goos_networks":"GDA","ptf_family_name":"Drifting Buoy","country_iso_reporting":"US","country_sensor_provider":"EUROPE"}},{"type":"Feature","geometry":{"type":"Point","coordinates":[-62.489,27.628]},"properties":{"ptf_id":1150326,"ptf_ref":"3801596","category":"drifting_buoys","ptf_model":"SVP B DBi","wigos_ref":"0-22000-0-3801596","country_name":"USA","country_ship":null,"goos_networks":"GDA","ptf_family_name":"Drifting Buoy","country_iso_reporting":"US","country_sensor_provider":"EUROPE"}},{"type":"Feature","geometry":{"type":"Point","coordinates":[-131.705,-41.997]},"properties":{"ptf_id":1150327,"ptf_ref":"1801696","category":"drifting_buoys","ptf_model":"SVP B Pacific Gyre","wigos_ref":"0-22000-0-1801696","country_name":"USA","country_ship":null,"goos_networks":"GDA","ptf_family_name":"Drifting Buoy","country_iso_reporting":"US","country_sensor_provider":"FRANCE"}},{"type":"Feature","geometry":{"type":"Point","coordinates":[-61.954,24.107]},"properties":{"ptf_id":1150347,"ptf_ref":"4804020","category":"drifting_buoys","ptf_model":"SVP","wigos_ref":"0-22000-0-4804020","country_name":"USA","country_ship":null,"goos_networks":"GDA","ptf_family_name":"Drifting Buoy","country_iso_reporting":"US","country_sensor_provider":null}},{"type":"Feature","geometry":{"type":"Point","coordinates":[-178.405,-27.847]},"properties":{"ptf_id":1150348,"ptf_ref":"2801989","category":"drifting_buoys","ptf_model":"SVP","wigos_ref":"0-22000-0-2801989","country_name":"USA","country_ship":null,"goos_networks":"GDA","ptf_family_name":"Drifting Buoy","country_iso_reporting":"US","country_sensor_provider":null}},{"type":"Feature","geometry":{"type":"Point","coordinates":[-99.183,-26.839]},"properties":{"ptf_id":1150351,"ptf_ref":"5801992","category":"drifting_buoys","ptf_model":"SVP","wigos_ref":"0-22000-0-5801992","country_name":"USA","country_ship":null,"goos_networks":"GDA","ptf_family_name":"Drifting Buoy","country_iso_reporting":"US","country_sensor_provider":null}},{"type":"Feature","geometry":{"type":"Point","coordinates":[-57.175,23.154]},"properties":{"ptf_id":1150353,"ptf_ref":"7801596","category":"drifting_buoys","ptf_model":"SVP","wigos_ref":"0-22000-0-7801596","country_name":"USA","country_ship":null,"goos_networks":"GDA","ptf_family_name":"Drifting Buoy","country_iso_reporting":"US","country_sensor_provider":null}},{"type":"Feature","geometry":{"type":"Point","coordinates":[-143.48,39.633]},"properties":{"ptf_id":1150356,"ptf_ref":"6801792","category":"drifting_buoys","ptf_model":"SVP B Pacific Gyre","wigos_ref":"0-22000-0-6801792","country_name":"USA","country_ship":null,"goos_networks":"GDA","ptf_family_name":"Drifting Buoy","country_iso_reporting":"US","country_sensor_provider":null}},{"type":"Feature","geometry":{"type":"Point","coordinates":[-100.172,-22.481]},"properties":{"ptf_id":1150358,"ptf_ref":"4804023","category":"drifting_buoys","ptf_model":"SVP SIO","wigos_ref":"0-22000-0-4804023","country_name":"USA","country_ship":null,"goos_networks":"GDA","ptf_family_name":"Drifting Buoy","country_iso_reporting":"US","country_sensor_provider":"USA"}},{"type":"Feature","geometry":{"type":"Point","coordinates":[-118.559,9.088]},"properties":{"ptf_id":1150359,"ptf_ref":"5801994","category":"drifting_buoys","ptf_model":"SVP Pacific Gyre","wigos_ref":"0-22000-0-5801994","country_name":"USA","country_ship":null,"goos_networks":"GDA","ptf_family_name":"Drifting Buoy","country_iso_reporting":"US","country_sensor_provider":null}},{"type":"Feature","geometry":{"type":"Point","coordinates":[-87.371,-21.836]},"properties":{"ptf_id":1150360,"ptf_ref":"5801995","category":"drifting_buoys","ptf_model":"SVP","wigos_ref":"0-22000-0-5801995","country_name":"USA","country_ship":null,"goos_networks":"GDA","ptf_family_name":"Drifting Buoy","country_iso_reporting":"US","country_sensor_provider":null}},{"type":"Feature","geometry":{"type":"Point","coordinates":[39.809,-16.583]},"properties":{"ptf_id":1150361,"ptf_ref":"7801597","category":"drifting_buoys","ptf_model":"SVP B Pacific Gyre","wigos_ref":"0-22000-0-7801597","country_name":"USA","country_ship":"USA","goos_networks":"GDA","ptf_family_name":"Drifting Buoy","country_iso_reporting":"US","country_sensor_provider":null}},{"type":"Feature","geometry":{"type":"Point","coordinates":[-147.302,-37.958]},"properties":{"ptf_id":1150362,"ptf_ref":"2801992","category":"drifting_buoys","ptf_model":"SVP","wigos_ref":"0-22000-0-2801992","country_name":"USA","country_ship":null,"goos_networks":"GDA","ptf_family_name":"Drifting Buoy","country_iso_reporting":"US","country_sensor_provider":null}},{"type":"Feature","geometry":{"type":"Point","coordinates":[-1.099,-41.216]},"properties":{"ptf_id":1150364,"ptf_ref":"4804024","category":"drifting_buoys","ptf_model":"SVP","wigos_ref":"0-22000-0-4804024","country_name":"USA","country_ship":null,"goos_networks":"GDA","ptf_family_name":"Drifting Buoy","country_iso_reporting":"US","country_sensor_provider":null}},{"type":"Feature","geometry":{"type":"Point","coordinates":[-124.086,-31.228]},"properties":{"ptf_id":1150365,"ptf_ref":"6801793","category":"drifting_buoys","ptf_model":"SVP B Pacific Gyre","wigos_ref":"0-22000-0-6801793","country_name":"USA","country_ship":null,"goos_networks":"GDA","ptf_family_name":"Drifting Buoy","country_iso_reporting":"US","country_sensor_provider":null}},{"type":"Feature","geometry":{"type":"Point","coordinates":[-139.474,-25.567]},"properties":{"ptf_id":1150366,"ptf_ref":"4804025","category":"drifting_buoys","ptf_model":"SVP B Pacific Gyre","wigos_ref":"0-22000-0-4804025","country_name":"USA","country_ship":null,"goos_networks":"GDA","ptf_family_name":"Drifting Buoy","country_iso_reporting":"US","country_sensor_provider":null}},{"type":"Feature","geometry":{"type":"Point","coordinates":[-66.231,32.438]},"properties":{"ptf_id":1150367,"ptf_ref":"5801996","category":"drifting_buoys","ptf_model":"SVP","wigos_ref":"0-22000-0-5801996","country_name":"USA","country_ship":null,"goos_networks":"GDA","ptf_family_name":"Drifting Buoy","country_iso_reporting":"US","country_sensor_provider":null}},{"type":"Feature","geometry":{"type":"Point","coordinates":[-148.695,19.035]},"properties":{"ptf_id":1150370,"ptf_ref":"3801597","category":"drifting_buoys","ptf_model":"SVP Pacific Gyre","wigos_ref":"0-22000-0-3801597","country_name":"USA","country_ship":"USA","goos_networks":"GDA","ptf_family_name":"Drifting Buoy","country_iso_reporting":"US","country_sensor_provider":null}},{"type":"Feature","geometry":{"type":"Point","coordinates":[177.491,18.43]},"properties":{"ptf_id":1150371,"ptf_ref":"1801699","category":"drifting_buoys","ptf_model":"SVP Pacific Gyre","wigos_ref":"0-22000-0-1801699","country_name":"USA","country_ship":"USA","goos_networks":"GDA","ptf_family_name":"Drifting Buoy","country_iso_reporting":"US","country_sensor_provider":null}},{"type":"Feature","geometry":{"type":"Point","coordinates":[-49.165,32.063]},"properties":{"ptf_id":1150374,"ptf_ref":"3801598","category":"drifting_buoys","ptf_model":"SVP B Pacific Gyre","wigos_ref":"0-22000-0-3801598","country_name":"USA","country_ship":null,"goos_networks":"GDA","ptf_family_name":"Drifting Buoy","country_iso_reporting":"US","country_sensor_provider":null}},{"type":"Feature","geometry":{"type":"Point","coordinates":[91.123,-20.241]},"properties":{"ptf_id":1150377,"ptf_ref":"5801998","category":"drifting_buoys","ptf_model":"SVP B Pacific Gyre","wigos_ref":"0-22000-0-5801998","country_name":"USA","country_ship":"USA","goos_networks":"GDA","ptf_family_name":"Drifting Buoy","country_iso_reporting":"US","country_sensor_provider":null}},{"type":"Feature","geometry":{"type":"Point","coordinates":[176.537,36.358]},"properties":{"ptf_id":1150379,"ptf_ref":"2801994","category":"drifting_buoys","ptf_model":"SVP B Pacific Gyre","wigos_ref":"0-22000-0-2801994","country_name":"USA","country_ship":null,"goos_networks":"GDA","ptf_family_name":"Drifting Buoy","country_iso_reporting":"US","country_sensor_provider":null}},{"type":"Feature","geometry":{"type":"Point","coordinates":[-135.121,35.399]},"properties":{"ptf_id":1150381,"ptf_ref":"1801701","category":"drifting_buoys","ptf_model":"SVP B Pacific Gyre","wigos_ref":"0-22000-0-1801701","country_name":"USA","country_ship":null,"goos_networks":"GDA","ptf_family_name":"Drifting Buoy","country_iso_reporting":"US","country_sensor_provider":null}},{"type":"Feature","geometry":{"type":"Point","coordinates":[-145.519,-40.153]},"properties":{"ptf_id":1150382,"ptf_ref":"4804027","category":"drifting_buoys","ptf_model":"SVP","wigos_ref":"0-22000-0-4804027","country_name":"USA","country_ship":null,"goos_networks":"GDA","ptf_family_name":"Drifting Buoy","country_iso_reporting":"US","country_sensor_provider":null}},{"type":"Feature","geometry":{"type":"Point","coordinates":[73.215,-38.766]},"properties":{"ptf_id":1150384,"ptf_ref":"2801995","category":"drifting_buoys","ptf_model":"SVP B Pacific Gyre","wigos_ref":"0-22000-0-2801995","country_name":"USA","country_ship":null,"goos_networks":"GDA","ptf_family_name":"Drifting Buoy","country_iso_reporting":"US","country_sensor_provider":null}},{"type":"Feature","geometry":{"type":"Point","coordinates":[72.196,-17.358]},"properties":{"ptf_id":1150386,"ptf_ref":"6801795","category":"drifting_buoys","ptf_model":"SVP B Pacific Gyre","wigos_ref":"0-22000-0-6801795","country_name":"USA","country_ship":"USA","goos_networks":"GDA","ptf_family_name":"Drifting Buoy","country_iso_reporting":"US","country_sensor_provider":null}},{"type":"Feature","geometry":{"type":"Point","coordinates":[3.64,-31.28]},"properties":{"ptf_id":1150388,"ptf_ref":"2801996","category":"drifting_buoys","ptf_model":"SVP","wigos_ref":"0-22000-0-2801996","country_name":"USA","country_ship":null,"goos_networks":"GDA","ptf_family_name":"Drifting Buoy","country_iso_reporting":"US","country_sensor_provider":null}},{"type":"Feature","geometry":{"type":"Point","coordinates":[-144.315,-27.603]},"properties":{"ptf_id":1150390,"ptf_ref":"1801702","category":"drifting_buoys","ptf_model":"SVP B Pacific Gyre","wigos_ref":"0-22000-0-1801702","country_name":"USA","country_ship":null,"goos_networks":"GDA","ptf_family_name":"Drifting Buoy","country_iso_reporting":"US","country_sensor_provider":null}},{"type":"Feature","geometry":{"type":"Point","coordinates":[167.634,-13.7]},"properties":{"ptf_id":1150393,"ptf_ref":"3801601","category":"drifting_buoys","ptf_model":"SVP Pacific Gyre","wigos_ref":"0-22000-0-3801601","country_name":"USA","country_ship":null,"goos_networks":"GDA","ptf_family_name":"Drifting Buoy","country_iso_reporting":"US","country_sensor_provider":null}},{"type":"Feature","geometry":{"type":"Point","coordinates":[64.095,-41.235]},"properties":{"ptf_id":1150394,"ptf_ref":"6801797","category":"drifting_buoys","ptf_model":"SVP B Pacific Gyre","wigos_ref":"0-22000-0-6801797","country_name":"USA","country_ship":null,"goos_networks":"GDA","ptf_family_name":"Drifting Buoy","country_iso_reporting":"US","country_sensor_provider":null}},{"type":"Feature","geometry":{"type":"Point","coordinates":[166.352,-34.256]},"properties":{"ptf_id":1150395,"ptf_ref":"6801798","category":"drifting_buoys","ptf_model":"SVP","wigos_ref":"0-22000-0-6801798","country_name":"USA","country_ship":null,"goos_networks":"GDA","ptf_family_name":"Drifting Buoy","country_iso_reporting":"US","country_sensor_provider":null}},{"type":"Feature","geometry":{"type":"Point","coordinates":[-91.328,-27.941]},"properties":{"ptf_id":1150396,"ptf_ref":"4804028","category":"drifting_buoys","ptf_model":"SVP Pacific Gyre","wigos_ref":"0-22000-0-4804028","country_name":"USA","country_ship":null,"goos_networks":"GDA","ptf_family_name":"Drifting Buoy","country_iso_reporting":"US","country_sensor_provider":null}},{"type":"Feature","geometry":{"type":"Point","coordinates":[63.956,-24.28]},"properties":{"ptf_id":1150399,"ptf_ref":"5801999","category":"drifting_buoys","ptf_model":"SVP B Pacific Gyre","wigos_ref":"0-22000-0-5801999","country_name":"USA","country_ship":"USA","goos_networks":"GDA","ptf_family_name":"Drifting Buoy","country_iso_reporting":"US","country_sensor_provider":null}},{"type":"Feature","geometry":{"type":"Point","coordinates":[75.256,-26.703]},"properties":{"ptf_id":1150403,"ptf_ref":"2802000","category":"drifting_buoys","ptf_model":"SVP B Pacific Gyre","wigos_ref":"0-22000-0-2802000","country_name":"USA","country_ship":"USA","goos_networks":"GDA","ptf_family_name":"Drifting Buoy","country_iso_reporting":"US","country_sensor_provider":null}},{"type":"Feature","geometry":{"type":"Point","coordinates":[-8.208,-36.671]},"properties":{"ptf_id":1150405,"ptf_ref":"4804030","category":"drifting_buoys","ptf_model":"SVP","wigos_ref":"0-22000-0-4804030","country_name":"USA","country_ship":null,"goos_networks":"GDA","ptf_family_name":"Drifting Buoy","country_iso_reporting":"US","country_sensor_provider":null}},{"type":"Feature","geometry":{"type":"Point","coordinates":[-77.509,26.87]},"properties":{"ptf_id":1150408,"ptf_ref":"5802000","category":"drifting_buoys","ptf_model":"SVP B Pacific Gyre","wigos_ref":"0-22000-0-5802000","country_name":"USA","country_ship":null,"goos_networks":"GDA","ptf_family_name":"Drifting Buoy","country_iso_reporting":"US","country_sensor_provider":null}},{"type":"Feature","geometry":{"type":"Point","coordinates":[-103.073,-65.276]},"properties":{"ptf_id":1150410,"ptf_ref":"5802001","category":"drifting_buoys","ptf_model":"SVP","wigos_ref":"0-22000-0-5802001","country_name":"USA","country_ship":null,"goos_networks":"GDA","ptf_family_name":"Drifting Buoy","country_iso_reporting":"US","country_sensor_provider":null}},{"type":"Feature","geometry":{"type":"Point","coordinates":[10.956,-45.58]},"properties":{"ptf_id":1150412,"ptf_ref":"3801604","category":"drifting_buoys","ptf_model":"SVP B Pacific Gyre","wigos_ref":"0-22000-0-3801604","country_name":"USA","country_ship":null,"goos_networks":"GDA","ptf_family_name":"Drifting Buoy","country_iso_reporting":"US","country_sensor_provider":null}},{"type":"Feature","geometry":{"type":"Point","coordinates":[73.551,-23.025]},"properties":{"ptf_id":1150416,"ptf_ref":"7801607","category":"drifting_buoys","ptf_model":"SVP B Pacific Gyre","wigos_ref":"0-22000-0-7801607","country_name":"USA","country_ship":"USA","goos_networks":"GDA","ptf_family_name":"Drifting Buoy","country_iso_reporting":"US","country_sensor_provider":null}},{"type":"Feature","geometry":{"type":"Point","coordinates":[-167.719,17.043]},"properties":{"ptf_id":1150417,"ptf_ref":"1801705","category":"drifting_buoys","ptf_model":"SVP Pacific Gyre","wigos_ref":"0-22000-0-1801705","country_name":"USA","country_ship":"USA","goos_networks":"GDA","ptf_family_name":"Drifting Buoy","country_iso_reporting":"US","country_sensor_provider":null}},{"type":"Feature","geometry":{"type":"Point","coordinates":[139.191,34.575]},"properties":{"ptf_id":1150420,"ptf_ref":"5802003","category":"drifting_buoys","ptf_model":"SVP Pacific Gyre","wigos_ref":"0-22000-0-5802003","country_name":"USA","country_ship":null,"goos_networks":"GDA","ptf_family_name":"Drifting Buoy","country_iso_reporting":"US","country_sensor_provider":null}},{"type":"Feature","geometry":{"type":"Point","coordinates":[142.573,-11.737]},"properties":{"ptf_id":1150423,"ptf_ref":"4804033","category":"drifting_buoys","ptf_model":"SVP Pacific Gyre","wigos_ref":"0-22000-0-4804033","country_name":"USA","country_ship":null,"goos_networks":"GDA","ptf_family_name":"Drifting Buoy","country_iso_reporting":"US","country_sensor_provider":null}},{"type":"Feature","geometry":{"type":"Point","coordinates":[-176.919,-21.515]},"properties":{"ptf_id":1150425,"ptf_ref":"2802002","category":"drifting_buoys","ptf_model":"SVP","wigos_ref":"0-22000-0-2802002","country_name":"USA","country_ship":null,"goos_networks":"GDA","ptf_family_name":"Drifting Buoy","country_iso_reporting":"US","country_sensor_provider":null}},{"type":"Feature","geometry":{"type":"Point","coordinates":[163.592,-19.564]},"properties":{"ptf_id":1150426,"ptf_ref":"6801800","category":"drifting_buoys","ptf_model":"SVP Pacific Gyre","wigos_ref":"0-22000-0-6801800","country_name":"USA","country_ship":null,"goos_networks":"GDA","ptf_family_name":"Drifting Buoy","country_iso_reporting":"US","country_sensor_provider":null}},{"type":"Feature","geometry":{"type":"Point","coordinates":[161.299,41.506]},"properties":{"ptf_id":1150427,"ptf_ref":"4804035","category":"drifting_buoys","ptf_model":"SVP Pacific Gyre","wigos_ref":"0-22000-0-4804035","country_name":"USA","country_ship":null,"goos_networks":"GDA","ptf_family_name":"Drifting Buoy","country_iso_reporting":"US","country_sensor_provider":null}},{"type":"Feature","geometry":{"type":"Point","coordinates":[149.213,21.5]},"properties":{"ptf_id":1150430,"ptf_ref":"7801609","category":"drifting_buoys","ptf_model":"SVP Pacific Gyre","wigos_ref":"0-22000-0-7801609","country_name":"USA","country_ship":null,"goos_networks":"GDA","ptf_family_name":"Drifting Buoy","country_iso_reporting":"US","country_sensor_provider":null}},{"type":"Feature","geometry":{"type":"Point","coordinates":[-162.588,-37.396]},"properties":{"ptf_id":1150431,"ptf_ref":"7801610","category":"drifting_buoys","ptf_model":"SVP","wigos_ref":"0-22000-0-7801610","country_name":"USA","country_ship":null,"goos_networks":"GDA","ptf_family_name":"Drifting Buoy","country_iso_reporting":"US","country_sensor_provider":null}},{"type":"Feature","geometry":{"type":"Point","coordinates":[145.216,14.162]},"properties":{"ptf_id":1150433,"ptf_ref":"1801706","category":"drifting_buoys","ptf_model":"SVP Pacific Gyre","wigos_ref":"0-22000-0-1801706","country_name":"USA","country_ship":null,"goos_networks":"GDA","ptf_family_name":"Drifting Buoy","country_iso_reporting":"US","country_sensor_provider":null}},{"type":"Feature","geometry":{"type":"Point","coordinates":[162.182,-29.686]},"properties":{"ptf_id":1150436,"ptf_ref":"5802004","category":"drifting_buoys","ptf_model":"SVP","wigos_ref":"0-22000-0-5802004","country_name":"USA","country_ship":null,"goos_networks":"GDA","ptf_family_name":"Drifting Buoy","country_iso_reporting":"US","country_sensor_provider":null}},{"type":"Feature","geometry":{"type":"Point","coordinates":[-155.906,19.187]},"properties":{"ptf_id":1150437,"ptf_ref":"4804037","category":"drifting_buoys","ptf_model":"SVP Pacific Gyre","wigos_ref":"0-22000-0-4804037","country_name":"USA","country_ship":"USA","goos_networks":"GDA","ptf_family_name":"Drifting Buoy","country_iso_reporting":"US","country_sensor_provider":null}},{"type":"Feature","geometry":{"type":"Point","coordinates":[-145.621,19.953]},"properties":{"ptf_id":1150440,"ptf_ref":"2802004","category":"drifting_buoys","ptf_model":"SVP Pacific Gyre","wigos_ref":"0-22000-0-2802004","country_name":"USA","country_ship":"USA","goos_networks":"GDA","ptf_family_name":"Drifting Buoy","country_iso_reporting":"US","country_sensor_provider":null}},{"type":"Feature","geometry":{"type":"Point","coordinates":[48.98,-19.295]},"properties":{"ptf_id":1150441,"ptf_ref":"4804038","category":"drifting_buoys","ptf_model":"SVP B Pacific Gyre","wigos_ref":"0-22000-0-4804038","country_name":"USA","country_ship":"USA","goos_networks":"GDA","ptf_family_name":"Drifting Buoy","country_iso_reporting":"US","country_sensor_provider":null}},{"type":"Feature","geometry":{"type":"Point","coordinates":[-98.67,-21.729]},"properties":{"ptf_id":1150443,"ptf_ref":"4804039","category":"drifting_buoys","ptf_model":"SVP","wigos_ref":"0-22000-0-4804039","country_name":"USA","country_ship":null,"goos_networks":"GDA","ptf_family_name":"Drifting Buoy","country_iso_reporting":"US","country_sensor_provider":null}},{"type":"Feature","geometry":{"type":"Point","coordinates":[124.265,24.482]},"properties":{"ptf_id":1150446,"ptf_ref":"1801707","category":"drifting_buoys","ptf_model":"SVP Pacific Gyre","wigos_ref":"0-22000-0-1801707","country_name":"USA","country_ship":null,"goos_networks":"GDA","ptf_family_name":"Drifting Buoy","country_iso_reporting":"US","country_sensor_provider":null}},{"type":"Feature","geometry":{"type":"Point","coordinates":[-59.219,14.64]},"properties":{"ptf_id":1150447,"ptf_ref":"2802005","category":"drifting_buoys","ptf_model":"SVP","wigos_ref":"0-22000-0-2802005","country_name":"USA","country_ship":null,"goos_networks":"GDA","ptf_family_name":"Drifting Buoy","country_iso_reporting":"US","country_sensor_provider":null}},{"type":"Feature","geometry":{"type":"Point","coordinates":[160.636,34.558]},"properties":{"ptf_id":1150448,"ptf_ref":"6801805","category":"drifting_buoys","ptf_model":"SVP Pacific Gyre","wigos_ref":"0-22000-0-6801805","country_name":"USA","country_ship":null,"goos_networks":"GDA","ptf_family_name":"Drifting Buoy","country_iso_reporting":"US","country_sensor_provider":null}},{"type":"Feature","geometry":{"type":"Point","coordinates":[-0.238,-38.457]},"properties":{"ptf_id":1150449,"ptf_ref":"2802006","category":"drifting_buoys","ptf_model":"SVP B Pacific Gyre","wigos_ref":"0-22000-0-2802006","country_name":"USA","country_ship":null,"goos_networks":"GDA","ptf_family_name":"Drifting Buoy","country_iso_reporting":"US","country_sensor_provider":null}},{"type":"Feature","geometry":{"type":"Point","coordinates":[90.62,-27.702]},"properties":{"ptf_id":1150452,"ptf_ref":"4804041","category":"drifting_buoys","ptf_model":"SVP B Pacific Gyre","wigos_ref":"0-22000-0-4804041","country_name":"USA","country_ship":"USA","goos_networks":"GDA","ptf_family_name":"Drifting Buoy","country_iso_reporting":"US","country_sensor_provider":null}},{"type":"Feature","geometry":{"type":"Point","coordinates":[-69.454,26.396]},"properties":{"ptf_id":1150454,"ptf_ref":"3801607","category":"drifting_buoys","ptf_model":"SVP","wigos_ref":"0-22000-0-3801607","country_name":"USA","country_ship":null,"goos_networks":"GDA","ptf_family_name":"Drifting Buoy","country_iso_reporting":"US","country_sensor_provider":null}},{"type":"Feature","geometry":{"type":"Point","coordinates":[166.371,36.392]},"properties":{"ptf_id":1150455,"ptf_ref":"4804042","category":"drifting_buoys","ptf_model":"SVP Pacific Gyre","wigos_ref":"0-22000-0-4804042","country_name":"USA","country_ship":null,"goos_networks":"GDA","ptf_family_name":"Drifting Buoy","country_iso_reporting":"US","country_sensor_provider":null}},{"type":"Feature","geometry":{"type":"Point","coordinates":[134.734,18.84]},"properties":{"ptf_id":1150458,"ptf_ref":"7801615","category":"drifting_buoys","ptf_model":"SVP Pacific Gyre","wigos_ref":"0-22000-0-7801615","country_name":"USA","country_ship":null,"goos_networks":"GDA","ptf_family_name":"Drifting Buoy","country_iso_reporting":"US","country_sensor_provider":null}},{"type":"Feature","geometry":{"type":"Point","coordinates":[34.228,-47.394]},"properties":{"ptf_id":1150459,"ptf_ref":"5802007","category":"drifting_buoys","ptf_model":"SVP B Pacific Gyre","wigos_ref":"0-22000-0-5802007","country_name":"USA","country_ship":null,"goos_networks":"GDA","ptf_family_name":"Drifting Buoy","country_iso_reporting":"US","country_sensor_provider":null}},{"type":"Feature","geometry":{"type":"Point","coordinates":[-38.23,12.643]},"properties":{"ptf_id":1150464,"ptf_ref":"5802010","category":"drifting_buoys","ptf_model":"SVP","wigos_ref":"0-22000-0-5802010","country_name":"USA","country_ship":null,"goos_networks":"GDA","ptf_family_name":"Drifting Buoy","country_iso_reporting":"US","country_sensor_provider":null}},{"type":"Feature","geometry":{"type":"Point","coordinates":[-58.681,20.788]},"properties":{"ptf_id":1150465,"ptf_ref":"2802007","category":"drifting_buoys","ptf_model":"SVP B Pacific Gyre","wigos_ref":"0-22000-0-2802007","country_name":"USA","country_ship":null,"goos_networks":"GDA","ptf_family_name":"Drifting Buoy","country_iso_reporting":"US","country_sensor_provider":null}},{"type":"Feature","geometry":{"type":"Point","coordinates":[14.127,-49.242]},"properties":{"ptf_id":1150466,"ptf_ref":"4804043","category":"drifting_buoys","ptf_model":"SVP B Pacific Gyre","wigos_ref":"0-22000-0-4804043","country_name":"USA","country_ship":null,"goos_networks":"GDA","ptf_family_name":"Drifting Buoy","country_iso_reporting":"US","country_sensor_provider":null}},{"type":"Feature","geometry":{"type":"Point","coordinates":[-59.898,26.633]},"properties":{"ptf_id":1150468,"ptf_ref":"5802011","category":"drifting_buoys","ptf_model":"SVP B Pacific Gyre","wigos_ref":"0-22000-0-5802011","country_name":"USA","country_ship":null,"goos_networks":"GDA","ptf_family_name":"Drifting Buoy","country_iso_reporting":"US","country_sensor_provider":null}},{"type":"Feature","geometry":{"type":"Point","coordinates":[-62.152,22.472]},"properties":{"ptf_id":1150470,"ptf_ref":"7801616","category":"drifting_buoys","ptf_model":"SVP B Pacific Gyre","wigos_ref":"0-22000-0-7801616","country_name":"USA","country_ship":null,"goos_networks":"GDA","ptf_family_name":"Drifting Buoy","country_iso_reporting":"US","country_sensor_provider":null}},{"type":"Feature","geometry":{"type":"Point","coordinates":[-148.944,44.889]},"properties":{"ptf_id":1150472,"ptf_ref":"7801617","category":"drifting_buoys","ptf_model":"SVP B Pacific Gyre","wigos_ref":"0-22000-0-7801617","country_name":"USA","country_ship":null,"goos_networks":"GDA","ptf_family_name":"Drifting Buoy","country_iso_reporting":"US","country_sensor_provider":null}},{"type":"Feature","geometry":{"type":"Point","coordinates":[145.927,-16.95]},"properties":{"ptf_id":1150474,"ptf_ref":"6801809","category":"drifting_buoys","ptf_model":"SVP Pacific Gyre","wigos_ref":"0-22000-0-6801809","country_name":"USA","country_ship":null,"goos_networks":"GDA","ptf_family_name":"Drifting Buoy","country_iso_reporting":"US","country_sensor_provider":null}},{"type":"Feature","geometry":{"type":"Point","coordinates":[-39.937,65.086]},"properties":{"ptf_id":1150478,"ptf_ref":"2802008","category":"drifting_buoys","ptf_model":"SVP B Pacific Gyre","wigos_ref":"0-22000-0-2802008","country_name":"USA","country_ship":null,"goos_networks":"GDA","ptf_family_name":"Drifting Buoy","country_iso_reporting":"US","country_sensor_provider":null}},{"type":"Feature","geometry":{"type":"Point","coordinates":[-156.336,16.504]},"properties":{"ptf_id":1150480,"ptf_ref":"4804047","category":"drifting_buoys","ptf_model":"SVP Pacific Gyre","wigos_ref":"0-22000-0-4804047","country_name":"USA","country_ship":"USA","goos_networks":"GDA","ptf_family_name":"Drifting Buoy","country_iso_reporting":"US","country_sensor_provider":null}},{"type":"Feature","geometry":{"type":"Point","coordinates":[-156.614,-28.043]},"properties":{"ptf_id":1150483,"ptf_ref":"3801610","category":"drifting_buoys","ptf_model":"SVP B Pacific Gyre","wigos_ref":"0-22000-0-3801610","country_name":"USA","country_ship":null,"goos_networks":"GDA","ptf_family_name":"Drifting Buoy","country_iso_reporting":"US","country_sensor_provider":null}},{"type":"Feature","geometry":{"type":"Point","coordinates":[-65.329,25.374]},"properties":{"ptf_id":1150484,"ptf_ref":"7801619","category":"drifting_buoys","ptf_model":"SVP","wigos_ref":"0-22000-0-7801619","country_name":"USA","country_ship":null,"goos_networks":"GDA","ptf_family_name":"Drifting Buoy","country_iso_reporting":"US","country_sensor_provider":null}},{"type":"Feature","geometry":{"type":"Point","coordinates":[133.009,32.771]},"properties":{"ptf_id":1150485,"ptf_ref":"2802009","category":"drifting_buoys","ptf_model":"SVP Pacific Gyre","wigos_ref":"0-22000-0-2802009","country_name":"USA","country_ship":null,"goos_networks":"GDA","ptf_family_name":"Drifting Buoy","country_iso_reporting":"US","country_sensor_provider":null}},{"type":"Feature","geometry":{"type":"Point","coordinates":[35.477,-35.982]},"properties":{"ptf_id":1150487,"ptf_ref":"5802012","category":"drifting_buoys","ptf_model":"SVP","wigos_ref":"0-22000-0-5802012","country_name":"USA","country_ship":null,"goos_networks":"GDA","ptf_family_name":"Drifting Buoy","country_iso_reporting":"US","country_sensor_provider":null}},{"type":"Feature","geometry":{"type":"Point","coordinates":[-147.702,-14.945]},"properties":{"ptf_id":1150488,"ptf_ref":"7801621","category":"drifting_buoys","ptf_model":"SVP B Pacific Gyre","wigos_ref":"0-22000-0-7801621","country_name":"USA","country_ship":null,"goos_networks":"GDA","ptf_family_name":"Drifting Buoy","country_iso_reporting":"US","country_sensor_provider":null}},{"type":"Feature","geometry":{"type":"Point","coordinates":[137.204,37.365]},"properties":{"ptf_id":1150490,"ptf_ref":"6801810","category":"drifting_buoys","ptf_model":"SVP Pacific Gyre","wigos_ref":"0-22000-0-6801810","country_name":"USA","country_ship":null,"goos_networks":"GDA","ptf_family_name":"Drifting Buoy","country_iso_reporting":"US","country_sensor_provider":null}},{"type":"Feature","geometry":{"type":"Point","coordinates":[-97.344,-61.557]},"properties":{"ptf_id":1150493,"ptf_ref":"3801611","category":"drifting_buoys","ptf_model":"SVP Pacific Gyre","wigos_ref":"0-22000-0-3801611","country_name":"USA","country_ship":"USA","goos_networks":"GDA","ptf_family_name":"Drifting Buoy","country_iso_reporting":"US","country_sensor_provider":null}},{"type":"Feature","geometry":{"type":"Point","coordinates":[-68.978,27.076]},"properties":{"ptf_id":1150495,"ptf_ref":"2802010","category":"drifting_buoys","ptf_model":"SVP B Pacific Gyre","wigos_ref":"0-22000-0-2802010","country_name":"USA","country_ship":null,"goos_networks":"GDA","ptf_family_name":"Drifting Buoy","country_iso_reporting":"US","country_sensor_provider":null}},{"type":"Feature","geometry":{"type":"Point","coordinates":[67.973,-32.218]},"properties":{"ptf_id":1150496,"ptf_ref":"1801713","category":"drifting_buoys","ptf_model":"SVP B Pacific Gyre","wigos_ref":"0-22000-0-1801713","country_name":"USA","country_ship":null,"goos_networks":"GDA","ptf_family_name":"Drifting Buoy","country_iso_reporting":"US","country_sensor_provider":null}},{"type":"Feature","geometry":{"type":"Point","coordinates":[-24.39,31.586]},"properties":{"ptf_id":1150498,"ptf_ref":"2802011","category":"drifting_buoys","ptf_model":"SVP B Pacific Gyre","wigos_ref":"0-22000-0-2802011","country_name":"USA","country_ship":"USA","goos_networks":"GDA","ptf_family_name":"Drifting Buoy","country_iso_reporting":"US","country_sensor_provider":null}},{"type":"Feature","geometry":{"type":"Point","coordinates":[-63.734,26.897]},"properties":{"ptf_id":1150499,"ptf_ref":"3801612","category":"drifting_buoys","ptf_model":"SVP B Pacific Gyre","wigos_ref":"0-22000-0-3801612","country_name":"USA","country_ship":null,"goos_networks":"GDA","ptf_family_name":"Drifting Buoy","country_iso_reporting":"US","country_sensor_provider":null}},{"type":"Feature","geometry":{"type":"Point","coordinates":[144.444,19.127]},"properties":{"ptf_id":1150501,"ptf_ref":"7801623","category":"drifting_buoys","ptf_model":"SVP Pacific Gyre","wigos_ref":"0-22000-0-7801623","country_name":"USA","country_ship":null,"goos_networks":"GDA","ptf_family_name":"Drifting Buoy","country_iso_reporting":"US","country_sensor_provider":null}},{"type":"Feature","geometry":{"type":"Point","coordinates":[177.345,-16.966]},"properties":{"ptf_id":1150502,"ptf_ref":"1801714","category":"drifting_buoys","ptf_model":"SVP Pacific Gyre","wigos_ref":"0-22000-0-1801714","country_name":"USA","country_ship":null,"goos_networks":"GDA","ptf_family_name":"Drifting Buoy","country_iso_reporting":"US","country_sensor_provider":null}},{"type":"Feature","geometry":{"type":"Point","coordinates":[123.918,24.374]},"properties":{"ptf_id":1150504,"ptf_ref":"6801813","category":"drifting_buoys","ptf_model":"SVP Pacific Gyre","wigos_ref":"0-22000-0-6801813","country_name":"USA","country_ship":null,"goos_networks":"GDA","ptf_family_name":"Drifting Buoy","country_iso_reporting":"US","country_sensor_provider":null}},{"type":"Feature","geometry":{"type":"Point","coordinates":[167.054,28.758]},"properties":{"ptf_id":1150505,"ptf_ref":"3801613","category":"drifting_buoys","ptf_model":"SVP Pacific Gyre","wigos_ref":"0-22000-0-3801613","country_name":"USA","country_ship":null,"goos_networks":"GDA","ptf_family_name":"Drifting Buoy","country_iso_reporting":"US","country_sensor_provider":null}},{"type":"Feature","geometry":{"type":"Point","coordinates":[-161.376,34.044]},"properties":{"ptf_id":1150506,"ptf_ref":"3801614","category":"drifting_buoys","ptf_model":"SVP Pacific Gyre","wigos_ref":"0-22000-0-3801614","country_name":"USA","country_ship":"USA","goos_networks":"GDA","ptf_family_name":"Drifting Buoy","country_iso_reporting":"US","country_sensor_provider":null}},{"type":"Feature","geometry":{"type":"Point","coordinates":[113.767,-28.496]},"properties":{"ptf_id":1150509,"ptf_ref":"5802014","category":"drifting_buoys","ptf_model":"SVP","wigos_ref":"0-22000-0-5802014","country_name":"USA","country_ship":null,"goos_networks":"GDA","ptf_family_name":"Drifting Buoy","country_iso_reporting":"US","country_sensor_provider":null}},{"type":"Feature","geometry":{"type":"Point","coordinates":[173.156,-32.928]},"properties":{"ptf_id":1150510,"ptf_ref":"7801625","category":"drifting_buoys","ptf_model":"SVP","wigos_ref":"0-22000-0-7801625","country_name":"USA","country_ship":null,"goos_networks":"GDA","ptf_family_name":"Drifting Buoy","country_iso_reporting":"US","country_sensor_provider":null}},{"type":"Feature","geometry":{"type":"Point","coordinates":[166.649,46.488]},"properties":{"ptf_id":1150511,"ptf_ref":"4804049","category":"drifting_buoys","ptf_model":"SVP","wigos_ref":"0-22000-0-4804049","country_name":"USA","country_ship":null,"goos_networks":"GDA","ptf_family_name":"Drifting Buoy","country_iso_reporting":"US","country_sensor_provider":null}},{"type":"Feature","geometry":{"type":"Point","coordinates":[-45.176,30.476]},"properties":{"ptf_id":1150513,"ptf_ref":"1801716","category":"drifting_buoys","ptf_model":"SVP B Pacific Gyre","wigos_ref":"0-22000-0-1801716","country_name":"USA","country_ship":null,"goos_networks":"GDA","ptf_family_name":"Drifting Buoy","country_iso_reporting":"US","country_sensor_provider":null}},{"type":"Feature","geometry":{"type":"Point","coordinates":[-65.615,21.04]},"properties":{"ptf_id":1150514,"ptf_ref":"7801627","category":"drifting_buoys","ptf_model":"SVP B Pacific Gyre","wigos_ref":"0-22000-0-7801627","country_name":"USA","country_ship":null,"goos_networks":"GDA","ptf_family_name":"Drifting Buoy","country_iso_reporting":"US","country_sensor_provider":null}},{"type":"Feature","geometry":{"type":"Point","coordinates":[-135.336,-18.995]},"properties":{"ptf_id":1150515,"ptf_ref":"5802015","category":"drifting_buoys","ptf_model":"SVP B Pacific Gyre","wigos_ref":"0-22000-0-5802015","country_name":"USA","country_ship":null,"goos_networks":"GDA","ptf_family_name":"Drifting Buoy","country_iso_reporting":"US","country_sensor_provider":null}},{"type":"Feature","geometry":{"type":"Point","coordinates":[-60.679,29.675]},"properties":{"ptf_id":1150518,"ptf_ref":"2802012","category":"drifting_buoys","ptf_model":"SVP","wigos_ref":"0-22000-0-2802012","country_name":"USA","country_ship":null,"goos_networks":"GDA","ptf_family_name":"Drifting Buoy","country_iso_reporting":"US","country_sensor_provider":null}},{"type":"Feature","geometry":{"type":"Point","coordinates":[84.62,-37.253]},"properties":{"ptf_id":1150520,"ptf_ref":"5802017","category":"drifting_buoys","ptf_model":"SVP B Pacific Gyre","wigos_ref":"0-22000-0-5802017","country_name":"USA","country_ship":"FRANCE","goos_networks":"GDA","ptf_family_name":"Drifting Buoy","country_iso_reporting":"US","country_sensor_provider":null}},{"type":"Feature","geometry":{"type":"Point","coordinates":[-92.842,-25.474]},"properties":{"ptf_id":1150521,"ptf_ref":"2802013","category":"drifting_buoys","ptf_model":"SVP","wigos_ref":"0-22000-0-2802013","country_name":"USA","country_ship":null,"goos_networks":"GDA","ptf_family_name":"Drifting Buoy","country_iso_reporting":"US","country_sensor_provider":null}},{"type":"Feature","geometry":{"type":"Point","coordinates":[-170.957,-18.054]},"properties":{"ptf_id":1150522,"ptf_ref":"7801628","category":"drifting_buoys","ptf_model":"SVP Pacific Gyre","wigos_ref":"0-22000-0-7801628","country_name":"USA","country_ship":null,"goos_networks":"GDA","ptf_family_name":"Drifting Buoy","country_iso_reporting":"US","country_sensor_provider":null}},{"type":"Feature","geometry":{"type":"Point","coordinates":[-154.578,41.442]},"properties":{"ptf_id":1150525,"ptf_ref":"7801629","category":"drifting_buoys","ptf_model":"SVP Pacific Gyre","wigos_ref":"0-22000-0-7801629","country_name":"USA","country_ship":null,"goos_networks":"GDA","ptf_family_name":"Drifting Buoy","country_iso_reporting":"US","country_sensor_provider":null}},{"type":"Feature","geometry":{"type":"Point","coordinates":[143.763,33.976]},"properties":{"ptf_id":1150528,"ptf_ref":"3801615","category":"drifting_buoys","ptf_model":"SVP Pacific Gyre","wigos_ref":"0-22000-0-3801615","country_name":"USA","country_ship":null,"goos_networks":"GDA","ptf_family_name":"Drifting Buoy","country_iso_reporting":"US","country_sensor_provider":null}},{"type":"Feature","geometry":{"type":"Point","coordinates":[59.406,-33.806]},"properties":{"ptf_id":1150533,"ptf_ref":"2802014","category":"drifting_buoys","ptf_model":"SVP B Pacific Gyre","wigos_ref":"0-22000-0-2802014","country_name":"USA","country_ship":null,"goos_networks":"GDA","ptf_family_name":"Drifting Buoy","country_iso_reporting":"US","country_sensor_provider":null}},{"type":"Feature","geometry":{"type":"Point","coordinates":[-36.662,-24.841]},"properties":{"ptf_id":1150534,"ptf_ref":"1801721","category":"drifting_buoys","ptf_model":"SVP B Pacific Gyre","wigos_ref":"0-22000-0-1801721","country_name":"USA","country_ship":null,"goos_networks":"GDA","ptf_family_name":"Drifting Buoy","country_iso_reporting":"US","country_sensor_provider":null}},{"type":"Feature","geometry":{"type":"Point","coordinates":[-167.356,-22.51]},"properties":{"ptf_id":1150535,"ptf_ref":"2802015","category":"drifting_buoys","ptf_model":"SVP Pacific Gyre","wigos_ref":"0-22000-0-2802015","country_name":"USA","country_ship":null,"goos_networks":"GDA","ptf_family_name":"Drifting Buoy","country_iso_reporting":"US","country_sensor_provider":null}},{"type":"Feature","geometry":{"type":"Point","coordinates":[169.892,38.084]},"properties":{"ptf_id":1150536,"ptf_ref":"6801816","category":"drifting_buoys","ptf_model":"SVP Pacific Gyre","wigos_ref":"0-22000-0-6801816","country_name":"USA","country_ship":null,"goos_networks":"GDA","ptf_family_name":"Drifting Buoy","country_iso_reporting":"US","country_sensor_provider":null}},{"type":"Feature","geometry":{"type":"Point","coordinates":[-173.352,42.324]},"properties":{"ptf_id":1150538,"ptf_ref":"3801618","category":"drifting_buoys","ptf_model":"SVP Pacific Gyre","wigos_ref":"0-22000-0-3801618","country_name":"USA","country_ship":null,"goos_networks":"GDA","ptf_family_name":"Drifting Buoy","country_iso_reporting":"US","country_sensor_provider":null}},{"type":"Feature","geometry":{"type":"Point","coordinates":[-79.601,-61.563]},"properties":{"ptf_id":1150542,"ptf_ref":"1801722","category":"drifting_buoys","ptf_model":"SVP Pacific Gyre","wigos_ref":"0-22000-0-1801722","country_name":"USA","country_ship":"USA","goos_networks":"GDA","ptf_family_name":"Drifting Buoy","country_iso_reporting":"US","country_sensor_provider":null}},{"type":"Feature","geometry":{"type":"Point","coordinates":[-40.193,10.446]},"properties":{"ptf_id":1150546,"ptf_ref":"6801818","category":"drifting_buoys","ptf_model":"SVP","wigos_ref":"0-22000-0-6801818","country_name":"USA","country_ship":null,"goos_networks":"GDA","ptf_family_name":"Drifting Buoy","country_iso_reporting":"US","country_sensor_provider":null}},{"type":"Feature","geometry":{"type":"Point","coordinates":[-157.442,-16.331]},"properties":{"ptf_id":1150552,"ptf_ref":"7801634","category":"drifting_buoys","ptf_model":"SVP B Pacific Gyre","wigos_ref":"0-22000-0-7801634","country_name":"USA","country_ship":null,"goos_networks":"GDA","ptf_family_name":"Drifting Buoy","country_iso_reporting":"US","country_sensor_provider":null}},{"type":"Feature","geometry":{"type":"Point","coordinates":[159.646,16.996]},"properties":{"ptf_id":1150554,"ptf_ref":"2802017","category":"drifting_buoys","ptf_model":"SVP B Pacific Gyre","wigos_ref":"0-22000-0-2802017","country_name":"USA","country_ship":"USA","goos_networks":"GDA","ptf_family_name":"Drifting Buoy","country_iso_reporting":"US","country_sensor_provider":null}},{"type":"Feature","geometry":{"type":"Point","coordinates":[8.372,-43.333]},"properties":{"ptf_id":1150555,"ptf_ref":"5802020","category":"drifting_buoys","ptf_model":"SVP","wigos_ref":"0-22000-0-5802020","country_name":"USA","country_ship":null,"goos_networks":"GDA","ptf_family_name":"Drifting Buoy","country_iso_reporting":"US","country_sensor_provider":null}},{"type":"Feature","geometry":{"type":"Point","coordinates":[-93.151,-53.734]},"properties":{"ptf_id":1150556,"ptf_ref":"3801621","category":"drifting_buoys","ptf_model":"SVP","wigos_ref":"0-22000-0-3801621","country_name":"USA","country_ship":null,"goos_networks":"GDA","ptf_family_name":"Drifting Buoy","country_iso_reporting":"US","country_sensor_provider":null}},{"type":"Feature","geometry":{"type":"Point","coordinates":[129.698,29.603]},"properties":{"ptf_id":1150561,"ptf_ref":"7801635","category":"drifting_buoys","ptf_model":"SVP Pacific Gyre","wigos_ref":"0-22000-0-7801635","country_name":"USA","country_ship":null,"goos_networks":"GDA","ptf_family_name":"Drifting Buoy","country_iso_reporting":"US","country_sensor_provider":null}},{"type":"Feature","geometry":{"type":"Point","coordinates":[151.746,27.257]},"properties":{"ptf_id":1150562,"ptf_ref":"7801636","category":"drifting_buoys","ptf_model":"SVP Pacific Gyre","wigos_ref":"0-22000-0-7801636","country_name":"USA","country_ship":null,"goos_networks":"GDA","ptf_family_name":"Drifting Buoy","country_iso_reporting":"US","country_sensor_provider":null}},{"type":"Feature","geometry":{"type":"Point","coordinates":[148.579,24.306]},"properties":{"ptf_id":1150563,"ptf_ref":"3801623","category":"drifting_buoys","ptf_model":"SVP Pacific Gyre","wigos_ref":"0-22000-0-3801623","country_name":"USA","country_ship":null,"goos_networks":"GDA","ptf_family_name":"Drifting Buoy","country_iso_reporting":"US","country_sensor_provider":null}},{"type":"Feature","geometry":{"type":"Point","coordinates":[162.257,20.217]},"properties":{"ptf_id":1150564,"ptf_ref":"2802018","category":"drifting_buoys","ptf_model":"SVP Pacific Gyre","wigos_ref":"0-22000-0-2802018","country_name":"USA","country_ship":"USA","goos_networks":"GDA","ptf_family_name":"Drifting Buoy","country_iso_reporting":"US","country_sensor_provider":null}},{"type":"Feature","geometry":{"type":"Point","coordinates":[168.931,30.641]},"properties":{"ptf_id":1150566,"ptf_ref":"7801637","category":"drifting_buoys","ptf_model":"SVP B Pacific Gyre","wigos_ref":"0-22000-0-7801637","country_name":"USA","country_ship":"USA","goos_networks":"GDA","ptf_family_name":"Drifting Buoy","country_iso_reporting":"US","country_sensor_provider":null}},{"type":"Feature","geometry":{"type":"Point","coordinates":[6.857,-51.11]},"properties":{"ptf_id":1150569,"ptf_ref":"3801624","category":"drifting_buoys","ptf_model":"SVP B Pacific Gyre","wigos_ref":"0-22000-0-3801624","country_name":"USA","country_ship":null,"goos_networks":"GDA","ptf_family_name":"Drifting Buoy","country_iso_reporting":"US","country_sensor_provider":null}},{"type":"Feature","geometry":{"type":"Point","coordinates":[-146.605,26.983]},"properties":{"ptf_id":1150572,"ptf_ref":"4804054","category":"drifting_buoys","ptf_model":"SVP Pacific Gyre","wigos_ref":"0-22000-0-4804054","country_name":"USA","country_ship":"USA","goos_networks":"GDA","ptf_family_name":"Drifting Buoy","country_iso_reporting":"US","country_sensor_provider":null}},{"type":"Feature","geometry":{"type":"Point","coordinates":[-165.351,32.017]},"properties":{"ptf_id":1150574,"ptf_ref":"2802020","category":"drifting_buoys","ptf_model":"SVP Pacific Gyre","wigos_ref":"0-22000-0-2802020","country_name":"USA","country_ship":"USA","goos_networks":"GDA","ptf_family_name":"Drifting Buoy","country_iso_reporting":"US","country_sensor_provider":null}},{"type":"Feature","geometry":{"type":"Point","coordinates":[69.976,-34.215]},"properties":{"ptf_id":1150575,"ptf_ref":"5802021","category":"drifting_buoys","ptf_model":"SVP B Pacific Gyre","wigos_ref":"0-22000-0-5802021","country_name":"USA","country_ship":null,"goos_networks":"GDA","ptf_family_name":"Drifting Buoy","country_iso_reporting":"US","country_sensor_provider":null}},{"type":"Feature","geometry":{"type":"Point","coordinates":[-62.535,22.325]},"properties":{"ptf_id":1150578,"ptf_ref":"3801625","category":"drifting_buoys","ptf_model":"SVP B Pacific Gyre","wigos_ref":"0-22000-0-3801625","country_name":"USA","country_ship":null,"goos_networks":"GDA","ptf_family_name":"Drifting Buoy","country_iso_reporting":"US","country_sensor_provider":null}},{"type":"Feature","geometry":{"type":"Point","coordinates":[-172.059,28.901]},"properties":{"ptf_id":1150579,"ptf_ref":"6801825","category":"drifting_buoys","ptf_model":"SVP B Pacific Gyre","wigos_ref":"0-22000-0-6801825","country_name":"USA","country_ship":"USA","goos_networks":"GDA","ptf_family_name":"Drifting Buoy","country_iso_reporting":"US","country_sensor_provider":null}},{"type":"Feature","geometry":{"type":"Point","coordinates":[-40.431,28.977]},"properties":{"ptf_id":1150583,"ptf_ref":"2802022","category":"drifting_buoys","ptf_model":"SVP B Pacific Gyre","wigos_ref":"0-22000-0-2802022","country_name":"USA","country_ship":"USA","goos_networks":"GDA","ptf_family_name":"Drifting Buoy","country_iso_reporting":"US","country_sensor_provider":null}},{"type":"Feature","geometry":{"type":"Point","coordinates":[-5.852,-53.825]},"properties":{"ptf_id":1150585,"ptf_ref":"2802023","category":"drifting_buoys","ptf_model":"SVP","wigos_ref":"0-22000-0-2802023","country_name":"USA","country_ship":null,"goos_networks":"GDA","ptf_family_name":"Drifting Buoy","country_iso_reporting":"US","country_sensor_provider":null}},{"type":"Feature","geometry":{"type":"Point","coordinates":[-158.485,16.611]},"properties":{"ptf_id":1150588,"ptf_ref":"4804056","category":"drifting_buoys","ptf_model":"SVP Pacific Gyre","wigos_ref":"0-22000-0-4804056","country_name":"USA","country_ship":"USA","goos_networks":"GDA","ptf_family_name":"Drifting Buoy","country_iso_reporting":"US","country_sensor_provider":null}},{"type":"Feature","geometry":{"type":"Point","coordinates":[59.923,-40.027]},"properties":{"ptf_id":1150590,"ptf_ref":"4804057","category":"drifting_buoys","ptf_model":"SVP","wigos_ref":"0-22000-0-4804057","country_name":"USA","country_ship":null,"goos_networks":"GDA","ptf_family_name":"Drifting Buoy","country_iso_reporting":"US","country_sensor_provider":null}},{"type":"Feature","geometry":{"type":"Point","coordinates":[-12.375,-24.643]},"properties":{"ptf_id":1150592,"ptf_ref":"4804058","category":"drifting_buoys","ptf_model":"SVP B Pacific Gyre","wigos_ref":"0-22000-0-4804058","country_name":"USA","country_ship":null,"goos_networks":"GDA","ptf_family_name":"Drifting Buoy","country_iso_reporting":"US","country_sensor_provider":null}},{"type":"Feature","geometry":{"type":"Point","coordinates":[178.163,18.611]},"properties":{"ptf_id":1150593,"ptf_ref":"5802023","category":"drifting_buoys","ptf_model":"SVP Pacific Gyre","wigos_ref":"0-22000-0-5802023","country_name":"USA","country_ship":"USA","goos_networks":"GDA","ptf_family_name":"Drifting Buoy","country_iso_reporting":"US","country_sensor_provider":null}},{"type":"Feature","geometry":{"type":"Point","coordinates":[129.848,-46.522]},"properties":{"ptf_id":1150595,"ptf_ref":"4804059","category":"drifting_buoys","ptf_model":"SVP","wigos_ref":"0-22000-0-4804059","country_name":"USA","country_ship":null,"goos_networks":"GDA","ptf_family_name":"Drifting Buoy","country_iso_reporting":"US","country_sensor_provider":null}},{"type":"Feature","geometry":{"type":"Point","coordinates":[-154.861,15.13]},"properties":{"ptf_id":1150596,"ptf_ref":"5802024","category":"drifting_buoys","ptf_model":"SVP Pacific Gyre","wigos_ref":"0-22000-0-5802024","country_name":"USA","country_ship":"USA","goos_networks":"GDA","ptf_family_name":"Drifting Buoy","country_iso_reporting":"US","country_sensor_provider":null}},{"type":"Feature","geometry":{"type":"Point","coordinates":[152.439,-40.104]},"properties":{"ptf_id":1150597,"ptf_ref":"6801826","category":"drifting_buoys","ptf_model":"SVP B Pacific Gyre","wigos_ref":"0-22000-0-6801826","country_name":"USA","country_ship":null,"goos_networks":"GDA","ptf_family_name":"Drifting Buoy","country_iso_reporting":"US","country_sensor_provider":null}},{"type":"Feature","geometry":{"type":"Point","coordinates":[-48.669,-42.428]},"properties":{"ptf_id":1150598,"ptf_ref":"4804060","category":"drifting_buoys","ptf_model":"SVP","wigos_ref":"0-22000-0-4804060","country_name":"USA","country_ship":null,"goos_networks":"GDA","ptf_family_name":"Drifting Buoy","country_iso_reporting":"US","country_sensor_provider":null}},{"type":"Feature","geometry":{"type":"Point","coordinates":[72.142,-24.126]},"properties":{"ptf_id":1150601,"ptf_ref":"7801644","category":"drifting_buoys","ptf_model":"SVP B Pacific Gyre","wigos_ref":"0-22000-0-7801644","country_name":"USA","country_ship":null,"goos_networks":"GDA","ptf_family_name":"Drifting Buoy","country_iso_reporting":"US","country_sensor_provider":null}},{"type":"Feature","geometry":{"type":"Point","coordinates":[166.399,-25.529]},"properties":{"ptf_id":1150604,"ptf_ref":"5802025","category":"drifting_buoys","ptf_model":"SVP","wigos_ref":"0-22000-0-5802025","country_name":"USA","country_ship":null,"goos_networks":"GDA","ptf_family_name":"Drifting Buoy","country_iso_reporting":"US","country_sensor_provider":null}},{"type":"Feature","geometry":{"type":"Point","coordinates":[51.698,-51.218]},"properties":{"ptf_id":1150606,"ptf_ref":"6801828","category":"drifting_buoys","ptf_model":"SVP B Pacific Gyre","wigos_ref":"0-22000-0-6801828","country_name":"USA","country_ship":null,"goos_networks":"GDA","ptf_family_name":"Drifting Buoy","country_iso_reporting":"US","country_sensor_provider":null}},{"type":"Feature","geometry":{"type":"Point","coordinates":[86.349,-36.601]},"properties":{"ptf_id":1150609,"ptf_ref":"4804062","category":"drifting_buoys","ptf_model":"SVP","wigos_ref":"0-22000-0-4804062","country_name":"USA","country_ship":null,"goos_networks":"GDA","ptf_family_name":"Drifting Buoy","country_iso_reporting":"US","country_sensor_provider":null}},{"type":"Feature","geometry":{"type":"Point","coordinates":[126.124,8.539]},"properties":{"ptf_id":1150611,"ptf_ref":"2802026","category":"drifting_buoys","ptf_model":"SVP Pacific Gyre","wigos_ref":"0-22000-0-2802026","country_name":"USA","country_ship":null,"goos_networks":"GDA","ptf_family_name":"Drifting Buoy","country_iso_reporting":"US","country_sensor_provider":null}},{"type":"Feature","geometry":{"type":"Point","coordinates":[89.221,-27.709]},"properties":{"ptf_id":1150613,"ptf_ref":"3801629","category":"drifting_buoys","ptf_model":"SVP","wigos_ref":"0-22000-0-3801629","country_name":"USA","country_ship":null,"goos_networks":"GDA","ptf_family_name":"Drifting Buoy","country_iso_reporting":"US","country_sensor_provider":null}},{"type":"Feature","geometry":{"type":"Point","coordinates":[90.354,-22.767]},"properties":{"ptf_id":1150614,"ptf_ref":"7801646","category":"drifting_buoys","ptf_model":"SVP B Pacific Gyre","wigos_ref":"0-22000-0-7801646","country_name":"USA","country_ship":null,"goos_networks":"GDA","ptf_family_name":"Drifting Buoy","country_iso_reporting":"US","country_sensor_provider":null}},{"type":"Feature","geometry":{"type":"Point","coordinates":[177.696,27.05]},"properties":{"ptf_id":1150616,"ptf_ref":"1801727","category":"drifting_buoys","ptf_model":"SVP Pacific Gyre","wigos_ref":"0-22000-0-1801727","country_name":"USA","country_ship":"USA","goos_networks":"GDA","ptf_family_name":"Drifting Buoy","country_iso_reporting":"US","country_sensor_provider":null}},{"type":"Feature","geometry":{"type":"Point","coordinates":[164.564,30.218]},"properties":{"ptf_id":1150617,"ptf_ref":"3801630","category":"drifting_buoys","ptf_model":"SVP Pacific Gyre","wigos_ref":"0-22000-0-3801630","country_name":"USA","country_ship":"USA","goos_networks":"GDA","ptf_family_name":"Drifting Buoy","country_iso_reporting":"US","country_sensor_provider":null}},{"type":"Feature","geometry":{"type":"Point","coordinates":[155.891,-42.347]},"properties":{"ptf_id":1150620,"ptf_ref":"4804064","category":"drifting_buoys","ptf_model":"SVP B Pacific Gyre","wigos_ref":"0-22000-0-4804064","country_name":"USA","country_ship":null,"goos_networks":"GDA","ptf_family_name":"Drifting Buoy","country_iso_reporting":"US","country_sensor_provider":null}},{"type":"Feature","geometry":{"type":"Point","coordinates":[125.962,9.691]},"properties":{"ptf_id":1150622,"ptf_ref":"3801632","category":"drifting_buoys","ptf_model":"SVP Pacific Gyre","wigos_ref":"0-22000-0-3801632","country_name":"USA","country_ship":null,"goos_networks":"GDA","ptf_family_name":"Drifting Buoy","country_iso_reporting":"US","country_sensor_provider":null}},{"type":"Feature","geometry":{"type":"Point","coordinates":[-49.188,34.488]},"properties":{"ptf_id":1150623,"ptf_ref":"7801647","category":"drifting_buoys","ptf_model":"SVP B Pacific Gyre","wigos_ref":"0-22000-0-7801647","country_name":"USA","country_ship":null,"goos_networks":"GDA","ptf_family_name":"Drifting Buoy","country_iso_reporting":"US","country_sensor_provider":null}},{"type":"Feature","geometry":{"type":"Point","coordinates":[9.01,-42.58]},"properties":{"ptf_id":1150624,"ptf_ref":"1801728","category":"drifting_buoys","ptf_model":"SVP","wigos_ref":"0-22000-0-1801728","country_name":"USA","country_ship":null,"goos_networks":"GDA","ptf_family_name":"Drifting Buoy","country_iso_reporting":"US","country_sensor_provider":null}},{"type":"Feature","geometry":{"type":"Point","coordinates":[133.393,31.548]},"properties":{"ptf_id":1150627,"ptf_ref":"2802027","category":"drifting_buoys","ptf_model":"SVP Pacific Gyre","wigos_ref":"0-22000-0-2802027","country_name":"USA","country_ship":null,"goos_networks":"GDA","ptf_family_name":"Drifting Buoy","country_iso_reporting":"US","country_sensor_provider":null}},{"type":"Feature","geometry":{"type":"Point","coordinates":[-14.361,-41.844]},"properties":{"ptf_id":1150628,"ptf_ref":"5802028","category":"drifting_buoys","ptf_model":"SVP","wigos_ref":"0-22000-0-5802028","country_name":"USA","country_ship":null,"goos_networks":"GDA","ptf_family_name":"Drifting Buoy","country_iso_reporting":"US","country_sensor_provider":null}},{"type":"Feature","geometry":{"type":"Point","coordinates":[165.299,-49.74]},"properties":{"ptf_id":1150629,"ptf_ref":"5802029","category":"drifting_buoys","ptf_model":"SVP B Pacific Gyre","wigos_ref":"0-22000-0-5802029","country_name":"USA","country_ship":null,"goos_networks":"GDA","ptf_family_name":"Drifting Buoy","country_iso_reporting":"US","country_sensor_provider":null}},{"type":"Feature","geometry":{"type":"Point","coordinates":[86.377,-25.483]},"properties":{"ptf_id":1150630,"ptf_ref":"7801648","category":"drifting_buoys","ptf_model":"SVP B Pacific Gyre","wigos_ref":"0-22000-0-7801648","country_name":"USA","country_ship":"USA","goos_networks":"GDA","ptf_family_name":"Drifting Buoy","country_iso_reporting":"US","country_sensor_provider":null}},{"type":"Feature","geometry":{"type":"Point","coordinates":[-8.849,-26.848]},"properties":{"ptf_id":1150631,"ptf_ref":"1801730","category":"drifting_buoys","ptf_model":"SVP","wigos_ref":"0-22000-0-1801730","country_name":"USA","country_ship":null,"goos_networks":"GDA","ptf_family_name":"Drifting Buoy","country_iso_reporting":"US","country_sensor_provider":null}},{"type":"Feature","geometry":{"type":"Point","coordinates":[114.906,-38.73]},"properties":{"ptf_id":1150632,"ptf_ref":"6801831","category":"drifting_buoys","ptf_model":"SVP","wigos_ref":"0-22000-0-6801831","country_name":"USA","country_ship":null,"goos_networks":"GDA","ptf_family_name":"Drifting Buoy","country_iso_reporting":"US","country_sensor_provider":null}},{"type":"Feature","geometry":{"type":"Point","coordinates":[144.391,17.881]},"properties":{"ptf_id":1150633,"ptf_ref":"2802028","category":"drifting_buoys","ptf_model":"SVP Pacific Gyre","wigos_ref":"0-22000-0-2802028","country_name":"USA","country_ship":"USA","goos_networks":"GDA","ptf_family_name":"Drifting Buoy","country_iso_reporting":"US","country_sensor_provider":null}},{"type":"Feature","geometry":{"type":"Point","coordinates":[124.203,14.097]},"properties":{"ptf_id":1150634,"ptf_ref":"5802030","category":"drifting_buoys","ptf_model":"SVP Pacific Gyre","wigos_ref":"0-22000-0-5802030","country_name":"USA","country_ship":null,"goos_networks":"GDA","ptf_family_name":"Drifting Buoy","country_iso_reporting":"US","country_sensor_provider":null}},{"type":"Feature","geometry":{"type":"Point","coordinates":[19.768,-44.829]},"properties":{"ptf_id":1150635,"ptf_ref":"4804066","category":"drifting_buoys","ptf_model":"SVP","wigos_ref":"0-22000-0-4804066","country_name":"USA","country_ship":null,"goos_networks":"GDA","ptf_family_name":"Drifting Buoy","country_iso_reporting":"US","country_sensor_provider":null}},{"type":"Feature","geometry":{"type":"Point","coordinates":[119.951,4.918]},"properties":{"ptf_id":1150637,"ptf_ref":"3801633","category":"drifting_buoys","ptf_model":"SVP Pacific Gyre","wigos_ref":"0-22000-0-3801633","country_name":"USA","country_ship":"USA","goos_networks":"GDA","ptf_family_name":"Drifting Buoy","country_iso_reporting":"US","country_sensor_provider":null}},{"type":"Feature","geometry":{"type":"Point","coordinates":[-147.499,39.976]},"properties":{"ptf_id":1150638,"ptf_ref":"3801634","category":"drifting_buoys","ptf_model":"SVP B Pacific Gyre","wigos_ref":"0-22000-0-3801634","country_name":"USA","country_ship":null,"goos_networks":"GDA","ptf_family_name":"Drifting Buoy","country_iso_reporting":"US","country_sensor_provider":null}},{"type":"Feature","geometry":{"type":"Point","coordinates":[-156.877,20.899]},"properties":{"ptf_id":1150639,"ptf_ref":"5802031","category":"drifting_buoys","ptf_model":"SVP Pacific Gyre","wigos_ref":"0-22000-0-5802031","country_name":"USA","country_ship":"USA","goos_networks":"GDA","ptf_family_name":"Drifting Buoy","country_iso_reporting":"US","country_sensor_provider":null}},{"type":"Feature","geometry":{"type":"Point","coordinates":[-144.057,34.613]},"properties":{"ptf_id":1150640,"ptf_ref":"5802032","category":"drifting_buoys","ptf_model":"SVP Pacific Gyre","wigos_ref":"0-22000-0-5802032","country_name":"USA","country_ship":"USA","goos_networks":"GDA","ptf_family_name":"Drifting Buoy","country_iso_reporting":"US","country_sensor_provider":null}},{"type":"Feature","geometry":{"type":"Point","coordinates":[79.422,-25.845]},"properties":{"ptf_id":1150641,"ptf_ref":"7801649","category":"drifting_buoys","ptf_model":"SVP B Pacific Gyre","wigos_ref":"0-22000-0-7801649","country_name":"USA","country_ship":null,"goos_networks":"GDA","ptf_family_name":"Drifting Buoy","country_iso_reporting":"US","country_sensor_provider":null}},{"type":"Feature","geometry":{"type":"Point","coordinates":[82.725,-28.973]},"properties":{"ptf_id":1150643,"ptf_ref":"1801731","category":"drifting_buoys","ptf_model":"SVP B Pacific Gyre","wigos_ref":"0-22000-0-1801731","country_name":"USA","country_ship":null,"goos_networks":"GDA","ptf_family_name":"Drifting Buoy","country_iso_reporting":"US","country_sensor_provider":null}},{"type":"Feature","geometry":{"type":"Point","coordinates":[-62.373,24.445]},"properties":{"ptf_id":1150644,"ptf_ref":"5802033","category":"drifting_buoys","ptf_model":"SVP B Pacific Gyre","wigos_ref":"0-22000-0-5802033","country_name":"USA","country_ship":null,"goos_networks":"GDA","ptf_family_name":"Drifting Buoy","country_iso_reporting":"US","country_sensor_provider":null}},{"type":"Feature","geometry":{"type":"Point","coordinates":[-20.677,28.467]},"properties":{"ptf_id":1150646,"ptf_ref":"1801732","category":"drifting_buoys","ptf_model":"SVP","wigos_ref":"0-22000-0-1801732","country_name":"USA","country_ship":null,"goos_networks":"GDA","ptf_family_name":"Drifting Buoy","country_iso_reporting":"US","country_sensor_provider":null}},{"type":"Feature","geometry":{"type":"Point","coordinates":[-158.961,34.943]},"properties":{"ptf_id":1150676,"ptf_ref":"4602569","category":"drifting_buoys","ptf_model":"SVP B SIO","wigos_ref":"0-22000-0-4602569","country_name":"USA","country_ship":null,"goos_networks":"GDA","ptf_family_name":"Drifting Buoy","country_iso_reporting":"US","country_sensor_provider":null}},{"type":"Feature","geometry":{"type":"Point","coordinates":[171.049,22.211]},"properties":{"ptf_id":1150715,"ptf_ref":"4602612","category":"drifting_buoys","ptf_model":"SVP Pacific Gyre","wigos_ref":"0-22000-0-4602612","country_name":"USA","country_ship":"USA","goos_networks":"GDA","ptf_family_name":"Drifting Buoy","country_iso_reporting":"US","country_sensor_provider":null}},{"type":"Feature","geometry":{"type":"Point","coordinates":[-153.03,31.952]},"properties":{"ptf_id":1150717,"ptf_ref":"4602614","category":"drifting_buoys","ptf_model":"SVP Pacific Gyre","wigos_ref":"0-22000-0-4602614","country_name":"USA","country_ship":"USA","goos_networks":"GDA","ptf_family_name":"Drifting Buoy","country_iso_reporting":"US","country_sensor_provider":null}},{"type":"Feature","geometry":{"type":"Point","coordinates":[155.435,33]},"properties":{"ptf_id":1150718,"ptf_ref":"4602615","category":"drifting_buoys","ptf_model":"SVP Pacific Gyre","wigos_ref":"0-22000-0-4602615","country_name":"USA","country_ship":"USA","goos_networks":"GDA","ptf_family_name":"Drifting Buoy","country_iso_reporting":"US","country_sensor_provider":null}},{"type":"Feature","geometry":{"type":"Point","coordinates":[133.024,20.415]},"properties":{"ptf_id":1150720,"ptf_ref":"4602617","category":"drifting_buoys","ptf_model":"SVP Pacific Gyre","wigos_ref":"0-22000-0-4602617","country_name":"USA","country_ship":"USA","goos_networks":"GDA","ptf_family_name":"Drifting Buoy","country_iso_reporting":"US","country_sensor_provider":null}},{"type":"Feature","geometry":{"type":"Point","coordinates":[159.319,14.391]},"properties":{"ptf_id":1150721,"ptf_ref":"4602619","category":"drifting_buoys","ptf_model":"SVP Pacific Gyre","wigos_ref":"0-22000-0-4602619","country_name":"USA","country_ship":"USA","goos_networks":"GDA","ptf_family_name":"Drifting Buoy","country_iso_reporting":"US","country_sensor_provider":null}},{"type":"Feature","geometry":{"type":"Point","coordinates":[-158.886,32.044]},"properties":{"ptf_id":1150726,"ptf_ref":"4602618","category":"drifting_buoys","ptf_model":"SVP Pacific Gyre","wigos_ref":"0-22000-0-4602618","country_name":"USA","country_ship":"USA","goos_networks":"GDA","ptf_family_name":"Drifting Buoy","country_iso_reporting":"US","country_sensor_provider":null}},{"type":"Feature","geometry":{"type":"Point","coordinates":[131.744,22.958]},"properties":{"ptf_id":1150729,"ptf_ref":"4602624","category":"drifting_buoys","ptf_model":"SVP Pacific Gyre","wigos_ref":"0-22000-0-4602624","country_name":"USA","country_ship":"USA","goos_networks":"GDA","ptf_family_name":"Drifting Buoy","country_iso_reporting":"US","country_sensor_provider":null}},{"type":"Feature","geometry":{"type":"Point","coordinates":[-175.418,26.014]},"properties":{"ptf_id":1150730,"ptf_ref":"4602625","category":"drifting_buoys","ptf_model":"SVP Pacific Gyre","wigos_ref":"0-22000-0-4602625","country_name":"USA","country_ship":"USA","goos_networks":"GDA","ptf_family_name":"Drifting Buoy","country_iso_reporting":"US","country_sensor_provider":null}},{"type":"Feature","geometry":{"type":"Point","coordinates":[-170.121,35.102]},"properties":{"ptf_id":1150734,"ptf_ref":"4602629","category":"drifting_buoys","ptf_model":"SVP Pacific Gyre","wigos_ref":"0-22000-0-4602629","country_name":"USA","country_ship":"USA","goos_networks":"GDA","ptf_family_name":"Drifting Buoy","country_iso_reporting":"US","country_sensor_provider":null}},{"type":"Feature","geometry":{"type":"Point","coordinates":[125.07,12.652]},"properties":{"ptf_id":1150735,"ptf_ref":"4602630","category":"drifting_buoys","ptf_model":"SVP Pacific Gyre","wigos_ref":"0-22000-0-4602630","country_name":"USA","country_ship":"USA","goos_networks":"GDA","ptf_family_name":"Drifting Buoy","country_iso_reporting":"US","country_sensor_provider":null}},{"type":"Feature","geometry":{"type":"Point","coordinates":[43.347,-28.156]},"properties":{"ptf_id":1151137,"ptf_ref":"3801657","category":"drifting_buoys","ptf_model":"SVP B DBi","wigos_ref":"0-22000-0-3801657","country_name":"USA","country_ship":null,"goos_networks":"GDA","ptf_family_name":"Drifting Buoy","country_iso_reporting":"US","country_sensor_provider":null}},{"type":"Feature","geometry":{"type":"Point","coordinates":[60.047,-32.969]},"properties":{"ptf_id":1151140,"ptf_ref":"4804077","category":"drifting_buoys","ptf_model":"SVP B DBi","wigos_ref":"0-22000-0-4804077","country_name":"USA","country_ship":null,"goos_networks":"GDA","ptf_family_name":"Drifting Buoy","country_iso_reporting":"US","country_sensor_provider":null}},{"type":"Feature","geometry":{"type":"Point","coordinates":[52.79,-25.283]},"properties":{"ptf_id":1151143,"ptf_ref":"7801668","category":"drifting_buoys","ptf_model":"SVP B Pacific Gyre","wigos_ref":"0-22000-0-7801668","country_name":"USA","country_ship":null,"goos_networks":"GDA","ptf_family_name":"Drifting Buoy","country_iso_reporting":"US","country_sensor_provider":null}},{"type":"Feature","geometry":{"type":"Point","coordinates":[71.114,-23.944]},"properties":{"ptf_id":1151144,"ptf_ref":"6801851","category":"drifting_buoys","ptf_model":"SVP B Pacific Gyre","wigos_ref":"0-22000-0-6801851","country_name":"USA","country_ship":null,"goos_networks":"GDA","ptf_family_name":"Drifting Buoy","country_iso_reporting":"US","country_sensor_provider":null}},{"type":"Feature","geometry":{"type":"Point","coordinates":[27.944,-40.584]},"properties":{"ptf_id":1151155,"ptf_ref":"4804081","category":"drifting_buoys","ptf_model":"SVP_BRST","wigos_ref":"0-22000-0-4804081","country_name":"EUROPE","country_ship":null,"goos_networks":"GDA","ptf_family_name":"Drifting Buoy","country_iso_reporting":"EU","country_sensor_provider":null}},{"type":"Feature","geometry":{"type":"Point","coordinates":[-140.893,-25.583]},"properties":{"ptf_id":1151161,"ptf_ref":"3801661","category":"drifting_buoys","ptf_model":"SVP_BRST","wigos_ref":"0-22000-0-3801661","country_name":"EUROPE","country_ship":null,"goos_networks":"GDA","ptf_family_name":"Drifting Buoy","country_iso_reporting":"EU","country_sensor_provider":null}},{"type":"Feature","geometry":{"type":"Point","coordinates":[-48.598,22.571]},"properties":{"ptf_id":1151164,"ptf_ref":"3801662","category":"drifting_buoys","ptf_model":"SVP_BRST","wigos_ref":"0-22000-0-3801662","country_name":"EUROPE","country_ship":null,"goos_networks":"GDA","ptf_family_name":"Drifting Buoy","country_iso_reporting":"EU","country_sensor_provider":null}},{"type":"Feature","geometry":{"type":"Point","coordinates":[-141.8,33.191]},"properties":{"ptf_id":1151166,"ptf_ref":"2802049","category":"drifting_buoys","ptf_model":"SVP_BRST","wigos_ref":"0-22000-0-2802049","country_name":"EUROPE","country_ship":null,"goos_networks":"GDA","ptf_family_name":"Drifting Buoy","country_iso_reporting":"EU","country_sensor_provider":null}},{"type":"Feature","geometry":{"type":"Point","coordinates":[-33.971,-30.67]},"properties":{"ptf_id":1151173,"ptf_ref":"7801671","category":"drifting_buoys","ptf_model":"SVP_BRST","wigos_ref":"0-22000-0-7801671","country_name":"EUROPE","country_ship":null,"goos_networks":"GDA","ptf_family_name":"Drifting Buoy","country_iso_reporting":"EU","country_sensor_provider":null}},{"type":"Feature","geometry":{"type":"Point","coordinates":[-27.934,-33.454]},"properties":{"ptf_id":1151176,"ptf_ref":"4804084","category":"drifting_buoys","ptf_model":"SVP_BRST","wigos_ref":"0-22000-0-4804084","country_name":"EUROPE","country_ship":"FRANCE","goos_networks":"GDA","ptf_family_name":"Drifting Buoy","country_iso_reporting":"EU","country_sensor_provider":null}},{"type":"Feature","geometry":{"type":"Point","coordinates":[-9.388,-34.688]},"properties":{"ptf_id":1151177,"ptf_ref":"7801672","category":"drifting_buoys","ptf_model":"SVP_BRST","wigos_ref":"0-22000-0-7801672","country_name":"EUROPE","country_ship":"FRANCE","goos_networks":"GDA","ptf_family_name":"Drifting Buoy","country_iso_reporting":"EU","country_sensor_provider":null}},{"type":"Feature","geometry":{"type":"Point","coordinates":[3.269,-37.746]},"properties":{"ptf_id":1151178,"ptf_ref":"5802053","category":"drifting_buoys","ptf_model":"SVP_BRST","wigos_ref":"0-22000-0-5802053","country_name":"EUROPE","country_ship":null,"goos_networks":"GDA","ptf_family_name":"Drifting Buoy","country_iso_reporting":"EU","country_sensor_provider":null}},{"type":"Feature","geometry":{"type":"Point","coordinates":[178.81,-49.668]},"properties":{"ptf_id":1151497,"ptf_ref":"5501008","category":"drifting_buoys","ptf_model":"SVP B","wigos_ref":"0-22000-0-5501008","country_name":"NEW ZEALAND","country_ship":null,"goos_networks":"GDA","ptf_family_name":"Drifting Buoy","country_iso_reporting":"NZ","country_sensor_provider":null}},{"type":"Feature","geometry":{"type":"Point","coordinates":[-91.924,-37.446]},"properties":{"ptf_id":1151498,"ptf_ref":"5501735","category":"drifting_buoys","ptf_model":"SVP B","wigos_ref":"0-22000-0-5501735","country_name":"NEW ZEALAND","country_ship":null,"goos_networks":"GDA","ptf_family_name":"Drifting Buoy","country_iso_reporting":"NZ","country_sensor_provider":null}},{"type":"Feature","geometry":{"type":"Point","coordinates":[59.919,-58.934]},"properties":{"ptf_id":1152369,"ptf_ref":"6801866","category":"drifting_buoys","ptf_model":"Other Ice Buoy","wigos_ref":"0-22000-0-6801866","country_name":"GERMANY","country_ship":null,"goos_networks":"GDA","ptf_family_name":"Drifting Buoy","country_iso_reporting":"DE","country_sensor_provider":null}},{"type":"Feature","geometry":{"type":"Point","coordinates":[101.641,6.706]},"properties":{"ptf_id":1152428,"ptf_ref":"7801687","category":"drifting_buoys","ptf_model":"SVP B Pacific Gyre","wigos_ref":"0-22000-0-7801687","country_name":"USA","country_ship":null,"goos_networks":"GDA","ptf_family_name":"Drifting Buoy","country_iso_reporting":"US","country_sensor_provider":null}},{"type":"Feature","geometry":{"type":"Point","coordinates":[-168.298,-31.152]},"properties":{"ptf_id":1152431,"ptf_ref":"2802068","category":"drifting_buoys","ptf_model":"SVP B Pacific Gyre","wigos_ref":"0-22000-0-2802068","country_name":"USA","country_ship":null,"goos_networks":"GDA","ptf_family_name":"Drifting Buoy","country_iso_reporting":"US","country_sensor_provider":null}},{"type":"Feature","geometry":{"type":"Point","coordinates":[146.339,36.035]},"properties":{"ptf_id":1152434,"ptf_ref":"6801868","category":"drifting_buoys","ptf_model":"SVP B Pacific Gyre","wigos_ref":"0-22000-0-6801868","country_name":"USA","country_ship":null,"goos_networks":"GDA","ptf_family_name":"Drifting Buoy","country_iso_reporting":"US","country_sensor_provider":null}},{"type":"Feature","geometry":{"type":"Point","coordinates":[-106.824,-48.636]},"properties":{"ptf_id":1152446,"ptf_ref":"5802065","category":"drifting_buoys","ptf_model":"SVP B Pacific Gyre","wigos_ref":"0-22000-0-5802065","country_name":"USA","country_ship":null,"goos_networks":"GDA","ptf_family_name":"Drifting Buoy","country_iso_reporting":"US","country_sensor_provider":null}},{"type":"Feature","geometry":{"type":"Point","coordinates":[-150.21,-33.409]},"properties":{"ptf_id":1152449,"ptf_ref":"2802069","category":"drifting_buoys","ptf_model":"SVP B Pacific Gyre","wigos_ref":"0-22000-0-2802069","country_name":"USA","country_ship":null,"goos_networks":"GDA","ptf_family_name":"Drifting Buoy","country_iso_reporting":"US","country_sensor_provider":null}},{"type":"Feature","geometry":{"type":"Point","coordinates":[-163.523,-32.853]},"properties":{"ptf_id":1152452,"ptf_ref":"7801690","category":"drifting_buoys","ptf_model":"SVP B Pacific Gyre","wigos_ref":"0-22000-0-7801690","country_name":"USA","country_ship":null,"goos_networks":"GDA","ptf_family_name":"Drifting Buoy","country_iso_reporting":"US","country_sensor_provider":null}},{"type":"Feature","geometry":{"type":"Point","coordinates":[-106.645,-65.638]},"properties":{"ptf_id":1152456,"ptf_ref":"1801773","category":"drifting_buoys","ptf_model":"SVP B Pacific Gyre","wigos_ref":"0-22000-0-1801773","country_name":"USA","country_ship":null,"goos_networks":"GDA","ptf_family_name":"Drifting Buoy","country_iso_reporting":"US","country_sensor_provider":null}},{"type":"Feature","geometry":{"type":"Point","coordinates":[-140.742,-43.825]},"properties":{"ptf_id":1152459,"ptf_ref":"5802066","category":"drifting_buoys","ptf_model":"SVP B Pacific Gyre","wigos_ref":"0-22000-0-5802066","country_name":"USA","country_ship":null,"goos_networks":"GDA","ptf_family_name":"Drifting Buoy","country_iso_reporting":"US","country_sensor_provider":null}},{"type":"Feature","geometry":{"type":"Point","coordinates":[-90.406,-16.224]},"properties":{"ptf_id":1152462,"ptf_ref":"3801674","category":"drifting_buoys","ptf_model":"SVP B Pacific Gyre","wigos_ref":"0-22000-0-3801674","country_name":"USA","country_ship":null,"goos_networks":"GDA","ptf_family_name":"Drifting Buoy","country_iso_reporting":"US","country_sensor_provider":null}},{"type":"Feature","geometry":{"type":"Point","coordinates":[-68.9,-55.508]},"properties":{"ptf_id":1152463,"ptf_ref":"2802071","category":"drifting_buoys","ptf_model":"SVP B Pacific Gyre","wigos_ref":"0-22000-0-2802071","country_name":"USA","country_ship":null,"goos_networks":"GDA","ptf_family_name":"Drifting Buoy","country_iso_reporting":"US","country_sensor_provider":null}},{"type":"Feature","geometry":{"type":"Point","coordinates":[141.57,-9.198]},"properties":{"ptf_id":1152466,"ptf_ref":"2802072","category":"drifting_buoys","ptf_model":"SVP B Pacific Gyre","wigos_ref":"0-22000-0-2802072","country_name":"USA","country_ship":null,"goos_networks":"GDA","ptf_family_name":"Drifting Buoy","country_iso_reporting":"US","country_sensor_provider":null}},{"type":"Feature","geometry":{"type":"Point","coordinates":[-173.367,-35.01]},"properties":{"ptf_id":1152467,"ptf_ref":"4804093","category":"drifting_buoys","ptf_model":"SVP B Pacific Gyre","wigos_ref":"0-22000-0-4804093","country_name":"USA","country_ship":null,"goos_networks":"GDA","ptf_family_name":"Drifting Buoy","country_iso_reporting":"US","country_sensor_provider":null}},{"type":"Feature","geometry":{"type":"Point","coordinates":[-140.82,-42.979]},"properties":{"ptf_id":1152477,"ptf_ref":"7801695","category":"drifting_buoys","ptf_model":"SVP B Pacific Gyre","wigos_ref":"0-22000-0-7801695","country_name":"USA","country_ship":null,"goos_networks":"GDA","ptf_family_name":"Drifting Buoy","country_iso_reporting":"US","country_sensor_provider":null}},{"type":"Feature","geometry":{"type":"Point","coordinates":[-45.705,37.147]},"properties":{"ptf_id":1152738,"ptf_ref":"6202598","category":"drifting_buoys","ptf_model":"SVP B MetOcean","wigos_ref":"0-22000-0-6202598","country_name":"EUROPE","country_ship":null,"goos_networks":"GDA","ptf_family_name":"Drifting Buoy","country_iso_reporting":"EU","country_sensor_provider":null}},{"type":"Feature","geometry":{"type":"Point","coordinates":[-28.961,53.508]},"properties":{"ptf_id":1152739,"ptf_ref":"4402737","category":"drifting_buoys","ptf_model":"SVP B DBi","wigos_ref":"0-22000-0-4402737","country_name":"USA","country_ship":null,"goos_networks":"GDA","ptf_family_name":"Drifting Buoy","country_iso_reporting":"US","country_sensor_provider":"EUROPE"}},{"type":"Feature","geometry":{"type":"Point","coordinates":[-35.928,36.286]},"properties":{"ptf_id":1152910,"ptf_ref":"1801777","category":"drifting_buoys","ptf_model":"SVP B MetOcean","wigos_ref":"0-22000-0-1801777","country_name":"EUROPE","country_ship":null,"goos_networks":"GDA","ptf_family_name":"Drifting Buoy","country_iso_reporting":"EU","country_sensor_provider":null}},{"type":"Feature","geometry":{"type":"Point","coordinates":[-9.002,51.348]},"properties":{"ptf_id":1152911,"ptf_ref":"1801778","category":"drifting_buoys","ptf_model":"SVP B MetOcean","wigos_ref":"0-22000-0-1801778","country_name":"EUROPE","country_ship":null,"goos_networks":"GDA","ptf_family_name":"Drifting Buoy","country_iso_reporting":"EU","country_sensor_provider":null}},{"type":"Feature","geometry":{"type":"Point","coordinates":[55.8,79.34]},"properties":{"ptf_id":1152912,"ptf_ref":"5802070","category":"drifting_buoys","ptf_model":"SVP B MetOcean","wigos_ref":"0-22000-0-5802070","country_name":"EUROPE","country_ship":null,"goos_networks":"GDA","ptf_family_name":"Drifting Buoy","country_iso_reporting":"EU","country_sensor_provider":null}},{"type":"Feature","geometry":{"type":"Point","coordinates":[5.528,-40.358]},"properties":{"ptf_id":1152914,"ptf_ref":"6801877","category":"drifting_buoys","ptf_model":"SVP B MetOcean","wigos_ref":"0-22000-0-6801877","country_name":"EUROPE","country_ship":null,"goos_networks":"GDA","ptf_family_name":"Drifting Buoy","country_iso_reporting":"EU","country_sensor_provider":null}},{"type":"Feature","geometry":{"type":"Point","coordinates":[15.616,79.156]},"properties":{"ptf_id":1152915,"ptf_ref":"3801676","category":"drifting_buoys","ptf_model":"SVP B MetOcean","wigos_ref":"0-22000-0-3801676","country_name":"EUROPE","country_ship":null,"goos_networks":"GDA","ptf_family_name":"Drifting Buoy","country_iso_reporting":"EU","country_sensor_provider":null}},{"type":"Feature","geometry":{"type":"Point","coordinates":[-32.783,-27.561]},"properties":{"ptf_id":1152916,"ptf_ref":"6801878","category":"drifting_buoys","ptf_model":"SVP B MetOcean","wigos_ref":"0-22000-0-6801878","country_name":"EUROPE","country_ship":"FRANCE","goos_networks":"GDA","ptf_family_name":"Drifting Buoy","country_iso_reporting":"EU","country_sensor_provider":null}},{"type":"Feature","geometry":{"type":"Point","coordinates":[-51.458,25.23]},"properties":{"ptf_id":1152919,"ptf_ref":"7801697","category":"drifting_buoys","ptf_model":"SVP B MetOcean","wigos_ref":"0-22000-0-7801697","country_name":"EUROPE","country_ship":null,"goos_networks":"GDA","ptf_family_name":"Drifting Buoy","country_iso_reporting":"EU","country_sensor_provider":null}},{"type":"Feature","geometry":{"type":"Point","coordinates":[-26.288,31.201]},"properties":{"ptf_id":1152923,"ptf_ref":"7801699","category":"drifting_buoys","ptf_model":"SVP B MetOcean","wigos_ref":"0-22000-0-7801699","country_name":"EUROPE","country_ship":null,"goos_networks":"GDA","ptf_family_name":"Drifting Buoy","country_iso_reporting":"EU","country_sensor_provider":null}},{"type":"Feature","geometry":{"type":"Point","coordinates":[-6.332,61.933]},"properties":{"ptf_id":1153173,"ptf_ref":"2802080","category":"drifting_buoys","ptf_model":"ICE BALL","wigos_ref":"0-22000-0-2802080","country_name":"GERMANY","country_ship":null,"goos_networks":"GDA","ptf_family_name":"Drifting Buoy","country_iso_reporting":"DE","country_sensor_provider":null}},{"type":"Feature","geometry":{"type":"Point","coordinates":[-32.201,-57.379]},"properties":{"ptf_id":1153174,"ptf_ref":"4804098","category":"drifting_buoys","ptf_model":"ICE BALL","wigos_ref":"0-22000-0-4804098","country_name":"GERMANY","country_ship":null,"goos_networks":"GDA","ptf_family_name":"Drifting Buoy","country_iso_reporting":"DE","country_sensor_provider":null}},{"type":"Feature","geometry":{"type":"Point","coordinates":[-43.751,85.022]},"properties":{"ptf_id":1153179,"ptf_ref":"6801886","category":"drifting_buoys","ptf_model":"ICE BALL","wigos_ref":"0-22000-0-6801886","country_name":"GERMANY","country_ship":null,"goos_networks":"GDA","ptf_family_name":"Drifting Buoy","country_iso_reporting":"DE","country_sensor_provider":null}},{"type":"Feature","geometry":{"type":"Point","coordinates":[15.543,78.243]},"properties":{"ptf_id":1153580,"ptf_ref":"6203669","category":"drifting_buoys","ptf_model":"ICE BALL MetOcean","wigos_ref":"0-22000-0-6203669","country_name":"EUROPE","country_ship":null,"goos_networks":"GDA","ptf_family_name":"Drifting Buoy","country_iso_reporting":"EU","country_sensor_provider":null}},{"type":"Feature","geometry":{"type":"Point","coordinates":[-11.445,76.829]},"properties":{"ptf_id":1153592,"ptf_ref":"7801723","category":"drifting_buoys","ptf_model":"POLAR SVP","wigos_ref":"0-22000-0-7801723","country_name":"CANADA","country_ship":null,"goos_networks":"GDA","ptf_family_name":"Drifting Buoy","country_iso_reporting":"CA","country_sensor_provider":null}},{"type":"Feature","geometry":{"type":"Point","coordinates":[-6.2,55.924]},"properties":{"ptf_id":1154020,"ptf_ref":"6203666","category":"drifting_buoys","ptf_model":"ICE BALL MetOcean","wigos_ref":"0-22000-0-6203666","country_name":"EUROPE","country_ship":"GERMANY","goos_networks":"GDA","ptf_family_name":"Drifting Buoy","country_iso_reporting":"EU","country_sensor_provider":null}},{"type":"Feature","geometry":{"type":"Point","coordinates":[-18.515,74.636]},"properties":{"ptf_id":1154022,"ptf_ref":"6203662","category":"drifting_buoys","ptf_model":"ICE BALL MetOcean","wigos_ref":"0-22000-0-6203662","country_name":"EUROPE","country_ship":"GERMANY","goos_networks":"GDA","ptf_family_name":"Drifting Buoy","country_iso_reporting":"EU","country_sensor_provider":null}},{"type":"Feature","geometry":{"type":"Point","coordinates":[-3.856,67.81]},"properties":{"ptf_id":1154130,"ptf_ref":"6801907","category":"drifting_buoys","ptf_model":"SVP B SIO","wigos_ref":"0-22000-0-6801907","country_name":"USA","country_ship":"ICELAND","goos_networks":"GDA","ptf_family_name":"Drifting Buoy","country_iso_reporting":"US","country_sensor_provider":null}},{"type":"Feature","geometry":{"type":"Point","coordinates":[-38.221,49.975]},"properties":{"ptf_id":1154132,"ptf_ref":"5802095","category":"drifting_buoys","ptf_model":"SVP B SIO","wigos_ref":"0-22000-0-5802095","country_name":"USA","country_ship":"ICELAND","goos_networks":"GDA","ptf_family_name":"Drifting Buoy","country_iso_reporting":"US","country_sensor_provider":null}},{"type":"Feature","geometry":{"type":"Point","coordinates":[3.971,75.289]},"properties":{"ptf_id":1154137,"ptf_ref":"2802100","category":"drifting_buoys","ptf_model":"SVP B SIO","wigos_ref":"0-22000-0-2802100","country_name":"USA","country_ship":"ICELAND","goos_networks":"GDA","ptf_family_name":"Drifting Buoy","country_iso_reporting":"US","country_sensor_provider":null}},{"type":"Feature","geometry":{"type":"Point","coordinates":[-2.534,-49.747]},"properties":{"ptf_id":1154145,"ptf_ref":"4804121","category":"drifting_buoys","ptf_model":"SVP B MetOcean","wigos_ref":"0-22000-0-4804121","country_name":"AUSTRALIA","country_ship":"AUSTRALIA","goos_networks":"GDA","ptf_family_name":"Drifting Buoy","country_iso_reporting":"AU","country_sensor_provider":null}},{"type":"Feature","geometry":{"type":"Point","coordinates":[156.039,-23.694]},"properties":{"ptf_id":1154146,"ptf_ref":"5802097","category":"drifting_buoys","ptf_model":"SVP B MetOcean","wigos_ref":"0-22000-0-5802097","country_name":"AUSTRALIA","country_ship":"AUSTRALIA","goos_networks":"GDA","ptf_family_name":"Drifting Buoy","country_iso_reporting":"AU","country_sensor_provider":null}},{"type":"Feature","geometry":{"type":"Point","coordinates":[-91.629,-42.863]},"properties":{"ptf_id":1154147,"ptf_ref":"5802098","category":"drifting_buoys","ptf_model":"SVP B MetOcean","wigos_ref":"0-22000-0-5802098","country_name":"AUSTRALIA","country_ship":"AUSTRALIA","goos_networks":"GDA","ptf_family_name":"Drifting Buoy","country_iso_reporting":"AU","country_sensor_provider":null}},{"type":"Feature","geometry":{"type":"Point","coordinates":[-73.195,-54.003]},"properties":{"ptf_id":1154150,"ptf_ref":"1801805","category":"drifting_buoys","ptf_model":"SVP B MetOcean","wigos_ref":"0-22000-0-1801805","country_name":"AUSTRALIA","country_ship":"AUSTRALIA","goos_networks":"GDA","ptf_family_name":"Drifting Buoy","country_iso_reporting":"AU","country_sensor_provider":null}},{"type":"Feature","geometry":{"type":"Point","coordinates":[165.634,-22.913]},"properties":{"ptf_id":1154151,"ptf_ref":"7801732","category":"drifting_buoys","ptf_model":"SVP B MetOcean","wigos_ref":"0-22000-0-7801732","country_name":"AUSTRALIA","country_ship":"AUSTRALIA","goos_networks":"GDA","ptf_family_name":"Drifting Buoy","country_iso_reporting":"AU","country_sensor_provider":null}},{"type":"Feature","geometry":{"type":"Point","coordinates":[-178.558,-37.593]},"properties":{"ptf_id":1154153,"ptf_ref":"3801705","category":"drifting_buoys","ptf_model":"SVP B MetOcean","wigos_ref":"0-22000-0-3801705","country_name":"AUSTRALIA","country_ship":"AUSTRALIA","goos_networks":"GDA","ptf_family_name":"Drifting Buoy","country_iso_reporting":"AU","country_sensor_provider":null}},{"type":"Feature","geometry":{"type":"Point","coordinates":[169.584,-19.862]},"properties":{"ptf_id":1154155,"ptf_ref":"5802099","category":"drifting_buoys","ptf_model":"SVP B MetOcean","wigos_ref":"0-22000-0-5802099","country_name":"AUSTRALIA","country_ship":"AUSTRALIA","goos_networks":"GDA","ptf_family_name":"Drifting Buoy","country_iso_reporting":"AU","country_sensor_provider":null}},{"type":"Feature","geometry":{"type":"Point","coordinates":[171.133,-23.045]},"properties":{"ptf_id":1154157,"ptf_ref":"6801912","category":"drifting_buoys","ptf_model":"SVP B MetOcean","wigos_ref":"0-22000-0-6801912","country_name":"AUSTRALIA","country_ship":"AUSTRALIA","goos_networks":"GDA","ptf_family_name":"Drifting Buoy","country_iso_reporting":"AU","country_sensor_provider":null}},{"type":"Feature","geometry":{"type":"Point","coordinates":[164.365,-17.363]},"properties":{"ptf_id":1154158,"ptf_ref":"2802103","category":"drifting_buoys","ptf_model":"SVP B MetOcean","wigos_ref":"0-22000-0-2802103","country_name":"AUSTRALIA","country_ship":null,"goos_networks":"GDA","ptf_family_name":"Drifting Buoy","country_iso_reporting":"AU","country_sensor_provider":null}},{"type":"Feature","geometry":{"type":"Point","coordinates":[-94.817,-56.949]},"properties":{"ptf_id":1154159,"ptf_ref":"6801913","category":"drifting_buoys","ptf_model":"SVP B MetOcean","wigos_ref":"0-22000-0-6801913","country_name":"AUSTRALIA","country_ship":"AUSTRALIA","goos_networks":"GDA","ptf_family_name":"Drifting Buoy","country_iso_reporting":"AU","country_sensor_provider":null}},{"type":"Feature","geometry":{"type":"Point","coordinates":[173.293,-28.128]},"properties":{"ptf_id":1154160,"ptf_ref":"5802100","category":"drifting_buoys","ptf_model":"SVP B MetOcean","wigos_ref":"0-22000-0-5802100","country_name":"AUSTRALIA","country_ship":"AUSTRALIA","goos_networks":"GDA","ptf_family_name":"Drifting Buoy","country_iso_reporting":"AU","country_sensor_provider":null}},{"type":"Feature","geometry":{"type":"Point","coordinates":[-146.795,25.336]},"properties":{"ptf_id":1154485,"ptf_ref":"2802104","category":"drifting_buoys","ptf_model":"SVP B SIO","wigos_ref":"0-22000-0-2802104","country_name":"USA","country_ship":null,"goos_networks":"GDA","ptf_family_name":"Drifting Buoy","country_iso_reporting":"US","country_sensor_provider":null}},{"type":"Feature","geometry":{"type":"Point","coordinates":[174.236,24.309]},"properties":{"ptf_id":1154495,"ptf_ref":"3801707","category":"drifting_buoys","ptf_model":"SVP B SIO","wigos_ref":"0-22000-0-3801707","country_name":"USA","country_ship":null,"goos_networks":"GDA","ptf_family_name":"Drifting Buoy","country_iso_reporting":"US","country_sensor_provider":null}},{"type":"Feature","geometry":{"type":"Point","coordinates":[-144.404,30.914]},"properties":{"ptf_id":1154510,"ptf_ref":"6801917","category":"drifting_buoys","ptf_model":"SVP B SIO","wigos_ref":"0-22000-0-6801917","country_name":"USA","country_ship":null,"goos_networks":"GDA","ptf_family_name":"Drifting Buoy","country_iso_reporting":"US","country_sensor_provider":null}},{"type":"Feature","geometry":{"type":"Point","coordinates":[-55.084,40.706]},"properties":{"ptf_id":1154625,"ptf_ref":"6801923","category":"drifting_buoys","ptf_model":"SVP B SIO","wigos_ref":"0-22000-0-6801923","country_name":"USA","country_ship":null,"goos_networks":"GDA","ptf_family_name":"Drifting Buoy","country_iso_reporting":"US","country_sensor_provider":null}},{"type":"Feature","geometry":{"type":"Point","coordinates":[-50.914,22.379]},"properties":{"ptf_id":1154626,"ptf_ref":"7801742","category":"drifting_buoys","ptf_model":"SVP B SIO","wigos_ref":"0-22000-0-7801742","country_name":"USA","country_ship":null,"goos_networks":"GDA","ptf_family_name":"Drifting Buoy","country_iso_reporting":"US","country_sensor_provider":null}},{"type":"Feature","geometry":{"type":"Point","coordinates":[-54.612,18.266]},"properties":{"ptf_id":1154629,"ptf_ref":"5802112","category":"drifting_buoys","ptf_model":"SVP B SIO","wigos_ref":"0-22000-0-5802112","country_name":"USA","country_ship":null,"goos_networks":"GDA","ptf_family_name":"Drifting Buoy","country_iso_reporting":"US","country_sensor_provider":null}},{"type":"Feature","geometry":{"type":"Point","coordinates":[-20.906,34.147]},"properties":{"ptf_id":1154636,"ptf_ref":"3801713","category":"drifting_buoys","ptf_model":"SVP B SIO","wigos_ref":"0-22000-0-3801713","country_name":"USA","country_ship":null,"goos_networks":"GDA","ptf_family_name":"Drifting Buoy","country_iso_reporting":"US","country_sensor_provider":"EUROPE"}},{"type":"Feature","geometry":{"type":"Point","coordinates":[-45.147,32.768]},"properties":{"ptf_id":1154639,"ptf_ref":"5802116","category":"drifting_buoys","ptf_model":"SVP B SIO","wigos_ref":"0-22000-0-5802116","country_name":"USA","country_ship":null,"goos_networks":"GDA","ptf_family_name":"Drifting Buoy","country_iso_reporting":"US","country_sensor_provider":null}},{"type":"Feature","geometry":{"type":"Point","coordinates":[-54.733,28.356]},"properties":{"ptf_id":1154648,"ptf_ref":"4804127","category":"drifting_buoys","ptf_model":"SVP B SIO","wigos_ref":"0-22000-0-4804127","country_name":"USA","country_ship":null,"goos_networks":"GDA","ptf_family_name":"Drifting Buoy","country_iso_reporting":"US","country_sensor_provider":null}},{"type":"Feature","geometry":{"type":"Point","coordinates":[-49.479,27.73]},"properties":{"ptf_id":1154650,"ptf_ref":"5802118","category":"drifting_buoys","ptf_model":"SVP B SIO","wigos_ref":"0-22000-0-5802118","country_name":"USA","country_ship":null,"goos_networks":"GDA","ptf_family_name":"Drifting Buoy","country_iso_reporting":"US","country_sensor_provider":null}},{"type":"Feature","geometry":{"type":"Point","coordinates":[83.03,-33.705]},"properties":{"ptf_id":1154656,"ptf_ref":"1801811","category":"drifting_buoys","ptf_model":"SVP B SIO","wigos_ref":"0-22000-0-1801811","country_name":"USA","country_ship":null,"goos_networks":"GDA","ptf_family_name":"Drifting Buoy","country_iso_reporting":"US","country_sensor_provider":"UK"}},{"type":"Feature","geometry":{"type":"Point","coordinates":[-18.567,31.113]},"properties":{"ptf_id":1154659,"ptf_ref":"7801749","category":"drifting_buoys","ptf_model":"SVP B SIO","wigos_ref":"0-22000-0-7801749","country_name":"USA","country_ship":null,"goos_networks":"GDA","ptf_family_name":"Drifting Buoy","country_iso_reporting":"US","country_sensor_provider":"EUROPE"}},{"type":"Feature","geometry":{"type":"Point","coordinates":[7.513,-22.956]},"properties":{"ptf_id":1154662,"ptf_ref":"1801812","category":"drifting_buoys","ptf_model":"SVP B SIO","wigos_ref":"0-22000-0-1801812","country_name":"USA","country_ship":null,"goos_networks":"GDA","ptf_family_name":"Drifting Buoy","country_iso_reporting":"US","country_sensor_provider":"UK"}},{"type":"Feature","geometry":{"type":"Point","coordinates":[-58.924,41.453]},"properties":{"ptf_id":1154665,"ptf_ref":"1801814","category":"drifting_buoys","ptf_model":"SVP B SIO","wigos_ref":"0-22000-0-1801814","country_name":"USA","country_ship":null,"goos_networks":"GDA","ptf_family_name":"Drifting Buoy","country_iso_reporting":"US","country_sensor_provider":"EUROPE"}},{"type":"Feature","geometry":{"type":"Point","coordinates":[56.59,-10.35]},"properties":{"ptf_id":1154670,"ptf_ref":"2802122","category":"drifting_buoys","ptf_model":"SVP B SIO","wigos_ref":"0-22000-0-2802122","country_name":"USA","country_ship":"SOUTH KOREA","goos_networks":"GDA","ptf_family_name":"Drifting Buoy","country_iso_reporting":"US","country_sensor_provider":"FRANCE"}},{"type":"Feature","geometry":{"type":"Point","coordinates":[-46.503,24.114]},"properties":{"ptf_id":1154675,"ptf_ref":"7801755","category":"drifting_buoys","ptf_model":"SVP B SIO","wigos_ref":"0-22000-0-7801755","country_name":"USA","country_ship":null,"goos_networks":"GDA","ptf_family_name":"Drifting Buoy","country_iso_reporting":"US","country_sensor_provider":null}},{"type":"Feature","geometry":{"type":"Point","coordinates":[-51.017,29.463]},"properties":{"ptf_id":1154676,"ptf_ref":"6801929","category":"drifting_buoys","ptf_model":"SVP B SIO","wigos_ref":"0-22000-0-6801929","country_name":"USA","country_ship":null,"goos_networks":"GDA","ptf_family_name":"Drifting Buoy","country_iso_reporting":"US","country_sensor_provider":null}},{"type":"Feature","geometry":{"type":"Point","coordinates":[58.118,-35.592]},"properties":{"ptf_id":1154677,"ptf_ref":"6801930","category":"drifting_buoys","ptf_model":"SVP B SIO","wigos_ref":"0-22000-0-6801930","country_name":"USA","country_ship":null,"goos_networks":"GDA","ptf_family_name":"Drifting Buoy","country_iso_reporting":"US","country_sensor_provider":null}},{"type":"Feature","geometry":{"type":"Point","coordinates":[-43.398,23.996]},"properties":{"ptf_id":1154679,"ptf_ref":"2802124","category":"drifting_buoys","ptf_model":"SVP B SIO","wigos_ref":"0-22000-0-2802124","country_name":"USA","country_ship":null,"goos_networks":"GDA","ptf_family_name":"Drifting Buoy","country_iso_reporting":"US","country_sensor_provider":null}},{"type":"Feature","geometry":{"type":"Point","coordinates":[-60.902,14.652]},"properties":{"ptf_id":1154680,"ptf_ref":"4804130","category":"drifting_buoys","ptf_model":"SVP B SIO","wigos_ref":"0-22000-0-4804130","country_name":"USA","country_ship":null,"goos_networks":"GDA","ptf_family_name":"Drifting Buoy","country_iso_reporting":"US","country_sensor_provider":null}},{"type":"Feature","geometry":{"type":"Point","coordinates":[-152.335,38.093]},"properties":{"ptf_id":1155081,"ptf_ref":"6801937","category":"drifting_buoys","ptf_model":"SVP B SIO","wigos_ref":"0-22000-0-6801937","country_name":"USA","country_ship":null,"goos_networks":"GDA","ptf_family_name":"Drifting Buoy","country_iso_reporting":"US","country_sensor_provider":"USA"}},{"type":"Feature","geometry":{"type":"Point","coordinates":[-156.094,36.526]},"properties":{"ptf_id":1155099,"ptf_ref":"7801761","category":"drifting_buoys","ptf_model":"SVP B SIO","wigos_ref":"0-22000-0-7801761","country_name":"USA","country_ship":null,"goos_networks":"GDA","ptf_family_name":"Drifting Buoy","country_iso_reporting":"US","country_sensor_provider":"USA"}},{"type":"Feature","geometry":{"type":"Point","coordinates":[-93.826,-49.407]},"properties":{"ptf_id":1155322,"ptf_ref":"5601711","category":"drifting_buoys","ptf_model":"SVP B","wigos_ref":"0-22000-0-5601711","country_name":"USA","country_ship":null,"goos_networks":"GDA","ptf_family_name":"Drifting Buoy","country_iso_reporting":"US","country_sensor_provider":"AUSTRALIA"}},{"type":"Feature","geometry":{"type":"Point","coordinates":[-119.747,-46.414]},"properties":{"ptf_id":1155323,"ptf_ref":"5601712","category":"drifting_buoys","ptf_model":"SVP B","wigos_ref":"0-22000-0-5601712","country_name":"USA","country_ship":null,"goos_networks":"GDA","ptf_family_name":"Drifting Buoy","country_iso_reporting":"US","country_sensor_provider":"AUSTRALIA"}},{"type":"Feature","geometry":{"type":"Point","coordinates":[-103.647,-60.797]},"properties":{"ptf_id":1155355,"ptf_ref":"5802128","category":"drifting_buoys","ptf_model":"SVP SIO","wigos_ref":"0-22000-0-5802128","country_name":"ITALY","country_ship":"ITALY","goos_networks":"GDA","ptf_family_name":"Drifting Buoy","country_iso_reporting":"IT","country_sensor_provider":null}},{"type":"Feature","geometry":{"type":"Point","coordinates":[-29.759,-25.215]},"properties":{"ptf_id":1155443,"ptf_ref":"6203895","category":"drifting_buoys","ptf_model":"SVP B Pacific Gyre","wigos_ref":"0-22000-0-6203895","country_name":"USA","country_ship":"UK","goos_networks":"GDA","ptf_family_name":"Drifting Buoy","country_iso_reporting":"US","country_sensor_provider":"EUROPE"}},{"type":"Feature","geometry":{"type":"Point","coordinates":[-144.771,19.052]},"properties":{"ptf_id":1155490,"ptf_ref":"6801944","category":"drifting_buoys","ptf_model":"SVP B SIO","wigos_ref":"0-22000-0-6801944","country_name":"USA","country_ship":"USA","goos_networks":"GDA","ptf_family_name":"Drifting Buoy","country_iso_reporting":"US","country_sensor_provider":null}},{"type":"Feature","geometry":{"type":"Point","coordinates":[-157.236,26.578]},"properties":{"ptf_id":1155492,"ptf_ref":"1801826","category":"drifting_buoys","ptf_model":"SVP B SIO","wigos_ref":"0-22000-0-1801826","country_name":"USA","country_ship":"USA","goos_networks":"GDA","ptf_family_name":"Drifting Buoy","country_iso_reporting":"US","country_sensor_provider":null}},{"type":"Feature","geometry":{"type":"Point","coordinates":[-121.83,25.073]},"properties":{"ptf_id":1155496,"ptf_ref":"7801767","category":"drifting_buoys","ptf_model":"SVP B SIO","wigos_ref":"0-22000-0-7801767","country_name":"USA","country_ship":"USA","goos_networks":"GDA","ptf_family_name":"Drifting Buoy","country_iso_reporting":"US","country_sensor_provider":null}},{"type":"Feature","geometry":{"type":"Point","coordinates":[-153.799,24.407]},"properties":{"ptf_id":1155575,"ptf_ref":"7801768","category":"drifting_buoys","ptf_model":"SVP B SIO","wigos_ref":"0-22000-0-7801768","country_name":"USA","country_ship":null,"goos_networks":"GDA","ptf_family_name":"Drifting Buoy","country_iso_reporting":"US","country_sensor_provider":"USA"}},{"type":"Feature","geometry":{"type":"Point","coordinates":[-158.529,56.313]},"properties":{"ptf_id":1155579,"ptf_ref":"1801828","category":"drifting_buoys","ptf_model":"SVP B SIO","wigos_ref":"0-22000-0-1801828","country_name":"USA","country_ship":null,"goos_networks":"GDA","ptf_family_name":"Drifting Buoy","country_iso_reporting":"US","country_sensor_provider":"USA"}},{"type":"Feature","geometry":{"type":"Point","coordinates":[-152.882,58.002]},"properties":{"ptf_id":1155583,"ptf_ref":"7801770","category":"drifting_buoys","ptf_model":"SVP B SIO","wigos_ref":"0-22000-0-7801770","country_name":"USA","country_ship":null,"goos_networks":"GDA","ptf_family_name":"Drifting Buoy","country_iso_reporting":"US","country_sensor_provider":"USA"}},{"type":"Feature","geometry":{"type":"Point","coordinates":[-24.86,-15.611]},"properties":{"ptf_id":1155900,"ptf_ref":"7801783","category":"drifting_buoys","ptf_model":"SVP B MetOcean","wigos_ref":"0-22000-0-7801783","country_name":"AUSTRALIA","country_ship":null,"goos_networks":"GDA","ptf_family_name":"Drifting Buoy","country_iso_reporting":"AU","country_sensor_provider":null}},{"type":"Feature","geometry":{"type":"Point","coordinates":[-140.185,21.095]},"properties":{"ptf_id":1156498,"ptf_ref":"4602636","category":"drifting_buoys","ptf_model":"SVP SIO","wigos_ref":"0-22000-0-4602636","country_name":"USA","country_ship":"USA","goos_networks":"GDA","ptf_family_name":"Drifting Buoy","country_iso_reporting":"US","country_sensor_provider":null}},{"type":"Feature","geometry":{"type":"Point","coordinates":[175.768,18.121]},"properties":{"ptf_id":1156499,"ptf_ref":"4602632","category":"drifting_buoys","ptf_model":"SVP SIO","wigos_ref":"0-22000-0-4602632","country_name":"USA","country_ship":"USA","goos_networks":"GDA","ptf_family_name":"Drifting Buoy","country_iso_reporting":"US","country_sensor_provider":null}},{"type":"Feature","geometry":{"type":"Point","coordinates":[-129.68,23.451]},"properties":{"ptf_id":1156502,"ptf_ref":"4602635","category":"drifting_buoys","ptf_model":"SVP SIO","wigos_ref":"0-22000-0-4602635","country_name":"USA","country_ship":"USA","goos_networks":"GDA","ptf_family_name":"Drifting Buoy","country_iso_reporting":"US","country_sensor_provider":null}},{"type":"Feature","geometry":{"type":"Point","coordinates":[-163.067,28.975]},"properties":{"ptf_id":1156503,"ptf_ref":"4602637","category":"drifting_buoys","ptf_model":"SVP SIO","wigos_ref":"0-22000-0-4602637","country_name":"USA","country_ship":"USA","goos_networks":"GDA","ptf_family_name":"Drifting Buoy","country_iso_reporting":"US","country_sensor_provider":null}},{"type":"Feature","geometry":{"type":"Point","coordinates":[-135.3,30.307]},"properties":{"ptf_id":1157303,"ptf_ref":"7810305","category":"drifting_buoys","ptf_model":"SVP B SIO","wigos_ref":"0-22000-0-7810305","country_name":"USA","country_ship":"USA","goos_networks":"GDA","ptf_family_name":"Drifting Buoy","country_iso_reporting":"US","country_sensor_provider":"USA"}},{"type":"Feature","geometry":{"type":"Point","coordinates":[-26.729,39.507]},"properties":{"ptf_id":1157306,"ptf_ref":"7810290","category":"drifting_buoys","ptf_model":"SVP B SIO","wigos_ref":"0-22000-0-7810290","country_name":"USA","country_ship":"USA","goos_networks":"GDA","ptf_family_name":"Drifting Buoy","country_iso_reporting":"US","country_sensor_provider":"USA"}},{"type":"Feature","geometry":{"type":"Point","coordinates":[48.201,-33.614]},"properties":{"ptf_id":1158157,"ptf_ref":"5601759","category":"drifting_buoys","ptf_model":"SVP B MetOcean","wigos_ref":"0-22000-0-5601759","country_name":"AUSTRALIA","country_ship":null,"goos_networks":"GDA","ptf_family_name":"Drifting Buoy","country_iso_reporting":"AU","country_sensor_provider":null}},{"type":"Feature","geometry":{"type":"Point","coordinates":[34.725,-40.635]},"properties":{"ptf_id":1158177,"ptf_ref":"5601763","category":"drifting_buoys","ptf_model":"SVP B MetOcean","wigos_ref":"0-22000-0-5601763","country_name":"AUSTRALIA","country_ship":null,"goos_networks":"GDA","ptf_family_name":"Drifting Buoy","country_iso_reporting":"AU","country_sensor_provider":null}},{"type":"Feature","geometry":{"type":"Point","coordinates":[-37.839,26.704]},"properties":{"ptf_id":1163977,"ptf_ref":"7810312","category":"drifting_buoys","ptf_model":"SVP B SIO","wigos_ref":"0-22000-0-7810312","country_name":"USA","country_ship":"USA","goos_networks":"GDA","ptf_family_name":"Drifting Buoy","country_iso_reporting":"US","country_sensor_provider":"USA"}},{"type":"Feature","geometry":{"type":"Point","coordinates":[-70.665,24.862]},"properties":{"ptf_id":1168177,"ptf_ref":"1301778","category":"drifting_buoys","ptf_model":"SVP B Pacific Gyre","wigos_ref":"0-22000-0-1301778","country_name":"USA","country_ship":null,"goos_networks":"GDA","ptf_family_name":"Drifting Buoy","country_iso_reporting":"US","country_sensor_provider":null}},{"type":"Feature","geometry":{"type":"Point","coordinates":[-44.771,29.472]},"properties":{"ptf_id":1168237,"ptf_ref":"4402730","category":"drifting_buoys","ptf_model":"SVP B DBi","wigos_ref":"0-22000-0-4402730","country_name":"USA","country_ship":null,"goos_networks":"GDA","ptf_family_name":"Drifting Buoy","country_iso_reporting":"US","country_sensor_provider":null}},{"type":"Feature","geometry":{"type":"Point","coordinates":[-46.646,-27.248]},"properties":{"ptf_id":1168337,"ptf_ref":"6203887","category":"drifting_buoys","ptf_model":"SVP B Pacific Gyre","wigos_ref":"0-22000-0-6203887","country_name":"USA","country_ship":null,"goos_networks":"GDA","ptf_family_name":"Drifting Buoy","country_iso_reporting":"US","country_sensor_provider":null}},{"type":"Feature","geometry":{"type":"Point","coordinates":[-66.559,32.489]},"properties":{"ptf_id":1168517,"ptf_ref":"4101863","category":"drifting_buoys","ptf_model":"SVP B DBi","wigos_ref":"0-22000-0-4101863","country_name":"USA","country_ship":null,"goos_networks":"GDA","ptf_family_name":"Drifting Buoy","country_iso_reporting":"US","country_sensor_provider":null}},{"type":"Feature","geometry":{"type":"Point","coordinates":[-51.757,34.037]},"properties":{"ptf_id":1168537,"ptf_ref":"1301819","category":"drifting_buoys","ptf_model":"SVP B Pacific Gyre","wigos_ref":"0-22000-0-1301819","country_name":"USA","country_ship":null,"goos_networks":"GDA","ptf_family_name":"Drifting Buoy","country_iso_reporting":"US","country_sensor_provider":null}},{"type":"Feature","geometry":{"type":"Point","coordinates":[-34.405,-24.487]},"properties":{"ptf_id":1168657,"ptf_ref":"1301821","category":"drifting_buoys","ptf_model":"SVP B Pacific Gyre","wigos_ref":"0-22000-0-1301821","country_name":"USA","country_ship":"FRANCE","goos_networks":"GDA","ptf_family_name":"Drifting Buoy","country_iso_reporting":"US","country_sensor_provider":null}},{"type":"Feature","geometry":{"type":"Point","coordinates":[-43.155,26.177]},"properties":{"ptf_id":1168737,"ptf_ref":"1301814","category":"drifting_buoys","ptf_model":"SVP B Pacific Gyre","wigos_ref":"0-22000-0-1301814","country_name":"USA","country_ship":null,"goos_networks":"GDA","ptf_family_name":"Drifting Buoy","country_iso_reporting":"US","country_sensor_provider":null}},{"type":"Feature","geometry":{"type":"Point","coordinates":[-48.732,25.082]},"properties":{"ptf_id":1168757,"ptf_ref":"1301810","category":"drifting_buoys","ptf_model":"SVP B Pacific Gyre","wigos_ref":"0-22000-0-1301810","country_name":"USA","country_ship":null,"goos_networks":"GDA","ptf_family_name":"Drifting Buoy","country_iso_reporting":"US","country_sensor_provider":null}},{"type":"Feature","geometry":{"type":"Point","coordinates":[-9.938,46.034]},"properties":{"ptf_id":1168837,"ptf_ref":"1301782","category":"drifting_buoys","ptf_model":"SVP B Pacific Gyre","wigos_ref":"0-22000-0-1301782","country_name":"USA","country_ship":null,"goos_networks":"GDA","ptf_family_name":"Drifting Buoy","country_iso_reporting":"US","country_sensor_provider":null}},{"type":"Feature","geometry":{"type":"Point","coordinates":[-26.785,29.131]},"properties":{"ptf_id":1168857,"ptf_ref":"1301785","category":"drifting_buoys","ptf_model":"SVP B SIO","wigos_ref":"0-22000-0-1301785","country_name":"USA","country_ship":null,"goos_networks":"GDA","ptf_family_name":"Drifting Buoy","country_iso_reporting":"US","country_sensor_provider":null}},{"type":"Feature","geometry":{"type":"Point","coordinates":[-24.88,16.843]},"properties":{"ptf_id":1168877,"ptf_ref":"1301784","category":"drifting_buoys","ptf_model":"SVP B Pacific Gyre","wigos_ref":"0-22000-0-1301784","country_name":"USA","country_ship":null,"goos_networks":"GDA","ptf_family_name":"Drifting Buoy","country_iso_reporting":"US","country_sensor_provider":null}},{"type":"Feature","geometry":{"type":"Point","coordinates":[-29.696,-28.631]},"properties":{"ptf_id":1168977,"ptf_ref":"6203899","category":"drifting_buoys","ptf_model":"SVP B Pacific Gyre","wigos_ref":"0-22000-0-6203899","country_name":"USA","country_ship":"UK","goos_networks":"GDA","ptf_family_name":"Drifting Buoy","country_iso_reporting":"US","country_sensor_provider":null}},{"type":"Feature","geometry":{"type":"Point","coordinates":[-145.051,37.002]},"properties":{"ptf_id":1169117,"ptf_ref":"2801991_001","category":"drifting_buoys","ptf_model":"SVP B Pacific Gyre","wigos_ref":"0-22000-1-2801991","country_name":"USA","country_ship":null,"goos_networks":"GDA","ptf_family_name":"Drifting Buoy","country_iso_reporting":"US","country_sensor_provider":null}},{"type":"Feature","geometry":{"type":"Point","coordinates":[-144.317,59.948]},"properties":{"ptf_id":1169137,"ptf_ref":"6801802_001","category":"drifting_buoys","ptf_model":"SVP B Pacific Gyre","wigos_ref":"0-22000-1-6801802","country_name":"USA","country_ship":null,"goos_networks":"GDA","ptf_family_name":"Drifting Buoy","country_iso_reporting":"US","country_sensor_provider":null}},{"type":"Feature","geometry":{"type":"Point","coordinates":[148.128,30.252]},"properties":{"ptf_id":1169157,"ptf_ref":"3801626_001","category":"drifting_buoys","ptf_model":"SVP Pacific Gyre","wigos_ref":"0-22000-1-3801626","country_name":"USA","country_ship":null,"goos_networks":"GDA","ptf_family_name":"Drifting Buoy","country_iso_reporting":"US","country_sensor_provider":null}},{"type":"Feature","geometry":{"type":"Point","coordinates":[-54.494,34.019]},"properties":{"ptf_id":1169177,"ptf_ref":"1301823","category":"drifting_buoys","ptf_model":"SVP B Pacific Gyre","wigos_ref":"0-22000-0-1301823","country_name":"USA","country_ship":"FRANCE","goos_networks":"GDA","ptf_family_name":"Drifting Buoy","country_iso_reporting":"US","country_sensor_provider":null}},{"type":"Feature","geometry":{"type":"Point","coordinates":[5.606,81.438]},"properties":{"ptf_id":1178217,"ptf_ref":"2501549","category":"drifting_buoys","ptf_model":"ICE BALL","wigos_ref":"0-22000-0-2501549","country_name":"USA","country_ship":null,"goos_networks":"GDA","ptf_family_name":"Drifting Buoy","country_iso_reporting":"US","country_sensor_provider":null}},{"type":"Feature","geometry":{"type":"Point","coordinates":[-71.421,85.873]},"properties":{"ptf_id":1178297,"ptf_ref":"2501553","category":"drifting_buoys","ptf_model":"ICE BALL","wigos_ref":"0-22000-0-2501553","country_name":"USA","country_ship":null,"goos_networks":"GDA","ptf_family_name":"Drifting Buoy","country_iso_reporting":"US","country_sensor_provider":null}},{"type":"Feature","geometry":{"type":"Point","coordinates":[-169.483,76.535]},"properties":{"ptf_id":1178377,"ptf_ref":"2501557","category":"drifting_buoys","ptf_model":"ICE BALL","wigos_ref":"0-22000-0-2501557","country_name":"USA","country_ship":null,"goos_networks":"GDA","ptf_family_name":"Drifting Buoy","country_iso_reporting":"US","country_sensor_provider":null}},{"type":"Feature","geometry":{"type":"Point","coordinates":[-174.236,70.729]},"properties":{"ptf_id":1178397,"ptf_ref":"2501558","category":"drifting_buoys","ptf_model":"ICE BALL","wigos_ref":"0-22000-0-2501558","country_name":"USA","country_ship":null,"goos_networks":"GDA","ptf_family_name":"Drifting Buoy","country_iso_reporting":"US","country_sensor_provider":null}},{"type":"Feature","geometry":{"type":"Point","coordinates":[-134.426,76.258]},"properties":{"ptf_id":1178557,"ptf_ref":"2501581","category":"drifting_buoys","ptf_model":"ICE BALL","wigos_ref":"0-22000-0-2501581","country_name":"USA","country_ship":null,"goos_networks":"GDA","ptf_family_name":"Drifting Buoy","country_iso_reporting":"US","country_sensor_provider":null}},{"type":"Feature","geometry":{"type":"Point","coordinates":[-105.617,81.288]},"properties":{"ptf_id":1178577,"ptf_ref":"2501582","category":"drifting_buoys","ptf_model":"ICE BALL","wigos_ref":"0-22000-0-2501582","country_name":"USA","country_ship":null,"goos_networks":"GDA","ptf_family_name":"Drifting Buoy","country_iso_reporting":"US","country_sensor_provider":null}},{"type":"Feature","geometry":{"type":"Point","coordinates":[-130.212,73.099]},"properties":{"ptf_id":1178597,"ptf_ref":"2501583","category":"drifting_buoys","ptf_model":"ICE BALL","wigos_ref":"0-22000-0-2501583","country_name":"USA","country_ship":null,"goos_networks":"GDA","ptf_family_name":"Drifting Buoy","country_iso_reporting":"US","country_sensor_provider":null}},{"type":"Feature","geometry":{"type":"Point","coordinates":[-158.348,74.371]},"properties":{"ptf_id":1178617,"ptf_ref":"2501584","category":"drifting_buoys","ptf_model":"ICE BALL","wigos_ref":"0-22000-0-2501584","country_name":"USA","country_ship":null,"goos_networks":"GDA","ptf_family_name":"Drifting Buoy","country_iso_reporting":"US","country_sensor_provider":null}},{"type":"Feature","geometry":{"type":"Point","coordinates":[-128.972,74.748]},"properties":{"ptf_id":1178657,"ptf_ref":"2501586","category":"drifting_buoys","ptf_model":"ICE BALL","wigos_ref":"0-22000-0-2501586","country_name":"USA","country_ship":null,"goos_networks":"GDA","ptf_family_name":"Drifting Buoy","country_iso_reporting":"US","country_sensor_provider":null}},{"type":"Feature","geometry":{"type":"Point","coordinates":[-130.553,77.557]},"properties":{"ptf_id":1178677,"ptf_ref":"2501587","category":"drifting_buoys","ptf_model":"ICE BALL","wigos_ref":"0-22000-0-2501587","country_name":"USA","country_ship":null,"goos_networks":"GDA","ptf_family_name":"Drifting Buoy","country_iso_reporting":"US","country_sensor_provider":null}},{"type":"Feature","geometry":{"type":"Point","coordinates":[-124.718,81.827]},"properties":{"ptf_id":1178697,"ptf_ref":"2501588","category":"drifting_buoys","ptf_model":"ICE BALL","wigos_ref":"0-22000-0-2501588","country_name":"USA","country_ship":null,"goos_networks":"GDA","ptf_family_name":"Drifting Buoy","country_iso_reporting":"US","country_sensor_provider":null}},{"type":"Feature","geometry":{"type":"Point","coordinates":[-57.855,31.898]},"properties":{"ptf_id":1189937,"ptf_ref":"4101870","category":"drifting_buoys","ptf_model":"SVP B Pacific Gyre","wigos_ref":"0-22000-0-4101870","country_name":"USA","country_ship":null,"goos_networks":"GDA","ptf_family_name":"Drifting Buoy","country_iso_reporting":"US","country_sensor_provider":null}},{"type":"Feature","geometry":{"type":"Point","coordinates":[-42.784,27.139]},"properties":{"ptf_id":1189957,"ptf_ref":"4101873","category":"drifting_buoys","ptf_model":"SVP B Pacific Gyre","wigos_ref":"0-22000-0-4101873","country_name":"USA","country_ship":null,"goos_networks":"GDA","ptf_family_name":"Drifting Buoy","country_iso_reporting":"US","country_sensor_provider":null}},{"type":"Feature","geometry":{"type":"Point","coordinates":[-58.018,26.902]},"properties":{"ptf_id":1189977,"ptf_ref":"4101875","category":"drifting_buoys","ptf_model":"SVP B Pacific Gyre","wigos_ref":"0-22000-0-4101875","country_name":"USA","country_ship":null,"goos_networks":"GDA","ptf_family_name":"Drifting Buoy","country_iso_reporting":"US","country_sensor_provider":null}},{"type":"Feature","geometry":{"type":"Point","coordinates":[33.118,85.437]},"properties":{"ptf_id":1190299,"ptf_ref":"7811007","category":"drifting_buoys","ptf_model":"ICE BALL","wigos_ref":"0-22000-0-7811007","country_name":"GERMANY","country_ship":null,"goos_networks":"GDA","ptf_family_name":"Drifting Buoy","country_iso_reporting":"DE","country_sensor_provider":null}},{"type":"Feature","geometry":{"type":"Point","coordinates":[105.858,-56.046]},"properties":{"ptf_id":1190306,"ptf_ref":"6801984","category":"drifting_buoys","ptf_model":"ICE BALL","wigos_ref":"0-22000-0-6801984","country_name":"GERMANY","country_ship":null,"goos_networks":"GDA","ptf_family_name":"Drifting Buoy","country_iso_reporting":"DE","country_sensor_provider":null}},{"type":"Feature","geometry":{"type":"Point","coordinates":[-20.679,-55.634]},"properties":{"ptf_id":1190307,"ptf_ref":"1801861","category":"drifting_buoys","ptf_model":"ICE BALL","wigos_ref":"0-22000-0-1801861","country_name":"GERMANY","country_ship":null,"goos_networks":"GDA","ptf_family_name":"Drifting Buoy","country_iso_reporting":"DE","country_sensor_provider":null}},{"type":"Feature","geometry":{"type":"Point","coordinates":[-16.848,71.367]},"properties":{"ptf_id":1191557,"ptf_ref":"6301587","category":"drifting_buoys","ptf_model":"ICE BALL MetOcean","wigos_ref":"0-22000-0-6301587","country_name":"EUROPE","country_ship":"GERMANY","goos_networks":"GDA","ptf_family_name":"Drifting Buoy","country_iso_reporting":"EU","country_sensor_provider":null}},{"type":"Feature","geometry":{"type":"Point","coordinates":[-15.193,72.288]},"properties":{"ptf_id":1191597,"ptf_ref":"6401599","category":"drifting_buoys","ptf_model":"ICE BALL MetOcean","wigos_ref":"0-22000-0-6401599","country_name":"EUROPE","country_ship":"GERMANY","goos_networks":"GDA","ptf_family_name":"Drifting Buoy","country_iso_reporting":"EU","country_sensor_provider":null}},{"type":"Feature","geometry":{"type":"Point","coordinates":[-14.072,82.33]},"properties":{"ptf_id":1191617,"ptf_ref":"6401600","category":"drifting_buoys","ptf_model":"ICE BALL MetOcean","wigos_ref":"0-22000-0-6401600","country_name":"EUROPE","country_ship":"GERMANY","goos_networks":"GDA","ptf_family_name":"Drifting Buoy","country_iso_reporting":"EU","country_sensor_provider":null}},{"type":"Feature","geometry":{"type":"Point","coordinates":[-26.907,59.296]},"properties":{"ptf_id":1191637,"ptf_ref":"6401601","category":"drifting_buoys","ptf_model":"ICE BALL MetOcean","wigos_ref":"0-22000-0-6401601","country_name":"EUROPE","country_ship":"GERMANY","goos_networks":"GDA","ptf_family_name":"Drifting Buoy","country_iso_reporting":"EU","country_sensor_provider":null}},{"type":"Feature","geometry":{"type":"Point","coordinates":[-21.754,66.159]},"properties":{"ptf_id":1191657,"ptf_ref":"6401602","category":"drifting_buoys","ptf_model":"ICE BALL MetOcean","wigos_ref":"0-22000-0-6401602","country_name":"EUROPE","country_ship":"GERMANY","goos_networks":"GDA","ptf_family_name":"Drifting Buoy","country_iso_reporting":"EU","country_sensor_provider":null}},{"type":"Feature","geometry":{"type":"Point","coordinates":[-21.647,-27.22]},"properties":{"ptf_id":1193077,"ptf_ref":"1701676","category":"drifting_buoys","ptf_model":"SVP B DBi","wigos_ref":"0-22000-0-1701676","country_name":"USA","country_ship":null,"goos_networks":"GDA","ptf_family_name":"Drifting Buoy","country_iso_reporting":"US","country_sensor_provider":null}},{"type":"Feature","geometry":{"type":"Point","coordinates":[-35.004,-26.807]},"properties":{"ptf_id":1193097,"ptf_ref":"4101871","category":"drifting_buoys","ptf_model":"SVP B Pacific Gyre","wigos_ref":"0-22000-0-4101871","country_name":"USA","country_ship":null,"goos_networks":"GDA","ptf_family_name":"Drifting Buoy","country_iso_reporting":"US","country_sensor_provider":null}},{"type":"Feature","geometry":{"type":"Point","coordinates":[-42.932,-28.327]},"properties":{"ptf_id":1193117,"ptf_ref":"4101872","category":"drifting_buoys","ptf_model":"SVP B Pacific Gyre","wigos_ref":"0-22000-0-4101872","country_name":"USA","country_ship":null,"goos_networks":"GDA","ptf_family_name":"Drifting Buoy","country_iso_reporting":"US","country_sensor_provider":null}},{"type":"Feature","geometry":{"type":"Point","coordinates":[-13.772,-31.372]},"properties":{"ptf_id":1193157,"ptf_ref":"4101876","category":"drifting_buoys","ptf_model":"SVP B Pacific Gyre","wigos_ref":"0-22000-0-4101876","country_name":"USA","country_ship":null,"goos_networks":"GDA","ptf_family_name":"Drifting Buoy","country_iso_reporting":"US","country_sensor_provider":null}},{"type":"Feature","geometry":{"type":"Point","coordinates":[-12.382,52.342]},"properties":{"ptf_id":1195637,"ptf_ref":"6301583","category":"drifting_buoys","ptf_model":"ICE BALL MetOcean","wigos_ref":"0-22000-0-6301583","country_name":"EUROPE","country_ship":"GERMANY","goos_networks":"GDA","ptf_family_name":"Drifting Buoy","country_iso_reporting":"EU","country_sensor_provider":null}},{"type":"Feature","geometry":{"type":"Point","coordinates":[-16.36,77.999]},"properties":{"ptf_id":1195657,"ptf_ref":"6301584","category":"drifting_buoys","ptf_model":"ICE BALL MetOcean","wigos_ref":"0-22000-0-6301584","country_name":"EUROPE","country_ship":"GERMANY","goos_networks":"GDA","ptf_family_name":"Drifting Buoy","country_iso_reporting":"EU","country_sensor_provider":null}},{"type":"Feature","geometry":{"type":"Point","coordinates":[-131.103,-44.762]},"properties":{"ptf_id":1196020,"ptf_ref":"6801988","category":"drifting_buoys","ptf_model":"SVP B MetOcean","wigos_ref":"0-22000-0-6801988","country_name":"AUSTRALIA","country_ship":"AUSTRALIA","goos_networks":"GDA","ptf_family_name":"Drifting Buoy","country_iso_reporting":"AU","country_sensor_provider":null}},{"type":"Feature","geometry":{"type":"Point","coordinates":[-152.966,-47.559]},"properties":{"ptf_id":1196021,"ptf_ref":"3801764","category":"drifting_buoys","ptf_model":"SVP B MetOcean","wigos_ref":"0-22000-0-3801764","country_name":"AUSTRALIA","country_ship":"AUSTRALIA","goos_networks":"GDA","ptf_family_name":"Drifting Buoy","country_iso_reporting":"AU","country_sensor_provider":null}},{"type":"Feature","geometry":{"type":"Point","coordinates":[109.268,-31.318]},"properties":{"ptf_id":1198937,"ptf_ref":"4401661","category":"drifting_buoys","ptf_model":"SVP_BRST","wigos_ref":"0-22000-0-4401661","country_name":"EUROPE","country_ship":null,"goos_networks":"GDA","ptf_family_name":"Drifting Buoy","country_iso_reporting":"EU","country_sensor_provider":null}},{"type":"Feature","geometry":{"type":"Point","coordinates":[-124.189,-60.792]},"properties":{"ptf_id":1200653,"ptf_ref":"7811009","category":"drifting_buoys","ptf_model":"SVP B MetOcean","wigos_ref":"0-22000-0-7811009","country_name":"AUSTRALIA","country_ship":null,"goos_networks":"GDA","ptf_family_name":"Drifting Buoy","country_iso_reporting":"AU","country_sensor_provider":null}},{"type":"Feature","geometry":{"type":"Point","coordinates":[-128.935,-51.757]},"properties":{"ptf_id":1200654,"ptf_ref":"3801765","category":"drifting_buoys","ptf_model":"SVP B MetOcean","wigos_ref":"0-22000-0-3801765","country_name":"AUSTRALIA","country_ship":null,"goos_networks":"GDA","ptf_family_name":"Drifting Buoy","country_iso_reporting":"AU","country_sensor_provider":null}},{"type":"Feature","geometry":{"type":"Point","coordinates":[-129.094,-39.387]},"properties":{"ptf_id":1200658,"ptf_ref":"6801990","category":"drifting_buoys","ptf_model":"SVP B MetOcean","wigos_ref":"0-22000-0-6801990","country_name":"AUSTRALIA","country_ship":null,"goos_networks":"GDA","ptf_family_name":"Drifting Buoy","country_iso_reporting":"AU","country_sensor_provider":null}},{"type":"Feature","geometry":{"type":"Point","coordinates":[-121.418,-65.961]},"properties":{"ptf_id":1200659,"ptf_ref":"2802165","category":"drifting_buoys","ptf_model":"SVP B MetOcean","wigos_ref":"0-22000-0-2802165","country_name":"AUSTRALIA","country_ship":null,"goos_networks":"GDA","ptf_family_name":"Drifting Buoy","country_iso_reporting":"AU","country_sensor_provider":null}},{"type":"Feature","geometry":{"type":"Point","coordinates":[-101.216,-58.211]},"properties":{"ptf_id":1200660,"ptf_ref":"5802161","category":"drifting_buoys","ptf_model":"SVP B MetOcean","wigos_ref":"0-22000-0-5802161","country_name":"AUSTRALIA","country_ship":null,"goos_networks":"GDA","ptf_family_name":"Drifting Buoy","country_iso_reporting":"AU","country_sensor_provider":null}},{"type":"Feature","geometry":{"type":"Point","coordinates":[-125.093,-58.725]},"properties":{"ptf_id":1200661,"ptf_ref":"3801767","category":"drifting_buoys","ptf_model":"SVP B MetOcean","wigos_ref":"0-22000-0-3801767","country_name":"AUSTRALIA","country_ship":null,"goos_networks":"GDA","ptf_family_name":"Drifting Buoy","country_iso_reporting":"AU","country_sensor_provider":null}},{"type":"Feature","geometry":{"type":"Point","coordinates":[-129.028,-55.12]},"properties":{"ptf_id":1200662,"ptf_ref":"6801991","category":"drifting_buoys","ptf_model":"SVP B MetOcean","wigos_ref":"0-22000-0-6801991","country_name":"AUSTRALIA","country_ship":null,"goos_networks":"GDA","ptf_family_name":"Drifting Buoy","country_iso_reporting":"AU","country_sensor_provider":null}},{"type":"Feature","geometry":{"type":"Point","coordinates":[-68.578,37.161]},"properties":{"ptf_id":1201037,"ptf_ref":"6203685","category":"drifting_buoys","ptf_model":"SVP B MetOcean","wigos_ref":"0-22000-0-6203685","country_name":"EUROPE","country_ship":null,"goos_networks":"GDA","ptf_family_name":"Drifting Buoy","country_iso_reporting":"EU","country_sensor_provider":null}},{"type":"Feature","geometry":{"type":"Point","coordinates":[-50.755,30.198]},"properties":{"ptf_id":1201057,"ptf_ref":"6203686","category":"drifting_buoys","ptf_model":"SVP B MetOcean","wigos_ref":"0-22000-0-6203686","country_name":"EUROPE","country_ship":null,"goos_networks":"GDA","ptf_family_name":"Drifting Buoy","country_iso_reporting":"EU","country_sensor_provider":null}},{"type":"Feature","geometry":{"type":"Point","coordinates":[-73.964,22.392]},"properties":{"ptf_id":1201077,"ptf_ref":"6203687","category":"drifting_buoys","ptf_model":"SVP B MetOcean","wigos_ref":"0-22000-0-6203687","country_name":"EUROPE","country_ship":null,"goos_networks":"GDA","ptf_family_name":"Drifting Buoy","country_iso_reporting":"EU","country_sensor_provider":null}},{"type":"Feature","geometry":{"type":"Point","coordinates":[-102.942,-27.754]},"properties":{"ptf_id":1201417,"ptf_ref":"4401593","category":"drifting_buoys","ptf_model":"SVP_BRST","wigos_ref":"0-22000-0-4401593","country_name":"EUROPE","country_ship":null,"goos_networks":"GDA","ptf_family_name":"Drifting Buoy","country_iso_reporting":"EU","country_sensor_provider":null}},{"type":"Feature","geometry":{"type":"Point","coordinates":[-54.878,31.947]},"properties":{"ptf_id":1201477,"ptf_ref":"6203672","category":"drifting_buoys","ptf_model":"SVP B MetOcean","wigos_ref":"0-22000-0-6203672","country_name":"EUROPE","country_ship":null,"goos_networks":"GDA","ptf_family_name":"Drifting Buoy","country_iso_reporting":"EU","country_sensor_provider":null}},{"type":"Feature","geometry":{"type":"Point","coordinates":[-67.126,27.32]},"properties":{"ptf_id":1201517,"ptf_ref":"6203681","category":"drifting_buoys","ptf_model":"SVP B MetOcean","wigos_ref":"0-22000-0-6203681","country_name":"EUROPE","country_ship":null,"goos_networks":"GDA","ptf_family_name":"Drifting Buoy","country_iso_reporting":"EU","country_sensor_provider":null}},{"type":"Feature","geometry":{"type":"Point","coordinates":[-140.101,-19.22]},"properties":{"ptf_id":1201837,"ptf_ref":"4401592","category":"drifting_buoys","ptf_model":"SVP_BRST","wigos_ref":"0-22000-0-4401592","country_name":"EUROPE","country_ship":null,"goos_networks":"GDA","ptf_family_name":"Drifting Buoy","country_iso_reporting":"EU","country_sensor_provider":null}},{"type":"Feature","geometry":{"type":"Point","coordinates":[-47.787,24.478]},"properties":{"ptf_id":1201857,"ptf_ref":"6203679","category":"drifting_buoys","ptf_model":"SVP B MetOcean","wigos_ref":"0-22000-0-6203679","country_name":"EUROPE","country_ship":null,"goos_networks":"GDA","ptf_family_name":"Drifting Buoy","country_iso_reporting":"EU","country_sensor_provider":null}},{"type":"Feature","geometry":{"type":"Point","coordinates":[-113.724,-26.995]},"properties":{"ptf_id":1201977,"ptf_ref":"4401591","category":"drifting_buoys","ptf_model":"SVP_BRST","wigos_ref":"0-22000-0-4401591","country_name":"EUROPE","country_ship":null,"goos_networks":"GDA","ptf_family_name":"Drifting Buoy","country_iso_reporting":"EU","country_sensor_provider":null}},{"type":"Feature","geometry":{"type":"Point","coordinates":[-151.326,-17.605]},"properties":{"ptf_id":1201997,"ptf_ref":"4401659","category":"drifting_buoys","ptf_model":"SVP_BRST","wigos_ref":"0-22000-0-4401659","country_name":"EUROPE","country_ship":null,"goos_networks":"GDA","ptf_family_name":"Drifting Buoy","country_iso_reporting":"EU","country_sensor_provider":null}},{"type":"Feature","geometry":{"type":"Point","coordinates":[17.303,-41.607]},"properties":{"ptf_id":1202317,"ptf_ref":"4401597","category":"drifting_buoys","ptf_model":"SVP_BRST","wigos_ref":"0-22000-0-4401597","country_name":"EUROPE","country_ship":null,"goos_networks":"GDA","ptf_family_name":"Drifting Buoy","country_iso_reporting":"EU","country_sensor_provider":null}},{"type":"Feature","geometry":{"type":"Point","coordinates":[-174.887,29.354]},"properties":{"ptf_id":1203177,"ptf_ref":"4401653","category":"drifting_buoys","ptf_model":"SVP_BRST","wigos_ref":"0-22000-0-4401653","country_name":"EUROPE","country_ship":null,"goos_networks":"GDA","ptf_family_name":"Drifting Buoy","country_iso_reporting":"EU","country_sensor_provider":null}},{"type":"Feature","geometry":{"type":"Point","coordinates":[-169.966,33.344]},"properties":{"ptf_id":1203357,"ptf_ref":"4401662","category":"drifting_buoys","ptf_model":"SVP_BRST","wigos_ref":"0-22000-0-4401662","country_name":"EUROPE","country_ship":null,"goos_networks":"GDA","ptf_family_name":"Drifting Buoy","country_iso_reporting":"EU","country_sensor_provider":null}},{"type":"Feature","geometry":{"type":"Point","coordinates":[-163.644,34.955]},"properties":{"ptf_id":1203377,"ptf_ref":"4401663","category":"drifting_buoys","ptf_model":"SVP_BRST","wigos_ref":"0-22000-0-4401663","country_name":"EUROPE","country_ship":null,"goos_networks":"GDA","ptf_family_name":"Drifting Buoy","country_iso_reporting":"EU","country_sensor_provider":null}},{"type":"Feature","geometry":{"type":"Point","coordinates":[32.161,69.919]},"properties":{"ptf_id":1203437,"ptf_ref":"6203831","category":"drifting_buoys","ptf_model":"SVP B DBi","wigos_ref":"0-22000-0-6203831","country_name":"USA","country_ship":null,"goos_networks":"GDA","ptf_family_name":"Drifting Buoy","country_iso_reporting":"US","country_sensor_provider":null}},{"type":"Feature","geometry":{"type":"Point","coordinates":[177.562,31.034]},"properties":{"ptf_id":1203537,"ptf_ref":"7810256","category":"drifting_buoys","ptf_model":"SVP Pacific Gyre","wigos_ref":"0-22000-0-7810256","country_name":"USA","country_ship":null,"goos_networks":"GDA","ptf_family_name":"Drifting Buoy","country_iso_reporting":"US","country_sensor_provider":null}},{"type":"Feature","geometry":{"type":"Point","coordinates":[-128.596,13.205]},"properties":{"ptf_id":1203557,"ptf_ref":"7810255","category":"drifting_buoys","ptf_model":"SVP Pacific Gyre","wigos_ref":"0-22000-0-7810255","country_name":"USA","country_ship":null,"goos_networks":"GDA","ptf_family_name":"Drifting Buoy","country_iso_reporting":"US","country_sensor_provider":null}},{"type":"Feature","geometry":{"type":"Point","coordinates":[-135.776,29.243]},"properties":{"ptf_id":1203597,"ptf_ref":"7810253","category":"drifting_buoys","ptf_model":"SVP Pacific Gyre","wigos_ref":"0-22000-0-7810253","country_name":"USA","country_ship":null,"goos_networks":"GDA","ptf_family_name":"Drifting Buoy","country_iso_reporting":"US","country_sensor_provider":null}},{"type":"Feature","geometry":{"type":"Point","coordinates":[-137.327,23.298]},"properties":{"ptf_id":1203617,"ptf_ref":"7810252","category":"drifting_buoys","ptf_model":"SVP Pacific Gyre","wigos_ref":"0-22000-0-7810252","country_name":"USA","country_ship":null,"goos_networks":"GDA","ptf_family_name":"Drifting Buoy","country_iso_reporting":"US","country_sensor_provider":null}},{"type":"Feature","geometry":{"type":"Point","coordinates":[-142.801,17.082]},"properties":{"ptf_id":1203657,"ptf_ref":"7810250","category":"drifting_buoys","ptf_model":"SVP Pacific Gyre","wigos_ref":"0-22000-0-7810250","country_name":"USA","country_ship":null,"goos_networks":"GDA","ptf_family_name":"Drifting Buoy","country_iso_reporting":"US","country_sensor_provider":null}},{"type":"Feature","geometry":{"type":"Point","coordinates":[-126.193,21.532]},"properties":{"ptf_id":1203677,"ptf_ref":"7810249","category":"drifting_buoys","ptf_model":"SVP Pacific Gyre","wigos_ref":"0-22000-0-7810249","country_name":"USA","country_ship":null,"goos_networks":"GDA","ptf_family_name":"Drifting Buoy","country_iso_reporting":"US","country_sensor_provider":null}},{"type":"Feature","geometry":{"type":"Point","coordinates":[167.048,27.751]},"properties":{"ptf_id":1203717,"ptf_ref":"4401655","category":"drifting_buoys","ptf_model":"SVP_BRST","wigos_ref":"0-22000-0-4401655","country_name":"EUROPE","country_ship":null,"goos_networks":"GDA","ptf_family_name":"Drifting Buoy","country_iso_reporting":"EU","country_sensor_provider":null}},{"type":"Feature","geometry":{"type":"Point","coordinates":[159.796,24.964]},"properties":{"ptf_id":1203777,"ptf_ref":"4401654","category":"drifting_buoys","ptf_model":"SVP_BRST","wigos_ref":"0-22000-0-4401654","country_name":"EUROPE","country_ship":null,"goos_networks":"GDA","ptf_family_name":"Drifting Buoy","country_iso_reporting":"EU","country_sensor_provider":null}},{"type":"Feature","geometry":{"type":"Point","coordinates":[-134.901,-23.18]},"properties":{"ptf_id":1204757,"ptf_ref":"4401658","category":"drifting_buoys","ptf_model":"SVP_BRST","wigos_ref":"0-22000-0-4401658","country_name":"EUROPE","country_ship":null,"goos_networks":"GDA","ptf_family_name":"Drifting Buoy","country_iso_reporting":"EU","country_sensor_provider":null}},{"type":"Feature","geometry":{"type":"Point","coordinates":[-136.667,28.813]},"properties":{"ptf_id":1205237,"ptf_ref":"7810498","category":"drifting_buoys","ptf_model":"SVP B SIO","wigos_ref":"0-22000-0-7810498","country_name":"USA","country_ship":null,"goos_networks":"GDA","ptf_family_name":"Drifting Buoy","country_iso_reporting":"US","country_sensor_provider":null}},{"type":"Feature","geometry":{"type":"Point","coordinates":[-140.032,34.662]},"properties":{"ptf_id":1205357,"ptf_ref":"7810504","category":"drifting_buoys","ptf_model":"SVP B SIO","wigos_ref":"0-22000-0-7810504","country_name":"USA","country_ship":null,"goos_networks":"GDA","ptf_family_name":"Drifting Buoy","country_iso_reporting":"US","country_sensor_provider":null}},{"type":"Feature","geometry":{"type":"Point","coordinates":[-177.088,30.244]},"properties":{"ptf_id":1205417,"ptf_ref":"7810512","category":"drifting_buoys","ptf_model":"SVP B SIO","wigos_ref":"0-22000-0-7810512","country_name":"USA","country_ship":null,"goos_networks":"GDA","ptf_family_name":"Drifting Buoy","country_iso_reporting":"US","country_sensor_provider":null}},{"type":"Feature","geometry":{"type":"Point","coordinates":[-145.37,29.68]},"properties":{"ptf_id":1205477,"ptf_ref":"7810515","category":"drifting_buoys","ptf_model":"SVP B SIO","wigos_ref":"0-22000-0-7810515","country_name":"USA","country_ship":null,"goos_networks":"GDA","ptf_family_name":"Drifting Buoy","country_iso_reporting":"US","country_sensor_provider":null}},{"type":"Feature","geometry":{"type":"Point","coordinates":[-148.109,26.472]},"properties":{"ptf_id":1205497,"ptf_ref":"7810516","category":"drifting_buoys","ptf_model":"SVP B SIO","wigos_ref":"0-22000-0-7810516","country_name":"USA","country_ship":null,"goos_networks":"GDA","ptf_family_name":"Drifting Buoy","country_iso_reporting":"US","country_sensor_provider":null}},{"type":"Feature","geometry":{"type":"Point","coordinates":[176.292,31.951]},"properties":{"ptf_id":1205517,"ptf_ref":"7810517","category":"drifting_buoys","ptf_model":"SVP B SIO","wigos_ref":"0-22000-0-7810517","country_name":"USA","country_ship":null,"goos_networks":"GDA","ptf_family_name":"Drifting Buoy","country_iso_reporting":"US","country_sensor_provider":null}},{"type":"Feature","geometry":{"type":"Point","coordinates":[-149.392,30.323]},"properties":{"ptf_id":1205537,"ptf_ref":"7810518","category":"drifting_buoys","ptf_model":"SVP B SIO","wigos_ref":"0-22000-0-7810518","country_name":"USA","country_ship":null,"goos_networks":"GDA","ptf_family_name":"Drifting Buoy","country_iso_reporting":"US","country_sensor_provider":null}},{"type":"Feature","geometry":{"type":"Point","coordinates":[-112.298,-47.217]},"properties":{"ptf_id":1205597,"ptf_ref":"7810289","category":"drifting_buoys","ptf_model":"SVP Pacific Gyre","wigos_ref":"0-22000-0-7810289","country_name":"USA","country_ship":"USA","goos_networks":"GDA","ptf_family_name":"Drifting Buoy","country_iso_reporting":"US","country_sensor_provider":null}},{"type":"Feature","geometry":{"type":"Point","coordinates":[-97.93,-63.445]},"properties":{"ptf_id":1205617,"ptf_ref":"7810288","category":"drifting_buoys","ptf_model":"SVP Pacific Gyre","wigos_ref":"0-22000-0-7810288","country_name":"USA","country_ship":"USA","goos_networks":"GDA","ptf_family_name":"Drifting Buoy","country_iso_reporting":"US","country_sensor_provider":null}},{"type":"Feature","geometry":{"type":"Point","coordinates":[-76.335,-56.512]},"properties":{"ptf_id":1205637,"ptf_ref":"7810114","category":"drifting_buoys","ptf_model":"SVP B Pacific Gyre","wigos_ref":"0-22000-0-7810114","country_name":"USA","country_ship":"USA","goos_networks":"GDA","ptf_family_name":"Drifting Buoy","country_iso_reporting":"US","country_sensor_provider":null}},{"type":"Feature","geometry":{"type":"Point","coordinates":[-25.803,-49.247]},"properties":{"ptf_id":1205657,"ptf_ref":"7810113","category":"drifting_buoys","ptf_model":"SVP B Pacific Gyre","wigos_ref":"0-22000-0-7810113","country_name":"USA","country_ship":"USA","goos_networks":"GDA","ptf_family_name":"Drifting Buoy","country_iso_reporting":"US","country_sensor_provider":null}},{"type":"Feature","geometry":{"type":"Point","coordinates":[-102.317,-52.418]},"properties":{"ptf_id":1205677,"ptf_ref":"7810112","category":"drifting_buoys","ptf_model":"SVP B Pacific Gyre","wigos_ref":"0-22000-0-7810112","country_name":"USA","country_ship":"USA","goos_networks":"GDA","ptf_family_name":"Drifting Buoy","country_iso_reporting":"US","country_sensor_provider":null}},{"type":"Feature","geometry":{"type":"Point","coordinates":[-89.523,-54.359]},"properties":{"ptf_id":1205697,"ptf_ref":"7810110","category":"drifting_buoys","ptf_model":"SVP B Pacific Gyre","wigos_ref":"0-22000-0-7810110","country_name":"USA","country_ship":"USA","goos_networks":"GDA","ptf_family_name":"Drifting Buoy","country_iso_reporting":"US","country_sensor_provider":null}},{"type":"Feature","geometry":{"type":"Point","coordinates":[-100.22,-51.868]},"properties":{"ptf_id":1207577,"ptf_ref":"7810405","category":"drifting_buoys","ptf_model":"SVP SIO","wigos_ref":"0-22000-0-7810405","country_name":"ITALY","country_ship":"ITALY","goos_networks":"GDA","ptf_family_name":"Drifting Buoy","country_iso_reporting":"IT","country_sensor_provider":null}},{"type":"Feature","geometry":{"type":"Point","coordinates":[-88.003,-53.769]},"properties":{"ptf_id":1207597,"ptf_ref":"7810404","category":"drifting_buoys","ptf_model":"SVP SIO","wigos_ref":"0-22000-0-7810404","country_name":"ITALY","country_ship":"ITALY","goos_networks":"GDA","ptf_family_name":"Drifting Buoy","country_iso_reporting":"IT","country_sensor_provider":null}},{"type":"Feature","geometry":{"type":"Point","coordinates":[-72.923,-57.182]},"properties":{"ptf_id":1207617,"ptf_ref":"7810402","category":"drifting_buoys","ptf_model":"SVP SIO","wigos_ref":"0-22000-0-7810402","country_name":"ITALY","country_ship":"ITALY","goos_networks":"GDA","ptf_family_name":"Drifting Buoy","country_iso_reporting":"IT","country_sensor_provider":null}},{"type":"Feature","geometry":{"type":"Point","coordinates":[-89.429,-60.968]},"properties":{"ptf_id":1207637,"ptf_ref":"7810403","category":"drifting_buoys","ptf_model":"SVP SIO","wigos_ref":"0-22000-0-7810403","country_name":"ITALY","country_ship":"ITALY","goos_networks":"GDA","ptf_family_name":"Drifting Buoy","country_iso_reporting":"IT","country_sensor_provider":null}},{"type":"Feature","geometry":{"type":"Point","coordinates":[-40.067,25.561]},"properties":{"ptf_id":1209197,"ptf_ref":"4401652","category":"drifting_buoys","ptf_model":"SVP_BRST","wigos_ref":"0-22000-0-4401652","country_name":"EUROPE","country_ship":null,"goos_networks":"GDA","ptf_family_name":"Drifting Buoy","country_iso_reporting":"EU","country_sensor_provider":null}},{"type":"Feature","geometry":{"type":"Point","coordinates":[-97.639,-63.618]},"properties":{"ptf_id":1209677,"ptf_ref":"7810119","category":"drifting_buoys","ptf_model":"SVP B Pacific Gyre","wigos_ref":"0-22000-0-7810119","country_name":"USA","country_ship":"USA","goos_networks":"GDA","ptf_family_name":"Drifting Buoy","country_iso_reporting":"US","country_sensor_provider":null}},{"type":"Feature","geometry":{"type":"Point","coordinates":[-79.854,-59.747]},"properties":{"ptf_id":1209697,"ptf_ref":"7810118","category":"drifting_buoys","ptf_model":"SVP B Pacific Gyre","wigos_ref":"0-22000-0-7810118","country_name":"USA","country_ship":"USA","goos_networks":"GDA","ptf_family_name":"Drifting Buoy","country_iso_reporting":"US","country_sensor_provider":null}},{"type":"Feature","geometry":{"type":"Point","coordinates":[-111.947,-68.743]},"properties":{"ptf_id":1209717,"ptf_ref":"7810117","category":"drifting_buoys","ptf_model":"SVP B Pacific Gyre","wigos_ref":"0-22000-0-7810117","country_name":"USA","country_ship":"USA","goos_networks":"GDA","ptf_family_name":"Drifting Buoy","country_iso_reporting":"US","country_sensor_provider":null}},{"type":"Feature","geometry":{"type":"Point","coordinates":[-73.067,-58.31]},"properties":{"ptf_id":1209737,"ptf_ref":"7810116","category":"drifting_buoys","ptf_model":"SVP B Pacific Gyre","wigos_ref":"0-22000-0-7810116","country_name":"USA","country_ship":"USA","goos_networks":"GDA","ptf_family_name":"Drifting Buoy","country_iso_reporting":"US","country_sensor_provider":null}},{"type":"Feature","geometry":{"type":"Point","coordinates":[-86.544,-55.05]},"properties":{"ptf_id":1209757,"ptf_ref":"7810115","category":"drifting_buoys","ptf_model":"SVP B Pacific Gyre","wigos_ref":"0-22000-0-7810115","country_name":"USA","country_ship":"USA","goos_networks":"GDA","ptf_family_name":"Drifting Buoy","country_iso_reporting":"US","country_sensor_provider":null}},{"type":"Feature","geometry":{"type":"Point","coordinates":[-105.105,-52.743]},"properties":{"ptf_id":1209777,"ptf_ref":"7810111","category":"drifting_buoys","ptf_model":"SVP B Pacific Gyre","wigos_ref":"0-22000-0-7810111","country_name":"USA","country_ship":"USA","goos_networks":"GDA","ptf_family_name":"Drifting Buoy","country_iso_reporting":"US","country_sensor_provider":null}},{"type":"Feature","geometry":{"type":"Point","coordinates":[-23.548,-27.82]},"properties":{"ptf_id":1209837,"ptf_ref":"7810483","category":"drifting_buoys","ptf_model":"SVP B SIO","wigos_ref":"0-22000-0-7810483","country_name":"USA","country_ship":null,"goos_networks":"GDA","ptf_family_name":"Drifting Buoy","country_iso_reporting":"US","country_sensor_provider":null}},{"type":"Feature","geometry":{"type":"Point","coordinates":[-13.049,-21.698]},"properties":{"ptf_id":1209877,"ptf_ref":"7810485","category":"drifting_buoys","ptf_model":"SVP B SIO","wigos_ref":"0-22000-0-7810485","country_name":"USA","country_ship":null,"goos_networks":"GDA","ptf_family_name":"Drifting Buoy","country_iso_reporting":"US","country_sensor_provider":null}},{"type":"Feature","geometry":{"type":"Point","coordinates":[-155.693,35.149]},"properties":{"ptf_id":1209917,"ptf_ref":"7810541","category":"drifting_buoys","ptf_model":"SVP B SIO","wigos_ref":"0-22000-0-7810541","country_name":"USA","country_ship":null,"goos_networks":"GDA","ptf_family_name":"Drifting Buoy","country_iso_reporting":"US","country_sensor_provider":null}},{"type":"Feature","geometry":{"type":"Point","coordinates":[-143.643,34.731]},"properties":{"ptf_id":1209957,"ptf_ref":"7810543","category":"drifting_buoys","ptf_model":"SVP B SIO","wigos_ref":"0-22000-0-7810543","country_name":"USA","country_ship":null,"goos_networks":"GDA","ptf_family_name":"Drifting Buoy","country_iso_reporting":"US","country_sensor_provider":null}},{"type":"Feature","geometry":{"type":"Point","coordinates":[-163.968,25.532]},"properties":{"ptf_id":1209977,"ptf_ref":"7810544","category":"drifting_buoys","ptf_model":"SVP B SIO","wigos_ref":"0-22000-0-7810544","country_name":"USA","country_ship":null,"goos_networks":"GDA","ptf_family_name":"Drifting Buoy","country_iso_reporting":"US","country_sensor_provider":null}},{"type":"Feature","geometry":{"type":"Point","coordinates":[-158.809,32.684]},"properties":{"ptf_id":1209997,"ptf_ref":"7810545","category":"drifting_buoys","ptf_model":"SVP B SIO","wigos_ref":"0-22000-0-7810545","country_name":"USA","country_ship":null,"goos_networks":"GDA","ptf_family_name":"Drifting Buoy","country_iso_reporting":"US","country_sensor_provider":null}},{"type":"Feature","geometry":{"type":"Point","coordinates":[-147.106,30.811]},"properties":{"ptf_id":1210017,"ptf_ref":"7810551","category":"drifting_buoys","ptf_model":"SVP B SIO","wigos_ref":"0-22000-0-7810551","country_name":"USA","country_ship":null,"goos_networks":"GDA","ptf_family_name":"Drifting Buoy","country_iso_reporting":"US","country_sensor_provider":null}},{"type":"Feature","geometry":{"type":"Point","coordinates":[-157.412,28.134]},"properties":{"ptf_id":1210037,"ptf_ref":"7810552","category":"drifting_buoys","ptf_model":"SVP B SIO","wigos_ref":"0-22000-0-7810552","country_name":"USA","country_ship":null,"goos_networks":"GDA","ptf_family_name":"Drifting Buoy","country_iso_reporting":"US","country_sensor_provider":null}},{"type":"Feature","geometry":{"type":"Point","coordinates":[-147.369,30.518]},"properties":{"ptf_id":1210057,"ptf_ref":"7810553","category":"drifting_buoys","ptf_model":"SVP B SIO","wigos_ref":"0-22000-0-7810553","country_name":"USA","country_ship":null,"goos_networks":"GDA","ptf_family_name":"Drifting Buoy","country_iso_reporting":"US","country_sensor_provider":null}},{"type":"Feature","geometry":{"type":"Point","coordinates":[-144.381,24.978]},"properties":{"ptf_id":1210077,"ptf_ref":"7810554","category":"drifting_buoys","ptf_model":"SVP B SIO","wigos_ref":"0-22000-0-7810554","country_name":"USA","country_ship":null,"goos_networks":"GDA","ptf_family_name":"Drifting Buoy","country_iso_reporting":"US","country_sensor_provider":null}},{"type":"Feature","geometry":{"type":"Point","coordinates":[-136.655,29.343]},"properties":{"ptf_id":1210097,"ptf_ref":"7810555","category":"drifting_buoys","ptf_model":"SVP B SIO","wigos_ref":"0-22000-0-7810555","country_name":"USA","country_ship":null,"goos_networks":"GDA","ptf_family_name":"Drifting Buoy","country_iso_reporting":"US","country_sensor_provider":null}},{"type":"Feature","geometry":{"type":"Point","coordinates":[-101.589,-53.567]},"properties":{"ptf_id":1210217,"ptf_ref":"7810287","category":"drifting_buoys","ptf_model":"SVP Pacific Gyre","wigos_ref":"0-22000-0-7810287","country_name":"USA","country_ship":"USA","goos_networks":"GDA","ptf_family_name":"Drifting Buoy","country_iso_reporting":"US","country_sensor_provider":null}},{"type":"Feature","geometry":{"type":"Point","coordinates":[-11.697,-34.287]},"properties":{"ptf_id":1210377,"ptf_ref":"6204501","category":"drifting_buoys","ptf_model":"SVP B Pacific Gyre","wigos_ref":"0-22000-0-6204501","country_name":"USA","country_ship":"UK","goos_networks":"GDA","ptf_family_name":"Drifting Buoy","country_iso_reporting":"US","country_sensor_provider":null}},{"type":"Feature","geometry":{"type":"Point","coordinates":[-54.433,35.353]},"properties":{"ptf_id":1210977,"ptf_ref":"4401657","category":"drifting_buoys","ptf_model":"SVP_BRST","wigos_ref":"0-22000-0-4401657","country_name":"EUROPE","country_ship":null,"goos_networks":"GDA","ptf_family_name":"Drifting Buoy","country_iso_reporting":"EU","country_sensor_provider":null}},{"type":"Feature","geometry":{"type":"Point","coordinates":[-33.642,-56.42]},"properties":{"ptf_id":1211638,"ptf_ref":"2802166","category":"drifting_buoys","ptf_model":"SVP","wigos_ref":"0-22000-0-2802166","country_name":"GERMANY","country_ship":null,"goos_networks":"GDA","ptf_family_name":"Drifting Buoy","country_iso_reporting":"DE","country_sensor_provider":null}},{"type":"Feature","geometry":{"type":"Point","coordinates":[-28.564,-56.585]},"properties":{"ptf_id":1211654,"ptf_ref":"1801864","category":"drifting_buoys","ptf_model":"SVP","wigos_ref":"0-22000-0-1801864","country_name":"GERMANY","country_ship":null,"goos_networks":"GDA","ptf_family_name":"Drifting Buoy","country_iso_reporting":"DE","country_sensor_provider":null}},{"type":"Feature","geometry":{"type":"Point","coordinates":[-28.784,-56.688]},"properties":{"ptf_id":1211656,"ptf_ref":"1801865","category":"drifting_buoys","ptf_model":"SVP","wigos_ref":"0-22000-0-1801865","country_name":"GERMANY","country_ship":null,"goos_networks":"GDA","ptf_family_name":"Drifting Buoy","country_iso_reporting":"DE","country_sensor_provider":null}},{"type":"Feature","geometry":{"type":"Point","coordinates":[6.751,54.684]},"properties":{"ptf_id":1211937,"ptf_ref":"4401589","category":"drifting_buoys","ptf_model":"SVP_BRST","wigos_ref":"0-22000-0-4401589","country_name":"EUROPE","country_ship":null,"goos_networks":"GDA","ptf_family_name":"Drifting Buoy","country_iso_reporting":"EU","country_sensor_provider":null}},{"type":"Feature","geometry":{"type":"Point","coordinates":[-65.136,14.256]},"properties":{"ptf_id":1214217,"ptf_ref":"7810478","category":"drifting_buoys","ptf_model":"SVP B SIO","wigos_ref":"0-22000-0-7810478","country_name":"USA","country_ship":null,"goos_networks":"GDA","ptf_family_name":"Drifting Buoy","country_iso_reporting":"US","country_sensor_provider":null}},{"type":"Feature","geometry":{"type":"Point","coordinates":[-171.079,41.386]},"properties":{"ptf_id":1214277,"ptf_ref":"7810536","category":"drifting_buoys","ptf_model":"SVP B SIO","wigos_ref":"0-22000-0-7810536","country_name":"USA","country_ship":null,"goos_networks":"GDA","ptf_family_name":"Drifting Buoy","country_iso_reporting":"US","country_sensor_provider":null}},{"type":"Feature","geometry":{"type":"Point","coordinates":[135.11,25.44]},"properties":{"ptf_id":1214297,"ptf_ref":"7810537","category":"drifting_buoys","ptf_model":"SVP B SIO","wigos_ref":"0-22000-0-7810537","country_name":"USA","country_ship":null,"goos_networks":"GDA","ptf_family_name":"Drifting Buoy","country_iso_reporting":"US","country_sensor_provider":null}},{"type":"Feature","geometry":{"type":"Point","coordinates":[-167.946,37.19]},"properties":{"ptf_id":1214317,"ptf_ref":"7810539","category":"drifting_buoys","ptf_model":"SVP B SIO","wigos_ref":"0-22000-0-7810539","country_name":"USA","country_ship":null,"goos_networks":"GDA","ptf_family_name":"Drifting Buoy","country_iso_reporting":"US","country_sensor_provider":null}},{"type":"Feature","geometry":{"type":"Point","coordinates":[-165.789,40.468]},"properties":{"ptf_id":1214337,"ptf_ref":"7810540","category":"drifting_buoys","ptf_model":"SVP B SIO","wigos_ref":"0-22000-0-7810540","country_name":"USA","country_ship":null,"goos_networks":"GDA","ptf_family_name":"Drifting Buoy","country_iso_reporting":"US","country_sensor_provider":null}},{"type":"Feature","geometry":{"type":"Point","coordinates":[-176.438,38.224]},"properties":{"ptf_id":1214377,"ptf_ref":"7810547","category":"drifting_buoys","ptf_model":"SVP B SIO","wigos_ref":"0-22000-0-7810547","country_name":"USA","country_ship":null,"goos_networks":"GDA","ptf_family_name":"Drifting Buoy","country_iso_reporting":"US","country_sensor_provider":null}},{"type":"Feature","geometry":{"type":"Point","coordinates":[-179.112,37.544]},"properties":{"ptf_id":1214417,"ptf_ref":"7810549","category":"drifting_buoys","ptf_model":"SVP B SIO","wigos_ref":"0-22000-0-7810549","country_name":"USA","country_ship":null,"goos_networks":"GDA","ptf_family_name":"Drifting Buoy","country_iso_reporting":"US","country_sensor_provider":null}},{"type":"Feature","geometry":{"type":"Point","coordinates":[-54.326,27.209]},"properties":{"ptf_id":1214557,"ptf_ref":"7810187","category":"drifting_buoys","ptf_model":"SVP Pacific Gyre","wigos_ref":"0-22000-0-7810187","country_name":"USA","country_ship":"USA","goos_networks":"GDA","ptf_family_name":"Drifting Buoy","country_iso_reporting":"US","country_sensor_provider":null}},{"type":"Feature","geometry":{"type":"Point","coordinates":[-78.005,25.146]},"properties":{"ptf_id":1214577,"ptf_ref":"7810182","category":"drifting_buoys","ptf_model":"SVP Pacific Gyre","wigos_ref":"0-22000-0-7810182","country_name":"USA","country_ship":"USA","goos_networks":"GDA","ptf_family_name":"Drifting Buoy","country_iso_reporting":"US","country_sensor_provider":null}},{"type":"Feature","geometry":{"type":"Point","coordinates":[-66.594,29.554]},"properties":{"ptf_id":1214597,"ptf_ref":"7810181","category":"drifting_buoys","ptf_model":"SVP Pacific Gyre","wigos_ref":"0-22000-0-7810181","country_name":"USA","country_ship":"USA","goos_networks":"GDA","ptf_family_name":"Drifting Buoy","country_iso_reporting":"US","country_sensor_provider":null}},{"type":"Feature","geometry":{"type":"Point","coordinates":[50.934,-32.976]},"properties":{"ptf_id":1214937,"ptf_ref":"1501804","category":"drifting_buoys","ptf_model":"SVP","wigos_ref":"0-22000-0-1501804","country_name":"USA","country_ship":null,"goos_networks":"GDA","ptf_family_name":"Drifting Buoy","country_iso_reporting":"US","country_sensor_provider":null}},{"type":"Feature","geometry":{"type":"Point","coordinates":[-27.061,-22.987]},"properties":{"ptf_id":1214957,"ptf_ref":"1501845","category":"drifting_buoys","ptf_model":"SVP","wigos_ref":"0-22000-0-1501845","country_name":"USA","country_ship":null,"goos_networks":"GDA","ptf_family_name":"Drifting Buoy","country_iso_reporting":"US","country_sensor_provider":null}},{"type":"Feature","geometry":{"type":"Point","coordinates":[-15.576,-30.833]},"properties":{"ptf_id":1214977,"ptf_ref":"1501846","category":"drifting_buoys","ptf_model":"SVP","wigos_ref":"0-22000-0-1501846","country_name":"USA","country_ship":null,"goos_networks":"GDA","ptf_family_name":"Drifting Buoy","country_iso_reporting":"US","country_sensor_provider":null}},{"type":"Feature","geometry":{"type":"Point","coordinates":[2.472,-30.273]},"properties":{"ptf_id":1214997,"ptf_ref":"1501847","category":"drifting_buoys","ptf_model":"SVP","wigos_ref":"0-22000-0-1501847","country_name":"USA","country_ship":null,"goos_networks":"GDA","ptf_family_name":"Drifting Buoy","country_iso_reporting":"US","country_sensor_provider":null}},{"type":"Feature","geometry":{"type":"Point","coordinates":[-5.653,-35.322]},"properties":{"ptf_id":1215017,"ptf_ref":"1501848","category":"drifting_buoys","ptf_model":"SVP","wigos_ref":"0-22000-0-1501848","country_name":"USA","country_ship":null,"goos_networks":"GDA","ptf_family_name":"Drifting Buoy","country_iso_reporting":"US","country_sensor_provider":null}},{"type":"Feature","geometry":{"type":"Point","coordinates":[-44.649,-31.494]},"properties":{"ptf_id":1215037,"ptf_ref":"1701681","category":"drifting_buoys","ptf_model":"SVP","wigos_ref":"0-22000-0-1701681","country_name":"USA","country_ship":null,"goos_networks":"GDA","ptf_family_name":"Drifting Buoy","country_iso_reporting":"US","country_sensor_provider":null}},{"type":"Feature","geometry":{"type":"Point","coordinates":[-7.97,-30.462]},"properties":{"ptf_id":1215057,"ptf_ref":"1701682","category":"drifting_buoys","ptf_model":"SVP","wigos_ref":"0-22000-0-1701682","country_name":"USA","country_ship":null,"goos_networks":"GDA","ptf_family_name":"Drifting Buoy","country_iso_reporting":"US","country_sensor_provider":null}},{"type":"Feature","geometry":{"type":"Point","coordinates":[-0.679,-37.215]},"properties":{"ptf_id":1215077,"ptf_ref":"1701683","category":"drifting_buoys","ptf_model":"SVP","wigos_ref":"0-22000-0-1701683","country_name":"USA","country_ship":null,"goos_networks":"GDA","ptf_family_name":"Drifting Buoy","country_iso_reporting":"US","country_sensor_provider":null}},{"type":"Feature","geometry":{"type":"Point","coordinates":[-9.037,-29.567]},"properties":{"ptf_id":1215137,"ptf_ref":"1701686","category":"drifting_buoys","ptf_model":"SVP","wigos_ref":"0-22000-0-1701686","country_name":"USA","country_ship":null,"goos_networks":"GDA","ptf_family_name":"Drifting Buoy","country_iso_reporting":"US","country_sensor_provider":null}},{"type":"Feature","geometry":{"type":"Point","coordinates":[-11.456,-24.604]},"properties":{"ptf_id":1215157,"ptf_ref":"1701687","category":"drifting_buoys","ptf_model":"SVP","wigos_ref":"0-22000-0-1701687","country_name":"USA","country_ship":null,"goos_networks":"GDA","ptf_family_name":"Drifting Buoy","country_iso_reporting":"US","country_sensor_provider":null}},{"type":"Feature","geometry":{"type":"Point","coordinates":[-22.03,-31.836]},"properties":{"ptf_id":1215177,"ptf_ref":"1701688","category":"drifting_buoys","ptf_model":"SVP","wigos_ref":"0-22000-0-1701688","country_name":"USA","country_ship":null,"goos_networks":"GDA","ptf_family_name":"Drifting Buoy","country_iso_reporting":"US","country_sensor_provider":null}},{"type":"Feature","geometry":{"type":"Point","coordinates":[-16.674,-29.266]},"properties":{"ptf_id":1215197,"ptf_ref":"1701689","category":"drifting_buoys","ptf_model":"SVP","wigos_ref":"0-22000-0-1701689","country_name":"USA","country_ship":null,"goos_networks":"GDA","ptf_family_name":"Drifting Buoy","country_iso_reporting":"US","country_sensor_provider":null}},{"type":"Feature","geometry":{"type":"Point","coordinates":[-9.809,-34.602]},"properties":{"ptf_id":1215237,"ptf_ref":"1701693","category":"drifting_buoys","ptf_model":"SVP","wigos_ref":"0-22000-0-1701693","country_name":"USA","country_ship":null,"goos_networks":"GDA","ptf_family_name":"Drifting Buoy","country_iso_reporting":"US","country_sensor_provider":null}},{"type":"Feature","geometry":{"type":"Point","coordinates":[-9.843,-31.492]},"properties":{"ptf_id":1215257,"ptf_ref":"1701695","category":"drifting_buoys","ptf_model":"SVP","wigos_ref":"0-22000-0-1701695","country_name":"USA","country_ship":null,"goos_networks":"GDA","ptf_family_name":"Drifting Buoy","country_iso_reporting":"US","country_sensor_provider":null}},{"type":"Feature","geometry":{"type":"Point","coordinates":[-12.648,-30.41]},"properties":{"ptf_id":1215277,"ptf_ref":"1701696","category":"drifting_buoys","ptf_model":"SVP","wigos_ref":"0-22000-0-1701696","country_name":"USA","country_ship":null,"goos_networks":"GDA","ptf_family_name":"Drifting Buoy","country_iso_reporting":"US","country_sensor_provider":null}},{"type":"Feature","geometry":{"type":"Point","coordinates":[-20.243,-32.377]},"properties":{"ptf_id":1215337,"ptf_ref":"1701699","category":"drifting_buoys","ptf_model":"SVP","wigos_ref":"0-22000-0-1701699","country_name":"USA","country_ship":null,"goos_networks":"GDA","ptf_family_name":"Drifting Buoy","country_iso_reporting":"US","country_sensor_provider":null}},{"type":"Feature","geometry":{"type":"Point","coordinates":[-12.789,-39.618]},"properties":{"ptf_id":1215357,"ptf_ref":"1701700","category":"drifting_buoys","ptf_model":"SVP","wigos_ref":"0-22000-0-1701700","country_name":"USA","country_ship":null,"goos_networks":"GDA","ptf_family_name":"Drifting Buoy","country_iso_reporting":"US","country_sensor_provider":null}},{"type":"Feature","geometry":{"type":"Point","coordinates":[11.399,-35.593]},"properties":{"ptf_id":1215397,"ptf_ref":"1701722","category":"drifting_buoys","ptf_model":"SVP","wigos_ref":"0-22000-0-1701722","country_name":"USA","country_ship":null,"goos_networks":"GDA","ptf_family_name":"Drifting Buoy","country_iso_reporting":"US","country_sensor_provider":null}},{"type":"Feature","geometry":{"type":"Point","coordinates":[-5.903,-33.195]},"properties":{"ptf_id":1215437,"ptf_ref":"1701724","category":"drifting_buoys","ptf_model":"SVP","wigos_ref":"0-22000-0-1701724","country_name":"USA","country_ship":null,"goos_networks":"GDA","ptf_family_name":"Drifting Buoy","country_iso_reporting":"US","country_sensor_provider":null}},{"type":"Feature","geometry":{"type":"Point","coordinates":[-0.906,-32.326]},"properties":{"ptf_id":1215477,"ptf_ref":"1701727","category":"drifting_buoys","ptf_model":"SVP","wigos_ref":"0-22000-0-1701727","country_name":"USA","country_ship":null,"goos_networks":"GDA","ptf_family_name":"Drifting Buoy","country_iso_reporting":"US","country_sensor_provider":null}},{"type":"Feature","geometry":{"type":"Point","coordinates":[54.715,-28.087]},"properties":{"ptf_id":1215537,"ptf_ref":"1701694","category":"drifting_buoys","ptf_model":"SVP","wigos_ref":"0-22000-0-1701694","country_name":"USA","country_ship":null,"goos_networks":"GDA","ptf_family_name":"Drifting Buoy","country_iso_reporting":"US","country_sensor_provider":null}},{"type":"Feature","geometry":{"type":"Point","coordinates":[-110.528,-51.24]},"properties":{"ptf_id":1215817,"ptf_ref":"5601764","category":"drifting_buoys","ptf_model":"SVP B MetOcean","wigos_ref":"0-22000-0-5601764","country_name":"AUSTRALIA","country_ship":null,"goos_networks":"GDA","ptf_family_name":"Drifting Buoy","country_iso_reporting":"AU","country_sensor_provider":null}},{"type":"Feature","geometry":{"type":"Point","coordinates":[-145.106,-39.188]},"properties":{"ptf_id":1215837,"ptf_ref":"5601765","category":"drifting_buoys","ptf_model":"SVP B MetOcean","wigos_ref":"0-22000-0-5601765","country_name":"AUSTRALIA","country_ship":null,"goos_networks":"GDA","ptf_family_name":"Drifting Buoy","country_iso_reporting":"AU","country_sensor_provider":null}},{"type":"Feature","geometry":{"type":"Point","coordinates":[-122.599,-46.203]},"properties":{"ptf_id":1215857,"ptf_ref":"2802171","category":"drifting_buoys","ptf_model":"SVP B MetOcean","wigos_ref":"0-22000-0-2802171","country_name":"AUSTRALIA","country_ship":"AUSTRALIA","goos_networks":"GDA","ptf_family_name":"Drifting Buoy","country_iso_reporting":"AU","country_sensor_provider":null}},{"type":"Feature","geometry":{"type":"Point","coordinates":[-127.766,-48.3]},"properties":{"ptf_id":1215858,"ptf_ref":"3801771","category":"drifting_buoys","ptf_model":"SVP B MetOcean","wigos_ref":"0-22000-0-3801771","country_name":"AUSTRALIA","country_ship":"AUSTRALIA","goos_networks":"GDA","ptf_family_name":"Drifting Buoy","country_iso_reporting":"AU","country_sensor_provider":null}},{"type":"Feature","geometry":{"type":"Point","coordinates":[-37.84,-29.233]},"properties":{"ptf_id":1216297,"ptf_ref":"4401598","category":"drifting_buoys","ptf_model":"SVP_BRST","wigos_ref":"0-22000-0-4401598","country_name":"EUROPE","country_ship":"FRANCE","goos_networks":"GDA","ptf_family_name":"Drifting Buoy","country_iso_reporting":"EU","country_sensor_provider":null}},{"type":"Feature","geometry":{"type":"Point","coordinates":[-33.484,-25.582]},"properties":{"ptf_id":1218597,"ptf_ref":"4401599","category":"drifting_buoys","ptf_model":"SVP_BRST","wigos_ref":"0-22000-0-4401599","country_name":"EUROPE","country_ship":"FRANCE","goos_networks":"GDA","ptf_family_name":"Drifting Buoy","country_iso_reporting":"EU","country_sensor_provider":null}},{"type":"Feature","geometry":{"type":"Point","coordinates":[-36.256,-25.422]},"properties":{"ptf_id":1218617,"ptf_ref":"4401650","category":"drifting_buoys","ptf_model":"SVP_BRST","wigos_ref":"0-22000-0-4401650","country_name":"EUROPE","country_ship":"FRANCE","goos_networks":"GDA","ptf_family_name":"Drifting Buoy","country_iso_reporting":"EU","country_sensor_provider":null}},{"type":"Feature","geometry":{"type":"Point","coordinates":[171.703,-23.585]},"properties":{"ptf_id":1219477,"ptf_ref":"1301742","category":"drifting_buoys","ptf_model":"SVP DBi","wigos_ref":"0-22000-0-1301742","country_name":"USA","country_ship":null,"goos_networks":"GDA","ptf_family_name":"Drifting Buoy","country_iso_reporting":"US","country_sensor_provider":null}},{"type":"Feature","geometry":{"type":"Point","coordinates":[-115.603,-33.324]},"properties":{"ptf_id":1219557,"ptf_ref":"3201881","category":"drifting_buoys","ptf_model":"SVP DBi","wigos_ref":"0-22000-0-3201881","country_name":"USA","country_ship":null,"goos_networks":"GDA","ptf_family_name":"Drifting Buoy","country_iso_reporting":"US","country_sensor_provider":null}},{"type":"Feature","geometry":{"type":"Point","coordinates":[-93.833,-31.387]},"properties":{"ptf_id":1219577,"ptf_ref":"3201882","category":"drifting_buoys","ptf_model":"SVP DBi","wigos_ref":"0-22000-0-3201882","country_name":"USA","country_ship":null,"goos_networks":"GDA","ptf_family_name":"Drifting Buoy","country_iso_reporting":"US","country_sensor_provider":null}},{"type":"Feature","geometry":{"type":"Point","coordinates":[-105.595,-28.571]},"properties":{"ptf_id":1219617,"ptf_ref":"3201886","category":"drifting_buoys","ptf_model":"SVP DBi","wigos_ref":"0-22000-0-3201886","country_name":"USA","country_ship":null,"goos_networks":"GDA","ptf_family_name":"Drifting Buoy","country_iso_reporting":"US","country_sensor_provider":null}},{"type":"Feature","geometry":{"type":"Point","coordinates":[-119.822,-35.246]},"properties":{"ptf_id":1219637,"ptf_ref":"3201887","category":"drifting_buoys","ptf_model":"SVP DBi","wigos_ref":"0-22000-0-3201887","country_name":"USA","country_ship":null,"goos_networks":"GDA","ptf_family_name":"Drifting Buoy","country_iso_reporting":"US","country_sensor_provider":null}},{"type":"Feature","geometry":{"type":"Point","coordinates":[-105.785,-28.382]},"properties":{"ptf_id":1219657,"ptf_ref":"3201888","category":"drifting_buoys","ptf_model":"SVP DBi","wigos_ref":"0-22000-0-3201888","country_name":"USA","country_ship":null,"goos_networks":"GDA","ptf_family_name":"Drifting Buoy","country_iso_reporting":"US","country_sensor_provider":null}},{"type":"Feature","geometry":{"type":"Point","coordinates":[-109.756,-27.079]},"properties":{"ptf_id":1219697,"ptf_ref":"3201890","category":"drifting_buoys","ptf_model":"SVP DBi","wigos_ref":"0-22000-0-3201890","country_name":"USA","country_ship":null,"goos_networks":"GDA","ptf_family_name":"Drifting Buoy","country_iso_reporting":"US","country_sensor_provider":null}},{"type":"Feature","geometry":{"type":"Point","coordinates":[-121.375,-20.761]},"properties":{"ptf_id":1219717,"ptf_ref":"3201891","category":"drifting_buoys","ptf_model":"SVP DBi","wigos_ref":"0-22000-0-3201891","country_name":"USA","country_ship":null,"goos_networks":"GDA","ptf_family_name":"Drifting Buoy","country_iso_reporting":"US","country_sensor_provider":null}},{"type":"Feature","geometry":{"type":"Point","coordinates":[-113.311,-21.883]},"properties":{"ptf_id":1219737,"ptf_ref":"3201892","category":"drifting_buoys","ptf_model":"SVP DBi","wigos_ref":"0-22000-0-3201892","country_name":"USA","country_ship":null,"goos_networks":"GDA","ptf_family_name":"Drifting Buoy","country_iso_reporting":"US","country_sensor_provider":null}},{"type":"Feature","geometry":{"type":"Point","coordinates":[-121.651,-34.287]},"properties":{"ptf_id":1219777,"ptf_ref":"3201894","category":"drifting_buoys","ptf_model":"SVP DBi","wigos_ref":"0-22000-0-3201894","country_name":"USA","country_ship":null,"goos_networks":"GDA","ptf_family_name":"Drifting Buoy","country_iso_reporting":"US","country_sensor_provider":null}},{"type":"Feature","geometry":{"type":"Point","coordinates":[-107.775,-27.853]},"properties":{"ptf_id":1219797,"ptf_ref":"3201895","category":"drifting_buoys","ptf_model":"SVP DBi","wigos_ref":"0-22000-0-3201895","country_name":"USA","country_ship":null,"goos_networks":"GDA","ptf_family_name":"Drifting Buoy","country_iso_reporting":"US","country_sensor_provider":null}},{"type":"Feature","geometry":{"type":"Point","coordinates":[-98.147,-29.474]},"properties":{"ptf_id":1219857,"ptf_ref":"3201899","category":"drifting_buoys","ptf_model":"SVP DBi","wigos_ref":"0-22000-0-3201899","country_name":"USA","country_ship":null,"goos_networks":"GDA","ptf_family_name":"Drifting Buoy","country_iso_reporting":"US","country_sensor_provider":null}},{"type":"Feature","geometry":{"type":"Point","coordinates":[-110.381,-26.2]},"properties":{"ptf_id":1219877,"ptf_ref":"3202500","category":"drifting_buoys","ptf_model":"SVP DBi","wigos_ref":"0-22000-0-3202500","country_name":"USA","country_ship":null,"goos_networks":"GDA","ptf_family_name":"Drifting Buoy","country_iso_reporting":"US","country_sensor_provider":null}},{"type":"Feature","geometry":{"type":"Point","coordinates":[-98.464,-29.167]},"properties":{"ptf_id":1219897,"ptf_ref":"3202501","category":"drifting_buoys","ptf_model":"SVP DBi","wigos_ref":"0-22000-0-3202501","country_name":"USA","country_ship":null,"goos_networks":"GDA","ptf_family_name":"Drifting Buoy","country_iso_reporting":"US","country_sensor_provider":null}},{"type":"Feature","geometry":{"type":"Point","coordinates":[-100.99,-32.48]},"properties":{"ptf_id":1219917,"ptf_ref":"3202502","category":"drifting_buoys","ptf_model":"SVP DBi","wigos_ref":"0-22000-0-3202502","country_name":"USA","country_ship":null,"goos_networks":"GDA","ptf_family_name":"Drifting Buoy","country_iso_reporting":"US","country_sensor_provider":null}},{"type":"Feature","geometry":{"type":"Point","coordinates":[-110.393,-26.262]},"properties":{"ptf_id":1219957,"ptf_ref":"3202504","category":"drifting_buoys","ptf_model":"SVP DBi","wigos_ref":"0-22000-0-3202504","country_name":"USA","country_ship":null,"goos_networks":"GDA","ptf_family_name":"Drifting Buoy","country_iso_reporting":"US","country_sensor_provider":null}},{"type":"Feature","geometry":{"type":"Point","coordinates":[-44.821,27.346]},"properties":{"ptf_id":1219977,"ptf_ref":"4101858","category":"drifting_buoys","ptf_model":"SVP DBi","wigos_ref":"0-22000-0-4101858","country_name":"USA","country_ship":null,"goos_networks":"GDA","ptf_family_name":"Drifting Buoy","country_iso_reporting":"US","country_sensor_provider":null}},{"type":"Feature","geometry":{"type":"Point","coordinates":[-59.421,29.232]},"properties":{"ptf_id":1219997,"ptf_ref":"4101884","category":"drifting_buoys","ptf_model":"SVP DBi","wigos_ref":"0-22000-0-4101884","country_name":"USA","country_ship":null,"goos_networks":"GDA","ptf_family_name":"Drifting Buoy","country_iso_reporting":"US","country_sensor_provider":null}},{"type":"Feature","geometry":{"type":"Point","coordinates":[-62.419,22.318]},"properties":{"ptf_id":1220017,"ptf_ref":"4101885","category":"drifting_buoys","ptf_model":"SVP DBi","wigos_ref":"0-22000-0-4101885","country_name":"USA","country_ship":null,"goos_networks":"GDA","ptf_family_name":"Drifting Buoy","country_iso_reporting":"US","country_sensor_provider":null}},{"type":"Feature","geometry":{"type":"Point","coordinates":[-100.345,-41.536]},"properties":{"ptf_id":1220057,"ptf_ref":"1601744","category":"drifting_buoys","ptf_model":"SVP B DBi","wigos_ref":"0-22000-0-1601744","country_name":"USA","country_ship":null,"goos_networks":"GDA","ptf_family_name":"Drifting Buoy","country_iso_reporting":"US","country_sensor_provider":null}},{"type":"Feature","geometry":{"type":"Point","coordinates":[51.165,-23.933]},"properties":{"ptf_id":1220077,"ptf_ref":"1601745","category":"drifting_buoys","ptf_model":"SVP B DBi","wigos_ref":"0-22000-0-1601745","country_name":"USA","country_ship":null,"goos_networks":"GDA","ptf_family_name":"Drifting Buoy","country_iso_reporting":"US","country_sensor_provider":null}},{"type":"Feature","geometry":{"type":"Point","coordinates":[44.845,-0.186]},"properties":{"ptf_id":1220117,"ptf_ref":"1601747","category":"drifting_buoys","ptf_model":"SVP B DBi","wigos_ref":"0-22000-0-1601747","country_name":"USA","country_ship":null,"goos_networks":"GDA","ptf_family_name":"Drifting Buoy","country_iso_reporting":"US","country_sensor_provider":null}},{"type":"Feature","geometry":{"type":"Point","coordinates":[87.312,-26.901]},"properties":{"ptf_id":1220137,"ptf_ref":"1601748","category":"drifting_buoys","ptf_model":"SVP B DBi","wigos_ref":"0-22000-0-1601748","country_name":"USA","country_ship":null,"goos_networks":"GDA","ptf_family_name":"Drifting Buoy","country_iso_reporting":"US","country_sensor_provider":null}},{"type":"Feature","geometry":{"type":"Point","coordinates":[-26.652,-29.192]},"properties":{"ptf_id":1220157,"ptf_ref":"1601749","category":"drifting_buoys","ptf_model":"SVP B DBi","wigos_ref":"0-22000-0-1601749","country_name":"USA","country_ship":null,"goos_networks":"GDA","ptf_family_name":"Drifting Buoy","country_iso_reporting":"US","country_sensor_provider":null}},{"type":"Feature","geometry":{"type":"Point","coordinates":[42.415,-30.803]},"properties":{"ptf_id":1220217,"ptf_ref":"1601757","category":"drifting_buoys","ptf_model":"SVP B DBi","wigos_ref":"0-22000-0-1601757","country_name":"USA","country_ship":"USA","goos_networks":"GDA","ptf_family_name":"Drifting Buoy","country_iso_reporting":"US","country_sensor_provider":null}},{"type":"Feature","geometry":{"type":"Point","coordinates":[83.169,-30.426]},"properties":{"ptf_id":1220257,"ptf_ref":"1601759","category":"drifting_buoys","ptf_model":"SVP B DBi","wigos_ref":"0-22000-0-1601759","country_name":"USA","country_ship":"USA","goos_networks":"GDA","ptf_family_name":"Drifting Buoy","country_iso_reporting":"US","country_sensor_provider":null}},{"type":"Feature","geometry":{"type":"Point","coordinates":[57.091,-24.602]},"properties":{"ptf_id":1220277,"ptf_ref":"1601760","category":"drifting_buoys","ptf_model":"SVP B DBi","wigos_ref":"0-22000-0-1601760","country_name":"USA","country_ship":"USA","goos_networks":"GDA","ptf_family_name":"Drifting Buoy","country_iso_reporting":"US","country_sensor_provider":null}},{"type":"Feature","geometry":{"type":"Point","coordinates":[67.569,-33.61]},"properties":{"ptf_id":1220317,"ptf_ref":"1601763","category":"drifting_buoys","ptf_model":"SVP B DBi","wigos_ref":"0-22000-0-1601763","country_name":"USA","country_ship":"USA","goos_networks":"GDA","ptf_family_name":"Drifting Buoy","country_iso_reporting":"US","country_sensor_provider":null}},{"type":"Feature","geometry":{"type":"Point","coordinates":[-4.824,-26.404]},"properties":{"ptf_id":1220337,"ptf_ref":"1701658","category":"drifting_buoys","ptf_model":"SVP B DBi","wigos_ref":"0-22000-0-1701658","country_name":"USA","country_ship":null,"goos_networks":"GDA","ptf_family_name":"Drifting Buoy","country_iso_reporting":"US","country_sensor_provider":null}},{"type":"Feature","geometry":{"type":"Point","coordinates":[-72.167,-34.886]},"properties":{"ptf_id":1220357,"ptf_ref":"1701664","category":"drifting_buoys","ptf_model":"SVP B DBi","wigos_ref":"0-22000-0-1701664","country_name":"USA","country_ship":null,"goos_networks":"GDA","ptf_family_name":"Drifting Buoy","country_iso_reporting":"US","country_sensor_provider":null}},{"type":"Feature","geometry":{"type":"Point","coordinates":[-34.137,-31.647]},"properties":{"ptf_id":1220377,"ptf_ref":"1701665","category":"drifting_buoys","ptf_model":"SVP B DBi","wigos_ref":"0-22000-0-1701665","country_name":"USA","country_ship":null,"goos_networks":"GDA","ptf_family_name":"Drifting Buoy","country_iso_reporting":"US","country_sensor_provider":null}},{"type":"Feature","geometry":{"type":"Point","coordinates":[35.476,-25.852]},"properties":{"ptf_id":1220417,"ptf_ref":"1701672","category":"drifting_buoys","ptf_model":"SVP B DBi","wigos_ref":"0-22000-0-1701672","country_name":"USA","country_ship":null,"goos_networks":"GDA","ptf_family_name":"Drifting Buoy","country_iso_reporting":"US","country_sensor_provider":null}},{"type":"Feature","geometry":{"type":"Point","coordinates":[63.669,-20.628]},"properties":{"ptf_id":1220437,"ptf_ref":"1701673","category":"drifting_buoys","ptf_model":"SVP B DBi","wigos_ref":"0-22000-0-1701673","country_name":"USA","country_ship":null,"goos_networks":"GDA","ptf_family_name":"Drifting Buoy","country_iso_reporting":"US","country_sensor_provider":null}},{"type":"Feature","geometry":{"type":"Point","coordinates":[72.177,-25.89]},"properties":{"ptf_id":1220477,"ptf_ref":"1701678","category":"drifting_buoys","ptf_model":"SVP B DBi","wigos_ref":"0-22000-0-1701678","country_name":"USA","country_ship":null,"goos_networks":"GDA","ptf_family_name":"Drifting Buoy","country_iso_reporting":"US","country_sensor_provider":null}},{"type":"Feature","geometry":{"type":"Point","coordinates":[-134.713,27.463]},"properties":{"ptf_id":1220497,"ptf_ref":"2101866","category":"drifting_buoys","ptf_model":"SVP B DBi","wigos_ref":"0-22000-0-2101866","country_name":"USA","country_ship":null,"goos_networks":"GDA","ptf_family_name":"Drifting Buoy","country_iso_reporting":"US","country_sensor_provider":null}},{"type":"Feature","geometry":{"type":"Point","coordinates":[-163.582,-27.006]},"properties":{"ptf_id":1220577,"ptf_ref":"5501692","category":"drifting_buoys","ptf_model":"SVP B DBi","wigos_ref":"0-22000-0-5501692","country_name":"USA","country_ship":"NEW ZEALAND","goos_networks":"GDA","ptf_family_name":"Drifting Buoy","country_iso_reporting":"US","country_sensor_provider":null}},{"type":"Feature","geometry":{"type":"Point","coordinates":[-90.991,-33.968]},"properties":{"ptf_id":1220597,"ptf_ref":"5501693","category":"drifting_buoys","ptf_model":"SVP B DBi","wigos_ref":"0-22000-0-5501693","country_name":"USA","country_ship":"NEW ZEALAND","goos_networks":"GDA","ptf_family_name":"Drifting Buoy","country_iso_reporting":"US","country_sensor_provider":null}},{"type":"Feature","geometry":{"type":"Point","coordinates":[-134.383,-31.063]},"properties":{"ptf_id":1220617,"ptf_ref":"5501694","category":"drifting_buoys","ptf_model":"SVP B DBi","wigos_ref":"0-22000-0-5501694","country_name":"USA","country_ship":"NEW ZEALAND","goos_networks":"GDA","ptf_family_name":"Drifting Buoy","country_iso_reporting":"US","country_sensor_provider":null}},{"type":"Feature","geometry":{"type":"Point","coordinates":[-159.598,-25.121]},"properties":{"ptf_id":1220637,"ptf_ref":"5501695","category":"drifting_buoys","ptf_model":"SVP B DBi","wigos_ref":"0-22000-0-5501695","country_name":"USA","country_ship":"NEW ZEALAND","goos_networks":"GDA","ptf_family_name":"Drifting Buoy","country_iso_reporting":"US","country_sensor_provider":null}},{"type":"Feature","geometry":{"type":"Point","coordinates":[-164.545,-28.46]},"properties":{"ptf_id":1220657,"ptf_ref":"5501696","category":"drifting_buoys","ptf_model":"SVP B DBi","wigos_ref":"0-22000-0-5501696","country_name":"USA","country_ship":"NEW ZEALAND","goos_networks":"GDA","ptf_family_name":"Drifting Buoy","country_iso_reporting":"US","country_sensor_provider":null}},{"type":"Feature","geometry":{"type":"Point","coordinates":[-150.194,-23.309]},"properties":{"ptf_id":1220677,"ptf_ref":"5501697","category":"drifting_buoys","ptf_model":"SVP B DBi","wigos_ref":"0-22000-0-5501697","country_name":"USA","country_ship":"NEW ZEALAND","goos_networks":"GDA","ptf_family_name":"Drifting Buoy","country_iso_reporting":"US","country_sensor_provider":null}},{"type":"Feature","geometry":{"type":"Point","coordinates":[-149.503,-29.282]},"properties":{"ptf_id":1220697,"ptf_ref":"5501698","category":"drifting_buoys","ptf_model":"SVP B DBi","wigos_ref":"0-22000-0-5501698","country_name":"USA","country_ship":"NEW ZEALAND","goos_networks":"GDA","ptf_family_name":"Drifting Buoy","country_iso_reporting":"US","country_sensor_provider":null}},{"type":"Feature","geometry":{"type":"Point","coordinates":[-170.848,-15.685]},"properties":{"ptf_id":1220717,"ptf_ref":"5501699","category":"drifting_buoys","ptf_model":"SVP B DBi","wigos_ref":"0-22000-0-5501699","country_name":"USA","country_ship":"NEW ZEALAND","goos_networks":"GDA","ptf_family_name":"Drifting Buoy","country_iso_reporting":"US","country_sensor_provider":null}},{"type":"Feature","geometry":{"type":"Point","coordinates":[-119.161,-28.295]},"properties":{"ptf_id":1220737,"ptf_ref":"5501700","category":"drifting_buoys","ptf_model":"SVP B DBi","wigos_ref":"0-22000-0-5501700","country_name":"USA","country_ship":"NEW ZEALAND","goos_networks":"GDA","ptf_family_name":"Drifting Buoy","country_iso_reporting":"US","country_sensor_provider":null}},{"type":"Feature","geometry":{"type":"Point","coordinates":[-148.744,-28.489]},"properties":{"ptf_id":1220757,"ptf_ref":"5501701","category":"drifting_buoys","ptf_model":"SVP B DBi","wigos_ref":"0-22000-0-5501701","country_name":"USA","country_ship":"NEW ZEALAND","goos_networks":"GDA","ptf_family_name":"Drifting Buoy","country_iso_reporting":"US","country_sensor_provider":null}},{"type":"Feature","geometry":{"type":"Point","coordinates":[-110.929,-36.627]},"properties":{"ptf_id":1220777,"ptf_ref":"5501702","category":"drifting_buoys","ptf_model":"SVP B DBi","wigos_ref":"0-22000-0-5501702","country_name":"USA","country_ship":null,"goos_networks":"GDA","ptf_family_name":"Drifting Buoy","country_iso_reporting":"US","country_sensor_provider":null}},{"type":"Feature","geometry":{"type":"Point","coordinates":[-124.719,-29.222]},"properties":{"ptf_id":1220797,"ptf_ref":"5501703","category":"drifting_buoys","ptf_model":"SVP B DBi","wigos_ref":"0-22000-0-5501703","country_name":"USA","country_ship":null,"goos_networks":"GDA","ptf_family_name":"Drifting Buoy","country_iso_reporting":"US","country_sensor_provider":null}},{"type":"Feature","geometry":{"type":"Point","coordinates":[-89.619,-21.05]},"properties":{"ptf_id":1220817,"ptf_ref":"5501704","category":"drifting_buoys","ptf_model":"SVP B DBi","wigos_ref":"0-22000-0-5501704","country_name":"USA","country_ship":null,"goos_networks":"GDA","ptf_family_name":"Drifting Buoy","country_iso_reporting":"US","country_sensor_provider":null}},{"type":"Feature","geometry":{"type":"Point","coordinates":[-102.025,-32.402]},"properties":{"ptf_id":1220837,"ptf_ref":"5501705","category":"drifting_buoys","ptf_model":"SVP B DBi","wigos_ref":"0-22000-0-5501705","country_name":"USA","country_ship":null,"goos_networks":"GDA","ptf_family_name":"Drifting Buoy","country_iso_reporting":"US","country_sensor_provider":null}},{"type":"Feature","geometry":{"type":"Point","coordinates":[-146.696,-32.789]},"properties":{"ptf_id":1220857,"ptf_ref":"5501706","category":"drifting_buoys","ptf_model":"SVP B DBi","wigos_ref":"0-22000-0-5501706","country_name":"USA","country_ship":null,"goos_networks":"GDA","ptf_family_name":"Drifting Buoy","country_iso_reporting":"US","country_sensor_provider":null}},{"type":"Feature","geometry":{"type":"Point","coordinates":[-85.016,-34.101]},"properties":{"ptf_id":1220877,"ptf_ref":"5501707","category":"drifting_buoys","ptf_model":"SVP B DBi","wigos_ref":"0-22000-0-5501707","country_name":"USA","country_ship":null,"goos_networks":"GDA","ptf_family_name":"Drifting Buoy","country_iso_reporting":"US","country_sensor_provider":null}},{"type":"Feature","geometry":{"type":"Point","coordinates":[84.538,-33.138]},"properties":{"ptf_id":1220897,"ptf_ref":"5501708","category":"drifting_buoys","ptf_model":"SVP B DBi","wigos_ref":"0-22000-0-5501708","country_name":"USA","country_ship":null,"goos_networks":"GDA","ptf_family_name":"Drifting Buoy","country_iso_reporting":"US","country_sensor_provider":null}},{"type":"Feature","geometry":{"type":"Point","coordinates":[-137.38,-17.82]},"properties":{"ptf_id":1220917,"ptf_ref":"5501709","category":"drifting_buoys","ptf_model":"SVP B DBi","wigos_ref":"0-22000-0-5501709","country_name":"USA","country_ship":null,"goos_networks":"GDA","ptf_family_name":"Drifting Buoy","country_iso_reporting":"US","country_sensor_provider":null}},{"type":"Feature","geometry":{"type":"Point","coordinates":[-144.942,-29.693]},"properties":{"ptf_id":1220977,"ptf_ref":"5501714","category":"drifting_buoys","ptf_model":"SVP B DBi","wigos_ref":"0-22000-0-5501714","country_name":"USA","country_ship":"AUSTRALIA","goos_networks":"GDA","ptf_family_name":"Drifting Buoy","country_iso_reporting":"US","country_sensor_provider":null}},{"type":"Feature","geometry":{"type":"Point","coordinates":[143.517,-13.218]},"properties":{"ptf_id":1221057,"ptf_ref":"5501718","category":"drifting_buoys","ptf_model":"SVP B DBi","wigos_ref":"0-22000-0-5501718","country_name":"USA","country_ship":"AUSTRALIA","goos_networks":"GDA","ptf_family_name":"Drifting Buoy","country_iso_reporting":"US","country_sensor_provider":null}},{"type":"Feature","geometry":{"type":"Point","coordinates":[148.449,-19.194]},"properties":{"ptf_id":1221077,"ptf_ref":"5501719","category":"drifting_buoys","ptf_model":"SVP B DBi","wigos_ref":"0-22000-0-5501719","country_name":"USA","country_ship":"AUSTRALIA","goos_networks":"GDA","ptf_family_name":"Drifting Buoy","country_iso_reporting":"US","country_sensor_provider":null}},{"type":"Feature","geometry":{"type":"Point","coordinates":[147.033,-19.353]},"properties":{"ptf_id":1221097,"ptf_ref":"5501720","category":"drifting_buoys","ptf_model":"SVP B DBi","wigos_ref":"0-22000-0-5501720","country_name":"USA","country_ship":"AUSTRALIA","goos_networks":"GDA","ptf_family_name":"Drifting Buoy","country_iso_reporting":"US","country_sensor_provider":null}},{"type":"Feature","geometry":{"type":"Point","coordinates":[174.262,-35.224]},"properties":{"ptf_id":1221117,"ptf_ref":"5501721","category":"drifting_buoys","ptf_model":"SVP B DBi","wigos_ref":"0-22000-0-5501721","country_name":"USA","country_ship":"AUSTRALIA","goos_networks":"GDA","ptf_family_name":"Drifting Buoy","country_iso_reporting":"US","country_sensor_provider":null}},{"type":"Feature","geometry":{"type":"Point","coordinates":[-89.997,-47.678]},"properties":{"ptf_id":1221177,"ptf_ref":"5601717","category":"drifting_buoys","ptf_model":"SVP B DBi","wigos_ref":"0-22000-0-5601717","country_name":"USA","country_ship":"USA","goos_networks":"GDA","ptf_family_name":"Drifting Buoy","country_iso_reporting":"US","country_sensor_provider":null}},{"type":"Feature","geometry":{"type":"Point","coordinates":[-145.402,34.988]},"properties":{"ptf_id":1221357,"ptf_ref":"2101851","category":"drifting_buoys","ptf_model":"SVP B Pacific Gyre","wigos_ref":"0-22000-0-2101851","country_name":"USA","country_ship":null,"goos_networks":"GDA","ptf_family_name":"Drifting Buoy","country_iso_reporting":"US","country_sensor_provider":null}},{"type":"Feature","geometry":{"type":"Point","coordinates":[-141.677,37.648]},"properties":{"ptf_id":1221377,"ptf_ref":"2101852","category":"drifting_buoys","ptf_model":"SVP B Pacific Gyre","wigos_ref":"0-22000-0-2101852","country_name":"USA","country_ship":null,"goos_networks":"GDA","ptf_family_name":"Drifting Buoy","country_iso_reporting":"US","country_sensor_provider":null}},{"type":"Feature","geometry":{"type":"Point","coordinates":[-148.937,38.95]},"properties":{"ptf_id":1221397,"ptf_ref":"2101853","category":"drifting_buoys","ptf_model":"SVP B Pacific Gyre","wigos_ref":"0-22000-0-2101853","country_name":"USA","country_ship":null,"goos_networks":"GDA","ptf_family_name":"Drifting Buoy","country_iso_reporting":"US","country_sensor_provider":null}},{"type":"Feature","geometry":{"type":"Point","coordinates":[-155.512,35.274]},"properties":{"ptf_id":1221437,"ptf_ref":"2101855","category":"drifting_buoys","ptf_model":"SVP B Pacific Gyre","wigos_ref":"0-22000-0-2101855","country_name":"USA","country_ship":null,"goos_networks":"GDA","ptf_family_name":"Drifting Buoy","country_iso_reporting":"US","country_sensor_provider":null}},{"type":"Feature","geometry":{"type":"Point","coordinates":[-127.88,50.098]},"properties":{"ptf_id":1221497,"ptf_ref":"2101868","category":"drifting_buoys","ptf_model":"SVP B Pacific Gyre","wigos_ref":"0-22000-0-2101868","country_name":"USA","country_ship":null,"goos_networks":"GDA","ptf_family_name":"Drifting Buoy","country_iso_reporting":"US","country_sensor_provider":null}},{"type":"Feature","geometry":{"type":"Point","coordinates":[-131.32,46.553]},"properties":{"ptf_id":1221517,"ptf_ref":"2101869","category":"drifting_buoys","ptf_model":"SVP B Pacific Gyre","wigos_ref":"0-22000-0-2101869","country_name":"USA","country_ship":null,"goos_networks":"GDA","ptf_family_name":"Drifting Buoy","country_iso_reporting":"US","country_sensor_provider":null}},{"type":"Feature","geometry":{"type":"Point","coordinates":[153.584,45.783]},"properties":{"ptf_id":1221577,"ptf_ref":"2101873","category":"drifting_buoys","ptf_model":"SVP B Pacific Gyre","wigos_ref":"0-22000-0-2101873","country_name":"USA","country_ship":null,"goos_networks":"GDA","ptf_family_name":"Drifting Buoy","country_iso_reporting":"US","country_sensor_provider":null}},{"type":"Feature","geometry":{"type":"Point","coordinates":[-179.753,35.866]},"properties":{"ptf_id":1221617,"ptf_ref":"2101875","category":"drifting_buoys","ptf_model":"SVP B Pacific Gyre","wigos_ref":"0-22000-0-2101875","country_name":"USA","country_ship":null,"goos_networks":"GDA","ptf_family_name":"Drifting Buoy","country_iso_reporting":"US","country_sensor_provider":null}},{"type":"Feature","geometry":{"type":"Point","coordinates":[-95.263,-33.583]},"properties":{"ptf_id":1221777,"ptf_ref":"3401650","category":"drifting_buoys","ptf_model":"SVP B Pacific Gyre","wigos_ref":"0-22000-0-3401650","country_name":"USA","country_ship":null,"goos_networks":"GDA","ptf_family_name":"Drifting Buoy","country_iso_reporting":"US","country_sensor_provider":null}},{"type":"Feature","geometry":{"type":"Point","coordinates":[-110.637,-22.543]},"properties":{"ptf_id":1221797,"ptf_ref":"3401651","category":"drifting_buoys","ptf_model":"SVP B Pacific Gyre","wigos_ref":"0-22000-0-3401651","country_name":"USA","country_ship":null,"goos_networks":"GDA","ptf_family_name":"Drifting Buoy","country_iso_reporting":"US","country_sensor_provider":null}},{"type":"Feature","geometry":{"type":"Point","coordinates":[-89.325,-33.741]},"properties":{"ptf_id":1221837,"ptf_ref":"3401653","category":"drifting_buoys","ptf_model":"SVP B Pacific Gyre","wigos_ref":"0-22000-0-3401653","country_name":"USA","country_ship":null,"goos_networks":"GDA","ptf_family_name":"Drifting Buoy","country_iso_reporting":"US","country_sensor_provider":null}},{"type":"Feature","geometry":{"type":"Point","coordinates":[-113.182,-28.088]},"properties":{"ptf_id":1221857,"ptf_ref":"3401654","category":"drifting_buoys","ptf_model":"SVP B Pacific Gyre","wigos_ref":"0-22000-0-3401654","country_name":"USA","country_ship":null,"goos_networks":"GDA","ptf_family_name":"Drifting Buoy","country_iso_reporting":"US","country_sensor_provider":null}},{"type":"Feature","geometry":{"type":"Point","coordinates":[-115.38,-26.49]},"properties":{"ptf_id":1221877,"ptf_ref":"3401655","category":"drifting_buoys","ptf_model":"SVP B Pacific Gyre","wigos_ref":"0-22000-0-3401655","country_name":"USA","country_ship":null,"goos_networks":"GDA","ptf_family_name":"Drifting Buoy","country_iso_reporting":"US","country_sensor_provider":null}},{"type":"Feature","geometry":{"type":"Point","coordinates":[-93.195,-33.643]},"properties":{"ptf_id":1221917,"ptf_ref":"3401657","category":"drifting_buoys","ptf_model":"SVP B Pacific Gyre","wigos_ref":"0-22000-0-3401657","country_name":"USA","country_ship":null,"goos_networks":"GDA","ptf_family_name":"Drifting Buoy","country_iso_reporting":"US","country_sensor_provider":null}},{"type":"Feature","geometry":{"type":"Point","coordinates":[-91.201,-30.891]},"properties":{"ptf_id":1221937,"ptf_ref":"3401658","category":"drifting_buoys","ptf_model":"SVP B Pacific Gyre","wigos_ref":"0-22000-0-3401658","country_name":"USA","country_ship":null,"goos_networks":"GDA","ptf_family_name":"Drifting Buoy","country_iso_reporting":"US","country_sensor_provider":null}},{"type":"Feature","geometry":{"type":"Point","coordinates":[-113.034,-27.446]},"properties":{"ptf_id":1221957,"ptf_ref":"3401659","category":"drifting_buoys","ptf_model":"SVP B Pacific Gyre","wigos_ref":"0-22000-0-3401659","country_name":"USA","country_ship":null,"goos_networks":"GDA","ptf_family_name":"Drifting Buoy","country_iso_reporting":"US","country_sensor_provider":null}},{"type":"Feature","geometry":{"type":"Point","coordinates":[-118.78,-38.745]},"properties":{"ptf_id":1222297,"ptf_ref":"5201828","category":"drifting_buoys","ptf_model":"SVP B Pacific Gyre","wigos_ref":"0-22000-0-5201828","country_name":"USA","country_ship":null,"goos_networks":"GDA","ptf_family_name":"Drifting Buoy","country_iso_reporting":"US","country_sensor_provider":null}},{"type":"Feature","geometry":{"type":"Point","coordinates":[-25.877,-38.433]},"properties":{"ptf_id":1222417,"ptf_ref":"5201838","category":"drifting_buoys","ptf_model":"SVP B Pacific Gyre","wigos_ref":"0-22000-0-5201838","country_name":"USA","country_ship":null,"goos_networks":"GDA","ptf_family_name":"Drifting Buoy","country_iso_reporting":"US","country_sensor_provider":null}},{"type":"Feature","geometry":{"type":"Point","coordinates":[-87.849,-38.469]},"properties":{"ptf_id":1222437,"ptf_ref":"5501792","category":"drifting_buoys","ptf_model":"SVP B Pacific Gyre","wigos_ref":"0-22000-0-5501792","country_name":"USA","country_ship":null,"goos_networks":"GDA","ptf_family_name":"Drifting Buoy","country_iso_reporting":"US","country_sensor_provider":null}},{"type":"Feature","geometry":{"type":"Point","coordinates":[29.735,-46.002]},"properties":{"ptf_id":1222537,"ptf_ref":"5501801","category":"drifting_buoys","ptf_model":"SVP B Pacific Gyre","wigos_ref":"0-22000-0-5501801","country_name":"USA","country_ship":null,"goos_networks":"GDA","ptf_family_name":"Drifting Buoy","country_iso_reporting":"US","country_sensor_provider":null}},{"type":"Feature","geometry":{"type":"Point","coordinates":[-31.779,-40.875]},"properties":{"ptf_id":1222557,"ptf_ref":"5501804","category":"drifting_buoys","ptf_model":"SVP B Pacific Gyre","wigos_ref":"0-22000-0-5501804","country_name":"USA","country_ship":null,"goos_networks":"GDA","ptf_family_name":"Drifting Buoy","country_iso_reporting":"US","country_sensor_provider":null}},{"type":"Feature","geometry":{"type":"Point","coordinates":[47.33,-38.364]},"properties":{"ptf_id":1222597,"ptf_ref":"5501807","category":"drifting_buoys","ptf_model":"SVP B Pacific Gyre","wigos_ref":"0-22000-0-5501807","country_name":"USA","country_ship":null,"goos_networks":"GDA","ptf_family_name":"Drifting Buoy","country_iso_reporting":"US","country_sensor_provider":null}},{"type":"Feature","geometry":{"type":"Point","coordinates":[154.519,18.882]},"properties":{"ptf_id":1222797,"ptf_ref":"5102875","category":"drifting_buoys","ptf_model":"SVP Pacific Gyre","wigos_ref":"0-22000-0-5102875","country_name":"USA","country_ship":null,"goos_networks":"GDA","ptf_family_name":"Drifting Buoy","country_iso_reporting":"US","country_sensor_provider":null}},{"type":"Feature","geometry":{"type":"Point","coordinates":[146.968,8.451]},"properties":{"ptf_id":1222837,"ptf_ref":"5102877","category":"drifting_buoys","ptf_model":"SVP Pacific Gyre","wigos_ref":"0-22000-0-5102877","country_name":"USA","country_ship":null,"goos_networks":"GDA","ptf_family_name":"Drifting Buoy","country_iso_reporting":"US","country_sensor_provider":null}},{"type":"Feature","geometry":{"type":"Point","coordinates":[-156.689,15.694]},"properties":{"ptf_id":1222857,"ptf_ref":"3202512","category":"drifting_buoys","ptf_model":"SVP Pacific Gyre","wigos_ref":"0-22000-0-3202512","country_name":"USA","country_ship":null,"goos_networks":"GDA","ptf_family_name":"Drifting Buoy","country_iso_reporting":"US","country_sensor_provider":null}},{"type":"Feature","geometry":{"type":"Point","coordinates":[-86.701,8.809]},"properties":{"ptf_id":1222897,"ptf_ref":"3202514","category":"drifting_buoys","ptf_model":"SVP Pacific Gyre","wigos_ref":"0-22000-0-3202514","country_name":"USA","country_ship":null,"goos_networks":"GDA","ptf_family_name":"Drifting Buoy","country_iso_reporting":"US","country_sensor_provider":null}},{"type":"Feature","geometry":{"type":"Point","coordinates":[172.289,-12.469]},"properties":{"ptf_id":1222977,"ptf_ref":"4301599","category":"drifting_buoys","ptf_model":"SVP Pacific Gyre","wigos_ref":"0-22000-0-4301599","country_name":"USA","country_ship":null,"goos_networks":"GDA","ptf_family_name":"Drifting Buoy","country_iso_reporting":"US","country_sensor_provider":null}},{"type":"Feature","geometry":{"type":"Point","coordinates":[-14.447,-21.971]},"properties":{"ptf_id":1223057,"ptf_ref":"1401837","category":"drifting_buoys","ptf_model":"SVP Pacific Gyre","wigos_ref":"0-22000-0-1401837","country_name":"USA","country_ship":"MARSHALL IS.","goos_networks":"GDA","ptf_family_name":"Drifting Buoy","country_iso_reporting":"US","country_sensor_provider":null}},{"type":"Feature","geometry":{"type":"Point","coordinates":[-9.567,-15.139]},"properties":{"ptf_id":1223077,"ptf_ref":"1401838","category":"drifting_buoys","ptf_model":"SVP Pacific Gyre","wigos_ref":"0-22000-0-1401838","country_name":"USA","country_ship":"MARSHALL IS.","goos_networks":"GDA","ptf_family_name":"Drifting Buoy","country_iso_reporting":"US","country_sensor_provider":null}},{"type":"Feature","geometry":{"type":"Point","coordinates":[56.233,-35.971]},"properties":{"ptf_id":1223097,"ptf_ref":"1401839","category":"drifting_buoys","ptf_model":"SVP Pacific Gyre","wigos_ref":"0-22000-0-1401839","country_name":"USA","country_ship":"MARSHALL IS.","goos_networks":"GDA","ptf_family_name":"Drifting Buoy","country_iso_reporting":"US","country_sensor_provider":null}},{"type":"Feature","geometry":{"type":"Point","coordinates":[71.211,-29.021]},"properties":{"ptf_id":1223137,"ptf_ref":"1401843","category":"drifting_buoys","ptf_model":"SVP Pacific Gyre","wigos_ref":"0-22000-0-1401843","country_name":"USA","country_ship":"MARSHALL IS.","goos_networks":"GDA","ptf_family_name":"Drifting Buoy","country_iso_reporting":"US","country_sensor_provider":null}},{"type":"Feature","geometry":{"type":"Point","coordinates":[9.855,-37.904]},"properties":{"ptf_id":1223157,"ptf_ref":"1401844","category":"drifting_buoys","ptf_model":"SVP Pacific Gyre","wigos_ref":"0-22000-0-1401844","country_name":"USA","country_ship":"MARSHALL IS.","goos_networks":"GDA","ptf_family_name":"Drifting Buoy","country_iso_reporting":"US","country_sensor_provider":null}},{"type":"Feature","geometry":{"type":"Point","coordinates":[108.306,-41.501]},"properties":{"ptf_id":1223177,"ptf_ref":"1401848","category":"drifting_buoys","ptf_model":"SVP Pacific Gyre","wigos_ref":"0-22000-0-1401848","country_name":"USA","country_ship":"MARSHALL IS.","goos_networks":"GDA","ptf_family_name":"Drifting Buoy","country_iso_reporting":"US","country_sensor_provider":null}},{"type":"Feature","geometry":{"type":"Point","coordinates":[46.116,-33.124]},"properties":{"ptf_id":1223237,"ptf_ref":"1401853","category":"drifting_buoys","ptf_model":"SVP Pacific Gyre","wigos_ref":"0-22000-0-1401853","country_name":"USA","country_ship":"MARSHALL IS.","goos_networks":"GDA","ptf_family_name":"Drifting Buoy","country_iso_reporting":"US","country_sensor_provider":null}},{"type":"Feature","geometry":{"type":"Point","coordinates":[-13.961,-23.228]},"properties":{"ptf_id":1223257,"ptf_ref":"1401855","category":"drifting_buoys","ptf_model":"SVP Pacific Gyre","wigos_ref":"0-22000-0-1401855","country_name":"USA","country_ship":"MARSHALL IS.","goos_networks":"GDA","ptf_family_name":"Drifting Buoy","country_iso_reporting":"US","country_sensor_provider":null}},{"type":"Feature","geometry":{"type":"Point","coordinates":[41.5,-30.173]},"properties":{"ptf_id":1223277,"ptf_ref":"1401856","category":"drifting_buoys","ptf_model":"SVP Pacific Gyre","wigos_ref":"0-22000-0-1401856","country_name":"USA","country_ship":"MARSHALL IS.","goos_networks":"GDA","ptf_family_name":"Drifting Buoy","country_iso_reporting":"US","country_sensor_provider":null}},{"type":"Feature","geometry":{"type":"Point","coordinates":[179.223,32.833]},"properties":{"ptf_id":1223317,"ptf_ref":"5102853","category":"drifting_buoys","ptf_model":"SVP Pacific Gyre","wigos_ref":"0-22000-0-5102853","country_name":"USA","country_ship":null,"goos_networks":"GDA","ptf_family_name":"Drifting Buoy","country_iso_reporting":"US","country_sensor_provider":null}},{"type":"Feature","geometry":{"type":"Point","coordinates":[174.423,24.273]},"properties":{"ptf_id":1223337,"ptf_ref":"5102854","category":"drifting_buoys","ptf_model":"SVP Pacific Gyre","wigos_ref":"0-22000-0-5102854","country_name":"USA","country_ship":null,"goos_networks":"GDA","ptf_family_name":"Drifting Buoy","country_iso_reporting":"US","country_sensor_provider":null}},{"type":"Feature","geometry":{"type":"Point","coordinates":[170.365,25.523]},"properties":{"ptf_id":1223357,"ptf_ref":"5102855","category":"drifting_buoys","ptf_model":"SVP Pacific Gyre","wigos_ref":"0-22000-0-5102855","country_name":"USA","country_ship":null,"goos_networks":"GDA","ptf_family_name":"Drifting Buoy","country_iso_reporting":"US","country_sensor_provider":null}},{"type":"Feature","geometry":{"type":"Point","coordinates":[-49.529,16.165]},"properties":{"ptf_id":1223517,"ptf_ref":"4101887","category":"drifting_buoys","ptf_model":"SVP Pacific Gyre","wigos_ref":"0-22000-0-4101887","country_name":"USA","country_ship":"NETHERLANDS","goos_networks":"GDA","ptf_family_name":"Drifting Buoy","country_iso_reporting":"US","country_sensor_provider":null}},{"type":"Feature","geometry":{"type":"Point","coordinates":[-43.131,31.74]},"properties":{"ptf_id":1223577,"ptf_ref":"4102500","category":"drifting_buoys","ptf_model":"SVP Pacific Gyre","wigos_ref":"0-22000-0-4102500","country_name":"USA","country_ship":"NETHERLANDS","goos_networks":"GDA","ptf_family_name":"Drifting Buoy","country_iso_reporting":"US","country_sensor_provider":null}},{"type":"Feature","geometry":{"type":"Point","coordinates":[-129.947,18.787]},"properties":{"ptf_id":1226317,"ptf_ref":"7810557","category":"drifting_buoys","ptf_model":"SVP SIO","wigos_ref":"0-22000-0-7810557","country_name":"USA","country_ship":"USA","goos_networks":"GDA","ptf_family_name":"Drifting Buoy","country_iso_reporting":"US","country_sensor_provider":null}},{"type":"Feature","geometry":{"type":"Point","coordinates":[-131.431,15.899]},"properties":{"ptf_id":1226337,"ptf_ref":"7810558","category":"drifting_buoys","ptf_model":"SVP SIO","wigos_ref":"0-22000-0-7810558","country_name":"USA","country_ship":"USA","goos_networks":"GDA","ptf_family_name":"Drifting Buoy","country_iso_reporting":"US","country_sensor_provider":null}},{"type":"Feature","geometry":{"type":"Point","coordinates":[-111.99,22.882]},"properties":{"ptf_id":1226357,"ptf_ref":"7810559","category":"drifting_buoys","ptf_model":"SVP SIO","wigos_ref":"0-22000-0-7810559","country_name":"USA","country_ship":"USA","goos_networks":"GDA","ptf_family_name":"Drifting Buoy","country_iso_reporting":"US","country_sensor_provider":null}},{"type":"Feature","geometry":{"type":"Point","coordinates":[-128.505,22.562]},"properties":{"ptf_id":1226377,"ptf_ref":"7810563","category":"drifting_buoys","ptf_model":"SVP SIO","wigos_ref":"0-22000-0-7810563","country_name":"USA","country_ship":"USA","goos_networks":"GDA","ptf_family_name":"Drifting Buoy","country_iso_reporting":"US","country_sensor_provider":null}},{"type":"Feature","geometry":{"type":"Point","coordinates":[-123.487,20.274]},"properties":{"ptf_id":1226397,"ptf_ref":"7810564","category":"drifting_buoys","ptf_model":"SVP SIO","wigos_ref":"0-22000-0-7810564","country_name":"USA","country_ship":"USA","goos_networks":"GDA","ptf_family_name":"Drifting Buoy","country_iso_reporting":"US","country_sensor_provider":null}},{"type":"Feature","geometry":{"type":"Point","coordinates":[92.737,-27.5]},"properties":{"ptf_id":1226477,"ptf_ref":"7810470","category":"drifting_buoys","ptf_model":"SVP B SIO","wigos_ref":"0-22000-0-7810470","country_name":"USA","country_ship":null,"goos_networks":"GDA","ptf_family_name":"Drifting Buoy","country_iso_reporting":"US","country_sensor_provider":null}},{"type":"Feature","geometry":{"type":"Point","coordinates":[91.03,-25.709]},"properties":{"ptf_id":1226497,"ptf_ref":"7810471","category":"drifting_buoys","ptf_model":"SVP B SIO","wigos_ref":"0-22000-0-7810471","country_name":"USA","country_ship":null,"goos_networks":"GDA","ptf_family_name":"Drifting Buoy","country_iso_reporting":"US","country_sensor_provider":null}},{"type":"Feature","geometry":{"type":"Point","coordinates":[43.063,0.198]},"properties":{"ptf_id":1226517,"ptf_ref":"7810472","category":"drifting_buoys","ptf_model":"SVP B SIO","wigos_ref":"0-22000-0-7810472","country_name":"USA","country_ship":null,"goos_networks":"GDA","ptf_family_name":"Drifting Buoy","country_iso_reporting":"US","country_sensor_provider":null}},{"type":"Feature","geometry":{"type":"Point","coordinates":[66.164,-26.974]},"properties":{"ptf_id":1226557,"ptf_ref":"7810474","category":"drifting_buoys","ptf_model":"SVP B SIO","wigos_ref":"0-22000-0-7810474","country_name":"USA","country_ship":null,"goos_networks":"GDA","ptf_family_name":"Drifting Buoy","country_iso_reporting":"US","country_sensor_provider":null}},{"type":"Feature","geometry":{"type":"Point","coordinates":[-32.015,-19.01]},"properties":{"ptf_id":1226577,"ptf_ref":"7810475","category":"drifting_buoys","ptf_model":"SVP B SIO","wigos_ref":"0-22000-0-7810475","country_name":"USA","country_ship":null,"goos_networks":"GDA","ptf_family_name":"Drifting Buoy","country_iso_reporting":"US","country_sensor_provider":null}},{"type":"Feature","geometry":{"type":"Point","coordinates":[-19.217,-32.612]},"properties":{"ptf_id":1226657,"ptf_ref":"7810489","category":"drifting_buoys","ptf_model":"SVP B SIO","wigos_ref":"0-22000-0-7810489","country_name":"USA","country_ship":null,"goos_networks":"GDA","ptf_family_name":"Drifting Buoy","country_iso_reporting":"US","country_sensor_provider":null}},{"type":"Feature","geometry":{"type":"Point","coordinates":[5.293,-21.829]},"properties":{"ptf_id":1226677,"ptf_ref":"7810490","category":"drifting_buoys","ptf_model":"SVP B SIO","wigos_ref":"0-22000-0-7810490","country_name":"USA","country_ship":null,"goos_networks":"GDA","ptf_family_name":"Drifting Buoy","country_iso_reporting":"US","country_sensor_provider":null}},{"type":"Feature","geometry":{"type":"Point","coordinates":[-7.151,-29.834]},"properties":{"ptf_id":1226697,"ptf_ref":"7810491","category":"drifting_buoys","ptf_model":"SVP B SIO","wigos_ref":"0-22000-0-7810491","country_name":"USA","country_ship":null,"goos_networks":"GDA","ptf_family_name":"Drifting Buoy","country_iso_reporting":"US","country_sensor_provider":null}},{"type":"Feature","geometry":{"type":"Point","coordinates":[153.855,41.372]},"properties":{"ptf_id":1231525,"ptf_ref":"4804192","category":"drifting_buoys","ptf_model":"SOFAR","wigos_ref":"0-22000-0-4804192","country_name":"JAPAN","country_ship":null,"goos_networks":"GDA","ptf_family_name":"Drifting Buoy","country_iso_reporting":"JP","country_sensor_provider":null}},{"type":"Feature","geometry":{"type":"Point","coordinates":[131.308,30.032]},"properties":{"ptf_id":1231535,"ptf_ref":"7811013","category":"drifting_buoys","ptf_model":"SOFAR","wigos_ref":"0-22000-0-7811013","country_name":"JAPAN","country_ship":null,"goos_networks":"GDA","ptf_family_name":"Drifting Buoy","country_iso_reporting":"JP","country_sensor_provider":null}},{"type":"Feature","geometry":{"type":"Point","coordinates":[140.763,31.529]},"properties":{"ptf_id":1231757,"ptf_ref":"7811014","category":"drifting_buoys","ptf_model":"SOFAR","wigos_ref":"0-22000-0-7811014","country_name":"JAPAN","country_ship":null,"goos_networks":"GDA","ptf_family_name":"Drifting Buoy","country_iso_reporting":"JP","country_sensor_provider":null}},{"type":"Feature","geometry":{"type":"Point","coordinates":[84.575,17.273]},"properties":{"ptf_id":1232677,"ptf_ref":"7810207","category":"drifting_buoys","ptf_model":"SVP Pacific Gyre","wigos_ref":"0-22000-0-7810207","country_name":"USA","country_ship":"INDIA","goos_networks":"GDA","ptf_family_name":"Drifting Buoy","country_iso_reporting":"US","country_sensor_provider":null}},{"type":"Feature","geometry":{"type":"Point","coordinates":[67.255,-2.744]},"properties":{"ptf_id":1232717,"ptf_ref":"7810205","category":"drifting_buoys","ptf_model":"SVP Pacific Gyre","wigos_ref":"0-22000-0-7810205","country_name":"USA","country_ship":"INDIA","goos_networks":"GDA","ptf_family_name":"Drifting Buoy","country_iso_reporting":"US","country_sensor_provider":null}},{"type":"Feature","geometry":{"type":"Point","coordinates":[88.263,0.362]},"properties":{"ptf_id":1232737,"ptf_ref":"7810204","category":"drifting_buoys","ptf_model":"SVP Pacific Gyre","wigos_ref":"0-22000-0-7810204","country_name":"USA","country_ship":"INDIA","goos_networks":"GDA","ptf_family_name":"Drifting Buoy","country_iso_reporting":"US","country_sensor_provider":null}},{"type":"Feature","geometry":{"type":"Point","coordinates":[52.315,-19.351]},"properties":{"ptf_id":1232817,"ptf_ref":"7810200","category":"drifting_buoys","ptf_model":"SVP Pacific Gyre","wigos_ref":"0-22000-0-7810200","country_name":"USA","country_ship":"INDIA","goos_networks":"GDA","ptf_family_name":"Drifting Buoy","country_iso_reporting":"US","country_sensor_provider":null}},{"type":"Feature","geometry":{"type":"Point","coordinates":[63.456,-19.674]},"properties":{"ptf_id":1232857,"ptf_ref":"7810198","category":"drifting_buoys","ptf_model":"SVP Pacific Gyre","wigos_ref":"0-22000-0-7810198","country_name":"USA","country_ship":"INDIA","goos_networks":"GDA","ptf_family_name":"Drifting Buoy","country_iso_reporting":"US","country_sensor_provider":null}},{"type":"Feature","geometry":{"type":"Point","coordinates":[32.763,-33.905]},"properties":{"ptf_id":1233037,"ptf_ref":"7810189","category":"drifting_buoys","ptf_model":"SVP Pacific Gyre","wigos_ref":"0-22000-0-7810189","country_name":"USA","country_ship":"INDIA","goos_networks":"GDA","ptf_family_name":"Drifting Buoy","country_iso_reporting":"US","country_sensor_provider":null}},{"type":"Feature","geometry":{"type":"Point","coordinates":[55.524,-29.771]},"properties":{"ptf_id":1233057,"ptf_ref":"7810188","category":"drifting_buoys","ptf_model":"SVP Pacific Gyre","wigos_ref":"0-22000-0-7810188","country_name":"USA","country_ship":"INDIA","goos_networks":"GDA","ptf_family_name":"Drifting Buoy","country_iso_reporting":"US","country_sensor_provider":null}},{"type":"Feature","geometry":{"type":"Point","coordinates":[-157.351,-16.24]},"properties":{"ptf_id":1233077,"ptf_ref":"7810157","category":"drifting_buoys","ptf_model":"SVP Pacific Gyre","wigos_ref":"0-22000-0-7810157","country_name":"USA","country_ship":null,"goos_networks":"GDA","ptf_family_name":"Drifting Buoy","country_iso_reporting":"US","country_sensor_provider":null}},{"type":"Feature","geometry":{"type":"Point","coordinates":[-163.049,-15.889]},"properties":{"ptf_id":1233137,"ptf_ref":"7810154","category":"drifting_buoys","ptf_model":"SVP Pacific Gyre","wigos_ref":"0-22000-0-7810154","country_name":"USA","country_ship":null,"goos_networks":"GDA","ptf_family_name":"Drifting Buoy","country_iso_reporting":"US","country_sensor_provider":null}},{"type":"Feature","geometry":{"type":"Point","coordinates":[-146.42,-17.703]},"properties":{"ptf_id":1233177,"ptf_ref":"7810151","category":"drifting_buoys","ptf_model":"SVP Pacific Gyre","wigos_ref":"0-22000-0-7810151","country_name":"USA","country_ship":null,"goos_networks":"GDA","ptf_family_name":"Drifting Buoy","country_iso_reporting":"US","country_sensor_provider":null}},{"type":"Feature","geometry":{"type":"Point","coordinates":[-128.307,-20.371]},"properties":{"ptf_id":1233197,"ptf_ref":"7810150","category":"drifting_buoys","ptf_model":"SVP Pacific Gyre","wigos_ref":"0-22000-0-7810150","country_name":"USA","country_ship":null,"goos_networks":"GDA","ptf_family_name":"Drifting Buoy","country_iso_reporting":"US","country_sensor_provider":null}},{"type":"Feature","geometry":{"type":"Point","coordinates":[-140.149,-21.894]},"properties":{"ptf_id":1233217,"ptf_ref":"7810149","category":"drifting_buoys","ptf_model":"SVP Pacific Gyre","wigos_ref":"0-22000-0-7810149","country_name":"USA","country_ship":null,"goos_networks":"GDA","ptf_family_name":"Drifting Buoy","country_iso_reporting":"US","country_sensor_provider":null}},{"type":"Feature","geometry":{"type":"Point","coordinates":[-134.054,-18.008]},"properties":{"ptf_id":1233237,"ptf_ref":"7810146","category":"drifting_buoys","ptf_model":"SVP Pacific Gyre","wigos_ref":"0-22000-0-7810146","country_name":"USA","country_ship":null,"goos_networks":"GDA","ptf_family_name":"Drifting Buoy","country_iso_reporting":"US","country_sensor_provider":null}},{"type":"Feature","geometry":{"type":"Point","coordinates":[-122.242,-16.711]},"properties":{"ptf_id":1233257,"ptf_ref":"7810145","category":"drifting_buoys","ptf_model":"SVP Pacific Gyre","wigos_ref":"0-22000-0-7810145","country_name":"USA","country_ship":null,"goos_networks":"GDA","ptf_family_name":"Drifting Buoy","country_iso_reporting":"US","country_sensor_provider":null}},{"type":"Feature","geometry":{"type":"Point","coordinates":[-129.155,-21.127]},"properties":{"ptf_id":1233277,"ptf_ref":"7810144","category":"drifting_buoys","ptf_model":"SVP Pacific Gyre","wigos_ref":"0-22000-0-7810144","country_name":"USA","country_ship":null,"goos_networks":"GDA","ptf_family_name":"Drifting Buoy","country_iso_reporting":"US","country_sensor_provider":null}},{"type":"Feature","geometry":{"type":"Point","coordinates":[-143.591,-16.626]},"properties":{"ptf_id":1233297,"ptf_ref":"7810143","category":"drifting_buoys","ptf_model":"SVP Pacific Gyre","wigos_ref":"0-22000-0-7810143","country_name":"USA","country_ship":null,"goos_networks":"GDA","ptf_family_name":"Drifting Buoy","country_iso_reporting":"US","country_sensor_provider":null}},{"type":"Feature","geometry":{"type":"Point","coordinates":[-121.281,23.409]},"properties":{"ptf_id":1233337,"ptf_ref":"7810560","category":"drifting_buoys","ptf_model":"SVP SIO","wigos_ref":"0-22000-0-7810560","country_name":"USA","country_ship":"USA","goos_networks":"GDA","ptf_family_name":"Drifting Buoy","country_iso_reporting":"US","country_sensor_provider":null}},{"type":"Feature","geometry":{"type":"Point","coordinates":[-119.377,20.782]},"properties":{"ptf_id":1233377,"ptf_ref":"7810562","category":"drifting_buoys","ptf_model":"SVP SIO","wigos_ref":"0-22000-0-7810562","country_name":"USA","country_ship":"USA","goos_networks":"GDA","ptf_family_name":"Drifting Buoy","country_iso_reporting":"US","country_sensor_provider":null}},{"type":"Feature","geometry":{"type":"Point","coordinates":[-128.499,25.401]},"properties":{"ptf_id":1233397,"ptf_ref":"7810565","category":"drifting_buoys","ptf_model":"SVP SIO","wigos_ref":"0-22000-0-7810565","country_name":"USA","country_ship":"USA","goos_networks":"GDA","ptf_family_name":"Drifting Buoy","country_iso_reporting":"US","country_sensor_provider":null}},{"type":"Feature","geometry":{"type":"Point","coordinates":[-21.163,53.379]},"properties":{"ptf_id":1233518,"ptf_ref":"5802227","category":"drifting_buoys","ptf_model":"SVP B MetOcean","wigos_ref":"0-22000-0-5802227","country_name":"CANADA","country_ship":null,"goos_networks":"GDA","ptf_family_name":"Drifting Buoy","country_iso_reporting":"CA","country_sensor_provider":null}},{"type":"Feature","geometry":{"type":"Point","coordinates":[-91.097,77.727]},"properties":{"ptf_id":1236801,"ptf_ref":"5802229","category":"drifting_buoys","ptf_model":"CALIB","wigos_ref":"0-22000-0-5802229","country_name":"CANADA","country_ship":null,"goos_networks":"GDA","ptf_family_name":"Drifting Buoy","country_iso_reporting":"CA","country_sensor_provider":null}},{"type":"Feature","geometry":{"type":"Point","coordinates":[-91.479,81.79]},"properties":{"ptf_id":1236803,"ptf_ref":"1801930","category":"drifting_buoys","ptf_model":"CALIB","wigos_ref":"0-22000-0-1801930","country_name":"CANADA","country_ship":null,"goos_networks":"GDA","ptf_family_name":"Drifting Buoy","country_iso_reporting":"CA","country_sensor_provider":null}},{"type":"Feature","geometry":{"type":"Point","coordinates":[-90.874,81.954]},"properties":{"ptf_id":1236804,"ptf_ref":"4804254","category":"drifting_buoys","ptf_model":"CALIB","wigos_ref":"0-22000-0-4804254","country_name":"CANADA","country_ship":null,"goos_networks":"GDA","ptf_family_name":"Drifting Buoy","country_iso_reporting":"CA","country_sensor_provider":null}},{"type":"Feature","geometry":{"type":"Point","coordinates":[-92.462,81.911]},"properties":{"ptf_id":1236805,"ptf_ref":"2802227","category":"drifting_buoys","ptf_model":"CALIB","wigos_ref":"0-22000-0-2802227","country_name":"CANADA","country_ship":null,"goos_networks":"GDA","ptf_family_name":"Drifting Buoy","country_iso_reporting":"CA","country_sensor_provider":null}},{"type":"Feature","geometry":{"type":"Point","coordinates":[-106.063,76.38]},"properties":{"ptf_id":1236806,"ptf_ref":"7811074","category":"drifting_buoys","ptf_model":"CALIB","wigos_ref":"0-22000-0-7811074","country_name":"CANADA","country_ship":null,"goos_networks":"GDA","ptf_family_name":"Drifting Buoy","country_iso_reporting":"CA","country_sensor_provider":null}},{"type":"Feature","geometry":{"type":"Point","coordinates":[-115.728,78.91]},"properties":{"ptf_id":1237211,"ptf_ref":"6802047","category":"drifting_buoys","ptf_model":"POLAR SVP","wigos_ref":"0-22000-0-6802047","country_name":"CANADA","country_ship":null,"goos_networks":"GDA","ptf_family_name":"Drifting Buoy","country_iso_reporting":"CA","country_sensor_provider":null}},{"type":"Feature","geometry":{"type":"Point","coordinates":[-127.39,76.132]},"properties":{"ptf_id":1237212,"ptf_ref":"2802228","category":"drifting_buoys","ptf_model":"POLAR SVP","wigos_ref":"0-22000-0-2802228","country_name":"CANADA","country_ship":null,"goos_networks":"GDA","ptf_family_name":"Drifting Buoy","country_iso_reporting":"CA","country_sensor_provider":null}},{"type":"Feature","geometry":{"type":"Point","coordinates":[-119.173,78.178]},"properties":{"ptf_id":1237213,"ptf_ref":"2802229","category":"drifting_buoys","ptf_model":"POLAR SVP","wigos_ref":"0-22000-0-2802229","country_name":"CANADA","country_ship":null,"goos_networks":"GDA","ptf_family_name":"Drifting Buoy","country_iso_reporting":"CA","country_sensor_provider":null}},{"type":"Feature","geometry":{"type":"Point","coordinates":[111.888,-37.902]},"properties":{"ptf_id":1237361,"ptf_ref":"5802230","category":"drifting_buoys","ptf_model":"SVP B MetOcean","wigos_ref":"0-22000-0-5802230","country_name":"AUSTRALIA","country_ship":null,"goos_networks":"GDA","ptf_family_name":"Drifting Buoy","country_iso_reporting":"AU","country_sensor_provider":null}},{"type":"Feature","geometry":{"type":"Point","coordinates":[91.208,-21.602]},"properties":{"ptf_id":1237362,"ptf_ref":"5802231","category":"drifting_buoys","ptf_model":"SVP B MetOcean","wigos_ref":"0-22000-0-5802231","country_name":"AUSTRALIA","country_ship":null,"goos_networks":"GDA","ptf_family_name":"Drifting Buoy","country_iso_reporting":"AU","country_sensor_provider":null}},{"type":"Feature","geometry":{"type":"Point","coordinates":[140.614,32.727]},"properties":{"ptf_id":1239239,"ptf_ref":"2802231","category":"drifting_buoys","ptf_model":"SVP B MetOcean","wigos_ref":"0-22000-0-2802231","country_name":"HONG KONG","country_ship":null,"goos_networks":"GDA","ptf_family_name":"Drifting Buoy","country_iso_reporting":"CN","country_sensor_provider":null}},{"type":"Feature","geometry":{"type":"Point","coordinates":[-32.299,26.62]},"properties":{"ptf_id":1240977,"ptf_ref":"6203677","category":"drifting_buoys","ptf_model":"SVP B MetOcean","wigos_ref":"0-22000-0-6203677","country_name":"EUROPE","country_ship":null,"goos_networks":"GDA","ptf_family_name":"Drifting Buoy","country_iso_reporting":"EU","country_sensor_provider":null}},{"type":"Feature","geometry":{"type":"Point","coordinates":[4.784,61.393]},"properties":{"ptf_id":1241177,"ptf_ref":"6203675","category":"drifting_buoys","ptf_model":"SVP B MetOcean","wigos_ref":"0-22000-0-6203675","country_name":"EUROPE","country_ship":null,"goos_networks":"GDA","ptf_family_name":"Drifting Buoy","country_iso_reporting":"EU","country_sensor_provider":null}},{"type":"Feature","geometry":{"type":"Point","coordinates":[-15.947,61.435]},"properties":{"ptf_id":1241197,"ptf_ref":"6203676","category":"drifting_buoys","ptf_model":"SVP B MetOcean","wigos_ref":"0-22000-0-6203676","country_name":"EUROPE","country_ship":null,"goos_networks":"GDA","ptf_family_name":"Drifting Buoy","country_iso_reporting":"EU","country_sensor_provider":null}},{"type":"Feature","geometry":{"type":"Point","coordinates":[-148.063,-17.882]},"properties":{"ptf_id":1241297,"ptf_ref":"7810152","category":"drifting_buoys","ptf_model":"SVP Pacific Gyre","wigos_ref":"0-22000-0-7810152","country_name":"USA","country_ship":null,"goos_networks":"GDA","ptf_family_name":"Drifting Buoy","country_iso_reporting":"US","country_sensor_provider":null}},{"type":"Feature","geometry":{"type":"Point","coordinates":[-133.051,-14.226]},"properties":{"ptf_id":1241337,"ptf_ref":"7810147","category":"drifting_buoys","ptf_model":"SVP Pacific Gyre","wigos_ref":"0-22000-0-7810147","country_name":"USA","country_ship":null,"goos_networks":"GDA","ptf_family_name":"Drifting Buoy","country_iso_reporting":"US","country_sensor_provider":null}},{"type":"Feature","geometry":{"type":"Point","coordinates":[153.11,-4.384]},"properties":{"ptf_id":1241357,"ptf_ref":"7810142","category":"drifting_buoys","ptf_model":"SVP Pacific Gyre","wigos_ref":"0-22000-0-7810142","country_name":"USA","country_ship":null,"goos_networks":"GDA","ptf_family_name":"Drifting Buoy","country_iso_reporting":"US","country_sensor_provider":null}},{"type":"Feature","geometry":{"type":"Point","coordinates":[-139.739,16.452]},"properties":{"ptf_id":1241397,"ptf_ref":"7810140","category":"drifting_buoys","ptf_model":"SVP Pacific Gyre","wigos_ref":"0-22000-0-7810140","country_name":"USA","country_ship":null,"goos_networks":"GDA","ptf_family_name":"Drifting Buoy","country_iso_reporting":"US","country_sensor_provider":null}},{"type":"Feature","geometry":{"type":"Point","coordinates":[-113.58,16.531]},"properties":{"ptf_id":1241417,"ptf_ref":"7810139","category":"drifting_buoys","ptf_model":"SVP Pacific Gyre","wigos_ref":"0-22000-0-7810139","country_name":"USA","country_ship":null,"goos_networks":"GDA","ptf_family_name":"Drifting Buoy","country_iso_reporting":"US","country_sensor_provider":null}},{"type":"Feature","geometry":{"type":"Point","coordinates":[-156.372,27.099]},"properties":{"ptf_id":1241437,"ptf_ref":"7810138","category":"drifting_buoys","ptf_model":"SVP Pacific Gyre","wigos_ref":"0-22000-0-7810138","country_name":"USA","country_ship":null,"goos_networks":"GDA","ptf_family_name":"Drifting Buoy","country_iso_reporting":"US","country_sensor_provider":null}},{"type":"Feature","geometry":{"type":"Point","coordinates":[21.977,32.899]},"properties":{"ptf_id":1241457,"ptf_ref":"6802049","category":"drifting_buoys","ptf_model":"SVP SIO","wigos_ref":"0-22000-0-6802049","country_name":"ITALY","country_ship":"ITALY","goos_networks":"GDA","ptf_family_name":"Drifting Buoy","country_iso_reporting":"IT","country_sensor_provider":null}},{"type":"Feature","geometry":{"type":"Point","coordinates":[2.005,39.939]},"properties":{"ptf_id":1241459,"ptf_ref":"6802050","category":"drifting_buoys","ptf_model":"SVP SIO","wigos_ref":"0-22000-0-6802050","country_name":"ITALY","country_ship":"ITALY","goos_networks":"GDA","ptf_family_name":"Drifting Buoy","country_iso_reporting":"IT","country_sensor_provider":null}},{"type":"Feature","geometry":{"type":"Point","coordinates":[13.656,38.005]},"properties":{"ptf_id":1241461,"ptf_ref":"7811076","category":"drifting_buoys","ptf_model":"SVP SIO","wigos_ref":"0-22000-0-7811076","country_name":"ITALY","country_ship":"ITALY","goos_networks":"GDA","ptf_family_name":"Drifting Buoy","country_iso_reporting":"IT","country_sensor_provider":null}},{"type":"Feature","geometry":{"type":"Point","coordinates":[35.88,34.886]},"properties":{"ptf_id":1241462,"ptf_ref":"4804256","category":"drifting_buoys","ptf_model":"SVP SIO","wigos_ref":"0-22000-0-4804256","country_name":"ITALY","country_ship":"ITALY","goos_networks":"GDA","ptf_family_name":"Drifting Buoy","country_iso_reporting":"IT","country_sensor_provider":null}},{"type":"Feature","geometry":{"type":"Point","coordinates":[127.591,-52.549]},"properties":{"ptf_id":1247277,"ptf_ref":"4804257","category":"drifting_buoys","ptf_model":"SVP B MetOcean","wigos_ref":"0-22000-0-4804257","country_name":"AUSTRALIA","country_ship":"AUSTRALIA","goos_networks":"GDA","ptf_family_name":"Drifting Buoy","country_iso_reporting":"AU","country_sensor_provider":null}},{"type":"Feature","geometry":{"type":"Point","coordinates":[122.182,-49.768]},"properties":{"ptf_id":1247279,"ptf_ref":"4804258","category":"drifting_buoys","ptf_model":"SVP B MetOcean","wigos_ref":"0-22000-0-4804258","country_name":"AUSTRALIA","country_ship":"AUSTRALIA","goos_networks":"GDA","ptf_family_name":"Drifting Buoy","country_iso_reporting":"AU","country_sensor_provider":null}},{"type":"Feature","geometry":{"type":"Point","coordinates":[92.403,-18.055]},"properties":{"ptf_id":1247280,"ptf_ref":"3801827","category":"drifting_buoys","ptf_model":"SVP B MetOcean","wigos_ref":"0-22000-0-3801827","country_name":"AUSTRALIA","country_ship":null,"goos_networks":"GDA","ptf_family_name":"Drifting Buoy","country_iso_reporting":"AU","country_sensor_provider":null}},{"type":"Feature","geometry":{"type":"Point","coordinates":[107.62,-22.253]},"properties":{"ptf_id":1247281,"ptf_ref":"5802237","category":"drifting_buoys","ptf_model":"SVP B MetOcean","wigos_ref":"0-22000-0-5802237","country_name":"AUSTRALIA","country_ship":null,"goos_networks":"GDA","ptf_family_name":"Drifting Buoy","country_iso_reporting":"AU","country_sensor_provider":null}},{"type":"Feature","geometry":{"type":"Point","coordinates":[114.821,-16.388]},"properties":{"ptf_id":1247283,"ptf_ref":"4804260","category":"drifting_buoys","ptf_model":"SVP B MetOcean","wigos_ref":"0-22000-0-4804260","country_name":"AUSTRALIA","country_ship":"COOK ISLANDS","goos_networks":"GDA","ptf_family_name":"Drifting Buoy","country_iso_reporting":"AU","country_sensor_provider":null}},{"type":"Feature","geometry":{"type":"Point","coordinates":[114.002,-28.864]},"properties":{"ptf_id":1247284,"ptf_ref":"5802238","category":"drifting_buoys","ptf_model":"SVP B MetOcean","wigos_ref":"0-22000-0-5802238","country_name":"AUSTRALIA","country_ship":"COOK ISLANDS","goos_networks":"GDA","ptf_family_name":"Drifting Buoy","country_iso_reporting":"AU","country_sensor_provider":null}},{"type":"Feature","geometry":{"type":"Point","coordinates":[144.06,-60.077]},"properties":{"ptf_id":1247285,"ptf_ref":"4804261","category":"drifting_buoys","ptf_model":"SVP B MetOcean","wigos_ref":"0-22000-0-4804261","country_name":"AUSTRALIA","country_ship":null,"goos_networks":"GDA","ptf_family_name":"Drifting Buoy","country_iso_reporting":"AU","country_sensor_provider":null}},{"type":"Feature","geometry":{"type":"Point","coordinates":[165.927,-50.829]},"properties":{"ptf_id":1247286,"ptf_ref":"2802236","category":"drifting_buoys","ptf_model":"SVP B MetOcean","wigos_ref":"0-22000-0-2802236","country_name":"AUSTRALIA","country_ship":null,"goos_networks":"GDA","ptf_family_name":"Drifting Buoy","country_iso_reporting":"AU","country_sensor_provider":null}},{"type":"Feature","geometry":{"type":"Point","coordinates":[143.702,-52.953]},"properties":{"ptf_id":1247287,"ptf_ref":"4804262","category":"drifting_buoys","ptf_model":"SVP B MetOcean","wigos_ref":"0-22000-0-4804262","country_name":"AUSTRALIA","country_ship":null,"goos_networks":"GDA","ptf_family_name":"Drifting Buoy","country_iso_reporting":"AU","country_sensor_provider":null}},{"type":"Feature","geometry":{"type":"Point","coordinates":[122.98,-57.637]},"properties":{"ptf_id":1247288,"ptf_ref":"2802237","category":"drifting_buoys","ptf_model":"SVP B MetOcean","wigos_ref":"0-22000-0-2802237","country_name":"AUSTRALIA","country_ship":null,"goos_networks":"GDA","ptf_family_name":"Drifting Buoy","country_iso_reporting":"AU","country_sensor_provider":null}},{"type":"Feature","geometry":{"type":"Point","coordinates":[175.758,-47.374]},"properties":{"ptf_id":1247289,"ptf_ref":"2802238","category":"drifting_buoys","ptf_model":"SVP B MetOcean","wigos_ref":"0-22000-0-2802238","country_name":"AUSTRALIA","country_ship":null,"goos_networks":"GDA","ptf_family_name":"Drifting Buoy","country_iso_reporting":"AU","country_sensor_provider":null}},{"type":"Feature","geometry":{"type":"Point","coordinates":[100.92,-26.043]},"properties":{"ptf_id":1247291,"ptf_ref":"3801828","category":"drifting_buoys","ptf_model":"SVP B MetOcean","wigos_ref":"0-22000-0-3801828","country_name":"AUSTRALIA","country_ship":null,"goos_networks":"GDA","ptf_family_name":"Drifting Buoy","country_iso_reporting":"AU","country_sensor_provider":null}},{"type":"Feature","geometry":{"type":"Point","coordinates":[129.846,-39.264]},"properties":{"ptf_id":1247293,"ptf_ref":"5802239","category":"drifting_buoys","ptf_model":"SVP B MetOcean","wigos_ref":"0-22000-0-5802239","country_name":"AUSTRALIA","country_ship":null,"goos_networks":"GDA","ptf_family_name":"Drifting Buoy","country_iso_reporting":"AU","country_sensor_provider":null}},{"type":"Feature","geometry":{"type":"Point","coordinates":[104.916,-21.409]},"properties":{"ptf_id":1247297,"ptf_ref":"3801829","category":"drifting_buoys","ptf_model":"SVP B MetOcean","wigos_ref":"0-22000-0-3801829","country_name":"AUSTRALIA","country_ship":null,"goos_networks":"GDA","ptf_family_name":"Drifting Buoy","country_iso_reporting":"AU","country_sensor_provider":null}},{"type":"Feature","geometry":{"type":"Point","coordinates":[163.276,-24.416]},"properties":{"ptf_id":1247298,"ptf_ref":"4804263","category":"drifting_buoys","ptf_model":"SVP B MetOcean","wigos_ref":"0-22000-0-4804263","country_name":"AUSTRALIA","country_ship":"AUSTRALIA","goos_networks":"GDA","ptf_family_name":"Drifting Buoy","country_iso_reporting":"AU","country_sensor_provider":null}},{"type":"Feature","geometry":{"type":"Point","coordinates":[146.327,-39.032]},"properties":{"ptf_id":1247299,"ptf_ref":"7811079","category":"drifting_buoys","ptf_model":"SVP B MetOcean","wigos_ref":"0-22000-0-7811079","country_name":"AUSTRALIA","country_ship":null,"goos_networks":"GDA","ptf_family_name":"Drifting Buoy","country_iso_reporting":"AU","country_sensor_provider":null}},{"type":"Feature","geometry":{"type":"Point","coordinates":[69.299,-16.807]},"properties":{"ptf_id":1248717,"ptf_ref":"7810368","category":"drifting_buoys","ptf_model":"SVP B SIO","wigos_ref":"0-22000-0-7810368","country_name":"USA","country_ship":null,"goos_networks":"GDA","ptf_family_name":"Drifting Buoy","country_iso_reporting":"US","country_sensor_provider":"AUSTRALIA"}},{"type":"Feature","geometry":{"type":"Point","coordinates":[-74.507,-31.632]},"properties":{"ptf_id":1248757,"ptf_ref":"7810245","category":"drifting_buoys","ptf_model":"SVP Pacific Gyre","wigos_ref":"0-22000-0-7810245","country_name":"USA","country_ship":"CAYMAN ISLANDS","goos_networks":"GDA","ptf_family_name":"Drifting Buoy","country_iso_reporting":"US","country_sensor_provider":null}},{"type":"Feature","geometry":{"type":"Point","coordinates":[-85.549,-25.229]},"properties":{"ptf_id":1248777,"ptf_ref":"7810242","category":"drifting_buoys","ptf_model":"SVP Pacific Gyre","wigos_ref":"0-22000-0-7810242","country_name":"USA","country_ship":"CAYMAN ISLANDS","goos_networks":"GDA","ptf_family_name":"Drifting Buoy","country_iso_reporting":"US","country_sensor_provider":null}},{"type":"Feature","geometry":{"type":"Point","coordinates":[-81.466,-28.644]},"properties":{"ptf_id":1248797,"ptf_ref":"7810241","category":"drifting_buoys","ptf_model":"SVP Pacific Gyre","wigos_ref":"0-22000-0-7810241","country_name":"USA","country_ship":"CAYMAN ISLANDS","goos_networks":"GDA","ptf_family_name":"Drifting Buoy","country_iso_reporting":"US","country_sensor_provider":null}},{"type":"Feature","geometry":{"type":"Point","coordinates":[-74.03,-33.462]},"properties":{"ptf_id":1248817,"ptf_ref":"7810240","category":"drifting_buoys","ptf_model":"SVP Pacific Gyre","wigos_ref":"0-22000-0-7810240","country_name":"USA","country_ship":"CAYMAN ISLANDS","goos_networks":"GDA","ptf_family_name":"Drifting Buoy","country_iso_reporting":"US","country_sensor_provider":null}},{"type":"Feature","geometry":{"type":"Point","coordinates":[-48.157,-46.988]},"properties":{"ptf_id":1248837,"ptf_ref":"7810239","category":"drifting_buoys","ptf_model":"SVP Pacific Gyre","wigos_ref":"0-22000-0-7810239","country_name":"USA","country_ship":"CAYMAN ISLANDS","goos_networks":"GDA","ptf_family_name":"Drifting Buoy","country_iso_reporting":"US","country_sensor_provider":null}},{"type":"Feature","geometry":{"type":"Point","coordinates":[-50.864,31.495]},"properties":{"ptf_id":1248917,"ptf_ref":"7810124","category":"drifting_buoys","ptf_model":"SVP Pacific Gyre","wigos_ref":"0-22000-0-7810124","country_name":"USA","country_ship":"USA","goos_networks":"GDA","ptf_family_name":"Drifting Buoy","country_iso_reporting":"US","country_sensor_provider":null}},{"type":"Feature","geometry":{"type":"Point","coordinates":[-45.47,25.417]},"properties":{"ptf_id":1248957,"ptf_ref":"7810122","category":"drifting_buoys","ptf_model":"SVP Pacific Gyre","wigos_ref":"0-22000-0-7810122","country_name":"USA","country_ship":"USA","goos_networks":"GDA","ptf_family_name":"Drifting Buoy","country_iso_reporting":"US","country_sensor_provider":null}},{"type":"Feature","geometry":{"type":"Point","coordinates":[-45.725,38.891]},"properties":{"ptf_id":1248977,"ptf_ref":"7810121","category":"drifting_buoys","ptf_model":"SVP Pacific Gyre","wigos_ref":"0-22000-0-7810121","country_name":"USA","country_ship":"USA","goos_networks":"GDA","ptf_family_name":"Drifting Buoy","country_iso_reporting":"US","country_sensor_provider":null}},{"type":"Feature","geometry":{"type":"Point","coordinates":[-53.684,30.303]},"properties":{"ptf_id":1248997,"ptf_ref":"7810120","category":"drifting_buoys","ptf_model":"SVP Pacific Gyre","wigos_ref":"0-22000-0-7810120","country_name":"USA","country_ship":"USA","goos_networks":"GDA","ptf_family_name":"Drifting Buoy","country_iso_reporting":"US","country_sensor_provider":null}},{"type":"Feature","geometry":{"type":"Point","coordinates":[-11.826,45.89]},"properties":{"ptf_id":1249017,"ptf_ref":"7810099","category":"drifting_buoys","ptf_model":"SVP B Pacific Gyre","wigos_ref":"0-22000-0-7810099","country_name":"USA","country_ship":null,"goos_networks":"GDA","ptf_family_name":"Drifting Buoy","country_iso_reporting":"US","country_sensor_provider":null}},{"type":"Feature","geometry":{"type":"Point","coordinates":[-17.771,43.281]},"properties":{"ptf_id":1249037,"ptf_ref":"7810098","category":"drifting_buoys","ptf_model":"SVP B Pacific Gyre","wigos_ref":"0-22000-0-7810098","country_name":"USA","country_ship":null,"goos_networks":"GDA","ptf_family_name":"Drifting Buoy","country_iso_reporting":"US","country_sensor_provider":null}},{"type":"Feature","geometry":{"type":"Point","coordinates":[-23.78,56.129]},"properties":{"ptf_id":1249077,"ptf_ref":"7810095","category":"drifting_buoys","ptf_model":"SVP B Pacific Gyre","wigos_ref":"0-22000-0-7810095","country_name":"USA","country_ship":null,"goos_networks":"GDA","ptf_family_name":"Drifting Buoy","country_iso_reporting":"US","country_sensor_provider":null}},{"type":"Feature","geometry":{"type":"Point","coordinates":[-135.198,23.249]},"properties":{"ptf_id":1249117,"ptf_ref":"7810590","category":"drifting_buoys","ptf_model":"SVP SIO","wigos_ref":"0-22000-0-7810590","country_name":"USA","country_ship":"USA","goos_networks":"GDA","ptf_family_name":"Drifting Buoy","country_iso_reporting":"US","country_sensor_provider":null}},{"type":"Feature","geometry":{"type":"Point","coordinates":[-128.134,23.664]},"properties":{"ptf_id":1249137,"ptf_ref":"7810591","category":"drifting_buoys","ptf_model":"SVP SIO","wigos_ref":"0-22000-0-7810591","country_name":"USA","country_ship":"USA","goos_networks":"GDA","ptf_family_name":"Drifting Buoy","country_iso_reporting":"US","country_sensor_provider":null}},{"type":"Feature","geometry":{"type":"Point","coordinates":[-112.985,21.84]},"properties":{"ptf_id":1249157,"ptf_ref":"7810592","category":"drifting_buoys","ptf_model":"SVP SIO","wigos_ref":"0-22000-0-7810592","country_name":"USA","country_ship":"USA","goos_networks":"GDA","ptf_family_name":"Drifting Buoy","country_iso_reporting":"US","country_sensor_provider":null}},{"type":"Feature","geometry":{"type":"Point","coordinates":[-133.732,26.243]},"properties":{"ptf_id":1249177,"ptf_ref":"7810593","category":"drifting_buoys","ptf_model":"SVP SIO","wigos_ref":"0-22000-0-7810593","country_name":"USA","country_ship":"USA","goos_networks":"GDA","ptf_family_name":"Drifting Buoy","country_iso_reporting":"US","country_sensor_provider":null}},{"type":"Feature","geometry":{"type":"Point","coordinates":[-113.892,20.22]},"properties":{"ptf_id":1249197,"ptf_ref":"7810594","category":"drifting_buoys","ptf_model":"SVP SIO","wigos_ref":"0-22000-0-7810594","country_name":"USA","country_ship":"USA","goos_networks":"GDA","ptf_family_name":"Drifting Buoy","country_iso_reporting":"US","country_sensor_provider":null}},{"type":"Feature","geometry":{"type":"Point","coordinates":[-122.904,25.534]},"properties":{"ptf_id":1249217,"ptf_ref":"7810595","category":"drifting_buoys","ptf_model":"SVP SIO","wigos_ref":"0-22000-0-7810595","country_name":"USA","country_ship":"USA","goos_networks":"GDA","ptf_family_name":"Drifting Buoy","country_iso_reporting":"US","country_sensor_provider":null}},{"type":"Feature","geometry":{"type":"Point","coordinates":[-130.559,30.245]},"properties":{"ptf_id":1249237,"ptf_ref":"7810596","category":"drifting_buoys","ptf_model":"SVP SIO","wigos_ref":"0-22000-0-7810596","country_name":"USA","country_ship":"USA","goos_networks":"GDA","ptf_family_name":"Drifting Buoy","country_iso_reporting":"US","country_sensor_provider":null}},{"type":"Feature","geometry":{"type":"Point","coordinates":[-142.187,25.116]},"properties":{"ptf_id":1249277,"ptf_ref":"7810598","category":"drifting_buoys","ptf_model":"SVP SIO","wigos_ref":"0-22000-0-7810598","country_name":"USA","country_ship":"USA","goos_networks":"GDA","ptf_family_name":"Drifting Buoy","country_iso_reporting":"US","country_sensor_provider":null}},{"type":"Feature","geometry":{"type":"Point","coordinates":[-3.831,46.229]},"properties":{"ptf_id":1249417,"ptf_ref":"4401651","category":"drifting_buoys","ptf_model":"SVP_BRST","wigos_ref":"0-22000-0-4401651","country_name":"EUROPE","country_ship":null,"goos_networks":"GDA","ptf_family_name":"Drifting Buoy","country_iso_reporting":"EU","country_sensor_provider":null}},{"type":"Feature","geometry":{"type":"Point","coordinates":[-33.465,62.739]},"properties":{"ptf_id":1249437,"ptf_ref":"6301636","category":"drifting_buoys","ptf_model":"ICE BALL MetOcean","wigos_ref":"0-22000-0-6301636","country_name":"EUROPE","country_ship":"GERMANY","goos_networks":"GDA","ptf_family_name":"Drifting Buoy","country_iso_reporting":"EU","country_sensor_provider":null}},{"type":"Feature","geometry":{"type":"Point","coordinates":[-41.031,57.102]},"properties":{"ptf_id":1252897,"ptf_ref":"6301638","category":"drifting_buoys","ptf_model":"ICE BALL MetOcean","wigos_ref":"0-22000-0-6301638","country_name":"EUROPE","country_ship":null,"goos_networks":"GDA","ptf_family_name":"Drifting Buoy","country_iso_reporting":"EU","country_sensor_provider":null}},{"type":"Feature","geometry":{"type":"Point","coordinates":[48.199,-44.528]},"properties":{"ptf_id":1254859,"ptf_ref":"4804268","category":"drifting_buoys","ptf_model":"SVP SIO","wigos_ref":"0-22000-0-4804268","country_name":"ITALY","country_ship":null,"goos_networks":"GDA","ptf_family_name":"Drifting Buoy","country_iso_reporting":"IT","country_sensor_provider":null}},{"type":"Feature","geometry":{"type":"Point","coordinates":[33.45,-43.718]},"properties":{"ptf_id":1254860,"ptf_ref":"7811091","category":"drifting_buoys","ptf_model":"SVP SIO","wigos_ref":"0-22000-0-7811091","country_name":"ITALY","country_ship":null,"goos_networks":"GDA","ptf_family_name":"Drifting Buoy","country_iso_reporting":"IT","country_sensor_provider":null}},{"type":"Feature","geometry":{"type":"Point","coordinates":[30.481,-47.298]},"properties":{"ptf_id":1254861,"ptf_ref":"2802241","category":"drifting_buoys","ptf_model":"SVP SIO","wigos_ref":"0-22000-0-2802241","country_name":"ITALY","country_ship":null,"goos_networks":"GDA","ptf_family_name":"Drifting Buoy","country_iso_reporting":"IT","country_sensor_provider":null}},{"type":"Feature","geometry":{"type":"Point","coordinates":[29.786,-47.399]},"properties":{"ptf_id":1254862,"ptf_ref":"1801937","category":"drifting_buoys","ptf_model":"SVP SIO","wigos_ref":"0-22000-0-1801937","country_name":"ITALY","country_ship":null,"goos_networks":"GDA","ptf_family_name":"Drifting Buoy","country_iso_reporting":"IT","country_sensor_provider":null}},{"type":"Feature","geometry":{"type":"Point","coordinates":[35.99,-49.862]},"properties":{"ptf_id":1254863,"ptf_ref":"7811092","category":"drifting_buoys","ptf_model":"SVP SIO","wigos_ref":"0-22000-0-7811092","country_name":"ITALY","country_ship":null,"goos_networks":"GDA","ptf_family_name":"Drifting Buoy","country_iso_reporting":"IT","country_sensor_provider":null}},{"type":"Feature","geometry":{"type":"Point","coordinates":[49.002,-47.607]},"properties":{"ptf_id":1254864,"ptf_ref":"6802057","category":"drifting_buoys","ptf_model":"SVP SIO","wigos_ref":"0-22000-0-6802057","country_name":"ITALY","country_ship":null,"goos_networks":"GDA","ptf_family_name":"Drifting Buoy","country_iso_reporting":"IT","country_sensor_provider":null}},{"type":"Feature","geometry":{"type":"Point","coordinates":[33.367,-43.053]},"properties":{"ptf_id":1254865,"ptf_ref":"1801938","category":"drifting_buoys","ptf_model":"SVP SIO","wigos_ref":"0-22000-0-1801938","country_name":"ITALY","country_ship":null,"goos_networks":"GDA","ptf_family_name":"Drifting Buoy","country_iso_reporting":"IT","country_sensor_provider":null}},{"type":"Feature","geometry":{"type":"Point","coordinates":[25.142,-46.761]},"properties":{"ptf_id":1254866,"ptf_ref":"6802058","category":"drifting_buoys","ptf_model":"SVP SIO","wigos_ref":"0-22000-0-6802058","country_name":"ITALY","country_ship":null,"goos_networks":"GDA","ptf_family_name":"Drifting Buoy","country_iso_reporting":"IT","country_sensor_provider":null}},{"type":"Feature","geometry":{"type":"Point","coordinates":[35.169,-46.739]},"properties":{"ptf_id":1254867,"ptf_ref":"5802249","category":"drifting_buoys","ptf_model":"SVP SIO","wigos_ref":"0-22000-0-5802249","country_name":"ITALY","country_ship":null,"goos_networks":"GDA","ptf_family_name":"Drifting Buoy","country_iso_reporting":"IT","country_sensor_provider":null}},{"type":"Feature","geometry":{"type":"Point","coordinates":[45.378,-48.506]},"properties":{"ptf_id":1254868,"ptf_ref":"4804269","category":"drifting_buoys","ptf_model":"SVP SIO","wigos_ref":"0-22000-0-4804269","country_name":"ITALY","country_ship":null,"goos_networks":"GDA","ptf_family_name":"Drifting Buoy","country_iso_reporting":"IT","country_sensor_provider":null}},{"type":"Feature","geometry":{"type":"Point","coordinates":[31.82,-54.501]},"properties":{"ptf_id":1254869,"ptf_ref":"1801939","category":"drifting_buoys","ptf_model":"SVP SIO","wigos_ref":"0-22000-0-1801939","country_name":"ITALY","country_ship":null,"goos_networks":"GDA","ptf_family_name":"Drifting Buoy","country_iso_reporting":"IT","country_sensor_provider":null}},{"type":"Feature","geometry":{"type":"Point","coordinates":[47.113,-52.561]},"properties":{"ptf_id":1254870,"ptf_ref":"5802250","category":"drifting_buoys","ptf_model":"SVP SIO","wigos_ref":"0-22000-0-5802250","country_name":"ITALY","country_ship":null,"goos_networks":"GDA","ptf_family_name":"Drifting Buoy","country_iso_reporting":"IT","country_sensor_provider":null}},{"type":"Feature","geometry":{"type":"Point","coordinates":[20.095,-52.094]},"properties":{"ptf_id":1254871,"ptf_ref":"6802059","category":"drifting_buoys","ptf_model":"SVP SIO","wigos_ref":"0-22000-0-6802059","country_name":"ITALY","country_ship":null,"goos_networks":"GDA","ptf_family_name":"Drifting Buoy","country_iso_reporting":"IT","country_sensor_provider":null}},{"type":"Feature","geometry":{"type":"Point","coordinates":[34.968,-51.483]},"properties":{"ptf_id":1254872,"ptf_ref":"7811093","category":"drifting_buoys","ptf_model":"SVP SIO","wigos_ref":"0-22000-0-7811093","country_name":"ITALY","country_ship":null,"goos_networks":"GDA","ptf_family_name":"Drifting Buoy","country_iso_reporting":"IT","country_sensor_provider":null}},{"type":"Feature","geometry":{"type":"Point","coordinates":[46.191,-52.94]},"properties":{"ptf_id":1254873,"ptf_ref":"1801940","category":"drifting_buoys","ptf_model":"SVP SIO","wigos_ref":"0-22000-0-1801940","country_name":"ITALY","country_ship":null,"goos_networks":"GDA","ptf_family_name":"Drifting Buoy","country_iso_reporting":"IT","country_sensor_provider":null}},{"type":"Feature","geometry":{"type":"Point","coordinates":[47.428,-48.201]},"properties":{"ptf_id":1254874,"ptf_ref":"1801941","category":"drifting_buoys","ptf_model":"SVP SIO","wigos_ref":"0-22000-0-1801941","country_name":"ITALY","country_ship":null,"goos_networks":"GDA","ptf_family_name":"Drifting Buoy","country_iso_reporting":"IT","country_sensor_provider":null}},{"type":"Feature","geometry":{"type":"Point","coordinates":[11.518,65.075]},"properties":{"ptf_id":1257317,"ptf_ref":"6203680","category":"drifting_buoys","ptf_model":"SVP B MetOcean","wigos_ref":"0-22000-0-6203680","country_name":"EUROPE","country_ship":null,"goos_networks":"GDA","ptf_family_name":"Drifting Buoy","country_iso_reporting":"EU","country_sensor_provider":null}},{"type":"Feature","geometry":{"type":"Point","coordinates":[-28.891,43.596]},"properties":{"ptf_id":1257677,"ptf_ref":"7810096","category":"drifting_buoys","ptf_model":"SVP B Pacific Gyre","wigos_ref":"0-22000-0-7810096","country_name":"USA","country_ship":null,"goos_networks":"GDA","ptf_family_name":"Drifting Buoy","country_iso_reporting":"US","country_sensor_provider":null}},{"type":"Feature","geometry":{"type":"Point","coordinates":[-38.754,45.454]},"properties":{"ptf_id":1257697,"ptf_ref":"7810616","category":"drifting_buoys","ptf_model":"SVP B SIO","wigos_ref":"0-22000-0-7810616","country_name":"USA","country_ship":"USA","goos_networks":"GDA","ptf_family_name":"Drifting Buoy","country_iso_reporting":"US","country_sensor_provider":null}},{"type":"Feature","geometry":{"type":"Point","coordinates":[-50.848,34.805]},"properties":{"ptf_id":1257737,"ptf_ref":"7810165","category":"drifting_buoys","ptf_model":"SVP Pacific Gyre","wigos_ref":"0-22000-0-7810165","country_name":"USA","country_ship":"USA","goos_networks":"GDA","ptf_family_name":"Drifting Buoy","country_iso_reporting":"US","country_sensor_provider":null}},{"type":"Feature","geometry":{"type":"Point","coordinates":[-64.23,33.906]},"properties":{"ptf_id":1257757,"ptf_ref":"7810164","category":"drifting_buoys","ptf_model":"SVP Pacific Gyre","wigos_ref":"0-22000-0-7810164","country_name":"USA","country_ship":"USA","goos_networks":"GDA","ptf_family_name":"Drifting Buoy","country_iso_reporting":"US","country_sensor_provider":null}},{"type":"Feature","geometry":{"type":"Point","coordinates":[-37.053,47.21]},"properties":{"ptf_id":1257777,"ptf_ref":"7810163","category":"drifting_buoys","ptf_model":"SVP Pacific Gyre","wigos_ref":"0-22000-0-7810163","country_name":"USA","country_ship":"USA","goos_networks":"GDA","ptf_family_name":"Drifting Buoy","country_iso_reporting":"US","country_sensor_provider":null}},{"type":"Feature","geometry":{"type":"Point","coordinates":[-41.331,26.28]},"properties":{"ptf_id":1257837,"ptf_ref":"7810160","category":"drifting_buoys","ptf_model":"SVP Pacific Gyre","wigos_ref":"0-22000-0-7810160","country_name":"USA","country_ship":null,"goos_networks":"GDA","ptf_family_name":"Drifting Buoy","country_iso_reporting":"US","country_sensor_provider":null}},{"type":"Feature","geometry":{"type":"Point","coordinates":[-177.14,21.59]},"properties":{"ptf_id":1257897,"ptf_ref":"7810134","category":"drifting_buoys","ptf_model":"SVP Pacific Gyre","wigos_ref":"0-22000-0-7810134","country_name":"USA","country_ship":null,"goos_networks":"GDA","ptf_family_name":"Drifting Buoy","country_iso_reporting":"US","country_sensor_provider":null}},{"type":"Feature","geometry":{"type":"Point","coordinates":[-0.19,68.043]},"properties":{"ptf_id":1257917,"ptf_ref":"7810578","category":"drifting_buoys","ptf_model":"SVP SIO","wigos_ref":"0-22000-0-7810578","country_name":"USA","country_ship":"ICELAND","goos_networks":"GDA","ptf_family_name":"Drifting Buoy","country_iso_reporting":"US","country_sensor_provider":null}},{"type":"Feature","geometry":{"type":"Point","coordinates":[7.908,63.725]},"properties":{"ptf_id":1257937,"ptf_ref":"7810579","category":"drifting_buoys","ptf_model":"SVP SIO","wigos_ref":"0-22000-0-7810579","country_name":"USA","country_ship":"ICELAND","goos_networks":"GDA","ptf_family_name":"Drifting Buoy","country_iso_reporting":"US","country_sensor_provider":null}},{"type":"Feature","geometry":{"type":"Point","coordinates":[-4.449,68.032]},"properties":{"ptf_id":1257957,"ptf_ref":"7810581","category":"drifting_buoys","ptf_model":"SVP SIO","wigos_ref":"0-22000-0-7810581","country_name":"USA","country_ship":"ICELAND","goos_networks":"GDA","ptf_family_name":"Drifting Buoy","country_iso_reporting":"US","country_sensor_provider":null}},{"type":"Feature","geometry":{"type":"Point","coordinates":[-8.15,75.964]},"properties":{"ptf_id":1259097,"ptf_ref":"6301641","category":"drifting_buoys","ptf_model":"ICE BALL MetOcean","wigos_ref":"0-22000-0-6301641","country_name":"EUROPE","country_ship":null,"goos_networks":"GDA","ptf_family_name":"Drifting Buoy","country_iso_reporting":"EU","country_sensor_provider":null}},{"type":"Feature","geometry":{"type":"Point","coordinates":[7.549,85.559]},"properties":{"ptf_id":1259697,"ptf_ref":"6301639","category":"drifting_buoys","ptf_model":"ICE BALL MetOcean","wigos_ref":"0-22000-0-6301639","country_name":"EUROPE","country_ship":null,"goos_networks":"GDA","ptf_family_name":"Drifting Buoy","country_iso_reporting":"EU","country_sensor_provider":null}},{"type":"Feature","geometry":{"type":"Point","coordinates":[-19.733,58.91]},"properties":{"ptf_id":1259717,"ptf_ref":"6301634","category":"drifting_buoys","ptf_model":"ICE BALL MetOcean","wigos_ref":"0-22000-0-6301634","country_name":"EUROPE","country_ship":"GERMANY","goos_networks":"GDA","ptf_family_name":"Drifting Buoy","country_iso_reporting":"EU","country_sensor_provider":null}},{"type":"Feature","geometry":{"type":"Point","coordinates":[154.82,19.17]},"properties":{"ptf_id":1261897,"ptf_ref":"2200604","category":"drifting_buoys","ptf_model":"SVP","wigos_ref":"0-22000-0-2200604","country_name":"SOUTH KOREA","country_ship":null,"goos_networks":"GDA","ptf_family_name":"Drifting Buoy","country_iso_reporting":"KR","country_sensor_provider":null}},{"type":"Feature","geometry":{"type":"Point","coordinates":[-40.181,21.247]},"properties":{"ptf_id":1267457,"ptf_ref":"7810268","category":"drifting_buoys","ptf_model":"SVP B Pacific Gyre","wigos_ref":"0-22000-0-7810268","country_name":"USA","country_ship":null,"goos_networks":"GDA","ptf_family_name":"Drifting Buoy","country_iso_reporting":"US","country_sensor_provider":null}},{"type":"Feature","geometry":{"type":"Point","coordinates":[-43.477,43.895]},"properties":{"ptf_id":1267637,"ptf_ref":"7810237","category":"drifting_buoys","ptf_model":"SVP Pacific Gyre","wigos_ref":"0-22000-0-7810237","country_name":"USA","country_ship":"USA","goos_networks":"GDA","ptf_family_name":"Drifting Buoy","country_iso_reporting":"US","country_sensor_provider":null}},{"type":"Feature","geometry":{"type":"Point","coordinates":[-21.139,44.07]},"properties":{"ptf_id":1267677,"ptf_ref":"7810235","category":"drifting_buoys","ptf_model":"SVP Pacific Gyre","wigos_ref":"0-22000-0-7810235","country_name":"USA","country_ship":"USA","goos_networks":"GDA","ptf_family_name":"Drifting Buoy","country_iso_reporting":"US","country_sensor_provider":null}},{"type":"Feature","geometry":{"type":"Point","coordinates":[-42.714,45.64]},"properties":{"ptf_id":1267697,"ptf_ref":"7810234","category":"drifting_buoys","ptf_model":"SVP Pacific Gyre","wigos_ref":"0-22000-0-7810234","country_name":"USA","country_ship":"USA","goos_networks":"GDA","ptf_family_name":"Drifting Buoy","country_iso_reporting":"US","country_sensor_provider":null}},{"type":"Feature","geometry":{"type":"Point","coordinates":[178.507,-18.918]},"properties":{"ptf_id":1267717,"ptf_ref":"7810177","category":"drifting_buoys","ptf_model":"SVP Pacific Gyre","wigos_ref":"0-22000-0-7810177","country_name":"USA","country_ship":null,"goos_networks":"GDA","ptf_family_name":"Drifting Buoy","country_iso_reporting":"US","country_sensor_provider":null}},{"type":"Feature","geometry":{"type":"Point","coordinates":[176.419,33.224]},"properties":{"ptf_id":1267737,"ptf_ref":"7810176","category":"drifting_buoys","ptf_model":"SVP Pacific Gyre","wigos_ref":"0-22000-0-7810176","country_name":"USA","country_ship":null,"goos_networks":"GDA","ptf_family_name":"Drifting Buoy","country_iso_reporting":"US","country_sensor_provider":null}},{"type":"Feature","geometry":{"type":"Point","coordinates":[178.316,-8.028]},"properties":{"ptf_id":1267757,"ptf_ref":"7810175","category":"drifting_buoys","ptf_model":"SVP Pacific Gyre","wigos_ref":"0-22000-0-7810175","country_name":"USA","country_ship":null,"goos_networks":"GDA","ptf_family_name":"Drifting Buoy","country_iso_reporting":"US","country_sensor_provider":null}},{"type":"Feature","geometry":{"type":"Point","coordinates":[169.705,14.972]},"properties":{"ptf_id":1267777,"ptf_ref":"7810174","category":"drifting_buoys","ptf_model":"SVP Pacific Gyre","wigos_ref":"0-22000-0-7810174","country_name":"USA","country_ship":null,"goos_networks":"GDA","ptf_family_name":"Drifting Buoy","country_iso_reporting":"US","country_sensor_provider":null}},{"type":"Feature","geometry":{"type":"Point","coordinates":[-173.97,16.535]},"properties":{"ptf_id":1267797,"ptf_ref":"7810173","category":"drifting_buoys","ptf_model":"SVP Pacific Gyre","wigos_ref":"0-22000-0-7810173","country_name":"USA","country_ship":null,"goos_networks":"GDA","ptf_family_name":"Drifting Buoy","country_iso_reporting":"US","country_sensor_provider":null}},{"type":"Feature","geometry":{"type":"Point","coordinates":[80.902,6.094]},"properties":{"ptf_id":1271637,"ptf_ref":"4101867","category":"drifting_buoys","ptf_model":"SVP B DBi","wigos_ref":"0-22000-0-4101867","country_name":"USA","country_ship":null,"goos_networks":"GDA","ptf_family_name":"Drifting Buoy","country_iso_reporting":"US","country_sensor_provider":null}},{"type":"Feature","geometry":{"type":"Point","coordinates":[60.822,-23.236]},"properties":{"ptf_id":1271657,"ptf_ref":"4101868","category":"drifting_buoys","ptf_model":"SVP B DBi","wigos_ref":"0-22000-0-4101868","country_name":"USA","country_ship":null,"goos_networks":"GDA","ptf_family_name":"Drifting Buoy","country_iso_reporting":"US","country_sensor_provider":null}},{"type":"Feature","geometry":{"type":"Point","coordinates":[-35.67,58.932]},"properties":{"ptf_id":1271717,"ptf_ref":"6203836","category":"drifting_buoys","ptf_model":"SVP B DBi","wigos_ref":"0-22000-0-6203836","country_name":"USA","country_ship":null,"goos_networks":"GDA","ptf_family_name":"Drifting Buoy","country_iso_reporting":"US","country_sensor_provider":null}},{"type":"Feature","geometry":{"type":"Point","coordinates":[-6.143,56.428]},"properties":{"ptf_id":1274016,"ptf_ref":"7894568","category":"drifting_buoys","ptf_model":"SVP B MetOcean","wigos_ref":"0-22000-0-7894568","country_name":"EUROPE","country_ship":null,"goos_networks":"GDA","ptf_family_name":"Drifting Buoy","country_iso_reporting":"EU","country_sensor_provider":null}},{"type":"Feature","geometry":{"type":"Point","coordinates":[-62.444,24.319]},"properties":{"ptf_id":1274017,"ptf_ref":"6203682","category":"drifting_buoys","ptf_model":"SVP B MetOcean","wigos_ref":"0-22000-0-6203682","country_name":"EUROPE","country_ship":null,"goos_networks":"GDA","ptf_family_name":"Drifting Buoy","country_iso_reporting":"EU","country_sensor_provider":null}},{"type":"Feature","geometry":{"type":"Point","coordinates":[-53.066,25.104]},"properties":{"ptf_id":1276617,"ptf_ref":"6203683","category":"drifting_buoys","ptf_model":"SVP B MetOcean","wigos_ref":"0-22000-0-6203683","country_name":"EUROPE","country_ship":null,"goos_networks":"GDA","ptf_family_name":"Drifting Buoy","country_iso_reporting":"EU","country_sensor_provider":null}},{"type":"Feature","geometry":{"type":"Point","coordinates":[-18.37,46.942]},"properties":{"ptf_id":1276637,"ptf_ref":"2802242","category":"drifting_buoys","ptf_model":"SVP B MetOcean","wigos_ref":"0-22000-0-2802242","country_name":"EUROPE","country_ship":null,"goos_networks":"GDA","ptf_family_name":"Drifting Buoy","country_iso_reporting":"EU","country_sensor_provider":null}},{"type":"Feature","geometry":{"type":"Point","coordinates":[-40.868,45.148]},"properties":{"ptf_id":1276638,"ptf_ref":"1801943","category":"drifting_buoys","ptf_model":"SVP B MetOcean","wigos_ref":"0-22000-0-1801943","country_name":"EUROPE","country_ship":null,"goos_networks":"GDA","ptf_family_name":"Drifting Buoy","country_iso_reporting":"EU","country_sensor_provider":null}},{"type":"Feature","geometry":{"type":"Point","coordinates":[-27.173,42.467]},"properties":{"ptf_id":1276639,"ptf_ref":"2802243","category":"drifting_buoys","ptf_model":"SVP B MetOcean","wigos_ref":"0-22000-0-2802243","country_name":"EUROPE","country_ship":null,"goos_networks":"GDA","ptf_family_name":"Drifting Buoy","country_iso_reporting":"EU","country_sensor_provider":null}},{"type":"Feature","geometry":{"type":"Point","coordinates":[-17.8,51.369]},"properties":{"ptf_id":1276640,"ptf_ref":"6802060","category":"drifting_buoys","ptf_model":"SVP B MetOcean","wigos_ref":"0-22000-0-6802060","country_name":"EUROPE","country_ship":null,"goos_networks":"GDA","ptf_family_name":"Drifting Buoy","country_iso_reporting":"EU","country_sensor_provider":null}},{"type":"Feature","geometry":{"type":"Point","coordinates":[-22.342,36.861]},"properties":{"ptf_id":1276641,"ptf_ref":"5802253","category":"drifting_buoys","ptf_model":"SVP B MetOcean","wigos_ref":"0-22000-0-5802253","country_name":"EUROPE","country_ship":null,"goos_networks":"GDA","ptf_family_name":"Drifting Buoy","country_iso_reporting":"EU","country_sensor_provider":null}},{"type":"Feature","geometry":{"type":"Point","coordinates":[-4.776,59.651]},"properties":{"ptf_id":1276642,"ptf_ref":"2802244","category":"drifting_buoys","ptf_model":"SVP B MetOcean","wigos_ref":"0-22000-0-2802244","country_name":"EUROPE","country_ship":null,"goos_networks":"GDA","ptf_family_name":"Drifting Buoy","country_iso_reporting":"EU","country_sensor_provider":null}},{"type":"Feature","geometry":{"type":"Point","coordinates":[-32.016,48.979]},"properties":{"ptf_id":1276643,"ptf_ref":"2802245","category":"drifting_buoys","ptf_model":"SVP B MetOcean","wigos_ref":"0-22000-0-2802245","country_name":"EUROPE","country_ship":null,"goos_networks":"GDA","ptf_family_name":"Drifting Buoy","country_iso_reporting":"EU","country_sensor_provider":null}},{"type":"Feature","geometry":{"type":"Point","coordinates":[-25.167,49.925]},"properties":{"ptf_id":1276644,"ptf_ref":"3801834","category":"drifting_buoys","ptf_model":"SVP B MetOcean","wigos_ref":"0-22000-0-3801834","country_name":"EUROPE","country_ship":null,"goos_networks":"GDA","ptf_family_name":"Drifting Buoy","country_iso_reporting":"EU","country_sensor_provider":null}},{"type":"Feature","geometry":{"type":"Point","coordinates":[-5.468,48.492]},"properties":{"ptf_id":1276645,"ptf_ref":"7894569","category":"drifting_buoys","ptf_model":"SVP B MetOcean","wigos_ref":"0-22000-0-7894569","country_name":"EUROPE","country_ship":null,"goos_networks":"GDA","ptf_family_name":"Drifting Buoy","country_iso_reporting":"EU","country_sensor_provider":null}},{"type":"Feature","geometry":{"type":"Point","coordinates":[-14.581,45.11]},"properties":{"ptf_id":1276646,"ptf_ref":"7894570","category":"drifting_buoys","ptf_model":"SVP B MetOcean","wigos_ref":"0-22000-0-7894570","country_name":"EUROPE","country_ship":null,"goos_networks":"GDA","ptf_family_name":"Drifting Buoy","country_iso_reporting":"EU","country_sensor_provider":null}},{"type":"Feature","geometry":{"type":"Point","coordinates":[-28.286,42.215]},"properties":{"ptf_id":1276647,"ptf_ref":"3801835","category":"drifting_buoys","ptf_model":"SVP B MetOcean","wigos_ref":"0-22000-0-3801835","country_name":"EUROPE","country_ship":null,"goos_networks":"GDA","ptf_family_name":"Drifting Buoy","country_iso_reporting":"EU","country_sensor_provider":null}},{"type":"Feature","geometry":{"type":"Point","coordinates":[-54.347,44.439]},"properties":{"ptf_id":1276648,"ptf_ref":"1801944","category":"drifting_buoys","ptf_model":"SVP B MetOcean","wigos_ref":"0-22000-0-1801944","country_name":"EUROPE","country_ship":null,"goos_networks":"GDA","ptf_family_name":"Drifting Buoy","country_iso_reporting":"EU","country_sensor_provider":null}},{"type":"Feature","geometry":{"type":"Point","coordinates":[-29.069,42.752]},"properties":{"ptf_id":1276649,"ptf_ref":"3801836","category":"drifting_buoys","ptf_model":"SVP B MetOcean","wigos_ref":"0-22000-0-3801836","country_name":"EUROPE","country_ship":null,"goos_networks":"GDA","ptf_family_name":"Drifting Buoy","country_iso_reporting":"EU","country_sensor_provider":null}},{"type":"Feature","geometry":{"type":"Point","coordinates":[-13.93,67.309]},"properties":{"ptf_id":1276650,"ptf_ref":"3801837","category":"drifting_buoys","ptf_model":"SVP B MetOcean","wigos_ref":"0-22000-0-3801837","country_name":"EUROPE","country_ship":null,"goos_networks":"GDA","ptf_family_name":"Drifting Buoy","country_iso_reporting":"EU","country_sensor_provider":null}},{"type":"Feature","geometry":{"type":"Point","coordinates":[-26.162,47.495]},"properties":{"ptf_id":1276652,"ptf_ref":"3801838","category":"drifting_buoys","ptf_model":"SVP B MetOcean","wigos_ref":"0-22000-0-3801838","country_name":"EUROPE","country_ship":null,"goos_networks":"GDA","ptf_family_name":"Drifting Buoy","country_iso_reporting":"EU","country_sensor_provider":null}},{"type":"Feature","geometry":{"type":"Point","coordinates":[-19.93,46.602]},"properties":{"ptf_id":1276653,"ptf_ref":"3801839","category":"drifting_buoys","ptf_model":"SVP B MetOcean","wigos_ref":"0-22000-0-3801839","country_name":"EUROPE","country_ship":null,"goos_networks":"GDA","ptf_family_name":"Drifting Buoy","country_iso_reporting":"EU","country_sensor_provider":null}},{"type":"Feature","geometry":{"type":"Point","coordinates":[-16.88,47.979]},"properties":{"ptf_id":1276654,"ptf_ref":"3801840","category":"drifting_buoys","ptf_model":"SVP B MetOcean","wigos_ref":"0-22000-0-3801840","country_name":"EUROPE","country_ship":null,"goos_networks":"GDA","ptf_family_name":"Drifting Buoy","country_iso_reporting":"EU","country_sensor_provider":null}},{"type":"Feature","geometry":{"type":"Point","coordinates":[-34.395,55.021]},"properties":{"ptf_id":1276655,"ptf_ref":"5802254","category":"drifting_buoys","ptf_model":"SVP B MetOcean","wigos_ref":"0-22000-0-5802254","country_name":"EUROPE","country_ship":null,"goos_networks":"GDA","ptf_family_name":"Drifting Buoy","country_iso_reporting":"EU","country_sensor_provider":null}},{"type":"Feature","geometry":{"type":"Point","coordinates":[-36.118,63.652]},"properties":{"ptf_id":1276656,"ptf_ref":"6802061","category":"drifting_buoys","ptf_model":"SVP B MetOcean","wigos_ref":"0-22000-0-6802061","country_name":"EUROPE","country_ship":null,"goos_networks":"GDA","ptf_family_name":"Drifting Buoy","country_iso_reporting":"EU","country_sensor_provider":null}},{"type":"Feature","geometry":{"type":"Point","coordinates":[-12.855,70.219]},"properties":{"ptf_id":1276657,"ptf_ref":"7894571","category":"drifting_buoys","ptf_model":"SVP B MetOcean","wigos_ref":"0-22000-0-7894571","country_name":"EUROPE","country_ship":"FRANCE","goos_networks":"GDA","ptf_family_name":"Drifting Buoy","country_iso_reporting":"EU","country_sensor_provider":null}},{"type":"Feature","geometry":{"type":"Point","coordinates":[-11.788,70.664]},"properties":{"ptf_id":1276658,"ptf_ref":"6802062","category":"drifting_buoys","ptf_model":"SVP B MetOcean","wigos_ref":"0-22000-0-6802062","country_name":"EUROPE","country_ship":"FRANCE","goos_networks":"GDA","ptf_family_name":"Drifting Buoy","country_iso_reporting":"EU","country_sensor_provider":null}},{"type":"Feature","geometry":{"type":"Point","coordinates":[-27.475,48.337]},"properties":{"ptf_id":1276659,"ptf_ref":"2802246","category":"drifting_buoys","ptf_model":"SVP B MetOcean","wigos_ref":"0-22000-0-2802246","country_name":"EUROPE","country_ship":null,"goos_networks":"GDA","ptf_family_name":"Drifting Buoy","country_iso_reporting":"EU","country_sensor_provider":null}},{"type":"Feature","geometry":{"type":"Point","coordinates":[-34.892,51.301]},"properties":{"ptf_id":1276660,"ptf_ref":"3801841","category":"drifting_buoys","ptf_model":"SVP B MetOcean","wigos_ref":"0-22000-0-3801841","country_name":"EUROPE","country_ship":null,"goos_networks":"GDA","ptf_family_name":"Drifting Buoy","country_iso_reporting":"EU","country_sensor_provider":null}},{"type":"Feature","geometry":{"type":"Point","coordinates":[-26.894,42.977]},"properties":{"ptf_id":1276661,"ptf_ref":"1801945","category":"drifting_buoys","ptf_model":"SVP B MetOcean","wigos_ref":"0-22000-0-1801945","country_name":"EUROPE","country_ship":null,"goos_networks":"GDA","ptf_family_name":"Drifting Buoy","country_iso_reporting":"EU","country_sensor_provider":null}},{"type":"Feature","geometry":{"type":"Point","coordinates":[-10.059,48.874]},"properties":{"ptf_id":1276662,"ptf_ref":"1801946","category":"drifting_buoys","ptf_model":"SVP B MetOcean","wigos_ref":"0-22000-0-1801946","country_name":"EUROPE","country_ship":null,"goos_networks":"GDA","ptf_family_name":"Drifting Buoy","country_iso_reporting":"EU","country_sensor_provider":null}},{"type":"Feature","geometry":{"type":"Point","coordinates":[-4.919,64.857]},"properties":{"ptf_id":1276663,"ptf_ref":"4804272","category":"drifting_buoys","ptf_model":"SVP B MetOcean","wigos_ref":"0-22000-0-4804272","country_name":"EUROPE","country_ship":null,"goos_networks":"GDA","ptf_family_name":"Drifting Buoy","country_iso_reporting":"EU","country_sensor_provider":null}},{"type":"Feature","geometry":{"type":"Point","coordinates":[-28.183,63.038]},"properties":{"ptf_id":1276664,"ptf_ref":"5802255","category":"drifting_buoys","ptf_model":"SVP B MetOcean","wigos_ref":"0-22000-0-5802255","country_name":"EUROPE","country_ship":"FRANCE","goos_networks":"GDA","ptf_family_name":"Drifting Buoy","country_iso_reporting":"EU","country_sensor_provider":null}},{"type":"Feature","geometry":{"type":"Point","coordinates":[-25.929,59.269]},"properties":{"ptf_id":1276665,"ptf_ref":"5802256","category":"drifting_buoys","ptf_model":"SVP B MetOcean","wigos_ref":"0-22000-0-5802256","country_name":"EUROPE","country_ship":"FRANCE","goos_networks":"GDA","ptf_family_name":"Drifting Buoy","country_iso_reporting":"EU","country_sensor_provider":null}},{"type":"Feature","geometry":{"type":"Point","coordinates":[-18.924,58.63]},"properties":{"ptf_id":1276666,"ptf_ref":"5802257","category":"drifting_buoys","ptf_model":"SVP B MetOcean","wigos_ref":"0-22000-0-5802257","country_name":"EUROPE","country_ship":"FRANCE","goos_networks":"GDA","ptf_family_name":"Drifting Buoy","country_iso_reporting":"EU","country_sensor_provider":null}},{"type":"Feature","geometry":{"type":"Point","coordinates":[-3.948,64.1]},"properties":{"ptf_id":1276667,"ptf_ref":"2802247","category":"drifting_buoys","ptf_model":"SVP B MetOcean","wigos_ref":"0-22000-0-2802247","country_name":"EUROPE","country_ship":null,"goos_networks":"GDA","ptf_family_name":"Drifting Buoy","country_iso_reporting":"EU","country_sensor_provider":null}},{"type":"Feature","geometry":{"type":"Point","coordinates":[2.994,66.551]},"properties":{"ptf_id":1276668,"ptf_ref":"3801842","category":"drifting_buoys","ptf_model":"SVP B MetOcean","wigos_ref":"0-22000-0-3801842","country_name":"EUROPE","country_ship":null,"goos_networks":"GDA","ptf_family_name":"Drifting Buoy","country_iso_reporting":"EU","country_sensor_provider":null}},{"type":"Feature","geometry":{"type":"Point","coordinates":[143.383,84.579]},"properties":{"ptf_id":1276669,"ptf_ref":"1801947","category":"drifting_buoys","ptf_model":"ICE BALL MetOcean","wigos_ref":"0-22000-0-1801947","country_name":"EUROPE","country_ship":"GERMANY","goos_networks":"GDA","ptf_family_name":"Drifting Buoy","country_iso_reporting":"EU","country_sensor_provider":null}},{"type":"Feature","geometry":{"type":"Point","coordinates":[167.48,85.077]},"properties":{"ptf_id":1276670,"ptf_ref":"7894572","category":"drifting_buoys","ptf_model":"ICE BALL MetOcean","wigos_ref":"0-22000-0-7894572","country_name":"EUROPE","country_ship":"GERMANY","goos_networks":"GDA","ptf_family_name":"Drifting Buoy","country_iso_reporting":"EU","country_sensor_provider":null}},{"type":"Feature","geometry":{"type":"Point","coordinates":[173.968,83.505]},"properties":{"ptf_id":1276671,"ptf_ref":"7894573","category":"drifting_buoys","ptf_model":"ICE BALL MetOcean","wigos_ref":"0-22000-0-7894573","country_name":"EUROPE","country_ship":"GERMANY","goos_networks":"GDA","ptf_family_name":"Drifting Buoy","country_iso_reporting":"EU","country_sensor_provider":null}},{"type":"Feature","geometry":{"type":"Point","coordinates":[177.067,84.163]},"properties":{"ptf_id":1276672,"ptf_ref":"7894574","category":"drifting_buoys","ptf_model":"ICE BALL MetOcean","wigos_ref":"0-22000-0-7894574","country_name":"EUROPE","country_ship":"GERMANY","goos_networks":"GDA","ptf_family_name":"Drifting Buoy","country_iso_reporting":"EU","country_sensor_provider":null}},{"type":"Feature","geometry":{"type":"Point","coordinates":[159.295,85.735]},"properties":{"ptf_id":1276673,"ptf_ref":"5802258","category":"drifting_buoys","ptf_model":"ICE BALL MetOcean","wigos_ref":"0-22000-0-5802258","country_name":"EUROPE","country_ship":"GERMANY","goos_networks":"GDA","ptf_family_name":"Drifting Buoy","country_iso_reporting":"EU","country_sensor_provider":null}},{"type":"Feature","geometry":{"type":"Point","coordinates":[158.802,82.548]},"properties":{"ptf_id":1276674,"ptf_ref":"6802063","category":"drifting_buoys","ptf_model":"ICE BALL MetOcean","wigos_ref":"0-22000-0-6802063","country_name":"EUROPE","country_ship":"GERMANY","goos_networks":"GDA","ptf_family_name":"Drifting Buoy","country_iso_reporting":"EU","country_sensor_provider":null}},{"type":"Feature","geometry":{"type":"Point","coordinates":[-23.15,47.948]},"properties":{"ptf_id":1276717,"ptf_ref":"7810445","category":"drifting_buoys","ptf_model":"SVP B SIO","wigos_ref":"0-22000-0-7810445","country_name":"USA","country_ship":null,"goos_networks":"GDA","ptf_family_name":"Drifting Buoy","country_iso_reporting":"US","country_sensor_provider":null}},{"type":"Feature","geometry":{"type":"Point","coordinates":[155.05,-5.542]},"properties":{"ptf_id":1276777,"ptf_ref":"7810171","category":"drifting_buoys","ptf_model":"SVP Pacific Gyre","wigos_ref":"0-22000-0-7810171","country_name":"USA","country_ship":null,"goos_networks":"GDA","ptf_family_name":"Drifting Buoy","country_iso_reporting":"US","country_sensor_provider":null}},{"type":"Feature","geometry":{"type":"Point","coordinates":[176.494,25.352]},"properties":{"ptf_id":1276797,"ptf_ref":"7810170","category":"drifting_buoys","ptf_model":"SVP Pacific Gyre","wigos_ref":"0-22000-0-7810170","country_name":"USA","country_ship":null,"goos_networks":"GDA","ptf_family_name":"Drifting Buoy","country_iso_reporting":"US","country_sensor_provider":null}},{"type":"Feature","geometry":{"type":"Point","coordinates":[-160.944,12.002]},"properties":{"ptf_id":1276817,"ptf_ref":"7810169","category":"drifting_buoys","ptf_model":"SVP Pacific Gyre","wigos_ref":"0-22000-0-7810169","country_name":"USA","country_ship":null,"goos_networks":"GDA","ptf_family_name":"Drifting Buoy","country_iso_reporting":"US","country_sensor_provider":null}},{"type":"Feature","geometry":{"type":"Point","coordinates":[146.752,-5.044]},"properties":{"ptf_id":1276837,"ptf_ref":"7810168","category":"drifting_buoys","ptf_model":"SVP Pacific Gyre","wigos_ref":"0-22000-0-7810168","country_name":"USA","country_ship":null,"goos_networks":"GDA","ptf_family_name":"Drifting Buoy","country_iso_reporting":"US","country_sensor_provider":null}},{"type":"Feature","geometry":{"type":"Point","coordinates":[-18.188,46.93]},"properties":{"ptf_id":1280357,"ptf_ref":"6204531","category":"drifting_buoys","ptf_model":"SVP B MetOcean","wigos_ref":"0-22000-0-6204531","country_name":"EUROPE","country_ship":null,"goos_networks":"GDA","ptf_family_name":"Drifting Buoy","country_iso_reporting":"EU","country_sensor_provider":null}},{"type":"Feature","geometry":{"type":"Point","coordinates":[-21.527,41.581]},"properties":{"ptf_id":1280397,"ptf_ref":"6204533","category":"drifting_buoys","ptf_model":"SVP B MetOcean","wigos_ref":"0-22000-0-6204533","country_name":"EUROPE","country_ship":null,"goos_networks":"GDA","ptf_family_name":"Drifting Buoy","country_iso_reporting":"EU","country_sensor_provider":null}},{"type":"Feature","geometry":{"type":"Point","coordinates":[-15.621,42.402]},"properties":{"ptf_id":1285457,"ptf_ref":"6204528","category":"drifting_buoys","ptf_model":"SVP B MetOcean","wigos_ref":"0-22000-0-6204528","country_name":"EUROPE","country_ship":null,"goos_networks":"GDA","ptf_family_name":"Drifting Buoy","country_iso_reporting":"EU","country_sensor_provider":null}},{"type":"Feature","geometry":{"type":"Point","coordinates":[-28.624,38.527]},"properties":{"ptf_id":1285477,"ptf_ref":"6204529","category":"drifting_buoys","ptf_model":"SVP B MetOcean","wigos_ref":"0-22000-0-6204529","country_name":"EUROPE","country_ship":null,"goos_networks":"GDA","ptf_family_name":"Drifting Buoy","country_iso_reporting":"EU","country_sensor_provider":null}},{"type":"Feature","geometry":{"type":"Point","coordinates":[-13.638,39.936]},"properties":{"ptf_id":1285517,"ptf_ref":"6204530","category":"drifting_buoys","ptf_model":"SVP B MetOcean","wigos_ref":"0-22000-0-6204530","country_name":"EUROPE","country_ship":null,"goos_networks":"GDA","ptf_family_name":"Drifting Buoy","country_iso_reporting":"EU","country_sensor_provider":null}},{"type":"Feature","geometry":{"type":"Point","coordinates":[-50.997,42.945]},"properties":{"ptf_id":1290117,"ptf_ref":"6204523","category":"drifting_buoys","ptf_model":"SVP B MetOcean","wigos_ref":"0-22000-0-6204523","country_name":"EUROPE","country_ship":null,"goos_networks":"GDA","ptf_family_name":"Drifting Buoy","country_iso_reporting":"EU","country_sensor_provider":null}},{"type":"Feature","geometry":{"type":"Point","coordinates":[-43.613,41.006]},"properties":{"ptf_id":1290137,"ptf_ref":"6204525","category":"drifting_buoys","ptf_model":"SVP B MetOcean","wigos_ref":"0-22000-0-6204525","country_name":"EUROPE","country_ship":null,"goos_networks":"GDA","ptf_family_name":"Drifting Buoy","country_iso_reporting":"EU","country_sensor_provider":null}},{"type":"Feature","geometry":{"type":"Point","coordinates":[-22.55,40.653]},"properties":{"ptf_id":1290157,"ptf_ref":"6204536","category":"drifting_buoys","ptf_model":"SVP B MetOcean","wigos_ref":"0-22000-0-6204536","country_name":"EUROPE","country_ship":null,"goos_networks":"GDA","ptf_family_name":"Drifting Buoy","country_iso_reporting":"EU","country_sensor_provider":null}},{"type":"Feature","geometry":{"type":"Point","coordinates":[-58.988,41.89]},"properties":{"ptf_id":1290177,"ptf_ref":"6204537","category":"drifting_buoys","ptf_model":"SVP B MetOcean","wigos_ref":"0-22000-0-6204537","country_name":"EUROPE","country_ship":null,"goos_networks":"GDA","ptf_family_name":"Drifting Buoy","country_iso_reporting":"EU","country_sensor_provider":null}},{"type":"Feature","geometry":{"type":"Point","coordinates":[-73.301,27.65]},"properties":{"ptf_id":1290637,"ptf_ref":"5401606","category":"drifting_buoys","ptf_model":"SVP_BRST","wigos_ref":"0-22000-0-5401606","country_name":"EUROPE","country_ship":null,"goos_networks":"GDA","ptf_family_name":"Drifting Buoy","country_iso_reporting":"EU","country_sensor_provider":null}},{"type":"Feature","geometry":{"type":"Point","coordinates":[-31.851,43.531]},"properties":{"ptf_id":1290677,"ptf_ref":"7810446","category":"drifting_buoys","ptf_model":"SVP B SIO","wigos_ref":"0-22000-0-7810446","country_name":"USA","country_ship":null,"goos_networks":"GDA","ptf_family_name":"Drifting Buoy","country_iso_reporting":"US","country_sensor_provider":null}},{"type":"Feature","geometry":{"type":"Point","coordinates":[-140.766,49.621]},"properties":{"ptf_id":1290697,"ptf_ref":"7810682","category":"drifting_buoys","ptf_model":"SVP B Pacific Gyre","wigos_ref":"0-22000-0-7810682","country_name":"USA","country_ship":"USA","goos_networks":"GDA","ptf_family_name":"Drifting Buoy","country_iso_reporting":"US","country_sensor_provider":null}},{"type":"Feature","geometry":{"type":"Point","coordinates":[-144.163,47.924]},"properties":{"ptf_id":1290717,"ptf_ref":"7810683","category":"drifting_buoys","ptf_model":"SVP B Pacific Gyre","wigos_ref":"0-22000-0-7810683","country_name":"USA","country_ship":"USA","goos_networks":"GDA","ptf_family_name":"Drifting Buoy","country_iso_reporting":"US","country_sensor_provider":null}},{"type":"Feature","geometry":{"type":"Point","coordinates":[-141.775,49.06]},"properties":{"ptf_id":1290737,"ptf_ref":"7810684","category":"drifting_buoys","ptf_model":"SVP B Pacific Gyre","wigos_ref":"0-22000-0-7810684","country_name":"USA","country_ship":"USA","goos_networks":"GDA","ptf_family_name":"Drifting Buoy","country_iso_reporting":"US","country_sensor_provider":null}},{"type":"Feature","geometry":{"type":"Point","coordinates":[-137.614,46.761]},"properties":{"ptf_id":1290757,"ptf_ref":"7810685","category":"drifting_buoys","ptf_model":"SVP B Pacific Gyre","wigos_ref":"0-22000-0-7810685","country_name":"USA","country_ship":"USA","goos_networks":"GDA","ptf_family_name":"Drifting Buoy","country_iso_reporting":"US","country_sensor_provider":null}},{"type":"Feature","geometry":{"type":"Point","coordinates":[-140.202,47.955]},"properties":{"ptf_id":1290777,"ptf_ref":"7810686","category":"drifting_buoys","ptf_model":"SVP B Pacific Gyre","wigos_ref":"0-22000-0-7810686","country_name":"USA","country_ship":"USA","goos_networks":"GDA","ptf_family_name":"Drifting Buoy","country_iso_reporting":"US","country_sensor_provider":null}},{"type":"Feature","geometry":{"type":"Point","coordinates":[-150.352,30.675]},"properties":{"ptf_id":1290817,"ptf_ref":"7810693","category":"drifting_buoys","ptf_model":"SVP B Pacific Gyre","wigos_ref":"0-22000-0-7810693","country_name":"USA","country_ship":"USA","goos_networks":"GDA","ptf_family_name":"Drifting Buoy","country_iso_reporting":"US","country_sensor_provider":null}},{"type":"Feature","geometry":{"type":"Point","coordinates":[-161.692,23.503]},"properties":{"ptf_id":1290837,"ptf_ref":"7810694","category":"drifting_buoys","ptf_model":"SVP B Pacific Gyre","wigos_ref":"0-22000-0-7810694","country_name":"USA","country_ship":"USA","goos_networks":"GDA","ptf_family_name":"Drifting Buoy","country_iso_reporting":"US","country_sensor_provider":null}},{"type":"Feature","geometry":{"type":"Point","coordinates":[-159.058,31.207]},"properties":{"ptf_id":1290857,"ptf_ref":"7810695","category":"drifting_buoys","ptf_model":"SVP B Pacific Gyre","wigos_ref":"0-22000-0-7810695","country_name":"USA","country_ship":"USA","goos_networks":"GDA","ptf_family_name":"Drifting Buoy","country_iso_reporting":"US","country_sensor_provider":null}},{"type":"Feature","geometry":{"type":"Point","coordinates":[-159.094,26.708]},"properties":{"ptf_id":1290877,"ptf_ref":"7810696","category":"drifting_buoys","ptf_model":"SVP B Pacific Gyre","wigos_ref":"0-22000-0-7810696","country_name":"USA","country_ship":"USA","goos_networks":"GDA","ptf_family_name":"Drifting Buoy","country_iso_reporting":"US","country_sensor_provider":null}},{"type":"Feature","geometry":{"type":"Point","coordinates":[22.543,32.798]},"properties":{"ptf_id":1292796,"ptf_ref":"4804282","category":"drifting_buoys","ptf_model":"SVP B","wigos_ref":"0-22000-0-4804282","country_name":"ITALY","country_ship":"GERMANY","goos_networks":"GDA","ptf_family_name":"Drifting Buoy","country_iso_reporting":"IT","country_sensor_provider":null}},{"type":"Feature","geometry":{"type":"Point","coordinates":[-21.585,45.611]},"properties":{"ptf_id":1292797,"ptf_ref":"6204534","category":"drifting_buoys","ptf_model":"SVP B MetOcean","wigos_ref":"0-22000-0-6204534","country_name":"EUROPE","country_ship":null,"goos_networks":"GDA","ptf_family_name":"Drifting Buoy","country_iso_reporting":"EU","country_sensor_provider":null}},{"type":"Feature","geometry":{"type":"Point","coordinates":[33.642,31.267]},"properties":{"ptf_id":1293537,"ptf_ref":"3801846","category":"drifting_buoys","ptf_model":"SVP B","wigos_ref":"0-22000-0-3801846","country_name":"ITALY","country_ship":"GERMANY","goos_networks":"GDA","ptf_family_name":"Drifting Buoy","country_iso_reporting":"IT","country_sensor_provider":null}},{"type":"Feature","geometry":{"type":"Point","coordinates":[136.404,-51.133]},"properties":{"ptf_id":1294017,"ptf_ref":"5601761","category":"drifting_buoys","ptf_model":"SVP B MetOcean","wigos_ref":"0-22000-0-5601761","country_name":"AUSTRALIA","country_ship":"AUSTRALIA","goos_networks":"GDA","ptf_family_name":"Drifting Buoy","country_iso_reporting":"AU","country_sensor_provider":null}},{"type":"Feature","geometry":{"type":"Point","coordinates":[112.222,-60.2]},"properties":{"ptf_id":1294037,"ptf_ref":"5601762","category":"drifting_buoys","ptf_model":"SVP B MetOcean","wigos_ref":"0-22000-0-5601762","country_name":"AUSTRALIA","country_ship":"AUSTRALIA","goos_networks":"GDA","ptf_family_name":"Drifting Buoy","country_iso_reporting":"AU","country_sensor_provider":null}},{"type":"Feature","geometry":{"type":"Point","coordinates":[-20.98,43.687]},"properties":{"ptf_id":1294837,"ptf_ref":"6204526","category":"drifting_buoys","ptf_model":"SVP B MetOcean","wigos_ref":"0-22000-0-6204526","country_name":"EUROPE","country_ship":null,"goos_networks":"GDA","ptf_family_name":"Drifting Buoy","country_iso_reporting":"EU","country_sensor_provider":null}},{"type":"Feature","geometry":{"type":"Point","coordinates":[-27.966,44.193]},"properties":{"ptf_id":1294857,"ptf_ref":"6204527","category":"drifting_buoys","ptf_model":"SVP B MetOcean","wigos_ref":"0-22000-0-6204527","country_name":"EUROPE","country_ship":null,"goos_networks":"GDA","ptf_family_name":"Drifting Buoy","country_iso_reporting":"EU","country_sensor_provider":null}},{"type":"Feature","geometry":{"type":"Point","coordinates":[-35.153,41.37]},"properties":{"ptf_id":1298037,"ptf_ref":"6202599","category":"drifting_buoys","ptf_model":"SVP B MetOcean","wigos_ref":"0-22000-0-6202599","country_name":"EUROPE","country_ship":null,"goos_networks":"GDA","ptf_family_name":"Drifting Buoy","country_iso_reporting":"EU","country_sensor_provider":null}},{"type":"Feature","geometry":{"type":"Point","coordinates":[-31.135,39.377]},"properties":{"ptf_id":1298057,"ptf_ref":"6204535","category":"drifting_buoys","ptf_model":"SVP B MetOcean","wigos_ref":"0-22000-0-6204535","country_name":"EUROPE","country_ship":null,"goos_networks":"GDA","ptf_family_name":"Drifting Buoy","country_iso_reporting":"EU","country_sensor_provider":null}},{"type":"Feature","geometry":{"type":"Point","coordinates":[119.732,-39.843]},"properties":{"ptf_id":1298077,"ptf_ref":"7810053","category":"drifting_buoys","ptf_model":"SVP B Pacific Gyre","wigos_ref":"0-22000-0-7810053","country_name":"USA","country_ship":null,"goos_networks":"GDA","ptf_family_name":"Drifting Buoy","country_iso_reporting":"US","country_sensor_provider":null}},{"type":"Feature","geometry":{"type":"Point","coordinates":[105.331,-31.291]},"properties":{"ptf_id":1298097,"ptf_ref":"7810054","category":"drifting_buoys","ptf_model":"SVP B Pacific Gyre","wigos_ref":"0-22000-0-7810054","country_name":"USA","country_ship":null,"goos_networks":"GDA","ptf_family_name":"Drifting Buoy","country_iso_reporting":"US","country_sensor_provider":null}},{"type":"Feature","geometry":{"type":"Point","coordinates":[154.883,-42.809]},"properties":{"ptf_id":1298117,"ptf_ref":"7810060","category":"drifting_buoys","ptf_model":"SVP B Pacific Gyre","wigos_ref":"0-22000-0-7810060","country_name":"USA","country_ship":null,"goos_networks":"GDA","ptf_family_name":"Drifting Buoy","country_iso_reporting":"US","country_sensor_provider":null}},{"type":"Feature","geometry":{"type":"Point","coordinates":[120.111,-35.348]},"properties":{"ptf_id":1298137,"ptf_ref":"7810062","category":"drifting_buoys","ptf_model":"SVP B Pacific Gyre","wigos_ref":"0-22000-0-7810062","country_name":"USA","country_ship":null,"goos_networks":"GDA","ptf_family_name":"Drifting Buoy","country_iso_reporting":"US","country_sensor_provider":null}},{"type":"Feature","geometry":{"type":"Point","coordinates":[167.778,-52.557]},"properties":{"ptf_id":1298157,"ptf_ref":"7810063","category":"drifting_buoys","ptf_model":"SVP B Pacific Gyre","wigos_ref":"0-22000-0-7810063","country_name":"USA","country_ship":null,"goos_networks":"GDA","ptf_family_name":"Drifting Buoy","country_iso_reporting":"US","country_sensor_provider":null}},{"type":"Feature","geometry":{"type":"Point","coordinates":[-172.516,19.182]},"properties":{"ptf_id":1298177,"ptf_ref":"7810136","category":"drifting_buoys","ptf_model":"SVP Pacific Gyre","wigos_ref":"0-22000-0-7810136","country_name":"USA","country_ship":null,"goos_networks":"GDA","ptf_family_name":"Drifting Buoy","country_iso_reporting":"US","country_sensor_provider":null}},{"type":"Feature","geometry":{"type":"Point","coordinates":[178.472,16.149]},"properties":{"ptf_id":1298197,"ptf_ref":"7810137","category":"drifting_buoys","ptf_model":"SVP Pacific Gyre","wigos_ref":"0-22000-0-7810137","country_name":"USA","country_ship":null,"goos_networks":"GDA","ptf_family_name":"Drifting Buoy","country_iso_reporting":"US","country_sensor_provider":null}},{"type":"Feature","geometry":{"type":"Point","coordinates":[-27.232,51.415]},"properties":{"ptf_id":1298217,"ptf_ref":"7810442","category":"drifting_buoys","ptf_model":"SVP B SIO","wigos_ref":"0-22000-0-7810442","country_name":"USA","country_ship":"CANADA","goos_networks":"GDA","ptf_family_name":"Drifting Buoy","country_iso_reporting":"US","country_sensor_provider":null}},{"type":"Feature","geometry":{"type":"Point","coordinates":[37.958,-41.01]},"properties":{"ptf_id":1298237,"ptf_ref":"7810629","category":"drifting_buoys","ptf_model":"SVP SIO","wigos_ref":"0-22000-0-7810629","country_name":"USA","country_ship":"SOUTH AFRICA","goos_networks":"GDA","ptf_family_name":"Drifting Buoy","country_iso_reporting":"US","country_sensor_provider":null}},{"type":"Feature","geometry":{"type":"Point","coordinates":[37.325,-44.613]},"properties":{"ptf_id":1298257,"ptf_ref":"7810630","category":"drifting_buoys","ptf_model":"SVP SIO","wigos_ref":"0-22000-0-7810630","country_name":"USA","country_ship":"SOUTH AFRICA","goos_networks":"GDA","ptf_family_name":"Drifting Buoy","country_iso_reporting":"US","country_sensor_provider":null}},{"type":"Feature","geometry":{"type":"Point","coordinates":[49.851,-40.723]},"properties":{"ptf_id":1298277,"ptf_ref":"7810631","category":"drifting_buoys","ptf_model":"SVP SIO","wigos_ref":"0-22000-0-7810631","country_name":"USA","country_ship":"SOUTH AFRICA","goos_networks":"GDA","ptf_family_name":"Drifting Buoy","country_iso_reporting":"US","country_sensor_provider":null}},{"type":"Feature","geometry":{"type":"Point","coordinates":[37.211,-48.814]},"properties":{"ptf_id":1298297,"ptf_ref":"7810632","category":"drifting_buoys","ptf_model":"SVP SIO","wigos_ref":"0-22000-0-7810632","country_name":"USA","country_ship":"SOUTH AFRICA","goos_networks":"GDA","ptf_family_name":"Drifting Buoy","country_iso_reporting":"US","country_sensor_provider":null}},{"type":"Feature","geometry":{"type":"Point","coordinates":[31.055,-46.441]},"properties":{"ptf_id":1298317,"ptf_ref":"7810633","category":"drifting_buoys","ptf_model":"SVP SIO","wigos_ref":"0-22000-0-7810633","country_name":"USA","country_ship":"SOUTH AFRICA","goos_networks":"GDA","ptf_family_name":"Drifting Buoy","country_iso_reporting":"US","country_sensor_provider":null}},{"type":"Feature","geometry":{"type":"Point","coordinates":[53.649,-45.366]},"properties":{"ptf_id":1298337,"ptf_ref":"7810634","category":"drifting_buoys","ptf_model":"SVP SIO","wigos_ref":"0-22000-0-7810634","country_name":"USA","country_ship":"SOUTH AFRICA","goos_networks":"GDA","ptf_family_name":"Drifting Buoy","country_iso_reporting":"US","country_sensor_provider":null}},{"type":"Feature","geometry":{"type":"Point","coordinates":[50.104,-45.943]},"properties":{"ptf_id":1298357,"ptf_ref":"7810635","category":"drifting_buoys","ptf_model":"SVP SIO","wigos_ref":"0-22000-0-7810635","country_name":"USA","country_ship":"SOUTH AFRICA","goos_networks":"GDA","ptf_family_name":"Drifting Buoy","country_iso_reporting":"US","country_sensor_provider":null}},{"type":"Feature","geometry":{"type":"Point","coordinates":[46.955,-49.239]},"properties":{"ptf_id":1298377,"ptf_ref":"7810636","category":"drifting_buoys","ptf_model":"SVP SIO","wigos_ref":"0-22000-0-7810636","country_name":"USA","country_ship":"SOUTH AFRICA","goos_networks":"GDA","ptf_family_name":"Drifting Buoy","country_iso_reporting":"US","country_sensor_provider":null}},{"type":"Feature","geometry":{"type":"Point","coordinates":[60.988,12.422]},"properties":{"ptf_id":1298617,"ptf_ref":"7810898","category":"drifting_buoys","ptf_model":"DWS-B","wigos_ref":"0-22000-0-7810898","country_name":"USA","country_ship":"INDIA","goos_networks":"GDA","ptf_family_name":"Drifting Buoy","country_iso_reporting":"US","country_sensor_provider":null}},{"type":"Feature","geometry":{"type":"Point","coordinates":[82.886,7.814]},"properties":{"ptf_id":1298637,"ptf_ref":"7810899","category":"drifting_buoys","ptf_model":"DWS-B","wigos_ref":"0-22000-0-7810899","country_name":"USA","country_ship":"INDIA","goos_networks":"GDA","ptf_family_name":"Drifting Buoy","country_iso_reporting":"US","country_sensor_provider":null}},{"type":"Feature","geometry":{"type":"Point","coordinates":[-29.217,43.157]},"properties":{"ptf_id":1298657,"ptf_ref":"6204524","category":"drifting_buoys","ptf_model":"SVP B MetOcean","wigos_ref":"0-22000-0-6204524","country_name":"EUROPE","country_ship":null,"goos_networks":"GDA","ptf_family_name":"Drifting Buoy","country_iso_reporting":"EU","country_sensor_provider":null}},{"type":"Feature","geometry":{"type":"Point","coordinates":[-47.687,42.458]},"properties":{"ptf_id":1298898,"ptf_ref":"2802258","category":"drifting_buoys","ptf_model":"SVP B MetOcean","wigos_ref":"0-22000-0-2802258","country_name":"CANADA","country_ship":null,"goos_networks":"GDA","ptf_family_name":"Drifting Buoy","country_iso_reporting":"CA","country_sensor_provider":null}},{"type":"Feature","geometry":{"type":"Point","coordinates":[-52.569,49.987]},"properties":{"ptf_id":1298899,"ptf_ref":"7894597","category":"drifting_buoys","ptf_model":"SVP B MetOcean","wigos_ref":"0-22000-0-7894597","country_name":"CANADA","country_ship":null,"goos_networks":"GDA","ptf_family_name":"Drifting Buoy","country_iso_reporting":"CA","country_sensor_provider":null}},{"type":"Feature","geometry":{"type":"Point","coordinates":[-52.546,47.534]},"properties":{"ptf_id":1298900,"ptf_ref":"6802079","category":"drifting_buoys","ptf_model":"SVP B MetOcean","wigos_ref":"0-22000-0-6802079","country_name":"CANADA","country_ship":null,"goos_networks":"GDA","ptf_family_name":"Drifting Buoy","country_iso_reporting":"CA","country_sensor_provider":null}},{"type":"Feature","geometry":{"type":"Point","coordinates":[-50.227,48.608]},"properties":{"ptf_id":1298901,"ptf_ref":"6802080","category":"drifting_buoys","ptf_model":"SVP B MetOcean","wigos_ref":"0-22000-0-6802080","country_name":"CANADA","country_ship":null,"goos_networks":"GDA","ptf_family_name":"Drifting Buoy","country_iso_reporting":"CA","country_sensor_provider":null}},{"type":"Feature","geometry":{"type":"Point","coordinates":[-154.903,18.346]},"properties":{"ptf_id":1303297,"ptf_ref":"7810912","category":"drifting_buoys","ptf_model":"DWS-B","wigos_ref":"0-22000-0-7810912","country_name":"USA","country_ship":"USA","goos_networks":"GDA","ptf_family_name":"Drifting Buoy","country_iso_reporting":"US","country_sensor_provider":null}},{"type":"Feature","geometry":{"type":"Point","coordinates":[-140.544,19.308]},"properties":{"ptf_id":1303317,"ptf_ref":"7810913","category":"drifting_buoys","ptf_model":"DWS-B","wigos_ref":"0-22000-0-7810913","country_name":"USA","country_ship":"USA","goos_networks":"GDA","ptf_family_name":"Drifting Buoy","country_iso_reporting":"US","country_sensor_provider":null}},{"type":"Feature","geometry":{"type":"Point","coordinates":[-144.049,16.942]},"properties":{"ptf_id":1303337,"ptf_ref":"7810914","category":"drifting_buoys","ptf_model":"DWS-B","wigos_ref":"0-22000-0-7810914","country_name":"USA","country_ship":"USA","goos_networks":"GDA","ptf_family_name":"Drifting Buoy","country_iso_reporting":"US","country_sensor_provider":null}},{"type":"Feature","geometry":{"type":"Point","coordinates":[-162.233,13.855]},"properties":{"ptf_id":1303357,"ptf_ref":"7810915","category":"drifting_buoys","ptf_model":"DWS-B","wigos_ref":"0-22000-0-7810915","country_name":"USA","country_ship":"USA","goos_networks":"GDA","ptf_family_name":"Drifting Buoy","country_iso_reporting":"US","country_sensor_provider":null}},{"type":"Feature","geometry":{"type":"Point","coordinates":[-154.63,15.344]},"properties":{"ptf_id":1303377,"ptf_ref":"7810916","category":"drifting_buoys","ptf_model":"DWS-B","wigos_ref":"0-22000-0-7810916","country_name":"USA","country_ship":"USA","goos_networks":"GDA","ptf_family_name":"Drifting Buoy","country_iso_reporting":"US","country_sensor_provider":null}},{"type":"Feature","geometry":{"type":"Point","coordinates":[-23.288,-41.954]},"properties":{"ptf_id":1303397,"ptf_ref":"7810246","category":"drifting_buoys","ptf_model":"SVP Pacific Gyre","wigos_ref":"0-22000-0-7810246","country_name":"USA","country_ship":"CAYMAN ISLANDS","goos_networks":"GDA","ptf_family_name":"Drifting Buoy","country_iso_reporting":"US","country_sensor_provider":null}},{"type":"Feature","geometry":{"type":"Point","coordinates":[-17.217,45.787]},"properties":{"ptf_id":1303437,"ptf_ref":"7810264","category":"drifting_buoys","ptf_model":"SVP B Pacific Gyre","wigos_ref":"0-22000-0-7810264","country_name":"USA","country_ship":null,"goos_networks":"GDA","ptf_family_name":"Drifting Buoy","country_iso_reporting":"US","country_sensor_provider":null}},{"type":"Feature","geometry":{"type":"Point","coordinates":[-26.098,42.057]},"properties":{"ptf_id":1303457,"ptf_ref":"7810265","category":"drifting_buoys","ptf_model":"SVP B Pacific Gyre","wigos_ref":"0-22000-0-7810265","country_name":"USA","country_ship":null,"goos_networks":"GDA","ptf_family_name":"Drifting Buoy","country_iso_reporting":"US","country_sensor_provider":null}},{"type":"Feature","geometry":{"type":"Point","coordinates":[-45.01,43.326]},"properties":{"ptf_id":1303477,"ptf_ref":"7810266","category":"drifting_buoys","ptf_model":"SVP B Pacific Gyre","wigos_ref":"0-22000-0-7810266","country_name":"USA","country_ship":null,"goos_networks":"GDA","ptf_family_name":"Drifting Buoy","country_iso_reporting":"US","country_sensor_provider":null}},{"type":"Feature","geometry":{"type":"Point","coordinates":[-129.956,25.496]},"properties":{"ptf_id":1303497,"ptf_ref":"7810677","category":"drifting_buoys","ptf_model":"SVP B Pacific Gyre","wigos_ref":"0-22000-0-7810677","country_name":"USA","country_ship":"USA","goos_networks":"GDA","ptf_family_name":"Drifting Buoy","country_iso_reporting":"US","country_sensor_provider":null}},{"type":"Feature","geometry":{"type":"Point","coordinates":[-119.677,28.22]},"properties":{"ptf_id":1303517,"ptf_ref":"7810678","category":"drifting_buoys","ptf_model":"SVP B Pacific Gyre","wigos_ref":"0-22000-0-7810678","country_name":"USA","country_ship":"USA","goos_networks":"GDA","ptf_family_name":"Drifting Buoy","country_iso_reporting":"US","country_sensor_provider":null}},{"type":"Feature","geometry":{"type":"Point","coordinates":[-119.392,25.653]},"properties":{"ptf_id":1303537,"ptf_ref":"7810679","category":"drifting_buoys","ptf_model":"SVP B Pacific Gyre","wigos_ref":"0-22000-0-7810679","country_name":"USA","country_ship":"USA","goos_networks":"GDA","ptf_family_name":"Drifting Buoy","country_iso_reporting":"US","country_sensor_provider":null}},{"type":"Feature","geometry":{"type":"Point","coordinates":[-119.627,29.392]},"properties":{"ptf_id":1303557,"ptf_ref":"7810680","category":"drifting_buoys","ptf_model":"SVP B Pacific Gyre","wigos_ref":"0-22000-0-7810680","country_name":"USA","country_ship":"USA","goos_networks":"GDA","ptf_family_name":"Drifting Buoy","country_iso_reporting":"US","country_sensor_provider":null}},{"type":"Feature","geometry":{"type":"Point","coordinates":[-129.467,26.924]},"properties":{"ptf_id":1303577,"ptf_ref":"7810681","category":"drifting_buoys","ptf_model":"SVP B Pacific Gyre","wigos_ref":"0-22000-0-7810681","country_name":"USA","country_ship":"USA","goos_networks":"GDA","ptf_family_name":"Drifting Buoy","country_iso_reporting":"US","country_sensor_provider":null}},{"type":"Feature","geometry":{"type":"Point","coordinates":[-120.286,30.714]},"properties":{"ptf_id":1303597,"ptf_ref":"7810687","category":"drifting_buoys","ptf_model":"SVP B Pacific Gyre","wigos_ref":"0-22000-0-7810687","country_name":"USA","country_ship":"USA","goos_networks":"GDA","ptf_family_name":"Drifting Buoy","country_iso_reporting":"US","country_sensor_provider":null}},{"type":"Feature","geometry":{"type":"Point","coordinates":[-120.017,27.385]},"properties":{"ptf_id":1303617,"ptf_ref":"7810688","category":"drifting_buoys","ptf_model":"SVP B Pacific Gyre","wigos_ref":"0-22000-0-7810688","country_name":"USA","country_ship":"USA","goos_networks":"GDA","ptf_family_name":"Drifting Buoy","country_iso_reporting":"US","country_sensor_provider":null}},{"type":"Feature","geometry":{"type":"Point","coordinates":[-117.923,31.149]},"properties":{"ptf_id":1303637,"ptf_ref":"7810689","category":"drifting_buoys","ptf_model":"SVP B Pacific Gyre","wigos_ref":"0-22000-0-7810689","country_name":"USA","country_ship":"USA","goos_networks":"GDA","ptf_family_name":"Drifting Buoy","country_iso_reporting":"US","country_sensor_provider":null}},{"type":"Feature","geometry":{"type":"Point","coordinates":[-127.769,32.028]},"properties":{"ptf_id":1303657,"ptf_ref":"7810690","category":"drifting_buoys","ptf_model":"SVP B Pacific Gyre","wigos_ref":"0-22000-0-7810690","country_name":"USA","country_ship":"USA","goos_networks":"GDA","ptf_family_name":"Drifting Buoy","country_iso_reporting":"US","country_sensor_provider":null}},{"type":"Feature","geometry":{"type":"Point","coordinates":[-125.389,28.938]},"properties":{"ptf_id":1303677,"ptf_ref":"7810691","category":"drifting_buoys","ptf_model":"SVP B Pacific Gyre","wigos_ref":"0-22000-0-7810691","country_name":"USA","country_ship":"USA","goos_networks":"GDA","ptf_family_name":"Drifting Buoy","country_iso_reporting":"US","country_sensor_provider":null}},{"type":"Feature","geometry":{"type":"Point","coordinates":[18.323,34.386]},"properties":{"ptf_id":1303697,"ptf_ref":"7810617","category":"drifting_buoys","ptf_model":"SVP B SIO","wigos_ref":"0-22000-0-7810617","country_name":"USA","country_ship":null,"goos_networks":"GDA","ptf_family_name":"Drifting Buoy","country_iso_reporting":"US","country_sensor_provider":null}},{"type":"Feature","geometry":{"type":"Point","coordinates":[-35.58,-36.494]},"properties":{"ptf_id":1306577,"ptf_ref":"7810243","category":"drifting_buoys","ptf_model":"SVP SIO","wigos_ref":"0-22000-0-7810243","country_name":"USA","country_ship":"CAYMAN ISLANDS","goos_networks":"GDA","ptf_family_name":"Drifting Buoy","country_iso_reporting":"US","country_sensor_provider":null}},{"type":"Feature","geometry":{"type":"Point","coordinates":[138.954,16.362]},"properties":{"ptf_id":1306578,"ptf_ref":"7810867","category":"drifting_buoys","ptf_model":"SVP B SIO","wigos_ref":"0-22000-0-7810867","country_name":"USA","country_ship":"USA","goos_networks":"GDA","ptf_family_name":"Drifting Buoy","country_iso_reporting":"US","country_sensor_provider":null}},{"type":"Feature","geometry":{"type":"Point","coordinates":[146.743,17.71]},"properties":{"ptf_id":1306579,"ptf_ref":"7810868","category":"drifting_buoys","ptf_model":"SVP B SIO","wigos_ref":"0-22000-0-7810868","country_name":"USA","country_ship":"USA","goos_networks":"GDA","ptf_family_name":"Drifting Buoy","country_iso_reporting":"US","country_sensor_provider":null}},{"type":"Feature","geometry":{"type":"Point","coordinates":[148.642,21.117]},"properties":{"ptf_id":1306580,"ptf_ref":"7810869","category":"drifting_buoys","ptf_model":"SVP B SIO","wigos_ref":"0-22000-0-7810869","country_name":"USA","country_ship":"USA","goos_networks":"GDA","ptf_family_name":"Drifting Buoy","country_iso_reporting":"US","country_sensor_provider":null}},{"type":"Feature","geometry":{"type":"Point","coordinates":[141.772,16.466]},"properties":{"ptf_id":1306581,"ptf_ref":"7810870","category":"drifting_buoys","ptf_model":"SVP B SIO","wigos_ref":"0-22000-0-7810870","country_name":"USA","country_ship":"USA","goos_networks":"GDA","ptf_family_name":"Drifting Buoy","country_iso_reporting":"US","country_sensor_provider":null}},{"type":"Feature","geometry":{"type":"Point","coordinates":[156.238,26.224]},"properties":{"ptf_id":1306582,"ptf_ref":"7810871","category":"drifting_buoys","ptf_model":"SVP B SIO","wigos_ref":"0-22000-0-7810871","country_name":"USA","country_ship":"USA","goos_networks":"GDA","ptf_family_name":"Drifting Buoy","country_iso_reporting":"US","country_sensor_provider":null}},{"type":"Feature","geometry":{"type":"Point","coordinates":[160.013,18.593]},"properties":{"ptf_id":1306583,"ptf_ref":"7810872","category":"drifting_buoys","ptf_model":"SVP B SIO","wigos_ref":"0-22000-0-7810872","country_name":"USA","country_ship":"USA","goos_networks":"GDA","ptf_family_name":"Drifting Buoy","country_iso_reporting":"US","country_sensor_provider":null}},{"type":"Feature","geometry":{"type":"Point","coordinates":[161.427,23.286]},"properties":{"ptf_id":1306584,"ptf_ref":"7810873","category":"drifting_buoys","ptf_model":"SVP B SIO","wigos_ref":"0-22000-0-7810873","country_name":"USA","country_ship":"USA","goos_networks":"GDA","ptf_family_name":"Drifting Buoy","country_iso_reporting":"US","country_sensor_provider":null}},{"type":"Feature","geometry":{"type":"Point","coordinates":[154.638,24.157]},"properties":{"ptf_id":1306585,"ptf_ref":"7810874","category":"drifting_buoys","ptf_model":"SVP B SIO","wigos_ref":"0-22000-0-7810874","country_name":"USA","country_ship":"USA","goos_networks":"GDA","ptf_family_name":"Drifting Buoy","country_iso_reporting":"US","country_sensor_provider":null}},{"type":"Feature","geometry":{"type":"Point","coordinates":[136.314,13.093]},"properties":{"ptf_id":1306586,"ptf_ref":"7810875","category":"drifting_buoys","ptf_model":"SVP B SIO","wigos_ref":"0-22000-0-7810875","country_name":"USA","country_ship":"USA","goos_networks":"GDA","ptf_family_name":"Drifting Buoy","country_iso_reporting":"US","country_sensor_provider":null}},{"type":"Feature","geometry":{"type":"Point","coordinates":[158.809,27.57]},"properties":{"ptf_id":1306587,"ptf_ref":"7810876","category":"drifting_buoys","ptf_model":"SVP B SIO","wigos_ref":"0-22000-0-7810876","country_name":"USA","country_ship":"USA","goos_networks":"GDA","ptf_family_name":"Drifting Buoy","country_iso_reporting":"US","country_sensor_provider":null}},{"type":"Feature","geometry":{"type":"Point","coordinates":[158.025,26.546]},"properties":{"ptf_id":1306588,"ptf_ref":"7810877","category":"drifting_buoys","ptf_model":"SVP B SIO","wigos_ref":"0-22000-0-7810877","country_name":"USA","country_ship":"USA","goos_networks":"GDA","ptf_family_name":"Drifting Buoy","country_iso_reporting":"US","country_sensor_provider":null}},{"type":"Feature","geometry":{"type":"Point","coordinates":[163.142,22.733]},"properties":{"ptf_id":1306589,"ptf_ref":"7810878","category":"drifting_buoys","ptf_model":"SVP B SIO","wigos_ref":"0-22000-0-7810878","country_name":"USA","country_ship":"USA","goos_networks":"GDA","ptf_family_name":"Drifting Buoy","country_iso_reporting":"US","country_sensor_provider":null}},{"type":"Feature","geometry":{"type":"Point","coordinates":[160.294,21.632]},"properties":{"ptf_id":1306590,"ptf_ref":"7810879","category":"drifting_buoys","ptf_model":"SVP B SIO","wigos_ref":"0-22000-0-7810879","country_name":"USA","country_ship":"USA","goos_networks":"GDA","ptf_family_name":"Drifting Buoy","country_iso_reporting":"US","country_sensor_provider":null}},{"type":"Feature","geometry":{"type":"Point","coordinates":[135.187,16.212]},"properties":{"ptf_id":1306591,"ptf_ref":"7810880","category":"drifting_buoys","ptf_model":"SVP B SIO","wigos_ref":"0-22000-0-7810880","country_name":"USA","country_ship":"USA","goos_networks":"GDA","ptf_family_name":"Drifting Buoy","country_iso_reporting":"US","country_sensor_provider":null}},{"type":"Feature","geometry":{"type":"Point","coordinates":[148.515,17.699]},"properties":{"ptf_id":1306592,"ptf_ref":"7810881","category":"drifting_buoys","ptf_model":"SVP B SIO","wigos_ref":"0-22000-0-7810881","country_name":"USA","country_ship":"USA","goos_networks":"GDA","ptf_family_name":"Drifting Buoy","country_iso_reporting":"US","country_sensor_provider":null}},{"type":"Feature","geometry":{"type":"Point","coordinates":[-31.816,-36.741]},"properties":{"ptf_id":1306597,"ptf_ref":"7810244","category":"drifting_buoys","ptf_model":"SVP SIO","wigos_ref":"0-22000-0-7810244","country_name":"USA","country_ship":"CAYMAN ISLANDS","goos_networks":"GDA","ptf_family_name":"Drifting Buoy","country_iso_reporting":"US","country_sensor_provider":null}},{"type":"Feature","geometry":{"type":"Point","coordinates":[67.592,-27.759]},"properties":{"ptf_id":1306717,"ptf_ref":"7810722","category":"drifting_buoys","ptf_model":"SVP B SIO","wigos_ref":"0-22000-0-7810722","country_name":"USA","country_ship":null,"goos_networks":"GDA","ptf_family_name":"Drifting Buoy","country_iso_reporting":"US","country_sensor_provider":null}},{"type":"Feature","geometry":{"type":"Point","coordinates":[78.701,-31.755]},"properties":{"ptf_id":1306718,"ptf_ref":"7810724","category":"drifting_buoys","ptf_model":"SVP B SIO","wigos_ref":"0-22000-0-7810724","country_name":"USA","country_ship":null,"goos_networks":"GDA","ptf_family_name":"Drifting Buoy","country_iso_reporting":"US","country_sensor_provider":null}},{"type":"Feature","geometry":{"type":"Point","coordinates":[93.146,-31.244]},"properties":{"ptf_id":1306719,"ptf_ref":"7810726","category":"drifting_buoys","ptf_model":"SVP B SIO","wigos_ref":"0-22000-0-7810726","country_name":"USA","country_ship":null,"goos_networks":"GDA","ptf_family_name":"Drifting Buoy","country_iso_reporting":"US","country_sensor_provider":null}},{"type":"Feature","geometry":{"type":"Point","coordinates":[85.523,-31.1]},"properties":{"ptf_id":1306720,"ptf_ref":"7810728","category":"drifting_buoys","ptf_model":"SVP B SIO","wigos_ref":"0-22000-0-7810728","country_name":"USA","country_ship":null,"goos_networks":"GDA","ptf_family_name":"Drifting Buoy","country_iso_reporting":"US","country_sensor_provider":null}},{"type":"Feature","geometry":{"type":"Point","coordinates":[106.955,-25.951]},"properties":{"ptf_id":1306721,"ptf_ref":"7810730","category":"drifting_buoys","ptf_model":"SVP B SIO","wigos_ref":"0-22000-0-7810730","country_name":"USA","country_ship":null,"goos_networks":"GDA","ptf_family_name":"Drifting Buoy","country_iso_reporting":"US","country_sensor_provider":null}},{"type":"Feature","geometry":{"type":"Point","coordinates":[-37.812,41.694]},"properties":{"ptf_id":1306722,"ptf_ref":"7810767","category":"drifting_buoys","ptf_model":"SVP B SIO","wigos_ref":"0-22000-0-7810767","country_name":"USA","country_ship":null,"goos_networks":"GDA","ptf_family_name":"Drifting Buoy","country_iso_reporting":"US","country_sensor_provider":null}},{"type":"Feature","geometry":{"type":"Point","coordinates":[-75.075,38.979]},"properties":{"ptf_id":1306723,"ptf_ref":"7810769","category":"drifting_buoys","ptf_model":"SVP B SIO","wigos_ref":"0-22000-0-7810769","country_name":"USA","country_ship":null,"goos_networks":"GDA","ptf_family_name":"Drifting Buoy","country_iso_reporting":"US","country_sensor_provider":null}},{"type":"Feature","geometry":{"type":"Point","coordinates":[-78.166,29.883]},"properties":{"ptf_id":1306724,"ptf_ref":"7810776","category":"drifting_buoys","ptf_model":"SVP B SIO","wigos_ref":"0-22000-0-7810776","country_name":"USA","country_ship":null,"goos_networks":"GDA","ptf_family_name":"Drifting Buoy","country_iso_reporting":"US","country_sensor_provider":null}},{"type":"Feature","geometry":{"type":"Point","coordinates":[-37.779,45.616]},"properties":{"ptf_id":1306725,"ptf_ref":"7810781","category":"drifting_buoys","ptf_model":"SVP B SIO","wigos_ref":"0-22000-0-7810781","country_name":"USA","country_ship":null,"goos_networks":"GDA","ptf_family_name":"Drifting Buoy","country_iso_reporting":"US","country_sensor_provider":null}},{"type":"Feature","geometry":{"type":"Point","coordinates":[77.262,-33.362]},"properties":{"ptf_id":1306737,"ptf_ref":"7810723","category":"drifting_buoys","ptf_model":"SVP B SIO","wigos_ref":"0-22000-0-7810723","country_name":"USA","country_ship":null,"goos_networks":"GDA","ptf_family_name":"Drifting Buoy","country_iso_reporting":"US","country_sensor_provider":null}},{"type":"Feature","geometry":{"type":"Point","coordinates":[80.318,-30.593]},"properties":{"ptf_id":1306738,"ptf_ref":"7810725","category":"drifting_buoys","ptf_model":"SVP B SIO","wigos_ref":"0-22000-0-7810725","country_name":"USA","country_ship":null,"goos_networks":"GDA","ptf_family_name":"Drifting Buoy","country_iso_reporting":"US","country_sensor_provider":null}},{"type":"Feature","geometry":{"type":"Point","coordinates":[94.335,-28.981]},"properties":{"ptf_id":1306739,"ptf_ref":"7810727","category":"drifting_buoys","ptf_model":"SVP B SIO","wigos_ref":"0-22000-0-7810727","country_name":"USA","country_ship":null,"goos_networks":"GDA","ptf_family_name":"Drifting Buoy","country_iso_reporting":"US","country_sensor_provider":null}},{"type":"Feature","geometry":{"type":"Point","coordinates":[67.964,-22.101]},"properties":{"ptf_id":1306740,"ptf_ref":"7810729","category":"drifting_buoys","ptf_model":"SVP B SIO","wigos_ref":"0-22000-0-7810729","country_name":"USA","country_ship":null,"goos_networks":"GDA","ptf_family_name":"Drifting Buoy","country_iso_reporting":"US","country_sensor_provider":null}},{"type":"Feature","geometry":{"type":"Point","coordinates":[110.843,-27.769]},"properties":{"ptf_id":1306741,"ptf_ref":"7810731","category":"drifting_buoys","ptf_model":"SVP B SIO","wigos_ref":"0-22000-0-7810731","country_name":"USA","country_ship":null,"goos_networks":"GDA","ptf_family_name":"Drifting Buoy","country_iso_reporting":"US","country_sensor_provider":null}},{"type":"Feature","geometry":{"type":"Point","coordinates":[-50.885,39.551]},"properties":{"ptf_id":1306742,"ptf_ref":"7810768","category":"drifting_buoys","ptf_model":"SVP B SIO","wigos_ref":"0-22000-0-7810768","country_name":"USA","country_ship":null,"goos_networks":"GDA","ptf_family_name":"Drifting Buoy","country_iso_reporting":"US","country_sensor_provider":null}},{"type":"Feature","geometry":{"type":"Point","coordinates":[-56.479,34.634]},"properties":{"ptf_id":1306743,"ptf_ref":"7810771","category":"drifting_buoys","ptf_model":"SVP B SIO","wigos_ref":"0-22000-0-7810771","country_name":"USA","country_ship":null,"goos_networks":"GDA","ptf_family_name":"Drifting Buoy","country_iso_reporting":"US","country_sensor_provider":null}},{"type":"Feature","geometry":{"type":"Point","coordinates":[-0.997,67.891]},"properties":{"ptf_id":1307177,"ptf_ref":"7810580","category":"drifting_buoys","ptf_model":"SVP SIO","wigos_ref":"0-22000-0-7810580","country_name":"USA","country_ship":null,"goos_networks":"GDA","ptf_family_name":"Drifting Buoy","country_iso_reporting":"US","country_sensor_provider":null}},{"type":"Feature","geometry":{"type":"Point","coordinates":[-24.933,-43.493]},"properties":{"ptf_id":1307178,"ptf_ref":"7810707","category":"drifting_buoys","ptf_model":"SVP B SIO","wigos_ref":"0-22000-0-7810707","country_name":"USA","country_ship":null,"goos_networks":"GDA","ptf_family_name":"Drifting Buoy","country_iso_reporting":"US","country_sensor_provider":null}},{"type":"Feature","geometry":{"type":"Point","coordinates":[-4.208,-43.469]},"properties":{"ptf_id":1307179,"ptf_ref":"7810708","category":"drifting_buoys","ptf_model":"SVP B SIO","wigos_ref":"0-22000-0-7810708","country_name":"USA","country_ship":null,"goos_networks":"GDA","ptf_family_name":"Drifting Buoy","country_iso_reporting":"US","country_sensor_provider":null}},{"type":"Feature","geometry":{"type":"Point","coordinates":[-42.182,-30.187]},"properties":{"ptf_id":1307180,"ptf_ref":"7810709","category":"drifting_buoys","ptf_model":"SVP B SIO","wigos_ref":"0-22000-0-7810709","country_name":"USA","country_ship":null,"goos_networks":"GDA","ptf_family_name":"Drifting Buoy","country_iso_reporting":"US","country_sensor_provider":null}},{"type":"Feature","geometry":{"type":"Point","coordinates":[-47.542,-43.609]},"properties":{"ptf_id":1307181,"ptf_ref":"7810710","category":"drifting_buoys","ptf_model":"SVP B SIO","wigos_ref":"0-22000-0-7810710","country_name":"USA","country_ship":null,"goos_networks":"GDA","ptf_family_name":"Drifting Buoy","country_iso_reporting":"US","country_sensor_provider":null}},{"type":"Feature","geometry":{"type":"Point","coordinates":[-36.796,-25.894]},"properties":{"ptf_id":1307182,"ptf_ref":"7810711","category":"drifting_buoys","ptf_model":"SVP B SIO","wigos_ref":"0-22000-0-7810711","country_name":"USA","country_ship":null,"goos_networks":"GDA","ptf_family_name":"Drifting Buoy","country_iso_reporting":"US","country_sensor_provider":null}},{"type":"Feature","geometry":{"type":"Point","coordinates":[-37.927,-30.681]},"properties":{"ptf_id":1307183,"ptf_ref":"7810717","category":"drifting_buoys","ptf_model":"SVP B SIO","wigos_ref":"0-22000-0-7810717","country_name":"USA","country_ship":null,"goos_networks":"GDA","ptf_family_name":"Drifting Buoy","country_iso_reporting":"US","country_sensor_provider":null}},{"type":"Feature","geometry":{"type":"Point","coordinates":[-26.865,33.654]},"properties":{"ptf_id":1307184,"ptf_ref":"7810766","category":"drifting_buoys","ptf_model":"SVP B SIO","wigos_ref":"0-22000-0-7810766","country_name":"USA","country_ship":null,"goos_networks":"GDA","ptf_family_name":"Drifting Buoy","country_iso_reporting":"US","country_sensor_provider":null}},{"type":"Feature","geometry":{"type":"Point","coordinates":[-18.528,33.134]},"properties":{"ptf_id":1307185,"ptf_ref":"7810772","category":"drifting_buoys","ptf_model":"SVP B SIO","wigos_ref":"0-22000-0-7810772","country_name":"USA","country_ship":null,"goos_networks":"GDA","ptf_family_name":"Drifting Buoy","country_iso_reporting":"US","country_sensor_provider":null}},{"type":"Feature","geometry":{"type":"Point","coordinates":[-20.6,37.693]},"properties":{"ptf_id":1307186,"ptf_ref":"7810775","category":"drifting_buoys","ptf_model":"SVP B SIO","wigos_ref":"0-22000-0-7810775","country_name":"USA","country_ship":null,"goos_networks":"GDA","ptf_family_name":"Drifting Buoy","country_iso_reporting":"US","country_sensor_provider":null}},{"type":"Feature","geometry":{"type":"Point","coordinates":[-37.191,31.025]},"properties":{"ptf_id":1307187,"ptf_ref":"7810778","category":"drifting_buoys","ptf_model":"SVP B SIO","wigos_ref":"0-22000-0-7810778","country_name":"USA","country_ship":null,"goos_networks":"GDA","ptf_family_name":"Drifting Buoy","country_iso_reporting":"US","country_sensor_provider":null}},{"type":"Feature","geometry":{"type":"Point","coordinates":[10.539,64.807]},"properties":{"ptf_id":1307197,"ptf_ref":"7810582","category":"drifting_buoys","ptf_model":"SVP SIO","wigos_ref":"0-22000-0-7810582","country_name":"USA","country_ship":null,"goos_networks":"GDA","ptf_family_name":"Drifting Buoy","country_iso_reporting":"US","country_sensor_provider":null}},{"type":"Feature","geometry":{"type":"Point","coordinates":[-52.51,29.335]},"properties":{"ptf_id":1307198,"ptf_ref":"7810770","category":"drifting_buoys","ptf_model":"SVP B SIO","wigos_ref":"0-22000-0-7810770","country_name":"USA","country_ship":null,"goos_networks":"GDA","ptf_family_name":"Drifting Buoy","country_iso_reporting":"US","country_sensor_provider":null}},{"type":"Feature","geometry":{"type":"Point","coordinates":[-36.765,29.201]},"properties":{"ptf_id":1307199,"ptf_ref":"7810773","category":"drifting_buoys","ptf_model":"SVP B SIO","wigos_ref":"0-22000-0-7810773","country_name":"USA","country_ship":null,"goos_networks":"GDA","ptf_family_name":"Drifting Buoy","country_iso_reporting":"US","country_sensor_provider":null}},{"type":"Feature","geometry":{"type":"Point","coordinates":[-19.134,51.196]},"properties":{"ptf_id":1307200,"ptf_ref":"7810782","category":"drifting_buoys","ptf_model":"SVP B SIO","wigos_ref":"0-22000-0-7810782","country_name":"USA","country_ship":null,"goos_networks":"GDA","ptf_family_name":"Drifting Buoy","country_iso_reporting":"US","country_sensor_provider":null}},{"type":"Feature","geometry":{"type":"Point","coordinates":[1.178,64.831]},"properties":{"ptf_id":1307217,"ptf_ref":"7810583","category":"drifting_buoys","ptf_model":"SVP SIO","wigos_ref":"0-22000-0-7810583","country_name":"USA","country_ship":null,"goos_networks":"GDA","ptf_family_name":"Drifting Buoy","country_iso_reporting":"US","country_sensor_provider":null}},{"type":"Feature","geometry":{"type":"Point","coordinates":[-28.547,-41.479]},"properties":{"ptf_id":1307218,"ptf_ref":"7810718","category":"drifting_buoys","ptf_model":"SVP B SIO","wigos_ref":"0-22000-0-7810718","country_name":"USA","country_ship":null,"goos_networks":"GDA","ptf_family_name":"Drifting Buoy","country_iso_reporting":"US","country_sensor_provider":null}},{"type":"Feature","geometry":{"type":"Point","coordinates":[-17.157,-42.716]},"properties":{"ptf_id":1307219,"ptf_ref":"7810719","category":"drifting_buoys","ptf_model":"SVP B SIO","wigos_ref":"0-22000-0-7810719","country_name":"USA","country_ship":null,"goos_networks":"GDA","ptf_family_name":"Drifting Buoy","country_iso_reporting":"US","country_sensor_provider":null}},{"type":"Feature","geometry":{"type":"Point","coordinates":[-46.966,-43.528]},"properties":{"ptf_id":1307220,"ptf_ref":"7810720","category":"drifting_buoys","ptf_model":"SVP B SIO","wigos_ref":"0-22000-0-7810720","country_name":"USA","country_ship":null,"goos_networks":"GDA","ptf_family_name":"Drifting Buoy","country_iso_reporting":"US","country_sensor_provider":null}},{"type":"Feature","geometry":{"type":"Point","coordinates":[-34.898,-39.076]},"properties":{"ptf_id":1307221,"ptf_ref":"7810721","category":"drifting_buoys","ptf_model":"SVP B SIO","wigos_ref":"0-22000-0-7810721","country_name":"USA","country_ship":null,"goos_networks":"GDA","ptf_family_name":"Drifting Buoy","country_iso_reporting":"US","country_sensor_provider":null}},{"type":"Feature","geometry":{"type":"Point","coordinates":[-55.937,34.477]},"properties":{"ptf_id":1307222,"ptf_ref":"7810765","category":"drifting_buoys","ptf_model":"SVP B SIO","wigos_ref":"0-22000-0-7810765","country_name":"USA","country_ship":null,"goos_networks":"GDA","ptf_family_name":"Drifting Buoy","country_iso_reporting":"US","country_sensor_provider":null}},{"type":"Feature","geometry":{"type":"Point","coordinates":[-24.13,35.86]},"properties":{"ptf_id":1307223,"ptf_ref":"7810774","category":"drifting_buoys","ptf_model":"SVP B SIO","wigos_ref":"0-22000-0-7810774","country_name":"USA","country_ship":null,"goos_networks":"GDA","ptf_family_name":"Drifting Buoy","country_iso_reporting":"US","country_sensor_provider":null}},{"type":"Feature","geometry":{"type":"Point","coordinates":[-37.872,34.514]},"properties":{"ptf_id":1307224,"ptf_ref":"7810777","category":"drifting_buoys","ptf_model":"SVP B SIO","wigos_ref":"0-22000-0-7810777","country_name":"USA","country_ship":null,"goos_networks":"GDA","ptf_family_name":"Drifting Buoy","country_iso_reporting":"US","country_sensor_provider":null}},{"type":"Feature","geometry":{"type":"Point","coordinates":[-17.167,32.607]},"properties":{"ptf_id":1307225,"ptf_ref":"7810780","category":"drifting_buoys","ptf_model":"SVP B SIO","wigos_ref":"0-22000-0-7810780","country_name":"USA","country_ship":null,"goos_networks":"GDA","ptf_family_name":"Drifting Buoy","country_iso_reporting":"US","country_sensor_provider":null}},{"type":"Feature","geometry":{"type":"Point","coordinates":[-24.041,47.833]},"properties":{"ptf_id":1307226,"ptf_ref":"7810783","category":"drifting_buoys","ptf_model":"SVP B SIO","wigos_ref":"0-22000-0-7810783","country_name":"USA","country_ship":null,"goos_networks":"GDA","ptf_family_name":"Drifting Buoy","country_iso_reporting":"US","country_sensor_provider":null}},{"type":"Feature","geometry":{"type":"Point","coordinates":[-66.742,44.72]},"properties":{"ptf_id":1307255,"ptf_ref":"3801857","category":"drifting_buoys","ptf_model":"CODE_DAVIS_METOCEAN","wigos_ref":"0-22000-0-3801857","country_name":"CANADA","country_ship":null,"goos_networks":"GDA","ptf_family_name":"Drifting Buoy","country_iso_reporting":"CA","country_sensor_provider":null}},{"type":"Feature","geometry":{"type":"Point","coordinates":[-28.06,48.349]},"properties":{"ptf_id":1307397,"ptf_ref":"7810437","category":"drifting_buoys","ptf_model":"SVP B SIO","wigos_ref":"0-22000-0-7810437","country_name":"USA","country_ship":null,"goos_networks":"GDA","ptf_family_name":"Drifting Buoy","country_iso_reporting":"US","country_sensor_provider":"EUROPE"}},{"type":"Feature","geometry":{"type":"Point","coordinates":[-48.015,43.607]},"properties":{"ptf_id":1307398,"ptf_ref":"7810438","category":"drifting_buoys","ptf_model":"SVP B SIO","wigos_ref":"0-22000-0-7810438","country_name":"USA","country_ship":null,"goos_networks":"GDA","ptf_family_name":"Drifting Buoy","country_iso_reporting":"US","country_sensor_provider":"EUROPE"}},{"type":"Feature","geometry":{"type":"Point","coordinates":[-38.886,51.534]},"properties":{"ptf_id":1307399,"ptf_ref":"7810439","category":"drifting_buoys","ptf_model":"SVP B SIO","wigos_ref":"0-22000-0-7810439","country_name":"USA","country_ship":null,"goos_networks":"GDA","ptf_family_name":"Drifting Buoy","country_iso_reporting":"US","country_sensor_provider":"EUROPE"}},{"type":"Feature","geometry":{"type":"Point","coordinates":[-44.337,49.24]},"properties":{"ptf_id":1307400,"ptf_ref":"7810440","category":"drifting_buoys","ptf_model":"SVP B SIO","wigos_ref":"0-22000-0-7810440","country_name":"USA","country_ship":null,"goos_networks":"GDA","ptf_family_name":"Drifting Buoy","country_iso_reporting":"US","country_sensor_provider":"EUROPE"}},{"type":"Feature","geometry":{"type":"Point","coordinates":[-44.781,51.717]},"properties":{"ptf_id":1307401,"ptf_ref":"7810441","category":"drifting_buoys","ptf_model":"SVP B SIO","wigos_ref":"0-22000-0-7810441","country_name":"USA","country_ship":null,"goos_networks":"GDA","ptf_family_name":"Drifting Buoy","country_iso_reporting":"US","country_sensor_provider":"EUROPE"}},{"type":"Feature","geometry":{"type":"Point","coordinates":[48.85,-22.256]},"properties":{"ptf_id":1321017,"ptf_ref":"5401605","category":"drifting_buoys","ptf_model":"SVP_BRST","wigos_ref":"0-22000-0-5401605","country_name":"EUROPE","country_ship":null,"goos_networks":"GDA","ptf_family_name":"Drifting Buoy","country_iso_reporting":"EU","country_sensor_provider":null}},{"type":"Feature","geometry":{"type":"Point","coordinates":[29.688,-39.652]},"properties":{"ptf_id":1321257,"ptf_ref":"7810269","category":"drifting_buoys","ptf_model":"SVP B SIO","wigos_ref":"0-22000-0-7810269","country_name":"USA","country_ship":null,"goos_networks":"GDA","ptf_family_name":"Drifting Buoy","country_iso_reporting":"US","country_sensor_provider":null}},{"type":"Feature","geometry":{"type":"Point","coordinates":[40.438,-35.173]},"properties":{"ptf_id":1321258,"ptf_ref":"7810271","category":"drifting_buoys","ptf_model":"SVP B SIO","wigos_ref":"0-22000-0-7810271","country_name":"USA","country_ship":null,"goos_networks":"GDA","ptf_family_name":"Drifting Buoy","country_iso_reporting":"US","country_sensor_provider":"UK"}},{"type":"Feature","geometry":{"type":"Point","coordinates":[-104.126,18.948]},"properties":{"ptf_id":1321260,"ptf_ref":"7810920","category":"drifting_buoys","ptf_model":"SVP B SIO","wigos_ref":"0-22000-0-7810920","country_name":"USA","country_ship":"USA","goos_networks":"GDA","ptf_family_name":"Drifting Buoy","country_iso_reporting":"US","country_sensor_provider":null}},{"type":"Feature","geometry":{"type":"Point","coordinates":[-102.438,17.101]},"properties":{"ptf_id":1321262,"ptf_ref":"7810927","category":"drifting_buoys","ptf_model":"SVP B SIO","wigos_ref":"0-22000-0-7810927","country_name":"USA","country_ship":"USA","goos_networks":"GDA","ptf_family_name":"Drifting Buoy","country_iso_reporting":"US","country_sensor_provider":null}},{"type":"Feature","geometry":{"type":"Point","coordinates":[-109.632,17.453]},"properties":{"ptf_id":1321263,"ptf_ref":"7810930","category":"drifting_buoys","ptf_model":"SVP B SIO","wigos_ref":"0-22000-0-7810930","country_name":"USA","country_ship":"USA","goos_networks":"GDA","ptf_family_name":"Drifting Buoy","country_iso_reporting":"US","country_sensor_provider":null}},{"type":"Feature","geometry":{"type":"Point","coordinates":[64.339,-23.415]},"properties":{"ptf_id":1321277,"ptf_ref":"7810270","category":"drifting_buoys","ptf_model":"SVP B SIO","wigos_ref":"0-22000-0-7810270","country_name":"USA","country_ship":null,"goos_networks":"GDA","ptf_family_name":"Drifting Buoy","country_iso_reporting":"US","country_sensor_provider":"UK"}},{"type":"Feature","geometry":{"type":"Point","coordinates":[-109.853,18.597]},"properties":{"ptf_id":1321279,"ptf_ref":"7810917","category":"drifting_buoys","ptf_model":"SVP B SIO","wigos_ref":"0-22000-0-7810917","country_name":"USA","country_ship":null,"goos_networks":"GDA","ptf_family_name":"Drifting Buoy","country_iso_reporting":"US","country_sensor_provider":null}},{"type":"Feature","geometry":{"type":"Point","coordinates":[-112.68,14.619]},"properties":{"ptf_id":1321281,"ptf_ref":"7810922","category":"drifting_buoys","ptf_model":"SVP B SIO","wigos_ref":"0-22000-0-7810922","country_name":"USA","country_ship":"USA","goos_networks":"GDA","ptf_family_name":"Drifting Buoy","country_iso_reporting":"US","country_sensor_provider":null}},{"type":"Feature","geometry":{"type":"Point","coordinates":[-101.562,17.641]},"properties":{"ptf_id":1321282,"ptf_ref":"7810928","category":"drifting_buoys","ptf_model":"SVP B SIO","wigos_ref":"0-22000-0-7810928","country_name":"USA","country_ship":"USA","goos_networks":"GDA","ptf_family_name":"Drifting Buoy","country_iso_reporting":"US","country_sensor_provider":null}},{"type":"Feature","geometry":{"type":"Point","coordinates":[-99.68,8.598]},"properties":{"ptf_id":1321283,"ptf_ref":"7810929","category":"drifting_buoys","ptf_model":"SVP B SIO","wigos_ref":"0-22000-0-7810929","country_name":"USA","country_ship":"USA","goos_networks":"GDA","ptf_family_name":"Drifting Buoy","country_iso_reporting":"US","country_sensor_provider":null}},{"type":"Feature","geometry":{"type":"Point","coordinates":[-111.013,22.901]},"properties":{"ptf_id":1321284,"ptf_ref":"7810931","category":"drifting_buoys","ptf_model":"SVP B SIO","wigos_ref":"0-22000-0-7810931","country_name":"USA","country_ship":"USA","goos_networks":"GDA","ptf_family_name":"Drifting Buoy","country_iso_reporting":"US","country_sensor_provider":null}},{"type":"Feature","geometry":{"type":"Point","coordinates":[-84.671,16.97]},"properties":{"ptf_id":1321417,"ptf_ref":"1101577","category":"drifting_buoys","ptf_model":"SVP_BRST","wigos_ref":"0-22000-0-1101577","country_name":"EUROPE","country_ship":"FRANCE","goos_networks":"GDA","ptf_family_name":"Drifting Buoy","country_iso_reporting":"EU","country_sensor_provider":null}},{"type":"Feature","geometry":{"type":"Point","coordinates":[-66.808,14.534]},"properties":{"ptf_id":1321437,"ptf_ref":"1101579","category":"drifting_buoys","ptf_model":"SVP_BRST","wigos_ref":"0-22000-0-1101579","country_name":"EUROPE","country_ship":"FRANCE","goos_networks":"GDA","ptf_family_name":"Drifting Buoy","country_iso_reporting":"EU","country_sensor_provider":null}},{"type":"Feature","geometry":{"type":"Point","coordinates":[-82.549,17.167]},"properties":{"ptf_id":1321637,"ptf_ref":"1101578","category":"drifting_buoys","ptf_model":"SVP_BRST","wigos_ref":"0-22000-0-1101578","country_name":"EUROPE","country_ship":"FRANCE","goos_networks":"GDA","ptf_family_name":"Drifting Buoy","country_iso_reporting":"EU","country_sensor_provider":null}},{"type":"Feature","geometry":{"type":"Point","coordinates":[98.914,-24.691]},"properties":{"ptf_id":1335118,"ptf_ref":"7810061","category":"drifting_buoys","ptf_model":"SVP B SIO","wigos_ref":"0-22000-0-7810061","country_name":"USA","country_ship":null,"goos_networks":"GDA","ptf_family_name":"Drifting Buoy","country_iso_reporting":"US","country_sensor_provider":null}},{"type":"Feature","geometry":{"type":"Point","coordinates":[111.897,-23.995]},"properties":{"ptf_id":1335119,"ptf_ref":"7810064","category":"drifting_buoys","ptf_model":"SVP B SIO","wigos_ref":"0-22000-0-7810064","country_name":"USA","country_ship":null,"goos_networks":"GDA","ptf_family_name":"Drifting Buoy","country_iso_reporting":"US","country_sensor_provider":null}},{"type":"Feature","geometry":{"type":"Point","coordinates":[-27.06,-52.888]},"properties":{"ptf_id":1338977,"ptf_ref":"7810045","category":"drifting_buoys","ptf_model":"SVP B SIO","wigos_ref":"0-22000-0-7810045","country_name":"USA","country_ship":"USA","goos_networks":"GDA","ptf_family_name":"Drifting Buoy","country_iso_reporting":"US","country_sensor_provider":null}},{"type":"Feature","geometry":{"type":"Point","coordinates":[83.565,-11.284]},"properties":{"ptf_id":1339917,"ptf_ref":"7810882","category":"drifting_buoys","ptf_model":"DWS-B","wigos_ref":"0-22000-0-7810882","country_name":"INDIA","country_ship":"INDIA","goos_networks":"GDA","ptf_family_name":"Drifting Buoy","country_iso_reporting":"IN","country_sensor_provider":null}},{"type":"Feature","geometry":{"type":"Point","coordinates":[67.445,-4.445]},"properties":{"ptf_id":1339937,"ptf_ref":"7810883","category":"drifting_buoys","ptf_model":"DWS-B","wigos_ref":"0-22000-0-7810883","country_name":"INDIA","country_ship":"INDIA","goos_networks":"GDA","ptf_family_name":"Drifting Buoy","country_iso_reporting":"IN","country_sensor_provider":null}},{"type":"Feature","geometry":{"type":"Point","coordinates":[84.211,4.099]},"properties":{"ptf_id":1339957,"ptf_ref":"7810884","category":"drifting_buoys","ptf_model":"DWS-B","wigos_ref":"0-22000-0-7810884","country_name":"INDIA","country_ship":"INDIA","goos_networks":"GDA","ptf_family_name":"Drifting Buoy","country_iso_reporting":"IN","country_sensor_provider":null}},{"type":"Feature","geometry":{"type":"Point","coordinates":[56.718,-21.104]},"properties":{"ptf_id":1340997,"ptf_ref":"2301823","category":"drifting_buoys","ptf_model":"SVP Pacific Gyre","wigos_ref":"0-22000-0-2301823","country_name":"USA","country_ship":"INDIA","goos_networks":"GDA","ptf_family_name":"Drifting Buoy","country_iso_reporting":"US","country_sensor_provider":null}},{"type":"Feature","geometry":{"type":"Point","coordinates":[42.382,-0.544]},"properties":{"ptf_id":1341057,"ptf_ref":"2301826","category":"drifting_buoys","ptf_model":"SVP Pacific Gyre","wigos_ref":"0-22000-0-2301826","country_name":"USA","country_ship":"INDIA","goos_networks":"GDA","ptf_family_name":"Drifting Buoy","country_iso_reporting":"US","country_sensor_provider":null}},{"type":"Feature","geometry":{"type":"Point","coordinates":[62.839,-26.025]},"properties":{"ptf_id":1341077,"ptf_ref":"2301827","category":"drifting_buoys","ptf_model":"SVP Pacific Gyre","wigos_ref":"0-22000-0-2301827","country_name":"USA","country_ship":"INDIA","goos_networks":"GDA","ptf_family_name":"Drifting Buoy","country_iso_reporting":"US","country_sensor_provider":null}},{"type":"Feature","geometry":{"type":"Point","coordinates":[70.623,-32.902]},"properties":{"ptf_id":1341117,"ptf_ref":"2301829","category":"drifting_buoys","ptf_model":"SVP Pacific Gyre","wigos_ref":"0-22000-0-2301829","country_name":"USA","country_ship":"INDIA","goos_networks":"GDA","ptf_family_name":"Drifting Buoy","country_iso_reporting":"US","country_sensor_provider":null}},{"type":"Feature","geometry":{"type":"Point","coordinates":[60.639,-20.138]},"properties":{"ptf_id":1341137,"ptf_ref":"2301830","category":"drifting_buoys","ptf_model":"SVP Pacific Gyre","wigos_ref":"0-22000-0-2301830","country_name":"USA","country_ship":"INDIA","goos_networks":"GDA","ptf_family_name":"Drifting Buoy","country_iso_reporting":"US","country_sensor_provider":null}},{"type":"Feature","geometry":{"type":"Point","coordinates":[62.431,-26.351]},"properties":{"ptf_id":1341157,"ptf_ref":"2301831","category":"drifting_buoys","ptf_model":"SVP Pacific Gyre","wigos_ref":"0-22000-0-2301831","country_name":"USA","country_ship":"INDIA","goos_networks":"GDA","ptf_family_name":"Drifting Buoy","country_iso_reporting":"US","country_sensor_provider":null}},{"type":"Feature","geometry":{"type":"Point","coordinates":[67.616,-21.31]},"properties":{"ptf_id":1341277,"ptf_ref":"2301837","category":"drifting_buoys","ptf_model":"SVP Pacific Gyre","wigos_ref":"0-22000-0-2301837","country_name":"USA","country_ship":"INDIA","goos_networks":"GDA","ptf_family_name":"Drifting Buoy","country_iso_reporting":"US","country_sensor_provider":null}},{"type":"Feature","geometry":{"type":"Point","coordinates":[59.688,5.62]},"properties":{"ptf_id":1341297,"ptf_ref":"2301838","category":"drifting_buoys","ptf_model":"SVP Pacific Gyre","wigos_ref":"0-22000-0-2301838","country_name":"USA","country_ship":"INDIA","goos_networks":"GDA","ptf_family_name":"Drifting Buoy","country_iso_reporting":"US","country_sensor_provider":null}},{"type":"Feature","geometry":{"type":"Point","coordinates":[161.375,17.586]},"properties":{"ptf_id":1341377,"ptf_ref":"5102882","category":"drifting_buoys","ptf_model":"SVP Pacific Gyre","wigos_ref":"0-22000-0-5102882","country_name":"USA","country_ship":null,"goos_networks":"GDA","ptf_family_name":"Drifting Buoy","country_iso_reporting":"US","country_sensor_provider":null}},{"type":"Feature","geometry":{"type":"Point","coordinates":[-155.552,-22.136]},"properties":{"ptf_id":1341397,"ptf_ref":"5201839","category":"drifting_buoys","ptf_model":"SVP Pacific Gyre","wigos_ref":"0-22000-0-5201839","country_name":"USA","country_ship":null,"goos_networks":"GDA","ptf_family_name":"Drifting Buoy","country_iso_reporting":"US","country_sensor_provider":null}},{"type":"Feature","geometry":{"type":"Point","coordinates":[154.304,-9.453]},"properties":{"ptf_id":1341417,"ptf_ref":"5201840","category":"drifting_buoys","ptf_model":"SVP Pacific Gyre","wigos_ref":"0-22000-0-5201840","country_name":"USA","country_ship":null,"goos_networks":"GDA","ptf_family_name":"Drifting Buoy","country_iso_reporting":"US","country_sensor_provider":null}},{"type":"Feature","geometry":{"type":"Point","coordinates":[162.044,16.033]},"properties":{"ptf_id":1341437,"ptf_ref":"5201841","category":"drifting_buoys","ptf_model":"SVP Pacific Gyre","wigos_ref":"0-22000-0-5201841","country_name":"USA","country_ship":null,"goos_networks":"GDA","ptf_family_name":"Drifting Buoy","country_iso_reporting":"US","country_sensor_provider":null}},{"type":"Feature","geometry":{"type":"Point","coordinates":[-163.305,0.915]},"properties":{"ptf_id":1341477,"ptf_ref":"5201843","category":"drifting_buoys","ptf_model":"SVP Pacific Gyre","wigos_ref":"0-22000-0-5201843","country_name":"USA","country_ship":null,"goos_networks":"GDA","ptf_family_name":"Drifting Buoy","country_iso_reporting":"US","country_sensor_provider":null}},{"type":"Feature","geometry":{"type":"Point","coordinates":[167.565,-2.022]},"properties":{"ptf_id":1341497,"ptf_ref":"5201844","category":"drifting_buoys","ptf_model":"SVP Pacific Gyre","wigos_ref":"0-22000-0-5201844","country_name":"USA","country_ship":null,"goos_networks":"GDA","ptf_family_name":"Drifting Buoy","country_iso_reporting":"US","country_sensor_provider":null}},{"type":"Feature","geometry":{"type":"Point","coordinates":[-168.503,-15.86]},"properties":{"ptf_id":1341517,"ptf_ref":"5201845","category":"drifting_buoys","ptf_model":"SVP Pacific Gyre","wigos_ref":"0-22000-0-5201845","country_name":"USA","country_ship":null,"goos_networks":"GDA","ptf_family_name":"Drifting Buoy","country_iso_reporting":"US","country_sensor_provider":null}},{"type":"Feature","geometry":{"type":"Point","coordinates":[-27.762,-51.312]},"properties":{"ptf_id":1341557,"ptf_ref":"5401795","category":"drifting_buoys","ptf_model":"SVP Pacific Gyre","wigos_ref":"0-22000-0-5401795","country_name":"USA","country_ship":null,"goos_networks":"GDA","ptf_family_name":"Drifting Buoy","country_iso_reporting":"US","country_sensor_provider":null}},{"type":"Feature","geometry":{"type":"Point","coordinates":[-49.858,-47.395]},"properties":{"ptf_id":1341597,"ptf_ref":"5401797","category":"drifting_buoys","ptf_model":"SVP Pacific Gyre","wigos_ref":"0-22000-0-5401797","country_name":"USA","country_ship":null,"goos_networks":"GDA","ptf_family_name":"Drifting Buoy","country_iso_reporting":"US","country_sensor_provider":null}},{"type":"Feature","geometry":{"type":"Point","coordinates":[-38.75,-39.934]},"properties":{"ptf_id":1341617,"ptf_ref":"5401798","category":"drifting_buoys","ptf_model":"SVP Pacific Gyre","wigos_ref":"0-22000-0-5401798","country_name":"USA","country_ship":null,"goos_networks":"GDA","ptf_family_name":"Drifting Buoy","country_iso_reporting":"US","country_sensor_provider":null}},{"type":"Feature","geometry":{"type":"Point","coordinates":[-72.884,-26.794]},"properties":{"ptf_id":1341637,"ptf_ref":"5401800","category":"drifting_buoys","ptf_model":"SVP Pacific Gyre","wigos_ref":"0-22000-0-5401800","country_name":"USA","country_ship":null,"goos_networks":"GDA","ptf_family_name":"Drifting Buoy","country_iso_reporting":"US","country_sensor_provider":null}},{"type":"Feature","geometry":{"type":"Point","coordinates":[-82.36,-21.739]},"properties":{"ptf_id":1341657,"ptf_ref":"5401801","category":"drifting_buoys","ptf_model":"SVP Pacific Gyre","wigos_ref":"0-22000-0-5401801","country_name":"USA","country_ship":null,"goos_networks":"GDA","ptf_family_name":"Drifting Buoy","country_iso_reporting":"US","country_sensor_provider":null}},{"type":"Feature","geometry":{"type":"Point","coordinates":[-78.131,-25.362]},"properties":{"ptf_id":1341677,"ptf_ref":"5401803","category":"drifting_buoys","ptf_model":"SVP Pacific Gyre","wigos_ref":"0-22000-0-5401803","country_name":"USA","country_ship":null,"goos_networks":"GDA","ptf_family_name":"Drifting Buoy","country_iso_reporting":"US","country_sensor_provider":null}},{"type":"Feature","geometry":{"type":"Point","coordinates":[-78.191,-22.746]},"properties":{"ptf_id":1341697,"ptf_ref":"5401804","category":"drifting_buoys","ptf_model":"SVP Pacific Gyre","wigos_ref":"0-22000-0-5401804","country_name":"USA","country_ship":null,"goos_networks":"GDA","ptf_family_name":"Drifting Buoy","country_iso_reporting":"US","country_sensor_provider":null}},{"type":"Feature","geometry":{"type":"Point","coordinates":[-85.725,-23.44]},"properties":{"ptf_id":1341717,"ptf_ref":"5401805","category":"drifting_buoys","ptf_model":"SVP Pacific Gyre","wigos_ref":"0-22000-0-5401805","country_name":"USA","country_ship":"CHILE","goos_networks":"GDA","ptf_family_name":"Drifting Buoy","country_iso_reporting":"US","country_sensor_provider":null}},{"type":"Feature","geometry":{"type":"Point","coordinates":[-83.075,-18.567]},"properties":{"ptf_id":1341737,"ptf_ref":"5401806","category":"drifting_buoys","ptf_model":"SVP Pacific Gyre","wigos_ref":"0-22000-0-5401806","country_name":"USA","country_ship":"CHILE","goos_networks":"GDA","ptf_family_name":"Drifting Buoy","country_iso_reporting":"US","country_sensor_provider":null}},{"type":"Feature","geometry":{"type":"Point","coordinates":[-90.733,-19.08]},"properties":{"ptf_id":1341757,"ptf_ref":"5401807","category":"drifting_buoys","ptf_model":"SVP Pacific Gyre","wigos_ref":"0-22000-0-5401807","country_name":"USA","country_ship":"CHILE","goos_networks":"GDA","ptf_family_name":"Drifting Buoy","country_iso_reporting":"US","country_sensor_provider":null}},{"type":"Feature","geometry":{"type":"Point","coordinates":[-79.369,-18.764]},"properties":{"ptf_id":1341777,"ptf_ref":"5401808","category":"drifting_buoys","ptf_model":"SVP Pacific Gyre","wigos_ref":"0-22000-0-5401808","country_name":"USA","country_ship":"CHILE","goos_networks":"GDA","ptf_family_name":"Drifting Buoy","country_iso_reporting":"US","country_sensor_provider":null}},{"type":"Feature","geometry":{"type":"Point","coordinates":[-93.16,-22.43]},"properties":{"ptf_id":1341817,"ptf_ref":"5401810","category":"drifting_buoys","ptf_model":"SVP Pacific Gyre","wigos_ref":"0-22000-0-5401810","country_name":"USA","country_ship":"CHILE","goos_networks":"GDA","ptf_family_name":"Drifting Buoy","country_iso_reporting":"US","country_sensor_provider":null}},{"type":"Feature","geometry":{"type":"Point","coordinates":[-88.55,-19.981]},"properties":{"ptf_id":1341837,"ptf_ref":"5401811","category":"drifting_buoys","ptf_model":"SVP Pacific Gyre","wigos_ref":"0-22000-0-5401811","country_name":"USA","country_ship":"CHILE","goos_networks":"GDA","ptf_family_name":"Drifting Buoy","country_iso_reporting":"US","country_sensor_provider":null}},{"type":"Feature","geometry":{"type":"Point","coordinates":[-93.804,-23.252]},"properties":{"ptf_id":1341877,"ptf_ref":"5401813","category":"drifting_buoys","ptf_model":"SVP Pacific Gyre","wigos_ref":"0-22000-0-5401813","country_name":"USA","country_ship":"CHILE","goos_networks":"GDA","ptf_family_name":"Drifting Buoy","country_iso_reporting":"US","country_sensor_provider":null}},{"type":"Feature","geometry":{"type":"Point","coordinates":[-87.09,-21.15]},"properties":{"ptf_id":1341897,"ptf_ref":"5401814","category":"drifting_buoys","ptf_model":"SVP Pacific Gyre","wigos_ref":"0-22000-0-5401814","country_name":"USA","country_ship":"CHILE","goos_networks":"GDA","ptf_family_name":"Drifting Buoy","country_iso_reporting":"US","country_sensor_provider":null}},{"type":"Feature","geometry":{"type":"Point","coordinates":[150.794,25.764]},"properties":{"ptf_id":1341937,"ptf_ref":"5102879","category":"drifting_buoys","ptf_model":"SVP Pacific Gyre","wigos_ref":"0-22000-0-5102879","country_name":"USA","country_ship":null,"goos_networks":"GDA","ptf_family_name":"Drifting Buoy","country_iso_reporting":"US","country_sensor_provider":null}},{"type":"Feature","geometry":{"type":"Point","coordinates":[-93.635,-26.214]},"properties":{"ptf_id":1341997,"ptf_ref":"3401675","category":"drifting_buoys","ptf_model":"SVP Pacific Gyre","wigos_ref":"0-22000-0-3401675","country_name":"USA","country_ship":null,"goos_networks":"GDA","ptf_family_name":"Drifting Buoy","country_iso_reporting":"US","country_sensor_provider":null}},{"type":"Feature","geometry":{"type":"Point","coordinates":[-88.827,-26.005]},"properties":{"ptf_id":1342057,"ptf_ref":"3401678","category":"drifting_buoys","ptf_model":"SVP Pacific Gyre","wigos_ref":"0-22000-0-3401678","country_name":"USA","country_ship":null,"goos_networks":"GDA","ptf_family_name":"Drifting Buoy","country_iso_reporting":"US","country_sensor_provider":null}},{"type":"Feature","geometry":{"type":"Point","coordinates":[-82.305,-19.651]},"properties":{"ptf_id":1342077,"ptf_ref":"3401679","category":"drifting_buoys","ptf_model":"SVP Pacific Gyre","wigos_ref":"0-22000-0-3401679","country_name":"USA","country_ship":null,"goos_networks":"GDA","ptf_family_name":"Drifting Buoy","country_iso_reporting":"US","country_sensor_provider":null}},{"type":"Feature","geometry":{"type":"Point","coordinates":[-98.511,-26.526]},"properties":{"ptf_id":1342097,"ptf_ref":"3401680","category":"drifting_buoys","ptf_model":"SVP Pacific Gyre","wigos_ref":"0-22000-0-3401680","country_name":"USA","country_ship":null,"goos_networks":"GDA","ptf_family_name":"Drifting Buoy","country_iso_reporting":"US","country_sensor_provider":null}},{"type":"Feature","geometry":{"type":"Point","coordinates":[-94.194,-24.72]},"properties":{"ptf_id":1342117,"ptf_ref":"3401681","category":"drifting_buoys","ptf_model":"SVP Pacific Gyre","wigos_ref":"0-22000-0-3401681","country_name":"USA","country_ship":null,"goos_networks":"GDA","ptf_family_name":"Drifting Buoy","country_iso_reporting":"US","country_sensor_provider":null}},{"type":"Feature","geometry":{"type":"Point","coordinates":[-104.325,-23.038]},"properties":{"ptf_id":1342137,"ptf_ref":"3401682","category":"drifting_buoys","ptf_model":"SVP Pacific Gyre","wigos_ref":"0-22000-0-3401682","country_name":"USA","country_ship":null,"goos_networks":"GDA","ptf_family_name":"Drifting Buoy","country_iso_reporting":"US","country_sensor_provider":null}},{"type":"Feature","geometry":{"type":"Point","coordinates":[-103.104,-20.939]},"properties":{"ptf_id":1342157,"ptf_ref":"3401683","category":"drifting_buoys","ptf_model":"SVP Pacific Gyre","wigos_ref":"0-22000-0-3401683","country_name":"USA","country_ship":null,"goos_networks":"GDA","ptf_family_name":"Drifting Buoy","country_iso_reporting":"US","country_sensor_provider":null}},{"type":"Feature","geometry":{"type":"Point","coordinates":[-88.512,-27.856]},"properties":{"ptf_id":1342177,"ptf_ref":"3401684","category":"drifting_buoys","ptf_model":"SVP Pacific Gyre","wigos_ref":"0-22000-0-3401684","country_name":"USA","country_ship":null,"goos_networks":"GDA","ptf_family_name":"Drifting Buoy","country_iso_reporting":"US","country_sensor_provider":null}},{"type":"Feature","geometry":{"type":"Point","coordinates":[-94.61,-21.485]},"properties":{"ptf_id":1342217,"ptf_ref":"4301648","category":"drifting_buoys","ptf_model":"SVP Pacific Gyre","wigos_ref":"0-22000-0-4301648","country_name":"USA","country_ship":null,"goos_networks":"GDA","ptf_family_name":"Drifting Buoy","country_iso_reporting":"US","country_sensor_provider":null}},{"type":"Feature","geometry":{"type":"Point","coordinates":[-97.014,-27.338]},"properties":{"ptf_id":1342237,"ptf_ref":"4301649","category":"drifting_buoys","ptf_model":"SVP Pacific Gyre","wigos_ref":"0-22000-0-4301649","country_name":"USA","country_ship":null,"goos_networks":"GDA","ptf_family_name":"Drifting Buoy","country_iso_reporting":"US","country_sensor_provider":null}},{"type":"Feature","geometry":{"type":"Point","coordinates":[-92.406,-22.68]},"properties":{"ptf_id":1342257,"ptf_ref":"4301650","category":"drifting_buoys","ptf_model":"SVP Pacific Gyre","wigos_ref":"0-22000-0-4301650","country_name":"USA","country_ship":null,"goos_networks":"GDA","ptf_family_name":"Drifting Buoy","country_iso_reporting":"US","country_sensor_provider":null}},{"type":"Feature","geometry":{"type":"Point","coordinates":[-107.534,-23.701]},"properties":{"ptf_id":1342277,"ptf_ref":"4301651","category":"drifting_buoys","ptf_model":"SVP Pacific Gyre","wigos_ref":"0-22000-0-4301651","country_name":"USA","country_ship":null,"goos_networks":"GDA","ptf_family_name":"Drifting Buoy","country_iso_reporting":"US","country_sensor_provider":null}},{"type":"Feature","geometry":{"type":"Point","coordinates":[-100.946,-22.77]},"properties":{"ptf_id":1342297,"ptf_ref":"4301652","category":"drifting_buoys","ptf_model":"SVP Pacific Gyre","wigos_ref":"0-22000-0-4301652","country_name":"USA","country_ship":null,"goos_networks":"GDA","ptf_family_name":"Drifting Buoy","country_iso_reporting":"US","country_sensor_provider":null}},{"type":"Feature","geometry":{"type":"Point","coordinates":[-93.228,-29.191]},"properties":{"ptf_id":1342317,"ptf_ref":"4301653","category":"drifting_buoys","ptf_model":"SVP Pacific Gyre","wigos_ref":"0-22000-0-4301653","country_name":"USA","country_ship":null,"goos_networks":"GDA","ptf_family_name":"Drifting Buoy","country_iso_reporting":"US","country_sensor_provider":null}},{"type":"Feature","geometry":{"type":"Point","coordinates":[-92.139,-22.26]},"properties":{"ptf_id":1342337,"ptf_ref":"4301655","category":"drifting_buoys","ptf_model":"SVP Pacific Gyre","wigos_ref":"0-22000-0-4301655","country_name":"USA","country_ship":null,"goos_networks":"GDA","ptf_family_name":"Drifting Buoy","country_iso_reporting":"US","country_sensor_provider":null}},{"type":"Feature","geometry":{"type":"Point","coordinates":[-95.209,-22.14]},"properties":{"ptf_id":1342357,"ptf_ref":"4301656","category":"drifting_buoys","ptf_model":"SVP Pacific Gyre","wigos_ref":"0-22000-0-4301656","country_name":"USA","country_ship":null,"goos_networks":"GDA","ptf_family_name":"Drifting Buoy","country_iso_reporting":"US","country_sensor_provider":null}},{"type":"Feature","geometry":{"type":"Point","coordinates":[-99.236,-29.504]},"properties":{"ptf_id":1342377,"ptf_ref":"4301657","category":"drifting_buoys","ptf_model":"SVP Pacific Gyre","wigos_ref":"0-22000-0-4301657","country_name":"USA","country_ship":null,"goos_networks":"GDA","ptf_family_name":"Drifting Buoy","country_iso_reporting":"US","country_sensor_provider":null}},{"type":"Feature","geometry":{"type":"Point","coordinates":[-96.215,-18.2]},"properties":{"ptf_id":1342397,"ptf_ref":"4301658","category":"drifting_buoys","ptf_model":"SVP Pacific Gyre","wigos_ref":"0-22000-0-4301658","country_name":"USA","country_ship":null,"goos_networks":"GDA","ptf_family_name":"Drifting Buoy","country_iso_reporting":"US","country_sensor_provider":null}},{"type":"Feature","geometry":{"type":"Point","coordinates":[-105.138,-23.499]},"properties":{"ptf_id":1342517,"ptf_ref":"4301654","category":"drifting_buoys","ptf_model":"SVP Pacific Gyre","wigos_ref":"0-22000-0-4301654","country_name":"USA","country_ship":null,"goos_networks":"GDA","ptf_family_name":"Drifting Buoy","country_iso_reporting":"US","country_sensor_provider":null}},{"type":"Feature","geometry":{"type":"Point","coordinates":[-7.059,-41.802]},"properties":{"ptf_id":1342722,"ptf_ref":"7810041","category":"drifting_buoys","ptf_model":"SVP B SIO","wigos_ref":"0-22000-0-7810041","country_name":"USA","country_ship":"USA","goos_networks":"GDA","ptf_family_name":"Drifting Buoy","country_iso_reporting":"US","country_sensor_provider":null}},{"type":"Feature","geometry":{"type":"Point","coordinates":[91.337,-40.429]},"properties":{"ptf_id":1342723,"ptf_ref":"7810282","category":"drifting_buoys","ptf_model":"SVP B SIO","wigos_ref":"0-22000-0-7810282","country_name":"USA","country_ship":null,"goos_networks":"GDA","ptf_family_name":"Drifting Buoy","country_iso_reporting":"US","country_sensor_provider":"FRANCE"}},{"type":"Feature","geometry":{"type":"Point","coordinates":[80.732,5.976]},"properties":{"ptf_id":1342724,"ptf_ref":"7810283","category":"drifting_buoys","ptf_model":"SVP B SIO","wigos_ref":"0-22000-0-7810283","country_name":"USA","country_ship":null,"goos_networks":"GDA","ptf_family_name":"Drifting Buoy","country_iso_reporting":"US","country_sensor_provider":"FRANCE"}},{"type":"Feature","geometry":{"type":"Point","coordinates":[-2.234,-44.57]},"properties":{"ptf_id":1343001,"ptf_ref":"7810046","category":"drifting_buoys","ptf_model":"SVP B SIO","wigos_ref":"0-22000-0-7810046","country_name":"USA","country_ship":"USA","goos_networks":"GDA","ptf_family_name":"Drifting Buoy","country_iso_reporting":"US","country_sensor_provider":null}},{"type":"Feature","geometry":{"type":"Point","coordinates":[86.776,-18.935]},"properties":{"ptf_id":1343002,"ptf_ref":"7810067","category":"drifting_buoys","ptf_model":"SVP B SIO","wigos_ref":"0-22000-0-7810067","country_name":"USA","country_ship":null,"goos_networks":"GDA","ptf_family_name":"Drifting Buoy","country_iso_reporting":"US","country_sensor_provider":null}},{"type":"Feature","geometry":{"type":"Point","coordinates":[-39.332,38.156]},"properties":{"ptf_id":1343003,"ptf_ref":"7810183","category":"drifting_buoys","ptf_model":"SVP SIO","wigos_ref":"0-22000-0-7810183","country_name":"USA","country_ship":"USA","goos_networks":"GDA","ptf_family_name":"Drifting Buoy","country_iso_reporting":"US","country_sensor_provider":null}},{"type":"Feature","geometry":{"type":"Point","coordinates":[84.503,-36.497]},"properties":{"ptf_id":1343005,"ptf_ref":"7810280","category":"drifting_buoys","ptf_model":"SVP B SIO","wigos_ref":"0-22000-0-7810280","country_name":"USA","country_ship":null,"goos_networks":"GDA","ptf_family_name":"Drifting Buoy","country_iso_reporting":"US","country_sensor_provider":"FRANCE"}},{"type":"Feature","geometry":{"type":"Point","coordinates":[-30.878,-50.339]},"properties":{"ptf_id":1343019,"ptf_ref":"7810036","category":"drifting_buoys","ptf_model":"SVP B SIO","wigos_ref":"0-22000-0-7810036","country_name":"USA","country_ship":"USA","goos_networks":"GDA","ptf_family_name":"Drifting Buoy","country_iso_reporting":"US","country_sensor_provider":null}},{"type":"Feature","geometry":{"type":"Point","coordinates":[-6.352,-44.39]},"properties":{"ptf_id":1343020,"ptf_ref":"7810037","category":"drifting_buoys","ptf_model":"SVP B SIO","wigos_ref":"0-22000-0-7810037","country_name":"USA","country_ship":"USA","goos_networks":"GDA","ptf_family_name":"Drifting Buoy","country_iso_reporting":"US","country_sensor_provider":null}},{"type":"Feature","geometry":{"type":"Point","coordinates":[-5.54,-43.079]},"properties":{"ptf_id":1343021,"ptf_ref":"7810043","category":"drifting_buoys","ptf_model":"SVP B SIO","wigos_ref":"0-22000-0-7810043","country_name":"USA","country_ship":"USA","goos_networks":"GDA","ptf_family_name":"Drifting Buoy","country_iso_reporting":"US","country_sensor_provider":null}},{"type":"Feature","geometry":{"type":"Point","coordinates":[-33.561,-50.487]},"properties":{"ptf_id":1343022,"ptf_ref":"7810048","category":"drifting_buoys","ptf_model":"SVP B SIO","wigos_ref":"0-22000-0-7810048","country_name":"USA","country_ship":"USA","goos_networks":"GDA","ptf_family_name":"Drifting Buoy","country_iso_reporting":"US","country_sensor_provider":null}},{"type":"Feature","geometry":{"type":"Point","coordinates":[80.403,-37.718]},"properties":{"ptf_id":1343024,"ptf_ref":"7810281","category":"drifting_buoys","ptf_model":"SVP B SIO","wigos_ref":"0-22000-0-7810281","country_name":"USA","country_ship":null,"goos_networks":"GDA","ptf_family_name":"Drifting Buoy","country_iso_reporting":"US","country_sensor_provider":"FRANCE"}},{"type":"Feature","geometry":{"type":"Point","coordinates":[78.506,-13.566]},"properties":{"ptf_id":1343025,"ptf_ref":"7810286","category":"drifting_buoys","ptf_model":"SVP B SIO","wigos_ref":"0-22000-0-7810286","country_name":"USA","country_ship":null,"goos_networks":"GDA","ptf_family_name":"Drifting Buoy","country_iso_reporting":"US","country_sensor_provider":"FRANCE"}},{"type":"Feature","geometry":{"type":"Point","coordinates":[-106.065,8.929]},"properties":{"ptf_id":1343767,"ptf_ref":"7810923","category":"drifting_buoys","ptf_model":"SVP B SIO","wigos_ref":"0-22000-0-7810923","country_name":"USA","country_ship":"USA","goos_networks":"GDA","ptf_family_name":"Drifting Buoy","country_iso_reporting":"US","country_sensor_provider":null}},{"type":"Feature","geometry":{"type":"Point","coordinates":[-100.889,16.727]},"properties":{"ptf_id":1343768,"ptf_ref":"7810924","category":"drifting_buoys","ptf_model":"SVP B SIO","wigos_ref":"0-22000-0-7810924","country_name":"USA","country_ship":"USA","goos_networks":"GDA","ptf_family_name":"Drifting Buoy","country_iso_reporting":"US","country_sensor_provider":null}},{"type":"Feature","geometry":{"type":"Point","coordinates":[-117.931,17.306]},"properties":{"ptf_id":1343769,"ptf_ref":"7810926","category":"drifting_buoys","ptf_model":"SVP B SIO","wigos_ref":"0-22000-0-7810926","country_name":"USA","country_ship":"USA","goos_networks":"GDA","ptf_family_name":"Drifting Buoy","country_iso_reporting":"US","country_sensor_provider":null}},{"type":"Feature","geometry":{"type":"Point","coordinates":[-111.68,8.206]},"properties":{"ptf_id":1343844,"ptf_ref":"7810925","category":"drifting_buoys","ptf_model":"SVP B SIO","wigos_ref":"0-22000-0-7810925","country_name":"USA","country_ship":"USA","goos_networks":"GDA","ptf_family_name":"Drifting Buoy","country_iso_reporting":"US","country_sensor_provider":null}},{"type":"Feature","geometry":{"type":"Point","coordinates":[-49.005,54.089]},"properties":{"ptf_id":1345461,"ptf_ref":"2802271","category":"drifting_buoys","ptf_model":"CODE_DAVIS_METOCEAN","wigos_ref":"0-22000-0-2802271","country_name":"CANADA","country_ship":null,"goos_networks":"GDA","ptf_family_name":"Drifting Buoy","country_iso_reporting":"CA","country_sensor_provider":null}},{"type":"Feature","geometry":{"type":"Point","coordinates":[-47.433,52.293]},"properties":{"ptf_id":1345462,"ptf_ref":"7894613","category":"drifting_buoys","ptf_model":"CODE_DAVIS_METOCEAN","wigos_ref":"0-22000-0-7894613","country_name":"CANADA","country_ship":null,"goos_networks":"GDA","ptf_family_name":"Drifting Buoy","country_iso_reporting":"CA","country_sensor_provider":null}},{"type":"Feature","geometry":{"type":"Point","coordinates":[-52.551,51.469]},"properties":{"ptf_id":1345517,"ptf_ref":"6802097","category":"drifting_buoys","ptf_model":"SVP","wigos_ref":"0-22000-0-6802097","country_name":"CANADA","country_ship":null,"goos_networks":"GDA","ptf_family_name":"Drifting Buoy","country_iso_reporting":"CA","country_sensor_provider":null}},{"type":"Feature","geometry":{"type":"Point","coordinates":[-49.887,43.853]},"properties":{"ptf_id":1345518,"ptf_ref":"4804311","category":"drifting_buoys","ptf_model":"SVP","wigos_ref":"0-22000-0-4804311","country_name":"CANADA","country_ship":null,"goos_networks":"GDA","ptf_family_name":"Drifting Buoy","country_iso_reporting":"CA","country_sensor_provider":null}},{"type":"Feature","geometry":{"type":"Point","coordinates":[-47.432,54.92]},"properties":{"ptf_id":1347017,"ptf_ref":"1801966","category":"drifting_buoys","ptf_model":"STOKES_METOCEAN","wigos_ref":"0-22000-0-1801966","country_name":"CANADA","country_ship":null,"goos_networks":"GDA","ptf_family_name":"Drifting Buoy","country_iso_reporting":"CA","country_sensor_provider":null}},{"type":"Feature","geometry":{"type":"Point","coordinates":[-54.301,58.289]},"properties":{"ptf_id":1347037,"ptf_ref":"6802098","category":"drifting_buoys","ptf_model":"STOKES_METOCEAN","wigos_ref":"0-22000-0-6802098","country_name":"CANADA","country_ship":null,"goos_networks":"GDA","ptf_family_name":"Drifting Buoy","country_iso_reporting":"CA","country_sensor_provider":null}},{"type":"Feature","geometry":{"type":"Point","coordinates":[-51.994,58.315]},"properties":{"ptf_id":1347038,"ptf_ref":"1801967","category":"drifting_buoys","ptf_model":"STOKES_METOCEAN","wigos_ref":"0-22000-0-1801967","country_name":"CANADA","country_ship":null,"goos_networks":"GDA","ptf_family_name":"Drifting Buoy","country_iso_reporting":"CA","country_sensor_provider":null}},{"type":"Feature","geometry":{"type":"Point","coordinates":[118.838,19.297]},"properties":{"ptf_id":1347040,"ptf_ref":"7894614","category":"drifting_buoys","ptf_model":"SVP","wigos_ref":"0-22000-0-7894614","country_name":"HONG KONG","country_ship":null,"goos_networks":"GDA","ptf_family_name":"Drifting Buoy","country_iso_reporting":"CN","country_sensor_provider":null}},{"type":"Feature","geometry":{"type":"Point","coordinates":[109.391,12.987]},"properties":{"ptf_id":1347041,"ptf_ref":"4804313","category":"drifting_buoys","ptf_model":"SVP","wigos_ref":"0-22000-0-4804313","country_name":"HONG KONG","country_ship":null,"goos_networks":"GDA","ptf_family_name":"Drifting Buoy","country_iso_reporting":"CN","country_sensor_provider":null}},{"type":"Feature","geometry":{"type":"Point","coordinates":[114.638,22.108]},"properties":{"ptf_id":1347042,"ptf_ref":"7894615","category":"drifting_buoys","ptf_model":"SVP","wigos_ref":"0-22000-0-7894615","country_name":"HONG KONG","country_ship":null,"goos_networks":"GDA","ptf_family_name":"Drifting Buoy","country_iso_reporting":"CN","country_sensor_provider":null}},{"type":"Feature","geometry":{"type":"Point","coordinates":[-48.331,54.473]},"properties":{"ptf_id":1347057,"ptf_ref":"3801868","category":"drifting_buoys","ptf_model":"STOKES_METOCEAN","wigos_ref":"0-22000-0-3801868","country_name":"CANADA","country_ship":null,"goos_networks":"GDA","ptf_family_name":"Drifting Buoy","country_iso_reporting":"CA","country_sensor_provider":null}},{"type":"Feature","geometry":{"type":"Point","coordinates":[-50.217,56.414]},"properties":{"ptf_id":1347058,"ptf_ref":"3801869","category":"drifting_buoys","ptf_model":"STOKES_METOCEAN","wigos_ref":"0-22000-0-3801869","country_name":"CANADA","country_ship":null,"goos_networks":"GDA","ptf_family_name":"Drifting Buoy","country_iso_reporting":"CA","country_sensor_provider":null}},{"type":"Feature","geometry":{"type":"Point","coordinates":[-49.552,48.954]},"properties":{"ptf_id":1347060,"ptf_ref":"2802272","category":"drifting_buoys","ptf_model":"STOKES_METOCEAN","wigos_ref":"0-22000-0-2802272","country_name":"CANADA","country_ship":null,"goos_networks":"GDA","ptf_family_name":"Drifting Buoy","country_iso_reporting":"CA","country_sensor_provider":null}},{"type":"Feature","geometry":{"type":"Point","coordinates":[-51.121,55.778]},"properties":{"ptf_id":1347061,"ptf_ref":"3801870","category":"drifting_buoys","ptf_model":"STOKES_METOCEAN","wigos_ref":"0-22000-0-3801870","country_name":"CANADA","country_ship":null,"goos_networks":"GDA","ptf_family_name":"Drifting Buoy","country_iso_reporting":"CA","country_sensor_provider":null}},{"type":"Feature","geometry":{"type":"Point","coordinates":[-33.821,-10.572]},"properties":{"ptf_id":1347737,"ptf_ref":"7810038","category":"drifting_buoys","ptf_model":"SVP B SIO","wigos_ref":"0-22000-0-7810038","country_name":"USA","country_ship":"USA","goos_networks":"GDA","ptf_family_name":"Drifting Buoy","country_iso_reporting":"US","country_sensor_provider":null}},{"type":"Feature","geometry":{"type":"Point","coordinates":[-172.931,11.446]},"properties":{"ptf_id":1347738,"ptf_ref":"7810129","category":"drifting_buoys","ptf_model":"SVP SIO","wigos_ref":"0-22000-0-7810129","country_name":"USA","country_ship":null,"goos_networks":"GDA","ptf_family_name":"Drifting Buoy","country_iso_reporting":"US","country_sensor_provider":null}},{"type":"Feature","geometry":{"type":"Point","coordinates":[-173.967,12.45]},"properties":{"ptf_id":1347739,"ptf_ref":"7810131","category":"drifting_buoys","ptf_model":"SVP SIO","wigos_ref":"0-22000-0-7810131","country_name":"USA","country_ship":null,"goos_networks":"GDA","ptf_family_name":"Drifting Buoy","country_iso_reporting":"US","country_sensor_provider":null}},{"type":"Feature","geometry":{"type":"Point","coordinates":[-171.708,11.48]},"properties":{"ptf_id":1347740,"ptf_ref":"7810133","category":"drifting_buoys","ptf_model":"SVP SIO","wigos_ref":"0-22000-0-7810133","country_name":"USA","country_ship":null,"goos_networks":"GDA","ptf_family_name":"Drifting Buoy","country_iso_reporting":"US","country_sensor_provider":null}},{"type":"Feature","geometry":{"type":"Point","coordinates":[-116.416,24.08]},"properties":{"ptf_id":1347741,"ptf_ref":"7810949","category":"drifting_buoys","ptf_model":"SVP B SIO","wigos_ref":"0-22000-0-7810949","country_name":"USA","country_ship":null,"goos_networks":"GDA","ptf_family_name":"Drifting Buoy","country_iso_reporting":"US","country_sensor_provider":null}},{"type":"Feature","geometry":{"type":"Point","coordinates":[-117.12,23.749]},"properties":{"ptf_id":1347742,"ptf_ref":"7810950","category":"drifting_buoys","ptf_model":"SVP B SIO","wigos_ref":"0-22000-0-7810950","country_name":"USA","country_ship":null,"goos_networks":"GDA","ptf_family_name":"Drifting Buoy","country_iso_reporting":"US","country_sensor_provider":null}},{"type":"Feature","geometry":{"type":"Point","coordinates":[-119.739,24.051]},"properties":{"ptf_id":1347743,"ptf_ref":"7810951","category":"drifting_buoys","ptf_model":"SVP B SIO","wigos_ref":"0-22000-0-7810951","country_name":"USA","country_ship":null,"goos_networks":"GDA","ptf_family_name":"Drifting Buoy","country_iso_reporting":"US","country_sensor_provider":null}},{"type":"Feature","geometry":{"type":"Point","coordinates":[-33.428,-15.636]},"properties":{"ptf_id":1347757,"ptf_ref":"7810040","category":"drifting_buoys","ptf_model":"SVP B SIO","wigos_ref":"0-22000-0-7810040","country_name":"USA","country_ship":"USA","goos_networks":"GDA","ptf_family_name":"Drifting Buoy","country_iso_reporting":"US","country_sensor_provider":null}},{"type":"Feature","geometry":{"type":"Point","coordinates":[-112.267,24.796]},"properties":{"ptf_id":1347758,"ptf_ref":"7810947","category":"drifting_buoys","ptf_model":"SVP B SIO","wigos_ref":"0-22000-0-7810947","country_name":"USA","country_ship":null,"goos_networks":"GDA","ptf_family_name":"Drifting Buoy","country_iso_reporting":"US","country_sensor_provider":null}},{"type":"Feature","geometry":{"type":"Point","coordinates":[-118.719,22.842]},"properties":{"ptf_id":1347759,"ptf_ref":"7810948","category":"drifting_buoys","ptf_model":"SVP B SIO","wigos_ref":"0-22000-0-7810948","country_name":"USA","country_ship":null,"goos_networks":"GDA","ptf_family_name":"Drifting Buoy","country_iso_reporting":"US","country_sensor_provider":null}},{"type":"Feature","geometry":{"type":"Point","coordinates":[-32.849,-16.079]},"properties":{"ptf_id":1347777,"ptf_ref":"7810042","category":"drifting_buoys","ptf_model":"SVP B SIO","wigos_ref":"0-22000-0-7810042","country_name":"USA","country_ship":"USA","goos_networks":"GDA","ptf_family_name":"Drifting Buoy","country_iso_reporting":"US","country_sensor_provider":null}},{"type":"Feature","geometry":{"type":"Point","coordinates":[-134.728,79.077]},"properties":{"ptf_id":1348260,"ptf_ref":"3801872","category":"drifting_buoys","ptf_model":"POLAR SVP","wigos_ref":"0-22000-0-3801872","country_name":"CANADA","country_ship":null,"goos_networks":"GDA","ptf_family_name":"Drifting Buoy","country_iso_reporting":"CA","country_sensor_provider":null}},{"type":"Feature","geometry":{"type":"Point","coordinates":[-132.611,78.202]},"properties":{"ptf_id":1348261,"ptf_ref":"7894616","category":"drifting_buoys","ptf_model":"POLAR SVP","wigos_ref":"0-22000-0-7894616","country_name":"CANADA","country_ship":null,"goos_networks":"GDA","ptf_family_name":"Drifting Buoy","country_iso_reporting":"CA","country_sensor_provider":null}},{"type":"Feature","geometry":{"type":"Point","coordinates":[-133.487,79.673]},"properties":{"ptf_id":1348262,"ptf_ref":"4804315","category":"drifting_buoys","ptf_model":"POLAR SVP","wigos_ref":"0-22000-0-4804315","country_name":"CANADA","country_ship":null,"goos_networks":"GDA","ptf_family_name":"Drifting Buoy","country_iso_reporting":"CA","country_sensor_provider":null}},{"type":"Feature","geometry":{"type":"Point","coordinates":[-133.804,79.684]},"properties":{"ptf_id":1348263,"ptf_ref":"5802293","category":"drifting_buoys","ptf_model":"POLAR SVP","wigos_ref":"0-22000-0-5802293","country_name":"CANADA","country_ship":null,"goos_networks":"GDA","ptf_family_name":"Drifting Buoy","country_iso_reporting":"CA","country_sensor_provider":null}},{"type":"Feature","geometry":{"type":"Point","coordinates":[-140.213,78.743]},"properties":{"ptf_id":1348264,"ptf_ref":"5802294","category":"drifting_buoys","ptf_model":"POLAR SVP","wigos_ref":"0-22000-0-5802294","country_name":"CANADA","country_ship":null,"goos_networks":"GDA","ptf_family_name":"Drifting Buoy","country_iso_reporting":"CA","country_sensor_provider":null}},{"type":"Feature","geometry":{"type":"Point","coordinates":[122.18,32.48]},"properties":{"ptf_id":1348917,"ptf_ref":"2100716","category":"drifting_buoys","ptf_model":"SVP","wigos_ref":"0-22000-0-2100716","country_name":"SOUTH KOREA","country_ship":null,"goos_networks":"GDA","ptf_family_name":"Drifting Buoy","country_iso_reporting":"KR","country_sensor_provider":null}},{"type":"Feature","geometry":{"type":"Point","coordinates":[-86.604,-17.483]},"properties":{"ptf_id":1349159,"ptf_ref":"7810090","category":"drifting_buoys","ptf_model":"SVP B SIO","wigos_ref":"0-22000-0-7810090","country_name":"USA","country_ship":null,"goos_networks":"GDA","ptf_family_name":"Drifting Buoy","country_iso_reporting":"US","country_sensor_provider":null}},{"type":"Feature","geometry":{"type":"Point","coordinates":[-72.444,-29.149]},"properties":{"ptf_id":1349160,"ptf_ref":"7810091","category":"drifting_buoys","ptf_model":"SVP B SIO","wigos_ref":"0-22000-0-7810091","country_name":"USA","country_ship":null,"goos_networks":"GDA","ptf_family_name":"Drifting Buoy","country_iso_reporting":"US","country_sensor_provider":null}},{"type":"Feature","geometry":{"type":"Point","coordinates":[-73.622,-22.915]},"properties":{"ptf_id":1349161,"ptf_ref":"7810092","category":"drifting_buoys","ptf_model":"SVP B SIO","wigos_ref":"0-22000-0-7810092","country_name":"USA","country_ship":null,"goos_networks":"GDA","ptf_family_name":"Drifting Buoy","country_iso_reporting":"US","country_sensor_provider":null}},{"type":"Feature","geometry":{"type":"Point","coordinates":[-13.074,6.662]},"properties":{"ptf_id":1349162,"ptf_ref":"7810704","category":"drifting_buoys","ptf_model":"SVP SIO","wigos_ref":"0-22000-0-7810704","country_name":"USA","country_ship":"GERMANY","goos_networks":"GDA","ptf_family_name":"Drifting Buoy","country_iso_reporting":"US","country_sensor_provider":null}},{"type":"Feature","geometry":{"type":"Point","coordinates":[-162.196,10.645]},"properties":{"ptf_id":1349163,"ptf_ref":"7810964","category":"drifting_buoys","ptf_model":"SVP B SIO","wigos_ref":"0-22000-0-7810964","country_name":"USA","country_ship":"USA","goos_networks":"GDA","ptf_family_name":"Drifting Buoy","country_iso_reporting":"US","country_sensor_provider":null}},{"type":"Feature","geometry":{"type":"Point","coordinates":[-170.103,6.213]},"properties":{"ptf_id":1349164,"ptf_ref":"7810967","category":"drifting_buoys","ptf_model":"SVP B SIO","wigos_ref":"0-22000-0-7810967","country_name":"USA","country_ship":"USA","goos_networks":"GDA","ptf_family_name":"Drifting Buoy","country_iso_reporting":"US","country_sensor_provider":null}},{"type":"Feature","geometry":{"type":"Point","coordinates":[-152.277,6.688]},"properties":{"ptf_id":1349165,"ptf_ref":"7810970","category":"drifting_buoys","ptf_model":"SVP B SIO","wigos_ref":"0-22000-0-7810970","country_name":"USA","country_ship":"USA","goos_networks":"GDA","ptf_family_name":"Drifting Buoy","country_iso_reporting":"US","country_sensor_provider":null}},{"type":"Feature","geometry":{"type":"Point","coordinates":[-90.537,5.492]},"properties":{"ptf_id":1349176,"ptf_ref":"5802297","category":"drifting_buoys","ptf_model":"SVP B SIO","wigos_ref":"0-22000-0-5802297","country_name":"USA","country_ship":null,"goos_networks":"GDA","ptf_family_name":"Drifting Buoy","country_iso_reporting":"US","country_sensor_provider":null}},{"type":"Feature","geometry":{"type":"Point","coordinates":[-88.21,-20.01]},"properties":{"ptf_id":1349177,"ptf_ref":"7810093","category":"drifting_buoys","ptf_model":"SVP B SIO","wigos_ref":"0-22000-0-7810093","country_name":"USA","country_ship":null,"goos_networks":"GDA","ptf_family_name":"Drifting Buoy","country_iso_reporting":"US","country_sensor_provider":null}},{"type":"Feature","geometry":{"type":"Point","coordinates":[-84.057,-24.45]},"properties":{"ptf_id":1349178,"ptf_ref":"7810094","category":"drifting_buoys","ptf_model":"SVP B SIO","wigos_ref":"0-22000-0-7810094","country_name":"USA","country_ship":null,"goos_networks":"GDA","ptf_family_name":"Drifting Buoy","country_iso_reporting":"US","country_sensor_provider":null}},{"type":"Feature","geometry":{"type":"Point","coordinates":[-29.859,22.701]},"properties":{"ptf_id":1349179,"ptf_ref":"7810705","category":"drifting_buoys","ptf_model":"SVP SIO","wigos_ref":"0-22000-0-7810705","country_name":"USA","country_ship":"GERMANY","goos_networks":"GDA","ptf_family_name":"Drifting Buoy","country_iso_reporting":"US","country_sensor_provider":null}},{"type":"Feature","geometry":{"type":"Point","coordinates":[-28.77,27.298]},"properties":{"ptf_id":1349180,"ptf_ref":"7810706","category":"drifting_buoys","ptf_model":"SVP SIO","wigos_ref":"0-22000-0-7810706","country_name":"USA","country_ship":"GERMANY","goos_networks":"GDA","ptf_family_name":"Drifting Buoy","country_iso_reporting":"US","country_sensor_provider":null}},{"type":"Feature","geometry":{"type":"Point","coordinates":[-102.752,6.244]},"properties":{"ptf_id":1349181,"ptf_ref":"7810962","category":"drifting_buoys","ptf_model":"SVP B SIO","wigos_ref":"0-22000-0-7810962","country_name":"USA","country_ship":"USA","goos_networks":"GDA","ptf_family_name":"Drifting Buoy","country_iso_reporting":"US","country_sensor_provider":null}},{"type":"Feature","geometry":{"type":"Point","coordinates":[-130.309,12.884]},"properties":{"ptf_id":1349182,"ptf_ref":"7810965","category":"drifting_buoys","ptf_model":"SVP B SIO","wigos_ref":"0-22000-0-7810965","country_name":"USA","country_ship":"USA","goos_networks":"GDA","ptf_family_name":"Drifting Buoy","country_iso_reporting":"US","country_sensor_provider":null}},{"type":"Feature","geometry":{"type":"Point","coordinates":[159.349,8.931]},"properties":{"ptf_id":1349183,"ptf_ref":"7810968","category":"drifting_buoys","ptf_model":"SVP B SIO","wigos_ref":"0-22000-0-7810968","country_name":"USA","country_ship":"USA","goos_networks":"GDA","ptf_family_name":"Drifting Buoy","country_iso_reporting":"US","country_sensor_provider":null}},{"type":"Feature","geometry":{"type":"Point","coordinates":[-175.855,14.714]},"properties":{"ptf_id":1349184,"ptf_ref":"7810971","category":"drifting_buoys","ptf_model":"SVP B SIO","wigos_ref":"0-22000-0-7810971","country_name":"USA","country_ship":"USA","goos_networks":"GDA","ptf_family_name":"Drifting Buoy","country_iso_reporting":"US","country_sensor_provider":null}},{"type":"Feature","geometry":{"type":"Point","coordinates":[-80.138,25.505]},"properties":{"ptf_id":1349189,"ptf_ref":"5802296","category":"drifting_buoys","ptf_model":"SVP","wigos_ref":"0-22000-0-5802296","country_name":"USA","country_ship":null,"goos_networks":"GDA","ptf_family_name":"Drifting Buoy","country_iso_reporting":"US","country_sensor_provider":null}},{"type":"Feature","geometry":{"type":"Point","coordinates":[-7.681,65.618]},"properties":{"ptf_id":1349197,"ptf_ref":"7810584","category":"drifting_buoys","ptf_model":"SVP SIO","wigos_ref":"0-22000-0-7810584","country_name":"USA","country_ship":null,"goos_networks":"GDA","ptf_family_name":"Drifting Buoy","country_iso_reporting":"US","country_sensor_provider":null}},{"type":"Feature","geometry":{"type":"Point","coordinates":[-46.37,59.187]},"properties":{"ptf_id":1349198,"ptf_ref":"7810585","category":"drifting_buoys","ptf_model":"SVP SIO","wigos_ref":"0-22000-0-7810585","country_name":"USA","country_ship":null,"goos_networks":"GDA","ptf_family_name":"Drifting Buoy","country_iso_reporting":"US","country_sensor_provider":null}},{"type":"Feature","geometry":{"type":"Point","coordinates":[-65.87,38.935]},"properties":{"ptf_id":1349199,"ptf_ref":"7810637","category":"drifting_buoys","ptf_model":"SVP SIO","wigos_ref":"0-22000-0-7810637","country_name":"USA","country_ship":null,"goos_networks":"GDA","ptf_family_name":"Drifting Buoy","country_iso_reporting":"US","country_sensor_provider":null}},{"type":"Feature","geometry":{"type":"Point","coordinates":[-43.113,41.884]},"properties":{"ptf_id":1349201,"ptf_ref":"7810639","category":"drifting_buoys","ptf_model":"SVP SIO","wigos_ref":"0-22000-0-7810639","country_name":"USA","country_ship":null,"goos_networks":"GDA","ptf_family_name":"Drifting Buoy","country_iso_reporting":"US","country_sensor_provider":null}},{"type":"Feature","geometry":{"type":"Point","coordinates":[-68.493,40.535]},"properties":{"ptf_id":1349202,"ptf_ref":"7810641","category":"drifting_buoys","ptf_model":"SVP SIO","wigos_ref":"0-22000-0-7810641","country_name":"USA","country_ship":null,"goos_networks":"GDA","ptf_family_name":"Drifting Buoy","country_iso_reporting":"US","country_sensor_provider":null}},{"type":"Feature","geometry":{"type":"Point","coordinates":[-33.979,-9.053]},"properties":{"ptf_id":1349203,"ptf_ref":"7810697","category":"drifting_buoys","ptf_model":"SVP SIO","wigos_ref":"0-22000-0-7810697","country_name":"USA","country_ship":"GERMANY","goos_networks":"GDA","ptf_family_name":"Drifting Buoy","country_iso_reporting":"US","country_sensor_provider":null}},{"type":"Feature","geometry":{"type":"Point","coordinates":[-32.813,0.423]},"properties":{"ptf_id":1349204,"ptf_ref":"7810698","category":"drifting_buoys","ptf_model":"SVP SIO","wigos_ref":"0-22000-0-7810698","country_name":"USA","country_ship":"GERMANY","goos_networks":"GDA","ptf_family_name":"Drifting Buoy","country_iso_reporting":"US","country_sensor_provider":null}},{"type":"Feature","geometry":{"type":"Point","coordinates":[-43.561,-1.253]},"properties":{"ptf_id":1349205,"ptf_ref":"7810699","category":"drifting_buoys","ptf_model":"SVP SIO","wigos_ref":"0-22000-0-7810699","country_name":"USA","country_ship":"GERMANY","goos_networks":"GDA","ptf_family_name":"Drifting Buoy","country_iso_reporting":"US","country_sensor_provider":null}},{"type":"Feature","geometry":{"type":"Point","coordinates":[-39.21,7.284]},"properties":{"ptf_id":1349206,"ptf_ref":"7810700","category":"drifting_buoys","ptf_model":"SVP SIO","wigos_ref":"0-22000-0-7810700","country_name":"USA","country_ship":"GERMANY","goos_networks":"GDA","ptf_family_name":"Drifting Buoy","country_iso_reporting":"US","country_sensor_provider":null}},{"type":"Feature","geometry":{"type":"Point","coordinates":[-20.075,5.131]},"properties":{"ptf_id":1349207,"ptf_ref":"7810701","category":"drifting_buoys","ptf_model":"SVP SIO","wigos_ref":"0-22000-0-7810701","country_name":"USA","country_ship":"GERMANY","goos_networks":"GDA","ptf_family_name":"Drifting Buoy","country_iso_reporting":"US","country_sensor_provider":null}},{"type":"Feature","geometry":{"type":"Point","coordinates":[-15.251,5.427]},"properties":{"ptf_id":1349208,"ptf_ref":"7810702","category":"drifting_buoys","ptf_model":"SVP SIO","wigos_ref":"0-22000-0-7810702","country_name":"USA","country_ship":"GERMANY","goos_networks":"GDA","ptf_family_name":"Drifting Buoy","country_iso_reporting":"US","country_sensor_provider":null}},{"type":"Feature","geometry":{"type":"Point","coordinates":[-15.567,4.684]},"properties":{"ptf_id":1349209,"ptf_ref":"7810703","category":"drifting_buoys","ptf_model":"SVP SIO","wigos_ref":"0-22000-0-7810703","country_name":"USA","country_ship":"GERMANY","goos_networks":"GDA","ptf_family_name":"Drifting Buoy","country_iso_reporting":"US","country_sensor_provider":null}},{"type":"Feature","geometry":{"type":"Point","coordinates":[-104.119,17.397]},"properties":{"ptf_id":1349210,"ptf_ref":"7810963","category":"drifting_buoys","ptf_model":"SVP B SIO","wigos_ref":"0-22000-0-7810963","country_name":"USA","country_ship":"USA","goos_networks":"GDA","ptf_family_name":"Drifting Buoy","country_iso_reporting":"US","country_sensor_provider":null}},{"type":"Feature","geometry":{"type":"Point","coordinates":[-153.259,12.673]},"properties":{"ptf_id":1349211,"ptf_ref":"7810966","category":"drifting_buoys","ptf_model":"SVP B SIO","wigos_ref":"0-22000-0-7810966","country_name":"USA","country_ship":"USA","goos_networks":"GDA","ptf_family_name":"Drifting Buoy","country_iso_reporting":"US","country_sensor_provider":null}},{"type":"Feature","geometry":{"type":"Point","coordinates":[167.56,12.05]},"properties":{"ptf_id":1349212,"ptf_ref":"7810969","category":"drifting_buoys","ptf_model":"SVP B SIO","wigos_ref":"0-22000-0-7810969","country_name":"USA","country_ship":"USA","goos_networks":"GDA","ptf_family_name":"Drifting Buoy","country_iso_reporting":"US","country_sensor_provider":null}},{"type":"Feature","geometry":{"type":"Point","coordinates":[-125.273,15.196]},"properties":{"ptf_id":1349216,"ptf_ref":"4804317","category":"drifting_buoys","ptf_model":"SVP B SIO","wigos_ref":"0-22000-0-4804317","country_name":"USA","country_ship":null,"goos_networks":"GDA","ptf_family_name":"Drifting Buoy","country_iso_reporting":"US","country_sensor_provider":null}},{"type":"Feature","geometry":{"type":"Point","coordinates":[-90.622,6.827]},"properties":{"ptf_id":1349278,"ptf_ref":"4804318","category":"drifting_buoys","ptf_model":"SVP B SIO","wigos_ref":"0-22000-0-4804318","country_name":"USA","country_ship":null,"goos_networks":"GDA","ptf_family_name":"Drifting Buoy","country_iso_reporting":"US","country_sensor_provider":null}},{"type":"Feature","geometry":{"type":"Point","coordinates":[-109.109,8.316]},"properties":{"ptf_id":1349283,"ptf_ref":"2802277","category":"drifting_buoys","ptf_model":"SVP B SIO","wigos_ref":"0-22000-0-2802277","country_name":"USA","country_ship":null,"goos_networks":"GDA","ptf_family_name":"Drifting Buoy","country_iso_reporting":"US","country_sensor_provider":null}},{"type":"Feature","geometry":{"type":"Point","coordinates":[-80.708,24.867]},"properties":{"ptf_id":1349295,"ptf_ref":"2802286","category":"drifting_buoys","ptf_model":"SVP","wigos_ref":"0-22000-0-2802286","country_name":"USA","country_ship":null,"goos_networks":"GDA","ptf_family_name":"Drifting Buoy","country_iso_reporting":"US","country_sensor_provider":null}},{"type":"Feature","geometry":{"type":"Point","coordinates":[130.701,21.261]},"properties":{"ptf_id":1349300,"ptf_ref":"6802106","category":"drifting_buoys","ptf_model":"SVP","wigos_ref":"0-22000-0-6802106","country_name":"USA","country_ship":null,"goos_networks":"GDA","ptf_family_name":"Drifting Buoy","country_iso_reporting":"US","country_sensor_provider":null}},{"type":"Feature","geometry":{"type":"Point","coordinates":[-97.335,13.346]},"properties":{"ptf_id":1349310,"ptf_ref":"6802112","category":"drifting_buoys","ptf_model":"SVP B SIO","wigos_ref":"0-22000-0-6802112","country_name":"USA","country_ship":null,"goos_networks":"GDA","ptf_family_name":"Drifting Buoy","country_iso_reporting":"US","country_sensor_provider":null}},{"type":"Feature","geometry":{"type":"Point","coordinates":[-126.993,13.262]},"properties":{"ptf_id":1349311,"ptf_ref":"1801979","category":"drifting_buoys","ptf_model":"SVP B SIO","wigos_ref":"0-22000-0-1801979","country_name":"USA","country_ship":null,"goos_networks":"GDA","ptf_family_name":"Drifting Buoy","country_iso_reporting":"US","country_sensor_provider":null}},{"type":"Feature","geometry":{"type":"Point","coordinates":[-123.846,10.415]},"properties":{"ptf_id":1349318,"ptf_ref":"1801974","category":"drifting_buoys","ptf_model":"SVP B SIO","wigos_ref":"0-22000-0-1801974","country_name":"USA","country_ship":null,"goos_networks":"GDA","ptf_family_name":"Drifting Buoy","country_iso_reporting":"US","country_sensor_provider":null}},{"type":"Feature","geometry":{"type":"Point","coordinates":[-90.546,4.765]},"properties":{"ptf_id":1349319,"ptf_ref":"2802281","category":"drifting_buoys","ptf_model":"SVP B SIO","wigos_ref":"0-22000-0-2802281","country_name":"USA","country_ship":null,"goos_networks":"GDA","ptf_family_name":"Drifting Buoy","country_iso_reporting":"US","country_sensor_provider":null}},{"type":"Feature","geometry":{"type":"Point","coordinates":[-98.69,4.625]},"properties":{"ptf_id":1349322,"ptf_ref":"4804324","category":"drifting_buoys","ptf_model":"SVP B SIO","wigos_ref":"0-22000-0-4804324","country_name":"USA","country_ship":null,"goos_networks":"GDA","ptf_family_name":"Drifting Buoy","country_iso_reporting":"US","country_sensor_provider":null}},{"type":"Feature","geometry":{"type":"Point","coordinates":[131.73,20.328]},"properties":{"ptf_id":1349326,"ptf_ref":"2802285","category":"drifting_buoys","ptf_model":"SVP","wigos_ref":"0-22000-0-2802285","country_name":"USA","country_ship":null,"goos_networks":"GDA","ptf_family_name":"Drifting Buoy","country_iso_reporting":"US","country_sensor_provider":null}},{"type":"Feature","geometry":{"type":"Point","coordinates":[-119.151,7.423]},"properties":{"ptf_id":1349361,"ptf_ref":"1801982","category":"drifting_buoys","ptf_model":"SVP B SIO","wigos_ref":"0-22000-0-1801982","country_name":"USA","country_ship":null,"goos_networks":"GDA","ptf_family_name":"Drifting Buoy","country_iso_reporting":"US","country_sensor_provider":null}},{"type":"Feature","geometry":{"type":"Point","coordinates":[-80.106,26.233]},"properties":{"ptf_id":1349378,"ptf_ref":"7894630","category":"drifting_buoys","ptf_model":"SVP","wigos_ref":"0-22000-0-7894630","country_name":"USA","country_ship":null,"goos_networks":"GDA","ptf_family_name":"Drifting Buoy","country_iso_reporting":"US","country_sensor_provider":null}},{"type":"Feature","geometry":{"type":"Point","coordinates":[125.38,34.68]},"properties":{"ptf_id":1351457,"ptf_ref":"2100719","category":"drifting_buoys","ptf_model":"SVP","wigos_ref":"0-22000-0-2100719","country_name":"SOUTH KOREA","country_ship":null,"goos_networks":"GDA","ptf_family_name":"Drifting Buoy","country_iso_reporting":"KR","country_sensor_provider":null}},{"type":"Feature","geometry":{"type":"Point","coordinates":[130.864,30.748]},"properties":{"ptf_id":1355158,"ptf_ref":"3801888","category":"drifting_buoys","ptf_model":"SOFAR","wigos_ref":"0-22000-0-3801888","country_name":"JAPAN","country_ship":null,"goos_networks":"GDA","ptf_family_name":"Drifting Buoy","country_iso_reporting":"JP","country_sensor_provider":null}},{"type":"Feature","geometry":{"type":"Point","coordinates":[138.462,17.587]},"properties":{"ptf_id":1355159,"ptf_ref":"5802304","category":"drifting_buoys","ptf_model":"SOFAR","wigos_ref":"0-22000-0-5802304","country_name":"JAPAN","country_ship":null,"goos_networks":"GDA","ptf_family_name":"Drifting Buoy","country_iso_reporting":"JP","country_sensor_provider":null}},{"type":"Feature","geometry":{"type":"Point","coordinates":[139.564,25.765]},"properties":{"ptf_id":1355160,"ptf_ref":"4804333","category":"drifting_buoys","ptf_model":"SOFAR","wigos_ref":"0-22000-0-4804333","country_name":"JAPAN","country_ship":null,"goos_networks":"GDA","ptf_family_name":"Drifting Buoy","country_iso_reporting":"JP","country_sensor_provider":null}},{"type":"Feature","geometry":{"type":"Point","coordinates":[122.442,26.269]},"properties":{"ptf_id":1355161,"ptf_ref":"6802116","category":"drifting_buoys","ptf_model":"SOFAR","wigos_ref":"0-22000-0-6802116","country_name":"JAPAN","country_ship":null,"goos_networks":"GDA","ptf_family_name":"Drifting Buoy","country_iso_reporting":"JP","country_sensor_provider":null}},{"type":"Feature","geometry":{"type":"Point","coordinates":[128.346,23.318]},"properties":{"ptf_id":1355162,"ptf_ref":"3801889","category":"drifting_buoys","ptf_model":"SOFAR","wigos_ref":"0-22000-0-3801889","country_name":"JAPAN","country_ship":null,"goos_networks":"GDA","ptf_family_name":"Drifting Buoy","country_iso_reporting":"JP","country_sensor_provider":null}},{"type":"Feature","geometry":{"type":"Point","coordinates":[124.166,19.425]},"properties":{"ptf_id":1355163,"ptf_ref":"3801890","category":"drifting_buoys","ptf_model":"SOFAR","wigos_ref":"0-22000-0-3801890","country_name":"JAPAN","country_ship":null,"goos_networks":"GDA","ptf_family_name":"Drifting Buoy","country_iso_reporting":"JP","country_sensor_provider":null}},{"type":"Feature","geometry":{"type":"Point","coordinates":[149.532,36.08]},"properties":{"ptf_id":1355164,"ptf_ref":"7894632","category":"drifting_buoys","ptf_model":"SOFAR","wigos_ref":"0-22000-0-7894632","country_name":"JAPAN","country_ship":null,"goos_networks":"GDA","ptf_family_name":"Drifting Buoy","country_iso_reporting":"JP","country_sensor_provider":null}},{"type":"Feature","geometry":{"type":"Point","coordinates":[132.608,25.878]},"properties":{"ptf_id":1355165,"ptf_ref":"3801891","category":"drifting_buoys","ptf_model":"SOFAR","wigos_ref":"0-22000-0-3801891","country_name":"JAPAN","country_ship":null,"goos_networks":"GDA","ptf_family_name":"Drifting Buoy","country_iso_reporting":"JP","country_sensor_provider":null}},{"type":"Feature","geometry":{"type":"Point","coordinates":[132.987,32.792]},"properties":{"ptf_id":1355166,"ptf_ref":"2802290","category":"drifting_buoys","ptf_model":"SOFAR","wigos_ref":"0-22000-0-2802290","country_name":"JAPAN","country_ship":null,"goos_networks":"GDA","ptf_family_name":"Drifting Buoy","country_iso_reporting":"JP","country_sensor_provider":null}},{"type":"Feature","geometry":{"type":"Point","coordinates":[121.017,26.276]},"properties":{"ptf_id":1355167,"ptf_ref":"6802117","category":"drifting_buoys","ptf_model":"SOFAR","wigos_ref":"0-22000-0-6802117","country_name":"JAPAN","country_ship":null,"goos_networks":"GDA","ptf_family_name":"Drifting Buoy","country_iso_reporting":"JP","country_sensor_provider":null}},{"type":"Feature","geometry":{"type":"Point","coordinates":[140.062,33.849]},"properties":{"ptf_id":1355168,"ptf_ref":"7894633","category":"drifting_buoys","ptf_model":"SOFAR","wigos_ref":"0-22000-0-7894633","country_name":"JAPAN","country_ship":null,"goos_networks":"GDA","ptf_family_name":"Drifting Buoy","country_iso_reporting":"JP","country_sensor_provider":null}},{"type":"Feature","geometry":{"type":"Point","coordinates":[148.472,37.284]},"properties":{"ptf_id":1355169,"ptf_ref":"7894634","category":"drifting_buoys","ptf_model":"SOFAR","wigos_ref":"0-22000-0-7894634","country_name":"JAPAN","country_ship":null,"goos_networks":"GDA","ptf_family_name":"Drifting Buoy","country_iso_reporting":"JP","country_sensor_provider":null}},{"type":"Feature","geometry":{"type":"Point","coordinates":[128.952,27.664]},"properties":{"ptf_id":1355177,"ptf_ref":"2802291","category":"drifting_buoys","ptf_model":"SOFAR","wigos_ref":"0-22000-0-2802291","country_name":"JAPAN","country_ship":null,"goos_networks":"GDA","ptf_family_name":"Drifting Buoy","country_iso_reporting":"JP","country_sensor_provider":null}},{"type":"Feature","geometry":{"type":"Point","coordinates":[138.92,15.74]},"properties":{"ptf_id":1355317,"ptf_ref":"2100720","category":"drifting_buoys","ptf_model":"SVP","wigos_ref":"0-22000-0-2100720","country_name":"SOUTH KOREA","country_ship":null,"goos_networks":"GDA","ptf_family_name":"Drifting Buoy","country_iso_reporting":"KR","country_sensor_provider":null}},{"type":"Feature","geometry":{"type":"Point","coordinates":[130.5,13.06]},"properties":{"ptf_id":1355337,"ptf_ref":"2100721","category":"drifting_buoys","ptf_model":"SVP","wigos_ref":"0-22000-0-2100721","country_name":"SOUTH KOREA","country_ship":null,"goos_networks":"GDA","ptf_family_name":"Drifting Buoy","country_iso_reporting":"KR","country_sensor_provider":null}},{"type":"Feature","geometry":{"type":"Point","coordinates":[139.26,21.2]},"properties":{"ptf_id":1355377,"ptf_ref":"2100723","category":"drifting_buoys","ptf_model":"SVP","wigos_ref":"0-22000-0-2100723","country_name":"SOUTH KOREA","country_ship":null,"goos_networks":"GDA","ptf_family_name":"Drifting Buoy","country_iso_reporting":"KR","country_sensor_provider":null}},{"type":"Feature","geometry":{"type":"Point","coordinates":[136.33,18.84]},"properties":{"ptf_id":1355397,"ptf_ref":"2100724","category":"drifting_buoys","ptf_model":"SVP","wigos_ref":"0-22000-0-2100724","country_name":"SOUTH KOREA","country_ship":null,"goos_networks":"GDA","ptf_family_name":"Drifting Buoy","country_iso_reporting":"KR","country_sensor_provider":null}},{"type":"Feature","geometry":{"type":"Point","coordinates":[-56.126,56.041]},"properties":{"ptf_id":1356020,"ptf_ref":"5802309","category":"drifting_buoys","ptf_model":"STOKES_METOCEAN","wigos_ref":"0-22000-0-5802309","country_name":"CANADA","country_ship":null,"goos_networks":"GDA","ptf_family_name":"Drifting Buoy","country_iso_reporting":"CA","country_sensor_provider":null}},{"type":"Feature","geometry":{"type":"Point","coordinates":[-38.363,56.228]},"properties":{"ptf_id":1357517,"ptf_ref":"1401617","category":"drifting_buoys","ptf_model":"SVP B MetOcean","wigos_ref":"0-22000-0-1401617","country_name":"FRANCE","country_ship":null,"goos_networks":"GDA","ptf_family_name":"Drifting Buoy","country_iso_reporting":"FR","country_sensor_provider":null}},{"type":"Feature","geometry":{"type":"Point","coordinates":[128.56,16.21]},"properties":{"ptf_id":1358137,"ptf_ref":"2100725","category":"drifting_buoys","ptf_model":"SVP","wigos_ref":"0-22000-0-2100725","country_name":"SOUTH KOREA","country_ship":null,"goos_networks":"GDA","ptf_family_name":"Drifting Buoy","country_iso_reporting":"KR","country_sensor_provider":null}},{"type":"Feature","geometry":{"type":"Point","coordinates":[131.54,15.98]},"properties":{"ptf_id":1358157,"ptf_ref":"2100726","category":"drifting_buoys","ptf_model":"SVP","wigos_ref":"0-22000-0-2100726","country_name":"SOUTH KOREA","country_ship":null,"goos_networks":"GDA","ptf_family_name":"Drifting Buoy","country_iso_reporting":"KR","country_sensor_provider":null}},{"type":"Feature","geometry":{"type":"Point","coordinates":[-162.742,-3.471]},"properties":{"ptf_id":1358420,"ptf_ref":"5802310","category":"drifting_buoys","ptf_model":"SVP","wigos_ref":"0-22000-0-5802310","country_name":"USA","country_ship":null,"goos_networks":"GDA","ptf_family_name":"Drifting Buoy","country_iso_reporting":"US","country_sensor_provider":null}},{"type":"Feature","geometry":{"type":"Point","coordinates":[126.338,24.399]},"properties":{"ptf_id":1358424,"ptf_ref":"5802311","category":"drifting_buoys","ptf_model":"SVP","wigos_ref":"0-22000-0-5802311","country_name":"USA","country_ship":null,"goos_networks":"GDA","ptf_family_name":"Drifting Buoy","country_iso_reporting":"US","country_sensor_provider":null}},{"type":"Feature","geometry":{"type":"Point","coordinates":[-156.417,14.909]},"properties":{"ptf_id":1358426,"ptf_ref":"4804336","category":"drifting_buoys","ptf_model":"SVP","wigos_ref":"0-22000-0-4804336","country_name":"USA","country_ship":null,"goos_networks":"GDA","ptf_family_name":"Drifting Buoy","country_iso_reporting":"US","country_sensor_provider":null}},{"type":"Feature","geometry":{"type":"Point","coordinates":[-158.954,13.359]},"properties":{"ptf_id":1358428,"ptf_ref":"4804337","category":"drifting_buoys","ptf_model":"SVP","wigos_ref":"0-22000-0-4804337","country_name":"USA","country_ship":null,"goos_networks":"GDA","ptf_family_name":"Drifting Buoy","country_iso_reporting":"US","country_sensor_provider":null}},{"type":"Feature","geometry":{"type":"Point","coordinates":[-161.266,14.729]},"properties":{"ptf_id":1358430,"ptf_ref":"6802122","category":"drifting_buoys","ptf_model":"SVP","wigos_ref":"0-22000-0-6802122","country_name":"USA","country_ship":null,"goos_networks":"GDA","ptf_family_name":"Drifting Buoy","country_iso_reporting":"US","country_sensor_provider":null}},{"type":"Feature","geometry":{"type":"Point","coordinates":[125.194,13.191]},"properties":{"ptf_id":1358431,"ptf_ref":"5802313","category":"drifting_buoys","ptf_model":"SVP","wigos_ref":"0-22000-0-5802313","country_name":"USA","country_ship":null,"goos_networks":"GDA","ptf_family_name":"Drifting Buoy","country_iso_reporting":"US","country_sensor_provider":null}},{"type":"Feature","geometry":{"type":"Point","coordinates":[-177.227,-1.464]},"properties":{"ptf_id":1358434,"ptf_ref":"7894636","category":"drifting_buoys","ptf_model":"SVP","wigos_ref":"0-22000-0-7894636","country_name":"USA","country_ship":null,"goos_networks":"GDA","ptf_family_name":"Drifting Buoy","country_iso_reporting":"US","country_sensor_provider":null}},{"type":"Feature","geometry":{"type":"Point","coordinates":[-151.662,1.167]},"properties":{"ptf_id":1358436,"ptf_ref":"3801895","category":"drifting_buoys","ptf_model":"SVP","wigos_ref":"0-22000-0-3801895","country_name":"USA","country_ship":null,"goos_networks":"GDA","ptf_family_name":"Drifting Buoy","country_iso_reporting":"US","country_sensor_provider":null}},{"type":"Feature","geometry":{"type":"Point","coordinates":[-106.18,18.038]},"properties":{"ptf_id":1358438,"ptf_ref":"5802315","category":"drifting_buoys","ptf_model":"SVP","wigos_ref":"0-22000-0-5802315","country_name":"USA","country_ship":null,"goos_networks":"GDA","ptf_family_name":"Drifting Buoy","country_iso_reporting":"US","country_sensor_provider":null}},{"type":"Feature","geometry":{"type":"Point","coordinates":[126.752,24.869]},"properties":{"ptf_id":1358440,"ptf_ref":"6802123","category":"drifting_buoys","ptf_model":"SVP","wigos_ref":"0-22000-0-6802123","country_name":"USA","country_ship":null,"goos_networks":"GDA","ptf_family_name":"Drifting Buoy","country_iso_reporting":"US","country_sensor_provider":null}},{"type":"Feature","geometry":{"type":"Point","coordinates":[164.559,-9.988]},"properties":{"ptf_id":1358442,"ptf_ref":"1801986","category":"drifting_buoys","ptf_model":"SVP","wigos_ref":"0-22000-0-1801986","country_name":"USA","country_ship":null,"goos_networks":"GDA","ptf_family_name":"Drifting Buoy","country_iso_reporting":"US","country_sensor_provider":null}},{"type":"Feature","geometry":{"type":"Point","coordinates":[-162.718,2.112]},"properties":{"ptf_id":1358446,"ptf_ref":"3801896","category":"drifting_buoys","ptf_model":"SVP","wigos_ref":"0-22000-0-3801896","country_name":"USA","country_ship":null,"goos_networks":"GDA","ptf_family_name":"Drifting Buoy","country_iso_reporting":"US","country_sensor_provider":null}},{"type":"Feature","geometry":{"type":"Point","coordinates":[126.124,13.466]},"properties":{"ptf_id":1358450,"ptf_ref":"7894639","category":"drifting_buoys","ptf_model":"SVP","wigos_ref":"0-22000-0-7894639","country_name":"USA","country_ship":null,"goos_networks":"GDA","ptf_family_name":"Drifting Buoy","country_iso_reporting":"US","country_sensor_provider":null}},{"type":"Feature","geometry":{"type":"Point","coordinates":[123.771,13.394]},"properties":{"ptf_id":1358451,"ptf_ref":"7894640","category":"drifting_buoys","ptf_model":"SVP","wigos_ref":"0-22000-0-7894640","country_name":"USA","country_ship":null,"goos_networks":"GDA","ptf_family_name":"Drifting Buoy","country_iso_reporting":"US","country_sensor_provider":null}},{"type":"Feature","geometry":{"type":"Point","coordinates":[126.125,8.562]},"properties":{"ptf_id":1358452,"ptf_ref":"1801987","category":"drifting_buoys","ptf_model":"SVP","wigos_ref":"0-22000-0-1801987","country_name":"USA","country_ship":null,"goos_networks":"GDA","ptf_family_name":"Drifting Buoy","country_iso_reporting":"US","country_sensor_provider":null}},{"type":"Feature","geometry":{"type":"Point","coordinates":[125.845,12.481]},"properties":{"ptf_id":1358453,"ptf_ref":"5802317","category":"drifting_buoys","ptf_model":"SVP","wigos_ref":"0-22000-0-5802317","country_name":"USA","country_ship":null,"goos_networks":"GDA","ptf_family_name":"Drifting Buoy","country_iso_reporting":"US","country_sensor_provider":null}},{"type":"Feature","geometry":{"type":"Point","coordinates":[-109.722,18.427]},"properties":{"ptf_id":1358457,"ptf_ref":"1801989","category":"drifting_buoys","ptf_model":"SVP","wigos_ref":"0-22000-0-1801989","country_name":"USA","country_ship":null,"goos_networks":"GDA","ptf_family_name":"Drifting Buoy","country_iso_reporting":"US","country_sensor_provider":null}},{"type":"Feature","geometry":{"type":"Point","coordinates":[127.05,25.035]},"properties":{"ptf_id":1358458,"ptf_ref":"5802318","category":"drifting_buoys","ptf_model":"SVP","wigos_ref":"0-22000-0-5802318","country_name":"USA","country_ship":null,"goos_networks":"GDA","ptf_family_name":"Drifting Buoy","country_iso_reporting":"US","country_sensor_provider":null}},{"type":"Feature","geometry":{"type":"Point","coordinates":[-156.903,1.453]},"properties":{"ptf_id":1358460,"ptf_ref":"7894641","category":"drifting_buoys","ptf_model":"SVP","wigos_ref":"0-22000-0-7894641","country_name":"USA","country_ship":null,"goos_networks":"GDA","ptf_family_name":"Drifting Buoy","country_iso_reporting":"US","country_sensor_provider":null}},{"type":"Feature","geometry":{"type":"Point","coordinates":[127.44,24.55]},"properties":{"ptf_id":1358466,"ptf_ref":"2802297","category":"drifting_buoys","ptf_model":"SVP","wigos_ref":"0-22000-0-2802297","country_name":"USA","country_ship":null,"goos_networks":"GDA","ptf_family_name":"Drifting Buoy","country_iso_reporting":"US","country_sensor_provider":null}},{"type":"Feature","geometry":{"type":"Point","coordinates":[169.476,6.148]},"properties":{"ptf_id":1358468,"ptf_ref":"2802298","category":"drifting_buoys","ptf_model":"SVP","wigos_ref":"0-22000-0-2802298","country_name":"USA","country_ship":null,"goos_networks":"GDA","ptf_family_name":"Drifting Buoy","country_iso_reporting":"US","country_sensor_provider":null}},{"type":"Feature","geometry":{"type":"Point","coordinates":[-144.801,-2.728]},"properties":{"ptf_id":1358469,"ptf_ref":"2802299","category":"drifting_buoys","ptf_model":"SVP","wigos_ref":"0-22000-0-2802299","country_name":"USA","country_ship":null,"goos_networks":"GDA","ptf_family_name":"Drifting Buoy","country_iso_reporting":"US","country_sensor_provider":null}},{"type":"Feature","geometry":{"type":"Point","coordinates":[125.148,13.171]},"properties":{"ptf_id":1358470,"ptf_ref":"4804343","category":"drifting_buoys","ptf_model":"SVP","wigos_ref":"0-22000-0-4804343","country_name":"USA","country_ship":null,"goos_networks":"GDA","ptf_family_name":"Drifting Buoy","country_iso_reporting":"US","country_sensor_provider":null}},{"type":"Feature","geometry":{"type":"Point","coordinates":[126.865,24.853]},"properties":{"ptf_id":1358477,"ptf_ref":"2802300","category":"drifting_buoys","ptf_model":"SVP","wigos_ref":"0-22000-0-2802300","country_name":"USA","country_ship":null,"goos_networks":"GDA","ptf_family_name":"Drifting Buoy","country_iso_reporting":"US","country_sensor_provider":null}},{"type":"Feature","geometry":{"type":"Point","coordinates":[165.823,-10.672]},"properties":{"ptf_id":1358478,"ptf_ref":"2802301","category":"drifting_buoys","ptf_model":"SVP","wigos_ref":"0-22000-0-2802301","country_name":"USA","country_ship":null,"goos_networks":"GDA","ptf_family_name":"Drifting Buoy","country_iso_reporting":"US","country_sensor_provider":null}},{"type":"Feature","geometry":{"type":"Point","coordinates":[128.138,25.535]},"properties":{"ptf_id":1358480,"ptf_ref":"3801900","category":"drifting_buoys","ptf_model":"SVP","wigos_ref":"0-22000-0-3801900","country_name":"USA","country_ship":null,"goos_networks":"GDA","ptf_family_name":"Drifting Buoy","country_iso_reporting":"US","country_sensor_provider":null}},{"type":"Feature","geometry":{"type":"Point","coordinates":[162.58,-7.115]},"properties":{"ptf_id":1358483,"ptf_ref":"5802320","category":"drifting_buoys","ptf_model":"SVP","wigos_ref":"0-22000-0-5802320","country_name":"USA","country_ship":null,"goos_networks":"GDA","ptf_family_name":"Drifting Buoy","country_iso_reporting":"US","country_sensor_provider":null}},{"type":"Feature","geometry":{"type":"Point","coordinates":[-108.773,17.177]},"properties":{"ptf_id":1358484,"ptf_ref":"3801901","category":"drifting_buoys","ptf_model":"SVP","wigos_ref":"0-22000-0-3801901","country_name":"USA","country_ship":null,"goos_networks":"GDA","ptf_family_name":"Drifting Buoy","country_iso_reporting":"US","country_sensor_provider":null}},{"type":"Feature","geometry":{"type":"Point","coordinates":[-154.981,-1.405]},"properties":{"ptf_id":1358485,"ptf_ref":"6802128","category":"drifting_buoys","ptf_model":"SVP","wigos_ref":"0-22000-0-6802128","country_name":"USA","country_ship":null,"goos_networks":"GDA","ptf_family_name":"Drifting Buoy","country_iso_reporting":"US","country_sensor_provider":null}},{"type":"Feature","geometry":{"type":"Point","coordinates":[126.316,11.964]},"properties":{"ptf_id":1358486,"ptf_ref":"3801902","category":"drifting_buoys","ptf_model":"SVP","wigos_ref":"0-22000-0-3801902","country_name":"USA","country_ship":null,"goos_networks":"GDA","ptf_family_name":"Drifting Buoy","country_iso_reporting":"US","country_sensor_provider":null}},{"type":"Feature","geometry":{"type":"Point","coordinates":[126.044,13.46]},"properties":{"ptf_id":1358488,"ptf_ref":"7894645","category":"drifting_buoys","ptf_model":"SVP","wigos_ref":"0-22000-0-7894645","country_name":"USA","country_ship":null,"goos_networks":"GDA","ptf_family_name":"Drifting Buoy","country_iso_reporting":"US","country_sensor_provider":null}},{"type":"Feature","geometry":{"type":"Point","coordinates":[126.743,24.864]},"properties":{"ptf_id":1358489,"ptf_ref":"6802129","category":"drifting_buoys","ptf_model":"SVP","wigos_ref":"0-22000-0-6802129","country_name":"USA","country_ship":null,"goos_networks":"GDA","ptf_family_name":"Drifting Buoy","country_iso_reporting":"US","country_sensor_provider":null}},{"type":"Feature","geometry":{"type":"Point","coordinates":[-157.515,14.089]},"properties":{"ptf_id":1358490,"ptf_ref":"2802303","category":"drifting_buoys","ptf_model":"SVP","wigos_ref":"0-22000-0-2802303","country_name":"USA","country_ship":null,"goos_networks":"GDA","ptf_family_name":"Drifting Buoy","country_iso_reporting":"US","country_sensor_provider":null}},{"type":"Feature","geometry":{"type":"Point","coordinates":[-161.671,0.708]},"properties":{"ptf_id":1358491,"ptf_ref":"5802321","category":"drifting_buoys","ptf_model":"SVP","wigos_ref":"0-22000-0-5802321","country_name":"USA","country_ship":null,"goos_networks":"GDA","ptf_family_name":"Drifting Buoy","country_iso_reporting":"US","country_sensor_provider":null}},{"type":"Feature","geometry":{"type":"Point","coordinates":[126.987,24.774]},"properties":{"ptf_id":1358495,"ptf_ref":"5802322","category":"drifting_buoys","ptf_model":"SVP","wigos_ref":"0-22000-0-5802322","country_name":"USA","country_ship":null,"goos_networks":"GDA","ptf_family_name":"Drifting Buoy","country_iso_reporting":"US","country_sensor_provider":null}},{"type":"Feature","geometry":{"type":"Point","coordinates":[-176.639,-4.699]},"properties":{"ptf_id":1358496,"ptf_ref":"3801903","category":"drifting_buoys","ptf_model":"SVP","wigos_ref":"0-22000-0-3801903","country_name":"USA","country_ship":null,"goos_networks":"GDA","ptf_family_name":"Drifting Buoy","country_iso_reporting":"US","country_sensor_provider":null}},{"type":"Feature","geometry":{"type":"Point","coordinates":[126.322,11.906]},"properties":{"ptf_id":1358497,"ptf_ref":"5802323","category":"drifting_buoys","ptf_model":"SVP","wigos_ref":"0-22000-0-5802323","country_name":"USA","country_ship":null,"goos_networks":"GDA","ptf_family_name":"Drifting Buoy","country_iso_reporting":"US","country_sensor_provider":null}},{"type":"Feature","geometry":{"type":"Point","coordinates":[-104.448,16.217]},"properties":{"ptf_id":1358502,"ptf_ref":"2802306","category":"drifting_buoys","ptf_model":"SVP","wigos_ref":"0-22000-0-2802306","country_name":"USA","country_ship":null,"goos_networks":"GDA","ptf_family_name":"Drifting Buoy","country_iso_reporting":"US","country_sensor_provider":null}},{"type":"Feature","geometry":{"type":"Point","coordinates":[-152.709,-2.19]},"properties":{"ptf_id":1358503,"ptf_ref":"7894646","category":"drifting_buoys","ptf_model":"SVP","wigos_ref":"0-22000-0-7894646","country_name":"USA","country_ship":null,"goos_networks":"GDA","ptf_family_name":"Drifting Buoy","country_iso_reporting":"US","country_sensor_provider":null}},{"type":"Feature","geometry":{"type":"Point","coordinates":[-157.202,1.521]},"properties":{"ptf_id":1358506,"ptf_ref":"5802324","category":"drifting_buoys","ptf_model":"SVP","wigos_ref":"0-22000-0-5802324","country_name":"USA","country_ship":null,"goos_networks":"GDA","ptf_family_name":"Drifting Buoy","country_iso_reporting":"US","country_sensor_provider":null}},{"type":"Feature","geometry":{"type":"Point","coordinates":[128.202,24.847]},"properties":{"ptf_id":1358508,"ptf_ref":"1801993","category":"drifting_buoys","ptf_model":"SVP","wigos_ref":"0-22000-0-1801993","country_name":"USA","country_ship":null,"goos_networks":"GDA","ptf_family_name":"Drifting Buoy","country_iso_reporting":"US","country_sensor_provider":null}},{"type":"Feature","geometry":{"type":"Point","coordinates":[126.12,13.471]},"properties":{"ptf_id":1358509,"ptf_ref":"1801994","category":"drifting_buoys","ptf_model":"SVP","wigos_ref":"0-22000-0-1801994","country_name":"USA","country_ship":null,"goos_networks":"GDA","ptf_family_name":"Drifting Buoy","country_iso_reporting":"US","country_sensor_provider":null}},{"type":"Feature","geometry":{"type":"Point","coordinates":[127.419,24.905]},"properties":{"ptf_id":1358510,"ptf_ref":"4804351","category":"drifting_buoys","ptf_model":"SVP","wigos_ref":"0-22000-0-4804351","country_name":"USA","country_ship":null,"goos_networks":"GDA","ptf_family_name":"Drifting Buoy","country_iso_reporting":"US","country_sensor_provider":null}},{"type":"Feature","geometry":{"type":"Point","coordinates":[139.853,33.406]},"properties":{"ptf_id":1358559,"ptf_ref":"3801905","category":"drifting_buoys","ptf_model":"SOFAR","wigos_ref":"0-22000-0-3801905","country_name":"JAPAN","country_ship":null,"goos_networks":"GDA","ptf_family_name":"Drifting Buoy","country_iso_reporting":"JP","country_sensor_provider":null}},{"type":"Feature","geometry":{"type":"Point","coordinates":[-7.772,-12.455]},"properties":{"ptf_id":1358637,"ptf_ref":"1101571","category":"drifting_buoys","ptf_model":"SVP_BRST","wigos_ref":"0-22000-0-1101571","country_name":"EUROPE","country_ship":null,"goos_networks":"GDA","ptf_family_name":"Drifting Buoy","country_iso_reporting":"EU","country_sensor_provider":null}},{"type":"Feature","geometry":{"type":"Point","coordinates":[-4.997,-13.768]},"properties":{"ptf_id":1358657,"ptf_ref":"1101584","category":"drifting_buoys","ptf_model":"SVP_BRST","wigos_ref":"0-22000-0-1101584","country_name":"EUROPE","country_ship":null,"goos_networks":"GDA","ptf_family_name":"Drifting Buoy","country_iso_reporting":"EU","country_sensor_provider":null}},{"type":"Feature","geometry":{"type":"Point","coordinates":[175.365,49.245]},"properties":{"ptf_id":1358677,"ptf_ref":"1101593","category":"drifting_buoys","ptf_model":"SVP_BRST","wigos_ref":"0-22000-0-1101593","country_name":"EUROPE","country_ship":null,"goos_networks":"GDA","ptf_family_name":"Drifting Buoy","country_iso_reporting":"EU","country_sensor_provider":null}},{"type":"Feature","geometry":{"type":"Point","coordinates":[-61.273,42.434]},"properties":{"ptf_id":1358697,"ptf_ref":"7810712","category":"drifting_buoys","ptf_model":"SVP B SIO","wigos_ref":"0-22000-0-7810712","country_name":"EUROPE","country_ship":null,"goos_networks":"GDA","ptf_family_name":"Drifting Buoy","country_iso_reporting":"EU","country_sensor_provider":null}},{"type":"Feature","geometry":{"type":"Point","coordinates":[-38.688,41.768]},"properties":{"ptf_id":1358717,"ptf_ref":"7810733","category":"drifting_buoys","ptf_model":"SVP B SIO","wigos_ref":"0-22000-0-7810733","country_name":"EUROPE","country_ship":null,"goos_networks":"GDA","ptf_family_name":"Drifting Buoy","country_iso_reporting":"EU","country_sensor_provider":null}},{"type":"Feature","geometry":{"type":"Point","coordinates":[-51.374,44.403]},"properties":{"ptf_id":1358737,"ptf_ref":"7810734","category":"drifting_buoys","ptf_model":"SVP B SIO","wigos_ref":"0-22000-0-7810734","country_name":"EUROPE","country_ship":null,"goos_networks":"GDA","ptf_family_name":"Drifting Buoy","country_iso_reporting":"EU","country_sensor_provider":null}},{"type":"Feature","geometry":{"type":"Point","coordinates":[129.91,19.8]},"properties":{"ptf_id":1360017,"ptf_ref":"2100727","category":"drifting_buoys","ptf_model":"SVP","wigos_ref":"0-22000-0-2100727","country_name":"SOUTH KOREA","country_ship":null,"goos_networks":"GDA","ptf_family_name":"Drifting Buoy","country_iso_reporting":"KR","country_sensor_provider":null}},{"type":"Feature","geometry":{"type":"Point","coordinates":[131.47,19.91]},"properties":{"ptf_id":1360057,"ptf_ref":"2100730_001","category":"drifting_buoys","ptf_model":"SVP","wigos_ref":"0-22000-1-2100730","country_name":"SOUTH KOREA","country_ship":null,"goos_networks":"GDA","ptf_family_name":"Drifting Buoy","country_iso_reporting":"KR","country_sensor_provider":null}},{"type":"Feature","geometry":{"type":"Point","coordinates":[71.234,7.059]},"properties":{"ptf_id":1361437,"ptf_ref":"7810896","category":"drifting_buoys","ptf_model":"DWS-B","wigos_ref":"0-22000-0-7810896","country_name":"INDIA","country_ship":"INDIA","goos_networks":"GDA","ptf_family_name":"Drifting Buoy","country_iso_reporting":"IN","country_sensor_provider":null}},{"type":"Feature","geometry":{"type":"Point","coordinates":[68.725,7.431]},"properties":{"ptf_id":1361457,"ptf_ref":"7810893","category":"drifting_buoys","ptf_model":"DWS-B","wigos_ref":"0-22000-0-7810893","country_name":"INDIA","country_ship":"INDIA","goos_networks":"GDA","ptf_family_name":"Drifting Buoy","country_iso_reporting":"IN","country_sensor_provider":null}},{"type":"Feature","geometry":{"type":"Point","coordinates":[66.675,9.096]},"properties":{"ptf_id":1361477,"ptf_ref":"7810901","category":"drifting_buoys","ptf_model":"DWS-B","wigos_ref":"0-22000-0-7810901","country_name":"INDIA","country_ship":"INDIA","goos_networks":"GDA","ptf_family_name":"Drifting Buoy","country_iso_reporting":"IN","country_sensor_provider":null}},{"type":"Feature","geometry":{"type":"Point","coordinates":[120.83,34.7]},"properties":{"ptf_id":1361497,"ptf_ref":"2200953_001","category":"drifting_buoys","ptf_model":"SVP","wigos_ref":"0-22000-1-2200953","country_name":"SOUTH KOREA","country_ship":null,"goos_networks":"GDA","ptf_family_name":"Drifting Buoy","country_iso_reporting":"KR","country_sensor_provider":null}},{"type":"Feature","geometry":{"type":"Point","coordinates":[-144.222,4.483]},"properties":{"ptf_id":1361517,"ptf_ref":"7810126","category":"drifting_buoys","ptf_model":"SVP SIO","wigos_ref":"0-22000-0-7810126","country_name":"USA","country_ship":null,"goos_networks":"GDA","ptf_family_name":"Drifting Buoy","country_iso_reporting":"US","country_sensor_provider":null}},{"type":"Feature","geometry":{"type":"Point","coordinates":[-143.845,2.788]},"properties":{"ptf_id":1361518,"ptf_ref":"7810127","category":"drifting_buoys","ptf_model":"SVP SIO","wigos_ref":"0-22000-0-7810127","country_name":"USA","country_ship":null,"goos_networks":"GDA","ptf_family_name":"Drifting Buoy","country_iso_reporting":"US","country_sensor_provider":null}},{"type":"Feature","geometry":{"type":"Point","coordinates":[-138.065,5.854]},"properties":{"ptf_id":1361519,"ptf_ref":"7810128","category":"drifting_buoys","ptf_model":"SVP SIO","wigos_ref":"0-22000-0-7810128","country_name":"USA","country_ship":null,"goos_networks":"GDA","ptf_family_name":"Drifting Buoy","country_iso_reporting":"US","country_sensor_provider":null}},{"type":"Feature","geometry":{"type":"Point","coordinates":[-143.861,3.716]},"properties":{"ptf_id":1361520,"ptf_ref":"7810130","category":"drifting_buoys","ptf_model":"SVP SIO","wigos_ref":"0-22000-0-7810130","country_name":"USA","country_ship":null,"goos_networks":"GDA","ptf_family_name":"Drifting Buoy","country_iso_reporting":"US","country_sensor_provider":null}},{"type":"Feature","geometry":{"type":"Point","coordinates":[-137.847,6.08]},"properties":{"ptf_id":1361521,"ptf_ref":"7810132","category":"drifting_buoys","ptf_model":"SVP SIO","wigos_ref":"0-22000-0-7810132","country_name":"USA","country_ship":null,"goos_networks":"GDA","ptf_family_name":"Drifting Buoy","country_iso_reporting":"US","country_sensor_provider":null}},{"type":"Feature","geometry":{"type":"Point","coordinates":[-144.018,4.603]},"properties":{"ptf_id":1361522,"ptf_ref":"7810135","category":"drifting_buoys","ptf_model":"SVP SIO","wigos_ref":"0-22000-0-7810135","country_name":"USA","country_ship":null,"goos_networks":"GDA","ptf_family_name":"Drifting Buoy","country_iso_reporting":"US","country_sensor_provider":null}},{"type":"Feature","geometry":{"type":"Point","coordinates":[122.144,18.468]},"properties":{"ptf_id":1361523,"ptf_ref":"7810208","category":"drifting_buoys","ptf_model":"SVP SIO","wigos_ref":"0-22000-0-7810208","country_name":"USA","country_ship":null,"goos_networks":"GDA","ptf_family_name":"Drifting Buoy","country_iso_reporting":"US","country_sensor_provider":null}},{"type":"Feature","geometry":{"type":"Point","coordinates":[122.155,18.505]},"properties":{"ptf_id":1361524,"ptf_ref":"7810209","category":"drifting_buoys","ptf_model":"SVP SIO","wigos_ref":"0-22000-0-7810209","country_name":"USA","country_ship":null,"goos_networks":"GDA","ptf_family_name":"Drifting Buoy","country_iso_reporting":"US","country_sensor_provider":null}},{"type":"Feature","geometry":{"type":"Point","coordinates":[121.393,15.379]},"properties":{"ptf_id":1361525,"ptf_ref":"7810210","category":"drifting_buoys","ptf_model":"SVP SIO","wigos_ref":"0-22000-0-7810210","country_name":"USA","country_ship":null,"goos_networks":"GDA","ptf_family_name":"Drifting Buoy","country_iso_reporting":"US","country_sensor_provider":null}},{"type":"Feature","geometry":{"type":"Point","coordinates":[121.394,15.379]},"properties":{"ptf_id":1361526,"ptf_ref":"7810211","category":"drifting_buoys","ptf_model":"SVP SIO","wigos_ref":"0-22000-0-7810211","country_name":"USA","country_ship":null,"goos_networks":"GDA","ptf_family_name":"Drifting Buoy","country_iso_reporting":"US","country_sensor_provider":null}},{"type":"Feature","geometry":{"type":"Point","coordinates":[122.323,18.347]},"properties":{"ptf_id":1361527,"ptf_ref":"7810212","category":"drifting_buoys","ptf_model":"SVP SIO","wigos_ref":"0-22000-0-7810212","country_name":"USA","country_ship":null,"goos_networks":"GDA","ptf_family_name":"Drifting Buoy","country_iso_reporting":"US","country_sensor_provider":null}},{"type":"Feature","geometry":{"type":"Point","coordinates":[121.7,18.123]},"properties":{"ptf_id":1361528,"ptf_ref":"7810213","category":"drifting_buoys","ptf_model":"SVP SIO","wigos_ref":"0-22000-0-7810213","country_name":"USA","country_ship":null,"goos_networks":"GDA","ptf_family_name":"Drifting Buoy","country_iso_reporting":"US","country_sensor_provider":null}},{"type":"Feature","geometry":{"type":"Point","coordinates":[121.069,19.195]},"properties":{"ptf_id":1361529,"ptf_ref":"7810214","category":"drifting_buoys","ptf_model":"SVP SIO","wigos_ref":"0-22000-0-7810214","country_name":"USA","country_ship":null,"goos_networks":"GDA","ptf_family_name":"Drifting Buoy","country_iso_reporting":"US","country_sensor_provider":null}},{"type":"Feature","geometry":{"type":"Point","coordinates":[123.656,22.068]},"properties":{"ptf_id":1361530,"ptf_ref":"7810215","category":"drifting_buoys","ptf_model":"SVP SIO","wigos_ref":"0-22000-0-7810215","country_name":"USA","country_ship":null,"goos_networks":"GDA","ptf_family_name":"Drifting Buoy","country_iso_reporting":"US","country_sensor_provider":null}},{"type":"Feature","geometry":{"type":"Point","coordinates":[121.407,15.381]},"properties":{"ptf_id":1361531,"ptf_ref":"7810216","category":"drifting_buoys","ptf_model":"SVP SIO","wigos_ref":"0-22000-0-7810216","country_name":"USA","country_ship":null,"goos_networks":"GDA","ptf_family_name":"Drifting Buoy","country_iso_reporting":"US","country_sensor_provider":null}},{"type":"Feature","geometry":{"type":"Point","coordinates":[128.619,25.508]},"properties":{"ptf_id":1361532,"ptf_ref":"7810217","category":"drifting_buoys","ptf_model":"SVP SIO","wigos_ref":"0-22000-0-7810217","country_name":"USA","country_ship":null,"goos_networks":"GDA","ptf_family_name":"Drifting Buoy","country_iso_reporting":"US","country_sensor_provider":null}},{"type":"Feature","geometry":{"type":"Point","coordinates":[122.802,23.958]},"properties":{"ptf_id":1361533,"ptf_ref":"7810218","category":"drifting_buoys","ptf_model":"SVP SIO","wigos_ref":"0-22000-0-7810218","country_name":"USA","country_ship":null,"goos_networks":"GDA","ptf_family_name":"Drifting Buoy","country_iso_reporting":"US","country_sensor_provider":null}},{"type":"Feature","geometry":{"type":"Point","coordinates":[124.082,22.393]},"properties":{"ptf_id":1361534,"ptf_ref":"7810219","category":"drifting_buoys","ptf_model":"SVP SIO","wigos_ref":"0-22000-0-7810219","country_name":"USA","country_ship":null,"goos_networks":"GDA","ptf_family_name":"Drifting Buoy","country_iso_reporting":"US","country_sensor_provider":null}},{"type":"Feature","geometry":{"type":"Point","coordinates":[129.374,17.311]},"properties":{"ptf_id":1361535,"ptf_ref":"7810220","category":"drifting_buoys","ptf_model":"SVP SIO","wigos_ref":"0-22000-0-7810220","country_name":"USA","country_ship":null,"goos_networks":"GDA","ptf_family_name":"Drifting Buoy","country_iso_reporting":"US","country_sensor_provider":null}},{"type":"Feature","geometry":{"type":"Point","coordinates":[124.298,22.101]},"properties":{"ptf_id":1361536,"ptf_ref":"7810221","category":"drifting_buoys","ptf_model":"SVP SIO","wigos_ref":"0-22000-0-7810221","country_name":"USA","country_ship":null,"goos_networks":"GDA","ptf_family_name":"Drifting Buoy","country_iso_reporting":"US","country_sensor_provider":null}},{"type":"Feature","geometry":{"type":"Point","coordinates":[124.553,22.972]},"properties":{"ptf_id":1361537,"ptf_ref":"7810222","category":"drifting_buoys","ptf_model":"SVP SIO","wigos_ref":"0-22000-0-7810222","country_name":"USA","country_ship":null,"goos_networks":"GDA","ptf_family_name":"Drifting Buoy","country_iso_reporting":"US","country_sensor_provider":null}},{"type":"Feature","geometry":{"type":"Point","coordinates":[129.557,17.943]},"properties":{"ptf_id":1361538,"ptf_ref":"7810223","category":"drifting_buoys","ptf_model":"SVP SIO","wigos_ref":"0-22000-0-7810223","country_name":"USA","country_ship":null,"goos_networks":"GDA","ptf_family_name":"Drifting Buoy","country_iso_reporting":"US","country_sensor_provider":null}},{"type":"Feature","geometry":{"type":"Point","coordinates":[124.349,21.922]},"properties":{"ptf_id":1361539,"ptf_ref":"7810224","category":"drifting_buoys","ptf_model":"SVP SIO","wigos_ref":"0-22000-0-7810224","country_name":"USA","country_ship":null,"goos_networks":"GDA","ptf_family_name":"Drifting Buoy","country_iso_reporting":"US","country_sensor_provider":null}},{"type":"Feature","geometry":{"type":"Point","coordinates":[121.989,21.607]},"properties":{"ptf_id":1361540,"ptf_ref":"7810225","category":"drifting_buoys","ptf_model":"SVP SIO","wigos_ref":"0-22000-0-7810225","country_name":"USA","country_ship":null,"goos_networks":"GDA","ptf_family_name":"Drifting Buoy","country_iso_reporting":"US","country_sensor_provider":null}},{"type":"Feature","geometry":{"type":"Point","coordinates":[125.918,19.143]},"properties":{"ptf_id":1361541,"ptf_ref":"7810226","category":"drifting_buoys","ptf_model":"SVP SIO","wigos_ref":"0-22000-0-7810226","country_name":"USA","country_ship":null,"goos_networks":"GDA","ptf_family_name":"Drifting Buoy","country_iso_reporting":"US","country_sensor_provider":null}},{"type":"Feature","geometry":{"type":"Point","coordinates":[127.578,16.85]},"properties":{"ptf_id":1361542,"ptf_ref":"7810227","category":"drifting_buoys","ptf_model":"SVP SIO","wigos_ref":"0-22000-0-7810227","country_name":"USA","country_ship":null,"goos_networks":"GDA","ptf_family_name":"Drifting Buoy","country_iso_reporting":"US","country_sensor_provider":null}},{"type":"Feature","geometry":{"type":"Point","coordinates":[75.877,-27.866]},"properties":{"ptf_id":1361543,"ptf_ref":"7810275","category":"drifting_buoys","ptf_model":"SVP B SIO","wigos_ref":"0-22000-0-7810275","country_name":"USA","country_ship":null,"goos_networks":"GDA","ptf_family_name":"Drifting Buoy","country_iso_reporting":"US","country_sensor_provider":"FRANCE"}},{"type":"Feature","geometry":{"type":"Point","coordinates":[-21.423,61.834]},"properties":{"ptf_id":1361545,"ptf_ref":"7810587","category":"drifting_buoys","ptf_model":"SVP SIO","wigos_ref":"0-22000-0-7810587","country_name":"USA","country_ship":null,"goos_networks":"GDA","ptf_family_name":"Drifting Buoy","country_iso_reporting":"US","country_sensor_provider":null}},{"type":"Feature","geometry":{"type":"Point","coordinates":[-75.752,36.168]},"properties":{"ptf_id":1361546,"ptf_ref":"7810640","category":"drifting_buoys","ptf_model":"SVP SIO","wigos_ref":"0-22000-0-7810640","country_name":"USA","country_ship":null,"goos_networks":"GDA","ptf_family_name":"Drifting Buoy","country_iso_reporting":"US","country_sensor_provider":null}},{"type":"Feature","geometry":{"type":"Point","coordinates":[-42.094,41.485]},"properties":{"ptf_id":1361547,"ptf_ref":"7810642","category":"drifting_buoys","ptf_model":"SVP SIO","wigos_ref":"0-22000-0-7810642","country_name":"USA","country_ship":null,"goos_networks":"GDA","ptf_family_name":"Drifting Buoy","country_iso_reporting":"US","country_sensor_provider":null}},{"type":"Feature","geometry":{"type":"Point","coordinates":[-79.259,33.013]},"properties":{"ptf_id":1361548,"ptf_ref":"7810643","category":"drifting_buoys","ptf_model":"SVP SIO","wigos_ref":"0-22000-0-7810643","country_name":"USA","country_ship":null,"goos_networks":"GDA","ptf_family_name":"Drifting Buoy","country_iso_reporting":"US","country_sensor_provider":null}},{"type":"Feature","geometry":{"type":"Point","coordinates":[-56.545,40.072]},"properties":{"ptf_id":1361549,"ptf_ref":"7810645","category":"drifting_buoys","ptf_model":"SVP SIO","wigos_ref":"0-22000-0-7810645","country_name":"USA","country_ship":null,"goos_networks":"GDA","ptf_family_name":"Drifting Buoy","country_iso_reporting":"US","country_sensor_provider":null}},{"type":"Feature","geometry":{"type":"Point","coordinates":[-47.428,39.952]},"properties":{"ptf_id":1361550,"ptf_ref":"7810646","category":"drifting_buoys","ptf_model":"SVP SIO","wigos_ref":"0-22000-0-7810646","country_name":"USA","country_ship":null,"goos_networks":"GDA","ptf_family_name":"Drifting Buoy","country_iso_reporting":"US","country_sensor_provider":null}},{"type":"Feature","geometry":{"type":"Point","coordinates":[-127.115,38.842]},"properties":{"ptf_id":1361551,"ptf_ref":"7810647","category":"drifting_buoys","ptf_model":"SVP SIO","wigos_ref":"0-22000-0-7810647","country_name":"USA","country_ship":null,"goos_networks":"GDA","ptf_family_name":"Drifting Buoy","country_iso_reporting":"US","country_sensor_provider":null}},{"type":"Feature","geometry":{"type":"Point","coordinates":[-126.888,39.087]},"properties":{"ptf_id":1361552,"ptf_ref":"7810648","category":"drifting_buoys","ptf_model":"SVP SIO","wigos_ref":"0-22000-0-7810648","country_name":"USA","country_ship":null,"goos_networks":"GDA","ptf_family_name":"Drifting Buoy","country_iso_reporting":"US","country_sensor_provider":null}},{"type":"Feature","geometry":{"type":"Point","coordinates":[-70.09,40.643]},"properties":{"ptf_id":1361554,"ptf_ref":"7810651","category":"drifting_buoys","ptf_model":"SVP SIO","wigos_ref":"0-22000-0-7810651","country_name":"USA","country_ship":null,"goos_networks":"GDA","ptf_family_name":"Drifting Buoy","country_iso_reporting":"US","country_sensor_provider":null}},{"type":"Feature","geometry":{"type":"Point","coordinates":[-55.735,44.221]},"properties":{"ptf_id":1361555,"ptf_ref":"7810732","category":"drifting_buoys","ptf_model":"SVP B SIO","wigos_ref":"0-22000-0-7810732","country_name":"USA","country_ship":null,"goos_networks":"GDA","ptf_family_name":"Drifting Buoy","country_iso_reporting":"US","country_sensor_provider":"EUROPE"}},{"type":"Feature","geometry":{"type":"Point","coordinates":[-13.772,4.445]},"properties":{"ptf_id":1361556,"ptf_ref":"7810797","category":"drifting_buoys","ptf_model":"SVP SIO","wigos_ref":"0-22000-0-7810797","country_name":"USA","country_ship":"UK","goos_networks":"GDA","ptf_family_name":"Drifting Buoy","country_iso_reporting":"US","country_sensor_provider":null}},{"type":"Feature","geometry":{"type":"Point","coordinates":[-64.568,40.092]},"properties":{"ptf_id":1361557,"ptf_ref":"7810644","category":"drifting_buoys","ptf_model":"SVP SIO","wigos_ref":"0-22000-0-7810644","country_name":"USA","country_ship":null,"goos_networks":"GDA","ptf_family_name":"Drifting Buoy","country_iso_reporting":"US","country_sensor_provider":null}},{"type":"Feature","geometry":{"type":"Point","coordinates":[-126.137,38.279]},"properties":{"ptf_id":1361558,"ptf_ref":"7810649","category":"drifting_buoys","ptf_model":"SVP SIO","wigos_ref":"0-22000-0-7810649","country_name":"USA","country_ship":null,"goos_networks":"GDA","ptf_family_name":"Drifting Buoy","country_iso_reporting":"US","country_sensor_provider":null}},{"type":"Feature","geometry":{"type":"Point","coordinates":[-33.531,16.785]},"properties":{"ptf_id":1361559,"ptf_ref":"7810804","category":"drifting_buoys","ptf_model":"SVP SIO","wigos_ref":"0-22000-0-7810804","country_name":"USA","country_ship":null,"goos_networks":"GDA","ptf_family_name":"Drifting Buoy","country_iso_reporting":"US","country_sensor_provider":null}},{"type":"Feature","geometry":{"type":"Point","coordinates":[-23.362,13.757]},"properties":{"ptf_id":1361560,"ptf_ref":"7810809","category":"drifting_buoys","ptf_model":"SVP SIO","wigos_ref":"0-22000-0-7810809","country_name":"USA","country_ship":null,"goos_networks":"GDA","ptf_family_name":"Drifting Buoy","country_iso_reporting":"US","country_sensor_provider":null}},{"type":"Feature","geometry":{"type":"Point","coordinates":[-27.617,23.531]},"properties":{"ptf_id":1361561,"ptf_ref":"7810815","category":"drifting_buoys","ptf_model":"SVP SIO","wigos_ref":"0-22000-0-7810815","country_name":"USA","country_ship":null,"goos_networks":"GDA","ptf_family_name":"Drifting Buoy","country_iso_reporting":"US","country_sensor_provider":null}},{"type":"Feature","geometry":{"type":"Point","coordinates":[-123.958,32.833]},"properties":{"ptf_id":1361562,"ptf_ref":"7810934","category":"drifting_buoys","ptf_model":"SVP B SIO","wigos_ref":"0-22000-0-7810934","country_name":"USA","country_ship":null,"goos_networks":"GDA","ptf_family_name":"Drifting Buoy","country_iso_reporting":"US","country_sensor_provider":null}},{"type":"Feature","geometry":{"type":"Point","coordinates":[-120.284,27.961]},"properties":{"ptf_id":1361563,"ptf_ref":"7810944","category":"drifting_buoys","ptf_model":"SVP B SIO","wigos_ref":"0-22000-0-7810944","country_name":"USA","country_ship":null,"goos_networks":"GDA","ptf_family_name":"Drifting Buoy","country_iso_reporting":"US","country_sensor_provider":null}},{"type":"Feature","geometry":{"type":"Point","coordinates":[-79.092,30.648]},"properties":{"ptf_id":1361564,"ptf_ref":"7810959","category":"drifting_buoys","ptf_model":"SVP B SIO","wigos_ref":"0-22000-0-7810959","country_name":"USA","country_ship":null,"goos_networks":"GDA","ptf_family_name":"Drifting Buoy","country_iso_reporting":"US","country_sensor_provider":null}},{"type":"Feature","geometry":{"type":"Point","coordinates":[-22.885,69.116]},"properties":{"ptf_id":1361565,"ptf_ref":"7810981","category":"drifting_buoys","ptf_model":"SVP B SIO","wigos_ref":"0-22000-0-7810981","country_name":"USA","country_ship":null,"goos_networks":"GDA","ptf_family_name":"Drifting Buoy","country_iso_reporting":"US","country_sensor_provider":null}},{"type":"Feature","geometry":{"type":"Point","coordinates":[-28.217,18.86]},"properties":{"ptf_id":1361577,"ptf_ref":"7810798","category":"drifting_buoys","ptf_model":"SVP SIO","wigos_ref":"0-22000-0-7810798","country_name":"USA","country_ship":"UK","goos_networks":"GDA","ptf_family_name":"Drifting Buoy","country_iso_reporting":"US","country_sensor_provider":null}},{"type":"Feature","geometry":{"type":"Point","coordinates":[-27.755,10.696]},"properties":{"ptf_id":1361578,"ptf_ref":"7810799","category":"drifting_buoys","ptf_model":"SVP SIO","wigos_ref":"0-22000-0-7810799","country_name":"USA","country_ship":"UK","goos_networks":"GDA","ptf_family_name":"Drifting Buoy","country_iso_reporting":"US","country_sensor_provider":null}},{"type":"Feature","geometry":{"type":"Point","coordinates":[-27.561,20.352]},"properties":{"ptf_id":1361579,"ptf_ref":"7810800","category":"drifting_buoys","ptf_model":"SVP SIO","wigos_ref":"0-22000-0-7810800","country_name":"USA","country_ship":"UK","goos_networks":"GDA","ptf_family_name":"Drifting Buoy","country_iso_reporting":"US","country_sensor_provider":null}},{"type":"Feature","geometry":{"type":"Point","coordinates":[-33.715,16.89]},"properties":{"ptf_id":1361580,"ptf_ref":"7810801","category":"drifting_buoys","ptf_model":"SVP SIO","wigos_ref":"0-22000-0-7810801","country_name":"USA","country_ship":"UK","goos_networks":"GDA","ptf_family_name":"Drifting Buoy","country_iso_reporting":"US","country_sensor_provider":null}},{"type":"Feature","geometry":{"type":"Point","coordinates":[-39.852,25.559]},"properties":{"ptf_id":1361581,"ptf_ref":"7810802","category":"drifting_buoys","ptf_model":"SVP SIO","wigos_ref":"0-22000-0-7810802","country_name":"USA","country_ship":"UK","goos_networks":"GDA","ptf_family_name":"Drifting Buoy","country_iso_reporting":"US","country_sensor_provider":null}},{"type":"Feature","geometry":{"type":"Point","coordinates":[-19.191,11.837]},"properties":{"ptf_id":1361582,"ptf_ref":"7810803","category":"drifting_buoys","ptf_model":"SVP SIO","wigos_ref":"0-22000-0-7810803","country_name":"USA","country_ship":"UK","goos_networks":"GDA","ptf_family_name":"Drifting Buoy","country_iso_reporting":"US","country_sensor_provider":null}},{"type":"Feature","geometry":{"type":"Point","coordinates":[-33.575,16.928]},"properties":{"ptf_id":1361583,"ptf_ref":"7810805","category":"drifting_buoys","ptf_model":"SVP SIO","wigos_ref":"0-22000-0-7810805","country_name":"USA","country_ship":null,"goos_networks":"GDA","ptf_family_name":"Drifting Buoy","country_iso_reporting":"US","country_sensor_provider":null}},{"type":"Feature","geometry":{"type":"Point","coordinates":[-20.08,11.84]},"properties":{"ptf_id":1361584,"ptf_ref":"7810806","category":"drifting_buoys","ptf_model":"SVP SIO","wigos_ref":"0-22000-0-7810806","country_name":"USA","country_ship":null,"goos_networks":"GDA","ptf_family_name":"Drifting Buoy","country_iso_reporting":"US","country_sensor_provider":null}},{"type":"Feature","geometry":{"type":"Point","coordinates":[-24.13,12.077]},"properties":{"ptf_id":1361585,"ptf_ref":"7810807","category":"drifting_buoys","ptf_model":"SVP SIO","wigos_ref":"0-22000-0-7810807","country_name":"USA","country_ship":null,"goos_networks":"GDA","ptf_family_name":"Drifting Buoy","country_iso_reporting":"US","country_sensor_provider":null}},{"type":"Feature","geometry":{"type":"Point","coordinates":[-22.752,16.338]},"properties":{"ptf_id":1361586,"ptf_ref":"7810808","category":"drifting_buoys","ptf_model":"SVP SIO","wigos_ref":"0-22000-0-7810808","country_name":"USA","country_ship":null,"goos_networks":"GDA","ptf_family_name":"Drifting Buoy","country_iso_reporting":"US","country_sensor_provider":null}},{"type":"Feature","geometry":{"type":"Point","coordinates":[-11.361,4.708]},"properties":{"ptf_id":1361587,"ptf_ref":"7810810","category":"drifting_buoys","ptf_model":"SVP SIO","wigos_ref":"0-22000-0-7810810","country_name":"USA","country_ship":null,"goos_networks":"GDA","ptf_family_name":"Drifting Buoy","country_iso_reporting":"US","country_sensor_provider":null}},{"type":"Feature","geometry":{"type":"Point","coordinates":[-19.1,10.303]},"properties":{"ptf_id":1361588,"ptf_ref":"7810811","category":"drifting_buoys","ptf_model":"SVP SIO","wigos_ref":"0-22000-0-7810811","country_name":"USA","country_ship":null,"goos_networks":"GDA","ptf_family_name":"Drifting Buoy","country_iso_reporting":"US","country_sensor_provider":null}},{"type":"Feature","geometry":{"type":"Point","coordinates":[-24.744,23.26]},"properties":{"ptf_id":1361589,"ptf_ref":"7810812","category":"drifting_buoys","ptf_model":"SVP SIO","wigos_ref":"0-22000-0-7810812","country_name":"USA","country_ship":null,"goos_networks":"GDA","ptf_family_name":"Drifting Buoy","country_iso_reporting":"US","country_sensor_provider":null}},{"type":"Feature","geometry":{"type":"Point","coordinates":[-25.226,15.5]},"properties":{"ptf_id":1361590,"ptf_ref":"7810813","category":"drifting_buoys","ptf_model":"SVP SIO","wigos_ref":"0-22000-0-7810813","country_name":"USA","country_ship":null,"goos_networks":"GDA","ptf_family_name":"Drifting Buoy","country_iso_reporting":"US","country_sensor_provider":null}},{"type":"Feature","geometry":{"type":"Point","coordinates":[-23.062,22.748]},"properties":{"ptf_id":1361591,"ptf_ref":"7810814","category":"drifting_buoys","ptf_model":"SVP SIO","wigos_ref":"0-22000-0-7810814","country_name":"USA","country_ship":null,"goos_networks":"GDA","ptf_family_name":"Drifting Buoy","country_iso_reporting":"US","country_sensor_provider":null}},{"type":"Feature","geometry":{"type":"Point","coordinates":[-23.74,26.242]},"properties":{"ptf_id":1361592,"ptf_ref":"7810816","category":"drifting_buoys","ptf_model":"SVP SIO","wigos_ref":"0-22000-0-7810816","country_name":"USA","country_ship":null,"goos_networks":"GDA","ptf_family_name":"Drifting Buoy","country_iso_reporting":"US","country_sensor_provider":null}},{"type":"Feature","geometry":{"type":"Point","coordinates":[-121.003,27.135]},"properties":{"ptf_id":1361593,"ptf_ref":"7810932","category":"drifting_buoys","ptf_model":"SVP B SIO","wigos_ref":"0-22000-0-7810932","country_name":"USA","country_ship":null,"goos_networks":"GDA","ptf_family_name":"Drifting Buoy","country_iso_reporting":"US","country_sensor_provider":null}},{"type":"Feature","geometry":{"type":"Point","coordinates":[-121.582,27.17]},"properties":{"ptf_id":1361594,"ptf_ref":"7810933","category":"drifting_buoys","ptf_model":"SVP B SIO","wigos_ref":"0-22000-0-7810933","country_name":"USA","country_ship":null,"goos_networks":"GDA","ptf_family_name":"Drifting Buoy","country_iso_reporting":"US","country_sensor_provider":null}},{"type":"Feature","geometry":{"type":"Point","coordinates":[-123.769,32.131]},"properties":{"ptf_id":1361595,"ptf_ref":"7810935","category":"drifting_buoys","ptf_model":"SVP B SIO","wigos_ref":"0-22000-0-7810935","country_name":"USA","country_ship":null,"goos_networks":"GDA","ptf_family_name":"Drifting Buoy","country_iso_reporting":"US","country_sensor_provider":null}},{"type":"Feature","geometry":{"type":"Point","coordinates":[-121.541,32.127]},"properties":{"ptf_id":1361596,"ptf_ref":"7810936","category":"drifting_buoys","ptf_model":"SVP B SIO","wigos_ref":"0-22000-0-7810936","country_name":"USA","country_ship":null,"goos_networks":"GDA","ptf_family_name":"Drifting Buoy","country_iso_reporting":"US","country_sensor_provider":null}},{"type":"Feature","geometry":{"type":"Point","coordinates":[-128.915,29.386]},"properties":{"ptf_id":1361597,"ptf_ref":"7810937","category":"drifting_buoys","ptf_model":"SVP B SIO","wigos_ref":"0-22000-0-7810937","country_name":"USA","country_ship":null,"goos_networks":"GDA","ptf_family_name":"Drifting Buoy","country_iso_reporting":"US","country_sensor_provider":null}},{"type":"Feature","geometry":{"type":"Point","coordinates":[-122.713,26.121]},"properties":{"ptf_id":1361598,"ptf_ref":"7810938","category":"drifting_buoys","ptf_model":"SVP B SIO","wigos_ref":"0-22000-0-7810938","country_name":"USA","country_ship":null,"goos_networks":"GDA","ptf_family_name":"Drifting Buoy","country_iso_reporting":"US","country_sensor_provider":null}},{"type":"Feature","geometry":{"type":"Point","coordinates":[-126.397,27.367]},"properties":{"ptf_id":1361599,"ptf_ref":"7810939","category":"drifting_buoys","ptf_model":"SVP B SIO","wigos_ref":"0-22000-0-7810939","country_name":"USA","country_ship":null,"goos_networks":"GDA","ptf_family_name":"Drifting Buoy","country_iso_reporting":"US","country_sensor_provider":null}},{"type":"Feature","geometry":{"type":"Point","coordinates":[-122.794,26.864]},"properties":{"ptf_id":1361600,"ptf_ref":"7810940","category":"drifting_buoys","ptf_model":"SVP B SIO","wigos_ref":"0-22000-0-7810940","country_name":"USA","country_ship":null,"goos_networks":"GDA","ptf_family_name":"Drifting Buoy","country_iso_reporting":"US","country_sensor_provider":null}},{"type":"Feature","geometry":{"type":"Point","coordinates":[-124.219,32.92]},"properties":{"ptf_id":1361601,"ptf_ref":"7810941","category":"drifting_buoys","ptf_model":"SVP B SIO","wigos_ref":"0-22000-0-7810941","country_name":"USA","country_ship":null,"goos_networks":"GDA","ptf_family_name":"Drifting Buoy","country_iso_reporting":"US","country_sensor_provider":null}},{"type":"Feature","geometry":{"type":"Point","coordinates":[-124.078,29.932]},"properties":{"ptf_id":1361602,"ptf_ref":"7810942","category":"drifting_buoys","ptf_model":"SVP B SIO","wigos_ref":"0-22000-0-7810942","country_name":"USA","country_ship":null,"goos_networks":"GDA","ptf_family_name":"Drifting Buoy","country_iso_reporting":"US","country_sensor_provider":null}},{"type":"Feature","geometry":{"type":"Point","coordinates":[-126.79,33.829]},"properties":{"ptf_id":1361603,"ptf_ref":"7810943","category":"drifting_buoys","ptf_model":"SVP B SIO","wigos_ref":"0-22000-0-7810943","country_name":"USA","country_ship":null,"goos_networks":"GDA","ptf_family_name":"Drifting Buoy","country_iso_reporting":"US","country_sensor_provider":null}},{"type":"Feature","geometry":{"type":"Point","coordinates":[-121.784,30.091]},"properties":{"ptf_id":1361604,"ptf_ref":"7810945","category":"drifting_buoys","ptf_model":"SVP B SIO","wigos_ref":"0-22000-0-7810945","country_name":"USA","country_ship":null,"goos_networks":"GDA","ptf_family_name":"Drifting Buoy","country_iso_reporting":"US","country_sensor_provider":null}},{"type":"Feature","geometry":{"type":"Point","coordinates":[-120.704,27.476]},"properties":{"ptf_id":1361605,"ptf_ref":"7810946","category":"drifting_buoys","ptf_model":"SVP B SIO","wigos_ref":"0-22000-0-7810946","country_name":"USA","country_ship":null,"goos_networks":"GDA","ptf_family_name":"Drifting Buoy","country_iso_reporting":"US","country_sensor_provider":null}},{"type":"Feature","geometry":{"type":"Point","coordinates":[-59.017,40.296]},"properties":{"ptf_id":1361606,"ptf_ref":"7810952","category":"drifting_buoys","ptf_model":"SVP B SIO","wigos_ref":"0-22000-0-7810952","country_name":"USA","country_ship":null,"goos_networks":"GDA","ptf_family_name":"Drifting Buoy","country_iso_reporting":"US","country_sensor_provider":null}},{"type":"Feature","geometry":{"type":"Point","coordinates":[-58.58,39.977]},"properties":{"ptf_id":1361607,"ptf_ref":"7810953","category":"drifting_buoys","ptf_model":"SVP B SIO","wigos_ref":"0-22000-0-7810953","country_name":"USA","country_ship":null,"goos_networks":"GDA","ptf_family_name":"Drifting Buoy","country_iso_reporting":"US","country_sensor_provider":null}},{"type":"Feature","geometry":{"type":"Point","coordinates":[-62.172,37.359]},"properties":{"ptf_id":1361608,"ptf_ref":"7810954","category":"drifting_buoys","ptf_model":"SVP B SIO","wigos_ref":"0-22000-0-7810954","country_name":"USA","country_ship":null,"goos_networks":"GDA","ptf_family_name":"Drifting Buoy","country_iso_reporting":"US","country_sensor_provider":null}},{"type":"Feature","geometry":{"type":"Point","coordinates":[-71.534,30.618]},"properties":{"ptf_id":1361609,"ptf_ref":"7810955","category":"drifting_buoys","ptf_model":"SVP B SIO","wigos_ref":"0-22000-0-7810955","country_name":"USA","country_ship":null,"goos_networks":"GDA","ptf_family_name":"Drifting Buoy","country_iso_reporting":"US","country_sensor_provider":null}},{"type":"Feature","geometry":{"type":"Point","coordinates":[-59.176,40.564]},"properties":{"ptf_id":1361610,"ptf_ref":"7810956","category":"drifting_buoys","ptf_model":"SVP B SIO","wigos_ref":"0-22000-0-7810956","country_name":"USA","country_ship":null,"goos_networks":"GDA","ptf_family_name":"Drifting Buoy","country_iso_reporting":"US","country_sensor_provider":null}},{"type":"Feature","geometry":{"type":"Point","coordinates":[-78.157,28.973]},"properties":{"ptf_id":1361611,"ptf_ref":"7810957","category":"drifting_buoys","ptf_model":"SVP B SIO","wigos_ref":"0-22000-0-7810957","country_name":"USA","country_ship":null,"goos_networks":"GDA","ptf_family_name":"Drifting Buoy","country_iso_reporting":"US","country_sensor_provider":null}},{"type":"Feature","geometry":{"type":"Point","coordinates":[-60.848,36.474]},"properties":{"ptf_id":1361612,"ptf_ref":"7810958","category":"drifting_buoys","ptf_model":"SVP B SIO","wigos_ref":"0-22000-0-7810958","country_name":"USA","country_ship":null,"goos_networks":"GDA","ptf_family_name":"Drifting Buoy","country_iso_reporting":"US","country_sensor_provider":null}},{"type":"Feature","geometry":{"type":"Point","coordinates":[-72.75,28.576]},"properties":{"ptf_id":1361613,"ptf_ref":"7810960","category":"drifting_buoys","ptf_model":"SVP B SIO","wigos_ref":"0-22000-0-7810960","country_name":"USA","country_ship":null,"goos_networks":"GDA","ptf_family_name":"Drifting Buoy","country_iso_reporting":"US","country_sensor_provider":null}},{"type":"Feature","geometry":{"type":"Point","coordinates":[-72.059,30.349]},"properties":{"ptf_id":1361614,"ptf_ref":"7810961","category":"drifting_buoys","ptf_model":"SVP B SIO","wigos_ref":"0-22000-0-7810961","country_name":"USA","country_ship":null,"goos_networks":"GDA","ptf_family_name":"Drifting Buoy","country_iso_reporting":"US","country_sensor_provider":null}},{"type":"Feature","geometry":{"type":"Point","coordinates":[-19.361,70.353]},"properties":{"ptf_id":1361615,"ptf_ref":"7810977","category":"drifting_buoys","ptf_model":"SVP B SIO","wigos_ref":"0-22000-0-7810977","country_name":"USA","country_ship":null,"goos_networks":"GDA","ptf_family_name":"Drifting Buoy","country_iso_reporting":"US","country_sensor_provider":null}},{"type":"Feature","geometry":{"type":"Point","coordinates":[-20.206,69.898]},"properties":{"ptf_id":1361616,"ptf_ref":"7810979","category":"drifting_buoys","ptf_model":"SVP B SIO","wigos_ref":"0-22000-0-7810979","country_name":"USA","country_ship":null,"goos_networks":"GDA","ptf_family_name":"Drifting Buoy","country_iso_reporting":"US","country_sensor_provider":null}},{"type":"Feature","geometry":{"type":"Point","coordinates":[-21.682,69.465]},"properties":{"ptf_id":1361617,"ptf_ref":"7810980","category":"drifting_buoys","ptf_model":"SVP B SIO","wigos_ref":"0-22000-0-7810980","country_name":"USA","country_ship":null,"goos_networks":"GDA","ptf_family_name":"Drifting Buoy","country_iso_reporting":"US","country_sensor_provider":null}},{"type":"Feature","geometry":{"type":"Point","coordinates":[-74.917,28.966]},"properties":{"ptf_id":1361618,"ptf_ref":"7810985","category":"drifting_buoys","ptf_model":"SVP B SIO","wigos_ref":"0-22000-0-7810985","country_name":"USA","country_ship":null,"goos_networks":"GDA","ptf_family_name":"Drifting Buoy","country_iso_reporting":"US","country_sensor_provider":null}},{"type":"Feature","geometry":{"type":"Point","coordinates":[125.67,24.51]},"properties":{"ptf_id":1361637,"ptf_ref":"2100732_001","category":"drifting_buoys","ptf_model":"SVP","wigos_ref":"0-22000-1-2100732","country_name":"SOUTH KOREA","country_ship":null,"goos_networks":"GDA","ptf_family_name":"Drifting Buoy","country_iso_reporting":"KR","country_sensor_provider":null}},{"type":"Feature","geometry":{"type":"Point","coordinates":[120.86,21.92]},"properties":{"ptf_id":1361657,"ptf_ref":"2100733_001","category":"drifting_buoys","ptf_model":"SVP","wigos_ref":"0-22000-1-2100733","country_name":"SOUTH KOREA","country_ship":null,"goos_networks":"GDA","ptf_family_name":"Drifting Buoy","country_iso_reporting":"KR","country_sensor_provider":null}},{"type":"Feature","geometry":{"type":"Point","coordinates":[125.77,24.85]},"properties":{"ptf_id":1361677,"ptf_ref":"2100734_001","category":"drifting_buoys","ptf_model":"SVP","wigos_ref":"0-22000-1-2100734","country_name":"SOUTH KOREA","country_ship":null,"goos_networks":"GDA","ptf_family_name":"Drifting Buoy","country_iso_reporting":"KR","country_sensor_provider":null}},{"type":"Feature","geometry":{"type":"Point","coordinates":[67.375,11.421]},"properties":{"ptf_id":1361717,"ptf_ref":"7810895","category":"drifting_buoys","ptf_model":"DWS-B","wigos_ref":"0-22000-0-7810895","country_name":"INDIA","country_ship":"INDIA","goos_networks":"GDA","ptf_family_name":"Drifting Buoy","country_iso_reporting":"IN","country_sensor_provider":null}},{"type":"Feature","geometry":{"type":"Point","coordinates":[67.006,12.634]},"properties":{"ptf_id":1361737,"ptf_ref":"7810902","category":"drifting_buoys","ptf_model":"DWS-B","wigos_ref":"0-22000-0-7810902","country_name":"INDIA","country_ship":"INDIA","goos_networks":"GDA","ptf_family_name":"Drifting Buoy","country_iso_reporting":"IN","country_sensor_provider":null}},{"type":"Feature","geometry":{"type":"Point","coordinates":[68.837,14.647]},"properties":{"ptf_id":1361757,"ptf_ref":"7810891","category":"drifting_buoys","ptf_model":"DWS-B","wigos_ref":"0-22000-0-7810891","country_name":"INDIA","country_ship":"INDIA","goos_networks":"GDA","ptf_family_name":"Drifting Buoy","country_iso_reporting":"IN","country_sensor_provider":null}},{"type":"Feature","geometry":{"type":"Point","coordinates":[-166.019,17.078]},"properties":{"ptf_id":1362758,"ptf_ref":"4804355","category":"drifting_buoys","ptf_model":"SVP","wigos_ref":"0-22000-0-4804355","country_name":"USA","country_ship":null,"goos_networks":"GDA","ptf_family_name":"Drifting Buoy","country_iso_reporting":"US","country_sensor_provider":null}},{"type":"Feature","geometry":{"type":"Point","coordinates":[-165.071,16.634]},"properties":{"ptf_id":1362759,"ptf_ref":"7894648","category":"drifting_buoys","ptf_model":"SVP","wigos_ref":"0-22000-0-7894648","country_name":"USA","country_ship":null,"goos_networks":"GDA","ptf_family_name":"Drifting Buoy","country_iso_reporting":"US","country_sensor_provider":null}},{"type":"Feature","geometry":{"type":"Point","coordinates":[-168.845,12.9]},"properties":{"ptf_id":1362760,"ptf_ref":"3801908","category":"drifting_buoys","ptf_model":"SVP","wigos_ref":"0-22000-0-3801908","country_name":"USA","country_ship":null,"goos_networks":"GDA","ptf_family_name":"Drifting Buoy","country_iso_reporting":"US","country_sensor_provider":null}},{"type":"Feature","geometry":{"type":"Point","coordinates":[-165.403,12.341]},"properties":{"ptf_id":1362761,"ptf_ref":"3801909","category":"drifting_buoys","ptf_model":"SVP","wigos_ref":"0-22000-0-3801909","country_name":"USA","country_ship":null,"goos_networks":"GDA","ptf_family_name":"Drifting Buoy","country_iso_reporting":"US","country_sensor_provider":null}},{"type":"Feature","geometry":{"type":"Point","coordinates":[-159.999,14.312]},"properties":{"ptf_id":1362762,"ptf_ref":"3801910","category":"drifting_buoys","ptf_model":"SVP","wigos_ref":"0-22000-0-3801910","country_name":"USA","country_ship":null,"goos_networks":"GDA","ptf_family_name":"Drifting Buoy","country_iso_reporting":"US","country_sensor_provider":null}},{"type":"Feature","geometry":{"type":"Point","coordinates":[-166.694,12.377]},"properties":{"ptf_id":1362763,"ptf_ref":"5802326","category":"drifting_buoys","ptf_model":"SVP","wigos_ref":"0-22000-0-5802326","country_name":"USA","country_ship":null,"goos_networks":"GDA","ptf_family_name":"Drifting Buoy","country_iso_reporting":"US","country_sensor_provider":null}},{"type":"Feature","geometry":{"type":"Point","coordinates":[-163.977,14.31]},"properties":{"ptf_id":1362764,"ptf_ref":"4804356","category":"drifting_buoys","ptf_model":"SVP","wigos_ref":"0-22000-0-4804356","country_name":"USA","country_ship":null,"goos_networks":"GDA","ptf_family_name":"Drifting Buoy","country_iso_reporting":"US","country_sensor_provider":null}},{"type":"Feature","geometry":{"type":"Point","coordinates":[-162.633,12.923]},"properties":{"ptf_id":1362765,"ptf_ref":"3801911","category":"drifting_buoys","ptf_model":"SVP","wigos_ref":"0-22000-0-3801911","country_name":"USA","country_ship":null,"goos_networks":"GDA","ptf_family_name":"Drifting Buoy","country_iso_reporting":"US","country_sensor_provider":null}},{"type":"Feature","geometry":{"type":"Point","coordinates":[-167.07,12.48]},"properties":{"ptf_id":1362766,"ptf_ref":"3801912","category":"drifting_buoys","ptf_model":"SVP","wigos_ref":"0-22000-0-3801912","country_name":"USA","country_ship":null,"goos_networks":"GDA","ptf_family_name":"Drifting Buoy","country_iso_reporting":"US","country_sensor_provider":null}},{"type":"Feature","geometry":{"type":"Point","coordinates":[-161.802,14.378]},"properties":{"ptf_id":1362767,"ptf_ref":"7894649","category":"drifting_buoys","ptf_model":"SVP","wigos_ref":"0-22000-0-7894649","country_name":"USA","country_ship":null,"goos_networks":"GDA","ptf_family_name":"Drifting Buoy","country_iso_reporting":"US","country_sensor_provider":null}},{"type":"Feature","geometry":{"type":"Point","coordinates":[-163.539,16.378]},"properties":{"ptf_id":1362768,"ptf_ref":"2802310","category":"drifting_buoys","ptf_model":"SVP","wigos_ref":"0-22000-0-2802310","country_name":"USA","country_ship":null,"goos_networks":"GDA","ptf_family_name":"Drifting Buoy","country_iso_reporting":"US","country_sensor_provider":null}},{"type":"Feature","geometry":{"type":"Point","coordinates":[-165.961,12.138]},"properties":{"ptf_id":1362770,"ptf_ref":"7894650","category":"drifting_buoys","ptf_model":"SVP","wigos_ref":"0-22000-0-7894650","country_name":"USA","country_ship":null,"goos_networks":"GDA","ptf_family_name":"Drifting Buoy","country_iso_reporting":"US","country_sensor_provider":null}},{"type":"Feature","geometry":{"type":"Point","coordinates":[-161.975,11.247]},"properties":{"ptf_id":1362771,"ptf_ref":"2802311","category":"drifting_buoys","ptf_model":"SVP","wigos_ref":"0-22000-0-2802311","country_name":"USA","country_ship":null,"goos_networks":"GDA","ptf_family_name":"Drifting Buoy","country_iso_reporting":"US","country_sensor_provider":null}},{"type":"Feature","geometry":{"type":"Point","coordinates":[-166.861,14.398]},"properties":{"ptf_id":1362772,"ptf_ref":"2802312","category":"drifting_buoys","ptf_model":"SVP","wigos_ref":"0-22000-0-2802312","country_name":"USA","country_ship":null,"goos_networks":"GDA","ptf_family_name":"Drifting Buoy","country_iso_reporting":"US","country_sensor_provider":null}},{"type":"Feature","geometry":{"type":"Point","coordinates":[-167.504,12.756]},"properties":{"ptf_id":1362773,"ptf_ref":"4804357","category":"drifting_buoys","ptf_model":"SVP","wigos_ref":"0-22000-0-4804357","country_name":"USA","country_ship":null,"goos_networks":"GDA","ptf_family_name":"Drifting Buoy","country_iso_reporting":"US","country_sensor_provider":null}},{"type":"Feature","geometry":{"type":"Point","coordinates":[-165.272,12.803]},"properties":{"ptf_id":1362774,"ptf_ref":"5802328","category":"drifting_buoys","ptf_model":"SVP","wigos_ref":"0-22000-0-5802328","country_name":"USA","country_ship":null,"goos_networks":"GDA","ptf_family_name":"Drifting Buoy","country_iso_reporting":"US","country_sensor_provider":null}},{"type":"Feature","geometry":{"type":"Point","coordinates":[-161.383,13.503]},"properties":{"ptf_id":1362775,"ptf_ref":"6802134","category":"drifting_buoys","ptf_model":"SVP","wigos_ref":"0-22000-0-6802134","country_name":"USA","country_ship":null,"goos_networks":"GDA","ptf_family_name":"Drifting Buoy","country_iso_reporting":"US","country_sensor_provider":null}},{"type":"Feature","geometry":{"type":"Point","coordinates":[-163.438,12.754]},"properties":{"ptf_id":1362776,"ptf_ref":"6802135","category":"drifting_buoys","ptf_model":"SVP","wigos_ref":"0-22000-0-6802135","country_name":"USA","country_ship":null,"goos_networks":"GDA","ptf_family_name":"Drifting Buoy","country_iso_reporting":"US","country_sensor_provider":null}},{"type":"Feature","geometry":{"type":"Point","coordinates":[-161.785,13.486]},"properties":{"ptf_id":1362777,"ptf_ref":"5802329","category":"drifting_buoys","ptf_model":"SVP","wigos_ref":"0-22000-0-5802329","country_name":"USA","country_ship":null,"goos_networks":"GDA","ptf_family_name":"Drifting Buoy","country_iso_reporting":"US","country_sensor_provider":null}},{"type":"Feature","geometry":{"type":"Point","coordinates":[-166.849,14.425]},"properties":{"ptf_id":1362798,"ptf_ref":"1801998","category":"drifting_buoys","ptf_model":"SVP","wigos_ref":"0-22000-0-1801998","country_name":"USA","country_ship":null,"goos_networks":"GDA","ptf_family_name":"Drifting Buoy","country_iso_reporting":"US","country_sensor_provider":null}},{"type":"Feature","geometry":{"type":"Point","coordinates":[-165.245,16.753]},"properties":{"ptf_id":1362799,"ptf_ref":"2802315","category":"drifting_buoys","ptf_model":"SVP","wigos_ref":"0-22000-0-2802315","country_name":"USA","country_ship":null,"goos_networks":"GDA","ptf_family_name":"Drifting Buoy","country_iso_reporting":"US","country_sensor_provider":null}},{"type":"Feature","geometry":{"type":"Point","coordinates":[-165.28,16.747]},"properties":{"ptf_id":1362800,"ptf_ref":"2802316","category":"drifting_buoys","ptf_model":"SVP","wigos_ref":"0-22000-0-2802316","country_name":"USA","country_ship":null,"goos_networks":"GDA","ptf_family_name":"Drifting Buoy","country_iso_reporting":"US","country_sensor_provider":null}},{"type":"Feature","geometry":{"type":"Point","coordinates":[-165.882,16.788]},"properties":{"ptf_id":1362801,"ptf_ref":"6802137","category":"drifting_buoys","ptf_model":"SVP","wigos_ref":"0-22000-0-6802137","country_name":"USA","country_ship":null,"goos_networks":"GDA","ptf_family_name":"Drifting Buoy","country_iso_reporting":"US","country_sensor_provider":null}},{"type":"Feature","geometry":{"type":"Point","coordinates":[-164.675,17.435]},"properties":{"ptf_id":1362802,"ptf_ref":"7894654","category":"drifting_buoys","ptf_model":"SVP","wigos_ref":"0-22000-0-7894654","country_name":"USA","country_ship":null,"goos_networks":"GDA","ptf_family_name":"Drifting Buoy","country_iso_reporting":"US","country_sensor_provider":null}},{"type":"Feature","geometry":{"type":"Point","coordinates":[-165.892,16.808]},"properties":{"ptf_id":1362803,"ptf_ref":"7894655","category":"drifting_buoys","ptf_model":"SVP","wigos_ref":"0-22000-0-7894655","country_name":"USA","country_ship":null,"goos_networks":"GDA","ptf_family_name":"Drifting Buoy","country_iso_reporting":"US","country_sensor_provider":null}},{"type":"Feature","geometry":{"type":"Point","coordinates":[-165.015,16.786]},"properties":{"ptf_id":1362804,"ptf_ref":"5802335","category":"drifting_buoys","ptf_model":"SVP","wigos_ref":"0-22000-0-5802335","country_name":"USA","country_ship":null,"goos_networks":"GDA","ptf_family_name":"Drifting Buoy","country_iso_reporting":"US","country_sensor_provider":null}},{"type":"Feature","geometry":{"type":"Point","coordinates":[-165.905,16.789]},"properties":{"ptf_id":1362805,"ptf_ref":"4804361","category":"drifting_buoys","ptf_model":"SVP","wigos_ref":"0-22000-0-4804361","country_name":"USA","country_ship":null,"goos_networks":"GDA","ptf_family_name":"Drifting Buoy","country_iso_reporting":"US","country_sensor_provider":null}},{"type":"Feature","geometry":{"type":"Point","coordinates":[-164.859,16.557]},"properties":{"ptf_id":1362806,"ptf_ref":"7894656","category":"drifting_buoys","ptf_model":"SVP","wigos_ref":"0-22000-0-7894656","country_name":"USA","country_ship":null,"goos_networks":"GDA","ptf_family_name":"Drifting Buoy","country_iso_reporting":"US","country_sensor_provider":null}},{"type":"Feature","geometry":{"type":"Point","coordinates":[-164.826,16.677]},"properties":{"ptf_id":1362807,"ptf_ref":"5802336","category":"drifting_buoys","ptf_model":"SVP","wigos_ref":"0-22000-0-5802336","country_name":"USA","country_ship":null,"goos_networks":"GDA","ptf_family_name":"Drifting Buoy","country_iso_reporting":"US","country_sensor_provider":null}},{"type":"Feature","geometry":{"type":"Point","coordinates":[-165.916,16.781]},"properties":{"ptf_id":1362818,"ptf_ref":"7894657","category":"drifting_buoys","ptf_model":"SVP","wigos_ref":"0-22000-0-7894657","country_name":"USA","country_ship":null,"goos_networks":"GDA","ptf_family_name":"Drifting Buoy","country_iso_reporting":"US","country_sensor_provider":null}},{"type":"Feature","geometry":{"type":"Point","coordinates":[-164.883,16.503]},"properties":{"ptf_id":1362819,"ptf_ref":"2802317","category":"drifting_buoys","ptf_model":"SVP","wigos_ref":"0-22000-0-2802317","country_name":"USA","country_ship":null,"goos_networks":"GDA","ptf_family_name":"Drifting Buoy","country_iso_reporting":"US","country_sensor_provider":null}},{"type":"Feature","geometry":{"type":"Point","coordinates":[-164.841,16.546]},"properties":{"ptf_id":1362820,"ptf_ref":"6802138","category":"drifting_buoys","ptf_model":"SVP","wigos_ref":"0-22000-0-6802138","country_name":"USA","country_ship":null,"goos_networks":"GDA","ptf_family_name":"Drifting Buoy","country_iso_reporting":"US","country_sensor_provider":null}},{"type":"Feature","geometry":{"type":"Point","coordinates":[-165.889,16.718]},"properties":{"ptf_id":1362821,"ptf_ref":"4804362","category":"drifting_buoys","ptf_model":"SVP","wigos_ref":"0-22000-0-4804362","country_name":"USA","country_ship":null,"goos_networks":"GDA","ptf_family_name":"Drifting Buoy","country_iso_reporting":"US","country_sensor_provider":null}},{"type":"Feature","geometry":{"type":"Point","coordinates":[-164.918,16.506]},"properties":{"ptf_id":1362822,"ptf_ref":"3801916","category":"drifting_buoys","ptf_model":"SVP","wigos_ref":"0-22000-0-3801916","country_name":"USA","country_ship":null,"goos_networks":"GDA","ptf_family_name":"Drifting Buoy","country_iso_reporting":"US","country_sensor_provider":null}},{"type":"Feature","geometry":{"type":"Point","coordinates":[-164.775,17.548]},"properties":{"ptf_id":1362823,"ptf_ref":"4804363","category":"drifting_buoys","ptf_model":"SVP","wigos_ref":"0-22000-0-4804363","country_name":"USA","country_ship":null,"goos_networks":"GDA","ptf_family_name":"Drifting Buoy","country_iso_reporting":"US","country_sensor_provider":null}},{"type":"Feature","geometry":{"type":"Point","coordinates":[-165.228,16.714]},"properties":{"ptf_id":1362824,"ptf_ref":"4804364","category":"drifting_buoys","ptf_model":"SVP","wigos_ref":"0-22000-0-4804364","country_name":"USA","country_ship":null,"goos_networks":"GDA","ptf_family_name":"Drifting Buoy","country_iso_reporting":"US","country_sensor_provider":null}},{"type":"Feature","geometry":{"type":"Point","coordinates":[68.53,18.534]},"properties":{"ptf_id":1362877,"ptf_ref":"7810894","category":"drifting_buoys","ptf_model":"DWS-B","wigos_ref":"0-22000-0-7810894","country_name":"INDIA","country_ship":"INDIA","goos_networks":"GDA","ptf_family_name":"Drifting Buoy","country_iso_reporting":"IN","country_sensor_provider":null}},{"type":"Feature","geometry":{"type":"Point","coordinates":[172.095,48.977]},"properties":{"ptf_id":1363137,"ptf_ref":"1101570","category":"drifting_buoys","ptf_model":"SVP_BRST","wigos_ref":"0-22000-0-1101570","country_name":"EUROPE","country_ship":null,"goos_networks":"GDA","ptf_family_name":"Drifting Buoy","country_iso_reporting":"EU","country_sensor_provider":null}},{"type":"Feature","geometry":{"type":"Point","coordinates":[165.211,45.159]},"properties":{"ptf_id":1363157,"ptf_ref":"1101574","category":"drifting_buoys","ptf_model":"SVP_BRST","wigos_ref":"0-22000-0-1101574","country_name":"EUROPE","country_ship":null,"goos_networks":"GDA","ptf_family_name":"Drifting Buoy","country_iso_reporting":"EU","country_sensor_provider":null}},{"type":"Feature","geometry":{"type":"Point","coordinates":[170.723,46.518]},"properties":{"ptf_id":1363177,"ptf_ref":"1101583","category":"drifting_buoys","ptf_model":"SVP_BRST","wigos_ref":"0-22000-0-1101583","country_name":"EUROPE","country_ship":null,"goos_networks":"GDA","ptf_family_name":"Drifting Buoy","country_iso_reporting":"EU","country_sensor_provider":null}},{"type":"Feature","geometry":{"type":"Point","coordinates":[67.856,16.536]},"properties":{"ptf_id":1363257,"ptf_ref":"7810897","category":"drifting_buoys","ptf_model":"DWS-B","wigos_ref":"0-22000-0-7810897","country_name":"INDIA","country_ship":"INDIA","goos_networks":"GDA","ptf_family_name":"Drifting Buoy","country_iso_reporting":"IN","country_sensor_provider":null}},{"type":"Feature","geometry":{"type":"Point","coordinates":[68.865,14.883]},"properties":{"ptf_id":1363277,"ptf_ref":"7810892","category":"drifting_buoys","ptf_model":"DWS-B","wigos_ref":"0-22000-0-7810892","country_name":"INDIA","country_ship":"INDIA","goos_networks":"GDA","ptf_family_name":"Drifting Buoy","country_iso_reporting":"IN","country_sensor_provider":null}},{"type":"Feature","geometry":{"type":"Point","coordinates":[70.727,14.735]},"properties":{"ptf_id":1363297,"ptf_ref":"7810890","category":"drifting_buoys","ptf_model":"DWS-B","wigos_ref":"0-22000-0-7810890","country_name":"INDIA","country_ship":"INDIA","goos_networks":"GDA","ptf_family_name":"Drifting Buoy","country_iso_reporting":"IN","country_sensor_provider":null}},{"type":"Feature","geometry":{"type":"Point","coordinates":[122.73,30.32]},"properties":{"ptf_id":1363557,"ptf_ref":"2100735_001","category":"drifting_buoys","ptf_model":"SVP","wigos_ref":"0-22000-1-2100735","country_name":"SOUTH KOREA","country_ship":null,"goos_networks":"GDA","ptf_family_name":"Drifting Buoy","country_iso_reporting":"KR","country_sensor_provider":null}},{"type":"Feature","geometry":{"type":"Point","coordinates":[124.22,30.39]},"properties":{"ptf_id":1363577,"ptf_ref":"2100999_001","category":"drifting_buoys","ptf_model":"SVP","wigos_ref":"0-22000-1-2100999","country_name":"SOUTH KOREA","country_ship":null,"goos_networks":"GDA","ptf_family_name":"Drifting Buoy","country_iso_reporting":"KR","country_sensor_provider":null}},{"type":"Feature","geometry":{"type":"Point","coordinates":[83.155,11.235]},"properties":{"ptf_id":1363617,"ptf_ref":"7810908","category":"drifting_buoys","ptf_model":"DWS-B","wigos_ref":"0-22000-0-7810908","country_name":"INDIA","country_ship":"INDIA","goos_networks":"GDA","ptf_family_name":"Drifting Buoy","country_iso_reporting":"IN","country_sensor_provider":null}},{"type":"Feature","geometry":{"type":"Point","coordinates":[90.773,10.085]},"properties":{"ptf_id":1364097,"ptf_ref":"7810910","category":"drifting_buoys","ptf_model":"DWS-B","wigos_ref":"0-22000-0-7810910","country_name":"INDIA","country_ship":"INDIA","goos_networks":"GDA","ptf_family_name":"Drifting Buoy","country_iso_reporting":"IN","country_sensor_provider":null}},{"type":"Feature","geometry":{"type":"Point","coordinates":[108.811,-19.531]},"properties":{"ptf_id":1365097,"ptf_ref":"1101580","category":"drifting_buoys","ptf_model":"SVP_BRST","wigos_ref":"0-22000-0-1101580","country_name":"EUROPE","country_ship":null,"goos_networks":"GDA","ptf_family_name":"Drifting Buoy","country_iso_reporting":"EU","country_sensor_provider":null}},{"type":"Feature","geometry":{"type":"Point","coordinates":[108.678,-17.145]},"properties":{"ptf_id":1365117,"ptf_ref":"1101581","category":"drifting_buoys","ptf_model":"SVP_BRST","wigos_ref":"0-22000-0-1101581","country_name":"EUROPE","country_ship":null,"goos_networks":"GDA","ptf_family_name":"Drifting Buoy","country_iso_reporting":"EU","country_sensor_provider":null}},{"type":"Feature","geometry":{"type":"Point","coordinates":[110.54,-21.471]},"properties":{"ptf_id":1365137,"ptf_ref":"1101589","category":"drifting_buoys","ptf_model":"SVP_BRST","wigos_ref":"0-22000-0-1101589","country_name":"EUROPE","country_ship":null,"goos_networks":"GDA","ptf_family_name":"Drifting Buoy","country_iso_reporting":"EU","country_sensor_provider":null}},{"type":"Feature","geometry":{"type":"Point","coordinates":[109.205,-18.383]},"properties":{"ptf_id":1365157,"ptf_ref":"1101590","category":"drifting_buoys","ptf_model":"SVP_BRST","wigos_ref":"0-22000-0-1101590","country_name":"EUROPE","country_ship":null,"goos_networks":"GDA","ptf_family_name":"Drifting Buoy","country_iso_reporting":"EU","country_sensor_provider":null}},{"type":"Feature","geometry":{"type":"Point","coordinates":[-22.73,20.922]},"properties":{"ptf_id":1365217,"ptf_ref":"4401679","category":"drifting_buoys","ptf_model":"SVP_BRST","wigos_ref":"0-22000-0-4401679","country_name":"EUROPE","country_ship":null,"goos_networks":"GDA","ptf_family_name":"Drifting Buoy","country_iso_reporting":"EU","country_sensor_provider":null}}]}
