{"type":"FeatureCollection","features":[{"type":"Feature","geometry":{"type":"Point","coordinates":[57.5,-20.1]},"properties":{"ptf_id":1340532,"ptf_ref":"CWFBFMP","category":"fvon","ptf_model":"GENERIC_FISHING_VESSEL_PROBE","country_name":"AUSTRALIA","country_ship":"MAURITIUS","country_sensor_provider":null}},{"type":"Feature","geometry":{"type":"Point","coordinates":[-1.78,57.51]},"properties":{"ptf_id":1321609,"ptf_ref":"HQZS2JD","category":"fvon","ptf_model":"GENERIC_FISHING_VESSEL_PROBE","country_name":"UK","country_ship":"UK","country_sensor_provider":null}},{"type":"Feature","geometry":{"type":"Point","coordinates":[-70,41.8]},"properties":{"ptf_id":1273530,"ptf_ref":"7FW9R2Y","category":"fvon","ptf_model":"GENERIC_FISHING_VESSEL_PROBE","country_name":"USA","country_ship":"USA","country_sensor_provider":null}},{"type":"Feature","geometry":{"type":"Point","coordinates":[-166.66,53.72]},"properties":{"ptf_id":1305784,"ptf_ref":"ZVYRZ8R","category":"fvon","ptf_model":"GENERIC_FISHING_VESSEL_PROBE","country_name":"USA","country_ship":"USA","country_sensor_provider":null}},{"type":"Feature","geometry":{"type":"Point","coordinates":[-70.93,41.64]},"properties":{"ptf_id":1254197,"ptf_ref":"VXG5QWT","category":"fvon","ptf_model":"GENERIC_FISHING_VESSEL_PROBE","country_name":"USA","country_ship":"USA","country_sensor_provider":null}},{"type":"Feature","geometry":{"type":"Point","coordinates":[153.1173,-26.6778]},"properties":{"ptf_id":1348399,"ptf_ref":"5AU8Z2P","category":"fvon","ptf_model":"GENERIC_FISHING_VESSEL_PROBE","country_name":"AUSTRALIA","country_ship":"AUSTRALIA","country_sensor_provider":null}},{"type":"Feature","geometry":{"type":"Point","coordinates":[-167.26,53.66]},"properties":{"ptf_id":1321397,"ptf_ref":"8FGCHTS","category":"fvon","ptf_model":"GENERIC_FISHING_VESSEL_PROBE","country_name":"USA","country_ship":"USA","country_sensor_provider":null}},{"type":"Feature","geometry":{"type":"Point","coordinates":[-70,41.8]},"properties":{"ptf_id":1273568,"ptf_ref":"3NFZCPN","category":"fvon","ptf_model":"GENERIC_FISHING_VESSEL_PROBE","country_name":"USA","country_ship":"USA","country_sensor_provider":null}},{"type":"Feature","geometry":{"type":"Point","coordinates":[-70,41.8]},"properties":{"ptf_id":1273528,"ptf_ref":"9TU2VKF","category":"fvon","ptf_model":"GENERIC_FISHING_VESSEL_PROBE","country_name":"USA","country_ship":"USA","country_sensor_provider":null}},{"type":"Feature","geometry":{"type":"Point","coordinates":[-70.93,41.64]},"properties":{"ptf_id":1254417,"ptf_ref":"8WU3NKN","category":"fvon","ptf_model":"GENERIC_FISHING_VESSEL_PROBE","country_name":"USA","country_ship":"USA","country_sensor_provider":null}},{"type":"Feature","geometry":{"type":"Point","coordinates":[-70.62,41.84]},"properties":{"ptf_id":1292757,"ptf_ref":"6UBXFUU","category":"fvon","ptf_model":"GENERIC_FISHING_VESSEL_PROBE","country_name":"USA","country_ship":"USA","country_sensor_provider":null}},{"type":"Feature","geometry":{"type":"Point","coordinates":[-110.32,24.16]},"properties":{"ptf_id":1273171,"ptf_ref":"EURTDVX","category":"fvon","ptf_model":"GENERIC_FISHING_VESSEL_PROBE","country_name":"MEXICO","country_ship":"MEXICO","country_sensor_provider":null}},{"type":"Feature","geometry":{"type":"Point","coordinates":[-70.93,41.64]},"properties":{"ptf_id":1253457,"ptf_ref":"YWQDGSN","category":"fvon","ptf_model":"GENERIC_FISHING_VESSEL_PROBE","country_name":"USA","country_ship":"USA","country_sensor_provider":null}},{"type":"Feature","geometry":{"type":"Point","coordinates":[-166.77,53.61]},"properties":{"ptf_id":1307022,"ptf_ref":"JYDTZVC","category":"fvon","ptf_model":"GENERIC_FISHING_VESSEL_PROBE","country_name":"USA","country_ship":"USA","country_sensor_provider":null}},{"type":"Feature","geometry":{"type":"Point","coordinates":[130.8418,-12.4611]},"properties":{"ptf_id":1348387,"ptf_ref":"8EC2JHM","category":"fvon","ptf_model":"GENERIC_FISHING_VESSEL_PROBE","country_name":"AUSTRALIA","country_ship":"AUSTRALIA","country_sensor_provider":null}},{"type":"Feature","geometry":{"type":"Point","coordinates":[-70.93,41.64]},"properties":{"ptf_id":1253097,"ptf_ref":"NYB5DLQ","category":"fvon","ptf_model":"GENERIC_FISHING_VESSEL_PROBE","country_name":"USA","country_ship":"USA","country_sensor_provider":null}},{"type":"Feature","geometry":{"type":"Point","coordinates":[-70,41.8]},"properties":{"ptf_id":1273601,"ptf_ref":"2YY4F3C","category":"fvon","ptf_model":"GENERIC_FISHING_VESSEL_PROBE","country_name":"USA","country_ship":"USA","country_sensor_provider":null}},{"type":"Feature","geometry":{"type":"Point","coordinates":[-70,41.8]},"properties":{"ptf_id":1273586,"ptf_ref":"SUTUL3Q","category":"fvon","ptf_model":"GENERIC_FISHING_VESSEL_PROBE","country_name":"USA","country_ship":"USA","country_sensor_provider":null}},{"type":"Feature","geometry":{"type":"Point","coordinates":[-70.93,41.64]},"properties":{"ptf_id":1253997,"ptf_ref":"SJKB8CG","category":"fvon","ptf_model":"GENERIC_FISHING_VESSEL_PROBE","country_name":"USA","country_ship":"USA","country_sensor_provider":null}},{"type":"Feature","geometry":{"type":"Point","coordinates":[157.1997,-8.2227]},"properties":{"ptf_id":1348363,"ptf_ref":"VCQ3NME","category":"fvon","ptf_model":"GENERIC_FISHING_VESSEL_PROBE","country_name":"FIJI","country_ship":"SOLOMON ISLANDS","country_sensor_provider":null}},{"type":"Feature","geometry":{"type":"Point","coordinates":[-168.53,53.31]},"properties":{"ptf_id":1340759,"ptf_ref":"UEWZMMU","category":"fvon","ptf_model":"GENERIC_FISHING_VESSEL_PROBE","country_name":"USA","country_ship":"USA","country_sensor_provider":null}},{"type":"Feature","geometry":{"type":"Point","coordinates":[153.2,-30.3]},"properties":{"ptf_id":1262055,"ptf_ref":"FQVBNTG","category":"fvon","ptf_model":"GENERIC_FISHING_VESSEL_PROBE","country_name":"AUSTRALIA","country_ship":"AUSTRALIA","country_sensor_provider":null}},{"type":"Feature","geometry":{"type":"Point","coordinates":[-1.78,57.51]},"properties":{"ptf_id":1321612,"ptf_ref":"BDJBRGG","category":"fvon","ptf_model":"GENERIC_FISHING_VESSEL_PROBE","country_name":"UK","country_ship":"UK","country_sensor_provider":null}},{"type":"Feature","geometry":{"type":"Point","coordinates":[-70,41.8]},"properties":{"ptf_id":1273594,"ptf_ref":"RNDCQLE","category":"fvon","ptf_model":"GENERIC_FISHING_VESSEL_PROBE","country_name":"USA","country_ship":"USA","country_sensor_provider":null}},{"type":"Feature","geometry":{"type":"Point","coordinates":[136.339,-14.04]},"properties":{"ptf_id":1239417,"ptf_ref":"6XK5JXU","category":"fvon","ptf_model":"GENERIC_FISHING_VESSEL_PROBE","country_name":"AUSTRALIA","country_ship":"AUSTRALIA","country_sensor_provider":null}},{"type":"Feature","geometry":{"type":"Point","coordinates":[-122.8,37.99]},"properties":{"ptf_id":1306346,"ptf_ref":"ECVWGFU","category":"fvon","ptf_model":"GENERIC_FISHING_VESSEL_PROBE","country_name":"USA","country_ship":"USA","country_sensor_provider":null}},{"type":"Feature","geometry":{"type":"Point","coordinates":[-6.76,62.01]},"properties":{"ptf_id":1298597,"ptf_ref":"WHRNKPN","category":"fvon","ptf_model":"GENERIC_FISHING_VESSEL_PROBE","country_name":"USA","country_ship":"FAROE IS.","country_sensor_provider":null}},{"type":"Feature","geometry":{"type":"Point","coordinates":[-70.93,41.64]},"properties":{"ptf_id":1253517,"ptf_ref":"5TYVB3J","category":"fvon","ptf_model":"GENERIC_FISHING_VESSEL_PROBE","country_name":"USA","country_ship":"USA","country_sensor_provider":null}},{"type":"Feature","geometry":{"type":"Point","coordinates":[-70.82,41.93]},"properties":{"ptf_id":1292792,"ptf_ref":"EVN2W5F","category":"fvon","ptf_model":"GENERIC_FISHING_VESSEL_PROBE","country_name":"USA","country_ship":"USA","country_sensor_provider":null}},{"type":"Feature","geometry":{"type":"Point","coordinates":[-168.53,53.31]},"properties":{"ptf_id":1340766,"ptf_ref":"2ZLRHYL","category":"fvon","ptf_model":"GENERIC_FISHING_VESSEL_PROBE","country_name":"USA","country_ship":"USA","country_sensor_provider":null}},{"type":"Feature","geometry":{"type":"Point","coordinates":[-70,41.8]},"properties":{"ptf_id":1273595,"ptf_ref":"RMEDANK","category":"fvon","ptf_model":"GENERIC_FISHING_VESSEL_PROBE","country_name":"USA","country_ship":"USA","country_sensor_provider":null}},{"type":"Feature","geometry":{"type":"Point","coordinates":[-70.93,41.64]},"properties":{"ptf_id":1253277,"ptf_ref":"HRGSKMS","category":"fvon","ptf_model":"GENERIC_FISHING_VESSEL_PROBE","country_name":"USA","country_ship":"USA","country_sensor_provider":null}},{"type":"Feature","geometry":{"type":"Point","coordinates":[-70,41.8]},"properties":{"ptf_id":1273524,"ptf_ref":"FWVTRZL","category":"fvon","ptf_model":"GENERIC_FISHING_VESSEL_PROBE","country_name":"USA","country_ship":"USA","country_sensor_provider":null}},{"type":"Feature","geometry":{"type":"Point","coordinates":[-70.93,41.64]},"properties":{"ptf_id":1254237,"ptf_ref":"KMCQKDG","category":"fvon","ptf_model":"GENERIC_FISHING_VESSEL_PROBE","country_name":"USA","country_ship":"USA","country_sensor_provider":null}},{"type":"Feature","geometry":{"type":"Point","coordinates":[150.4,-36.7]},"properties":{"ptf_id":1342756,"ptf_ref":"LSJCMMF","category":"fvon","ptf_model":"GENERIC_FISHING_VESSEL_PROBE","country_name":"AUSTRALIA","country_ship":"AUSTRALIA","country_sensor_provider":null}},{"type":"Feature","geometry":{"type":"Point","coordinates":[-6.76,62.01]},"properties":{"ptf_id":1306927,"ptf_ref":"MJBD7BR","category":"fvon","ptf_model":"GENERIC_FISHING_VESSEL_PROBE","country_name":"FAROE IS.","country_ship":"FAROE IS.","country_sensor_provider":null}},{"type":"Feature","geometry":{"type":"Point","coordinates":[114.72,-29.75]},"properties":{"ptf_id":1348406,"ptf_ref":"DYPN3WU","category":"fvon","ptf_model":"GENERIC_FISHING_VESSEL_PROBE","country_name":"AUSTRALIA","country_ship":"AUSTRALIA","country_sensor_provider":null}},{"type":"Feature","geometry":{"type":"Point","coordinates":[178,-17]},"properties":{"ptf_id":1254797,"ptf_ref":"LDGGC5H","category":"fvon","ptf_model":"GENERIC_FISHING_VESSEL_PROBE","country_name":"AUSTRALIA","country_ship":"FIJI","country_sensor_provider":null}},{"type":"Feature","geometry":{"type":"Point","coordinates":[-167.26,53.66]},"properties":{"ptf_id":1321401,"ptf_ref":"JYRAMZK","category":"fvon","ptf_model":"GENERIC_FISHING_VESSEL_PROBE","country_name":"USA","country_ship":"USA","country_sensor_provider":null}},{"type":"Feature","geometry":{"type":"Point","coordinates":[-70.82,41.93]},"properties":{"ptf_id":1292793,"ptf_ref":"EXERJZD","category":"fvon","ptf_model":"GENERIC_FISHING_VESSEL_PROBE","country_name":"USA","country_ship":"USA","country_sensor_provider":null}},{"type":"Feature","geometry":{"type":"Point","coordinates":[-70,41.8]},"properties":{"ptf_id":1273533,"ptf_ref":"5SJ2SMQ","category":"fvon","ptf_model":"GENERIC_FISHING_VESSEL_PROBE","country_name":"USA","country_ship":"USA","country_sensor_provider":null}},{"type":"Feature","geometry":{"type":"Point","coordinates":[-70.3,43.63]},"properties":{"ptf_id":1239477,"ptf_ref":"MCT22JS","category":"fvon","ptf_model":"Bottom Trawls","country_name":"USA","country_ship":"USA","country_sensor_provider":null}},{"type":"Feature","geometry":{"type":"Point","coordinates":[-70.93,41.64]},"properties":{"ptf_id":1253397,"ptf_ref":"ZFQYUJX","category":"fvon","ptf_model":"GENERIC_FISHING_VESSEL_PROBE","country_name":"USA","country_ship":"USA","country_sensor_provider":null}},{"type":"Feature","geometry":{"type":"Point","coordinates":[-167.26,53.66]},"properties":{"ptf_id":1321400,"ptf_ref":"FCMKVTF","category":"fvon","ptf_model":"GENERIC_FISHING_VESSEL_PROBE","country_name":"USA","country_ship":"USA","country_sensor_provider":null}},{"type":"Feature","geometry":{"type":"Point","coordinates":[57.5,-20.1]},"properties":{"ptf_id":1340529,"ptf_ref":"YCG4CXH","category":"fvon","ptf_model":"GENERIC_FISHING_VESSEL_PROBE","country_name":"AUSTRALIA","country_ship":"MAURITIUS","country_sensor_provider":null}},{"type":"Feature","geometry":{"type":"Point","coordinates":[39.11,-7.11]},"properties":{"ptf_id":1306921,"ptf_ref":"FTSGQQN","category":"fvon","ptf_model":"GENERIC_FISHING_VESSEL_PROBE","country_name":"TANZANIA","country_ship":"TANZANIA","country_sensor_provider":null}},{"type":"Feature","geometry":{"type":"Point","coordinates":[-70.93,41.64]},"properties":{"ptf_id":1253877,"ptf_ref":"LYVTWEY","category":"fvon","ptf_model":"GENERIC_FISHING_VESSEL_PROBE","country_name":"USA","country_ship":"USA","country_sensor_provider":null}},{"type":"Feature","geometry":{"type":"Point","coordinates":[152.66,-32.09]},"properties":{"ptf_id":1262047,"ptf_ref":"ACTL84P","category":"fvon","ptf_model":"GENERIC_FISHING_VESSEL_PROBE","country_name":"AUSTRALIA","country_ship":"AUSTRALIA","country_sensor_provider":null}},{"type":"Feature","geometry":{"type":"Point","coordinates":[-70.93,41.64]},"properties":{"ptf_id":1253377,"ptf_ref":"3MQPVRW","category":"fvon","ptf_model":"GENERIC_FISHING_VESSEL_PROBE","country_name":"USA","country_ship":"USA","country_sensor_provider":null}},{"type":"Feature","geometry":{"type":"Point","coordinates":[-167.26,53.66]},"properties":{"ptf_id":1321399,"ptf_ref":"DJP4ACN","category":"fvon","ptf_model":"GENERIC_FISHING_VESSEL_PROBE","country_name":"USA","country_ship":"USA","country_sensor_provider":null}},{"type":"Feature","geometry":{"type":"Point","coordinates":[39.28,-6.15]},"properties":{"ptf_id":1306343,"ptf_ref":"8HS5CYB","category":"fvon","ptf_model":"GENERIC_FISHING_VESSEL_PROBE","country_name":"TANZANIA","country_ship":"TANZANIA","country_sensor_provider":null}},{"type":"Feature","geometry":{"type":"Point","coordinates":[-69,43]},"properties":{"ptf_id":1227537,"ptf_ref":"EYU25TH","category":"fvon","ptf_model":"Bottom Trawls","country_name":"USA","country_ship":"USA","country_sensor_provider":null}},{"type":"Feature","geometry":{"type":"Point","coordinates":[-70,41.8]},"properties":{"ptf_id":1273525,"ptf_ref":"CLHUS6X","category":"fvon","ptf_model":"GENERIC_FISHING_VESSEL_PROBE","country_name":"USA","country_ship":"USA","country_sensor_provider":null}},{"type":"Feature","geometry":{"type":"Point","coordinates":[-69,43]},"properties":{"ptf_id":1210457,"ptf_ref":"8MERSPN","category":"fvon","ptf_model":"GENERIC_FISHING_VESSEL_PROBE","country_name":"USA","country_ship":"USA","country_sensor_provider":null}},{"type":"Feature","geometry":{"type":"Point","coordinates":[-70.82,41.93]},"properties":{"ptf_id":1292777,"ptf_ref":"FXFV35M","category":"fvon","ptf_model":"GENERIC_FISHING_VESSEL_PROBE","country_name":"USA","country_ship":"USA","country_sensor_provider":null}},{"type":"Feature","geometry":{"type":"Point","coordinates":[-70,41.8]},"properties":{"ptf_id":1273565,"ptf_ref":"LTJ3V3J","category":"fvon","ptf_model":"GENERIC_FISHING_VESSEL_PROBE","country_name":"USA","country_ship":"USA","country_sensor_provider":null}},{"type":"Feature","geometry":{"type":"Point","coordinates":[-166.66,53.72]},"properties":{"ptf_id":1305782,"ptf_ref":"DTNVDPV","category":"fvon","ptf_model":"GENERIC_FISHING_VESSEL_PROBE","country_name":"USA","country_ship":"USA","country_sensor_provider":null}},{"type":"Feature","geometry":{"type":"Point","coordinates":[-70,41.8]},"properties":{"ptf_id":1273580,"ptf_ref":"ZMFXMTN","category":"fvon","ptf_model":"GENERIC_FISHING_VESSEL_PROBE","country_name":"USA","country_ship":"USA","country_sensor_provider":null}},{"type":"Feature","geometry":{"type":"Point","coordinates":[135.9,-34.7]},"properties":{"ptf_id":1298904,"ptf_ref":"QZNR3XY","category":"fvon","ptf_model":"GENERIC_FISHING_VESSEL_PROBE","country_name":"AUSTRALIA","country_ship":"AUSTRALIA","country_sensor_provider":null}},{"type":"Feature","geometry":{"type":"Point","coordinates":[-70.93,41.64]},"properties":{"ptf_id":1254617,"ptf_ref":"YERJ5MT","category":"fvon","ptf_model":"GENERIC_FISHING_VESSEL_PROBE","country_name":"USA","country_ship":"USA","country_sensor_provider":null}},{"type":"Feature","geometry":{"type":"Point","coordinates":[-69,43]},"properties":{"ptf_id":1215717,"ptf_ref":"YPQDEGP","category":"fvon","ptf_model":"GENERIC_FISHING_VESSEL_PROBE","country_name":"USA","country_ship":"USA","country_sensor_provider":null}},{"type":"Feature","geometry":{"type":"Point","coordinates":[151.69,-33.37]},"properties":{"ptf_id":1342760,"ptf_ref":"FES7HGP","category":"fvon","ptf_model":"GENERIC_FISHING_VESSEL_PROBE","country_name":"AUSTRALIA","country_ship":"AUSTRALIA","country_sensor_provider":null}},{"type":"Feature","geometry":{"type":"Point","coordinates":[-69,43]},"properties":{"ptf_id":1215737,"ptf_ref":"3ZGG3XU","category":"fvon","ptf_model":"GENERIC_FISHING_VESSEL_PROBE","country_name":"USA","country_ship":"USA","country_sensor_provider":null}},{"type":"Feature","geometry":{"type":"Point","coordinates":[178,-17]},"properties":{"ptf_id":1257346,"ptf_ref":"ECFGVST","category":"fvon","ptf_model":"GENERIC_FISHING_VESSEL_PROBE","country_name":"AUSTRALIA","country_ship":"FIJI","country_sensor_provider":null}},{"type":"Feature","geometry":{"type":"Point","coordinates":[-6.76,62.28]},"properties":{"ptf_id":1345337,"ptf_ref":"RUCG8PH","category":"fvon","ptf_model":"GENERIC_FISHING_VESSEL_PROBE","country_name":"FAROE IS.","country_ship":"FAROE IS.","country_sensor_provider":null}},{"type":"Feature","geometry":{"type":"Point","coordinates":[114.89,-29.65]},"properties":{"ptf_id":1348405,"ptf_ref":"7RDLGZH","category":"fvon","ptf_model":"GENERIC_FISHING_VESSEL_PROBE","country_name":"AUSTRALIA","country_ship":"AUSTRALIA","country_sensor_provider":null}},{"type":"Feature","geometry":{"type":"Point","coordinates":[90.15,21.83]},"properties":{"ptf_id":1233437,"ptf_ref":"SYLDV7J","category":"fvon","ptf_model":"GILLNETS AND ENTANGLING NETS","country_name":"BANGLADESH","country_ship":"BANGLADESH","country_sensor_provider":null}},{"type":"Feature","geometry":{"type":"Point","coordinates":[-149.6,-17.5]},"properties":{"ptf_id":1273521,"ptf_ref":"PJEBY3W","category":"fvon","ptf_model":"GENERIC_FISHING_VESSEL_PROBE","country_name":"AUSTRALIA","country_ship":"FR. POLYNESIA","country_sensor_provider":null}},{"type":"Feature","geometry":{"type":"Point","coordinates":[130.8418,-12.4611]},"properties":{"ptf_id":1349019,"ptf_ref":"LLLM6CT","category":"fvon","ptf_model":"GENERIC_FISHING_VESSEL_PROBE","country_name":"AUSTRALIA","country_ship":"AUSTRALIA","country_sensor_provider":null}},{"type":"Feature","geometry":{"type":"Point","coordinates":[-69,43]},"properties":{"ptf_id":1215697,"ptf_ref":"YNFKN6Y","category":"fvon","ptf_model":"GENERIC_FISHING_VESSEL_PROBE","country_name":"USA","country_ship":"USA","country_sensor_provider":null}},{"type":"Feature","geometry":{"type":"Point","coordinates":[153,-31.5]},"properties":{"ptf_id":1321471,"ptf_ref":"KWP5LGN","category":"fvon","ptf_model":"GENERIC_FISHING_VESSEL_PROBE","country_name":"AUSTRALIA","country_ship":"AUSTRALIA","country_sensor_provider":null}},{"type":"Feature","geometry":{"type":"Point","coordinates":[-69.98,43.91]},"properties":{"ptf_id":1273519,"ptf_ref":"BWEMRXE","category":"fvon","ptf_model":"GENERIC_FISHING_VESSEL_PROBE","country_name":"USA","country_ship":"USA","country_sensor_provider":null}},{"type":"Feature","geometry":{"type":"Point","coordinates":[-70.93,41.64]},"properties":{"ptf_id":1254017,"ptf_ref":"CCN6B2H","category":"fvon","ptf_model":"GENERIC_FISHING_VESSEL_PROBE","country_name":"USA","country_ship":"USA","country_sensor_provider":null}},{"type":"Feature","geometry":{"type":"Point","coordinates":[-69,43]},"properties":{"ptf_id":1210477,"ptf_ref":"UZSJGBN","category":"fvon","ptf_model":"GENERIC_FISHING_VESSEL_PROBE","country_name":"USA","country_ship":"USA","country_sensor_provider":null}},{"type":"Feature","geometry":{"type":"Point","coordinates":[39.12,-6.81]},"properties":{"ptf_id":1340767,"ptf_ref":"VTG6WJJ","category":"fvon","ptf_model":"GENERIC_FISHING_VESSEL_PROBE","country_name":"TANZANIA","country_ship":"TANZANIA","country_sensor_provider":null}},{"type":"Feature","geometry":{"type":"Point","coordinates":[-70,41.8]},"properties":{"ptf_id":1273536,"ptf_ref":"CJNTXVX","category":"fvon","ptf_model":"GENERIC_FISHING_VESSEL_PROBE","country_name":"USA","country_ship":"USA","country_sensor_provider":null}},{"type":"Feature","geometry":{"type":"Point","coordinates":[178,-17]},"properties":{"ptf_id":1241266,"ptf_ref":"DAZ5NSC","category":"fvon","ptf_model":"GENERIC_FISHING_VESSEL_PROBE","country_name":"AUSTRALIA","country_ship":"FIJI","country_sensor_provider":null}},{"type":"Feature","geometry":{"type":"Point","coordinates":[-70,41.8]},"properties":{"ptf_id":1273540,"ptf_ref":"TLD5WDP","category":"fvon","ptf_model":"GENERIC_FISHING_VESSEL_PROBE","country_name":"USA","country_ship":"USA","country_sensor_provider":null}},{"type":"Feature","geometry":{"type":"Point","coordinates":[130.8418,-12.4611]},"properties":{"ptf_id":1348365,"ptf_ref":"7CH2E4B","category":"fvon","ptf_model":"GENERIC_FISHING_VESSEL_PROBE","country_name":"AUSTRALIA","country_ship":"AUSTRALIA","country_sensor_provider":null}},{"type":"Feature","geometry":{"type":"Point","coordinates":[-168.53,53.31]},"properties":{"ptf_id":1340764,"ptf_ref":"LWWF3TX","category":"fvon","ptf_model":"GENERIC_FISHING_VESSEL_PROBE","country_name":"USA","country_ship":"USA","country_sensor_provider":null}},{"type":"Feature","geometry":{"type":"Point","coordinates":[-166.77,53.61]},"properties":{"ptf_id":1307017,"ptf_ref":"JJWBRMS","category":"fvon","ptf_model":"GENERIC_FISHING_VESSEL_PROBE","country_name":"USA","country_ship":"USA","country_sensor_provider":null}},{"type":"Feature","geometry":{"type":"Point","coordinates":[152,-35]},"properties":{"ptf_id":1321460,"ptf_ref":"JYN5EWG","category":"fvon","ptf_model":"GENERIC_FISHING_VESSEL_PROBE","country_name":"AUSTRALIA","country_ship":"AUSTRALIA","country_sensor_provider":null}},{"type":"Feature","geometry":{"type":"Point","coordinates":[-122.02,36.96]},"properties":{"ptf_id":1306339,"ptf_ref":"8SW47RS","category":"fvon","ptf_model":"GENERIC_FISHING_VESSEL_PROBE","country_name":"USA","country_ship":"USA","country_sensor_provider":null}},{"type":"Feature","geometry":{"type":"Point","coordinates":[90.15,21.83]},"properties":{"ptf_id":1233457,"ptf_ref":"NECRNWH","category":"fvon","ptf_model":"GILLNETS AND ENTANGLING NETS","country_name":"BANGLADESH","country_ship":"BANGLADESH","country_sensor_provider":null}},{"type":"Feature","geometry":{"type":"Point","coordinates":[-70,41.8]},"properties":{"ptf_id":1273599,"ptf_ref":"2YBHURU","category":"fvon","ptf_model":"GENERIC_FISHING_VESSEL_PROBE","country_name":"USA","country_ship":"USA","country_sensor_provider":null}},{"type":"Feature","geometry":{"type":"Point","coordinates":[-70.93,41.64]},"properties":{"ptf_id":1254057,"ptf_ref":"UXPTNNH","category":"fvon","ptf_model":"GENERIC_FISHING_VESSEL_PROBE","country_name":"USA","country_ship":"USA","country_sensor_provider":null}},{"type":"Feature","geometry":{"type":"Point","coordinates":[-70.93,41.64]},"properties":{"ptf_id":1253117,"ptf_ref":"VAG3TAG","category":"fvon","ptf_model":"GENERIC_FISHING_VESSEL_PROBE","country_name":"USA","country_ship":"USA","country_sensor_provider":null}},{"type":"Feature","geometry":{"type":"Point","coordinates":[178,-17]},"properties":{"ptf_id":1241267,"ptf_ref":"VXFNR3A","category":"fvon","ptf_model":"GENERIC_FISHING_VESSEL_PROBE","country_name":"AUSTRALIA","country_ship":"FIJI","country_sensor_provider":null}},{"type":"Feature","geometry":{"type":"Point","coordinates":[114.31,-29.35]},"properties":{"ptf_id":1247023,"ptf_ref":"2YDXWVJ","category":"fvon","ptf_model":"GENERIC_FISHING_VESSEL_PROBE","country_name":"AUSTRALIA","country_ship":"AUSTRALIA","country_sensor_provider":null}},{"type":"Feature","geometry":{"type":"Point","coordinates":[-70.65,42.62]},"properties":{"ptf_id":1273614,"ptf_ref":"GYRN2DU","category":"fvon","ptf_model":"GENERIC_FISHING_VESSEL_PROBE","country_name":"USA","country_ship":"USA","country_sensor_provider":null}},{"type":"Feature","geometry":{"type":"Point","coordinates":[-70,41.8]},"properties":{"ptf_id":1273557,"ptf_ref":"GWE3J9H","category":"fvon","ptf_model":"GENERIC_FISHING_VESSEL_PROBE","country_name":"USA","country_ship":"USA","country_sensor_provider":null}},{"type":"Feature","geometry":{"type":"Point","coordinates":[-70,41.8]},"properties":{"ptf_id":1273597,"ptf_ref":"HFRUDLQ","category":"fvon","ptf_model":"GENERIC_FISHING_VESSEL_PROBE","country_name":"USA","country_ship":"USA","country_sensor_provider":null}},{"type":"Feature","geometry":{"type":"Point","coordinates":[-70,41.8]},"properties":{"ptf_id":1273554,"ptf_ref":"EXC2KYW","category":"fvon","ptf_model":"GENERIC_FISHING_VESSEL_PROBE","country_name":"USA","country_ship":"USA","country_sensor_provider":null}},{"type":"Feature","geometry":{"type":"Point","coordinates":[153.938,-30.005]},"properties":{"ptf_id":1355679,"ptf_ref":"9MM2PJF","category":"fvon","ptf_model":"GENERIC_FISHING_VESSEL_PROBE","country_name":"AUSTRALIA","country_ship":"AUSTRALIA","country_sensor_provider":null}},{"type":"Feature","geometry":{"type":"Point","coordinates":[55.5265,-21.1307]},"properties":{"ptf_id":1358078,"ptf_ref":"3UZ2ZLC","category":"fvon","ptf_model":"GENERIC_FISHING_VESSEL_PROBE","country_name":"AUSTRALIA","country_ship":"REUNION","country_sensor_provider":null}},{"type":"Feature","geometry":{"type":"Point","coordinates":[151.35,-33.5167]},"properties":{"ptf_id":1357978,"ptf_ref":"DZE34ZF","category":"fvon","ptf_model":"GENERIC_FISHING_VESSEL_PROBE","country_name":"AUSTRALIA","country_ship":"AUSTRALIA","country_sensor_provider":null}},{"type":"Feature","geometry":{"type":"Point","coordinates":[-70,41.8]},"properties":{"ptf_id":1273553,"ptf_ref":"LJFGZ4Y","category":"fvon","ptf_model":"GENERIC_FISHING_VESSEL_PROBE","country_name":"USA","country_ship":"USA","country_sensor_provider":null}},{"type":"Feature","geometry":{"type":"Point","coordinates":[130.2,-11.3]},"properties":{"ptf_id":1321940,"ptf_ref":"7JYPRVN","category":"fvon","ptf_model":"GENERIC_FISHING_VESSEL_PROBE","country_name":"AUSTRALIA","country_ship":"AUSTRALIA","country_sensor_provider":null}},{"type":"Feature","geometry":{"type":"Point","coordinates":[-70,41.8]},"properties":{"ptf_id":1273559,"ptf_ref":"SFMDWNB","category":"fvon","ptf_model":"GENERIC_FISHING_VESSEL_PROBE","country_name":"USA","country_ship":"USA","country_sensor_provider":null}},{"type":"Feature","geometry":{"type":"Point","coordinates":[150.7,-35.64]},"properties":{"ptf_id":1342896,"ptf_ref":"KZXG7HJ","category":"fvon","ptf_model":"GENERIC_FISHING_VESSEL_PROBE","country_name":"AUSTRALIA","country_ship":"AUSTRALIA","country_sensor_provider":null}},{"type":"Feature","geometry":{"type":"Point","coordinates":[-70.93,41.64]},"properties":{"ptf_id":1253817,"ptf_ref":"YSZTSSY","category":"fvon","ptf_model":"GENERIC_FISHING_VESSEL_PROBE","country_name":"USA","country_ship":"USA","country_sensor_provider":null}},{"type":"Feature","geometry":{"type":"Point","coordinates":[115.19,-31.13]},"properties":{"ptf_id":1344576,"ptf_ref":"2FUQ86Y","category":"fvon","ptf_model":"GENERIC_FISHING_VESSEL_PROBE","country_name":"AUSTRALIA","country_ship":"AUSTRALIA","country_sensor_provider":null}},{"type":"Feature","geometry":{"type":"Point","coordinates":[141.33,-38.33]},"properties":{"ptf_id":1343048,"ptf_ref":"SYYHBBE","category":"fvon","ptf_model":"GENERIC_FISHING_VESSEL_PROBE","country_name":"AUSTRALIA","country_ship":"AUSTRALIA","country_sensor_provider":null}},{"type":"Feature","geometry":{"type":"Point","coordinates":[-6.76,62.01]},"properties":{"ptf_id":1306925,"ptf_ref":"LHNZLPS","category":"fvon","ptf_model":"GENERIC_FISHING_VESSEL_PROBE","country_name":"FAROE IS.","country_ship":"FAROE IS.","country_sensor_provider":null}},{"type":"Feature","geometry":{"type":"Point","coordinates":[39.26,-6.86]},"properties":{"ptf_id":1306677,"ptf_ref":"GJJ3RBE","category":"fvon","ptf_model":"GENERIC_FISHING_VESSEL_PROBE","country_name":"TANZANIA","country_ship":"TANZANIA","country_sensor_provider":null}},{"type":"Feature","geometry":{"type":"Point","coordinates":[-70.93,41.64]},"properties":{"ptf_id":1253557,"ptf_ref":"8EFUKVB","category":"fvon","ptf_model":"GENERIC_FISHING_VESSEL_PROBE","country_name":"USA","country_ship":"USA","country_sensor_provider":null}},{"type":"Feature","geometry":{"type":"Point","coordinates":[-110.97,25.08]},"properties":{"ptf_id":1279320,"ptf_ref":"3HG79MV","category":"fvon","ptf_model":"GENERIC_FISHING_VESSEL_PROBE","country_name":"MEXICO","country_ship":"MEXICO","country_sensor_provider":null}},{"type":"Feature","geometry":{"type":"Point","coordinates":[-70.93,41.64]},"properties":{"ptf_id":1253437,"ptf_ref":"JYXLQ6B","category":"fvon","ptf_model":"GENERIC_FISHING_VESSEL_PROBE","country_name":"USA","country_ship":"USA","country_sensor_provider":null}},{"type":"Feature","geometry":{"type":"Point","coordinates":[-70.25,43.66]},"properties":{"ptf_id":1290899,"ptf_ref":"UCEC87V","category":"fvon","ptf_model":"GENERIC_FISHING_VESSEL_PROBE","country_name":"BAHAMAS","country_ship":"BAHAMAS","country_sensor_provider":null}},{"type":"Feature","geometry":{"type":"Point","coordinates":[113.5,-27]},"properties":{"ptf_id":1247022,"ptf_ref":"SFSNBZU","category":"fvon","ptf_model":"GENERIC_FISHING_VESSEL_PROBE","country_name":"AUSTRALIA","country_ship":"AUSTRALIA","country_sensor_provider":null}},{"type":"Feature","geometry":{"type":"Point","coordinates":[-122.581,37.725]},"properties":{"ptf_id":1340758,"ptf_ref":"WYZFVHL","category":"fvon","ptf_model":"GENERIC_FISHING_VESSEL_PROBE","country_name":"USA","country_ship":"USA","country_sensor_provider":null}},{"type":"Feature","geometry":{"type":"Point","coordinates":[166.4572,-22.2763]},"properties":{"ptf_id":1357477,"ptf_ref":"BTQVXDH","category":"fvon","ptf_model":"GENERIC_FISHING_VESSEL_PROBE","country_name":"FIJI","country_ship":"NEW CALEDONIA","country_sensor_provider":null}},{"type":"Feature","geometry":{"type":"Point","coordinates":[-70.93,41.64]},"properties":{"ptf_id":1253597,"ptf_ref":"GRRHGCL","category":"fvon","ptf_model":"GENERIC_FISHING_VESSEL_PROBE","country_name":"USA","country_ship":"USA","country_sensor_provider":null}},{"type":"Feature","geometry":{"type":"Point","coordinates":[178.4253,-18.1368]},"properties":{"ptf_id":1348402,"ptf_ref":"4PQPZYX","category":"fvon","ptf_model":"GENERIC_FISHING_VESSEL_PROBE","country_name":"FIJI","country_ship":"FIJI","country_sensor_provider":null}},{"type":"Feature","geometry":{"type":"Point","coordinates":[146,-5]},"properties":{"ptf_id":1247309,"ptf_ref":"7SVLPFD","category":"fvon","ptf_model":"GENERIC_FISHING_VESSEL_PROBE","country_name":"AUSTRALIA","country_ship":"PHILIPPINES","country_sensor_provider":null}},{"type":"Feature","geometry":{"type":"Point","coordinates":[-70,41.8]},"properties":{"ptf_id":1273589,"ptf_ref":"YUGHD7Q","category":"fvon","ptf_model":"GENERIC_FISHING_VESSEL_PROBE","country_name":"USA","country_ship":"USA","country_sensor_provider":null}},{"type":"Feature","geometry":{"type":"Point","coordinates":[152,-4]},"properties":{"ptf_id":1241265,"ptf_ref":"5ELU2FY","category":"fvon","ptf_model":"GENERIC_FISHING_VESSEL_PROBE","country_name":"AUSTRALIA","country_ship":"PHILIPPINES","country_sensor_provider":null}},{"type":"Feature","geometry":{"type":"Point","coordinates":[-166.66,53.72]},"properties":{"ptf_id":1305780,"ptf_ref":"DYYGYEV","category":"fvon","ptf_model":"GENERIC_FISHING_VESSEL_PROBE","country_name":"USA","country_ship":"USA","country_sensor_provider":null}},{"type":"Feature","geometry":{"type":"Point","coordinates":[-70,41.8]},"properties":{"ptf_id":1273544,"ptf_ref":"2CFNFWB","category":"fvon","ptf_model":"GENERIC_FISHING_VESSEL_PROBE","country_name":"USA","country_ship":"USA","country_sensor_provider":null}},{"type":"Feature","geometry":{"type":"Point","coordinates":[-169.58,52.95]},"properties":{"ptf_id":1321464,"ptf_ref":"BNQDE4U","category":"fvon","ptf_model":"GENERIC_FISHING_VESSEL_PROBE","country_name":"USA","country_ship":"USA","country_sensor_provider":null}},{"type":"Feature","geometry":{"type":"Point","coordinates":[-168.23,53.28]},"properties":{"ptf_id":1342751,"ptf_ref":"SDGQ2AR","category":"fvon","ptf_model":"GENERIC_FISHING_VESSEL_PROBE","country_name":"USA","country_ship":"USA","country_sensor_provider":null}},{"type":"Feature","geometry":{"type":"Point","coordinates":[153.609,-28.791]},"properties":{"ptf_id":1262051,"ptf_ref":"9AEXMTF","category":"fvon","ptf_model":"GENERIC_FISHING_VESSEL_PROBE","country_name":"AUSTRALIA","country_ship":"AUSTRALIA","country_sensor_provider":null}},{"type":"Feature","geometry":{"type":"Point","coordinates":[-70.93,41.64]},"properties":{"ptf_id":1253677,"ptf_ref":"NUYNVEV","category":"fvon","ptf_model":"GENERIC_FISHING_VESSEL_PROBE","country_name":"USA","country_ship":"USA","country_sensor_provider":null}},{"type":"Feature","geometry":{"type":"Point","coordinates":[137.425,-33.67]},"properties":{"ptf_id":1344469,"ptf_ref":"VSVBF7M","category":"fvon","ptf_model":"GENERIC_FISHING_VESSEL_PROBE","country_name":"AUSTRALIA","country_ship":"AUSTRALIA","country_sensor_provider":null}},{"type":"Feature","geometry":{"type":"Point","coordinates":[130.8418,-12.4611]},"properties":{"ptf_id":1348364,"ptf_ref":"SNEC98C","category":"fvon","ptf_model":"GENERIC_FISHING_VESSEL_PROBE","country_name":"AUSTRALIA","country_ship":"AUSTRALIA","country_sensor_provider":null}},{"type":"Feature","geometry":{"type":"Point","coordinates":[-70.93,41.64]},"properties":{"ptf_id":1253337,"ptf_ref":"QJJ4EFE","category":"fvon","ptf_model":"GENERIC_FISHING_VESSEL_PROBE","country_name":"USA","country_ship":"USA","country_sensor_provider":null}},{"type":"Feature","geometry":{"type":"Point","coordinates":[-70.8,-53.1]},"properties":{"ptf_id":1340539,"ptf_ref":"LLLYGZP","category":"fvon","ptf_model":"GENERIC_FISHING_VESSEL_PROBE","country_name":"AUSTRALIA","country_ship":"CHILE","country_sensor_provider":null}},{"type":"Feature","geometry":{"type":"Point","coordinates":[139.25,-11.91]},"properties":{"ptf_id":1321942,"ptf_ref":"ZNTZH5T","category":"fvon","ptf_model":"GENERIC_FISHING_VESSEL_PROBE","country_name":"AUSTRALIA","country_ship":"AUSTRALIA","country_sensor_provider":null}},{"type":"Feature","geometry":{"type":"Point","coordinates":[148.0016,-37.8668]},"properties":{"ptf_id":1348379,"ptf_ref":"8PTLMHL","category":"fvon","ptf_model":"GENERIC_FISHING_VESSEL_PROBE","country_name":"AUSTRALIA","country_ship":"AUSTRALIA","country_sensor_provider":null}},{"type":"Feature","geometry":{"type":"Point","coordinates":[152.9089,-31.4308]},"properties":{"ptf_id":1356059,"ptf_ref":"VJE274L","category":"fvon","ptf_model":"GENERIC_FISHING_VESSEL_PROBE","country_name":"AUSTRALIA","country_ship":"AUSTRALIA","country_sensor_provider":null}},{"type":"Feature","geometry":{"type":"Point","coordinates":[131,-12.5]},"properties":{"ptf_id":1344536,"ptf_ref":"FFHWFSL","category":"fvon","ptf_model":"GENERIC_FISHING_VESSEL_PROBE","country_name":"AUSTRALIA","country_ship":"AUSTRALIA","country_sensor_provider":null}},{"type":"Feature","geometry":{"type":"Point","coordinates":[147.7,-43.1]},"properties":{"ptf_id":1321414,"ptf_ref":"BFETGDF","category":"fvon","ptf_model":"GENERIC_FISHING_VESSEL_PROBE","country_name":"AUSTRALIA","country_ship":"AUSTRALIA","country_sensor_provider":null}},{"type":"Feature","geometry":{"type":"Point","coordinates":[-16.51,64.16]},"properties":{"ptf_id":1306351,"ptf_ref":"DUUF5PX","category":"fvon","ptf_model":"GENERIC_FISHING_VESSEL_PROBE","country_name":"ICELAND","country_ship":"ICELAND","country_sensor_provider":null}},{"type":"Feature","geometry":{"type":"Point","coordinates":[-70,41.8]},"properties":{"ptf_id":1273608,"ptf_ref":"VCS4U9J","category":"fvon","ptf_model":"GENERIC_FISHING_VESSEL_PROBE","country_name":"USA","country_ship":"USA","country_sensor_provider":null}},{"type":"Feature","geometry":{"type":"Point","coordinates":[39.23,-6.17]},"properties":{"ptf_id":1305765,"ptf_ref":"RWYQMZP","category":"fvon","ptf_model":"GENERIC_FISHING_VESSEL_PROBE","country_name":"TANZANIA","country_ship":"TANZANIA","country_sensor_provider":null}},{"type":"Feature","geometry":{"type":"Point","coordinates":[133,-10]},"properties":{"ptf_id":1242198,"ptf_ref":"FKZVQBW","category":"fvon","ptf_model":"GENERIC_FISHING_VESSEL_PROBE","country_name":"AUSTRALIA","country_ship":"AUSTRALIA","country_sensor_provider":null}},{"type":"Feature","geometry":{"type":"Point","coordinates":[-166.77,53.61]},"properties":{"ptf_id":1307019,"ptf_ref":"BGMB9YE","category":"fvon","ptf_model":"GENERIC_FISHING_VESSEL_PROBE","country_name":"USA","country_ship":"USA","country_sensor_provider":null}},{"type":"Feature","geometry":{"type":"Point","coordinates":[-70,41.8]},"properties":{"ptf_id":1273573,"ptf_ref":"QLFQ9EM","category":"fvon","ptf_model":"GENERIC_FISHING_VESSEL_PROBE","country_name":"USA","country_ship":"USA","country_sensor_provider":null}},{"type":"Feature","geometry":{"type":"Point","coordinates":[159.445,-19.514]},"properties":{"ptf_id":1357478,"ptf_ref":"BVHZ5HT","category":"fvon","ptf_model":"GENERIC_FISHING_VESSEL_PROBE","country_name":"FIJI","country_ship":"NEW CALEDONIA","country_sensor_provider":null}},{"type":"Feature","geometry":{"type":"Point","coordinates":[-167.26,53.66]},"properties":{"ptf_id":1321192,"ptf_ref":"XDUY9TW","category":"fvon","ptf_model":"GENERIC_FISHING_VESSEL_PROBE","country_name":"USA","country_ship":"USA","country_sensor_provider":null}},{"type":"Feature","geometry":{"type":"Point","coordinates":[143.4,-40.15]},"properties":{"ptf_id":1342762,"ptf_ref":"XLNZF3H","category":"fvon","ptf_model":"GENERIC_FISHING_VESSEL_PROBE","country_name":"AUSTRALIA","country_ship":"AUSTRALIA","country_sensor_provider":null}},{"type":"Feature","geometry":{"type":"Point","coordinates":[178,-17]},"properties":{"ptf_id":1242212,"ptf_ref":"EYVGEYZ","category":"fvon","ptf_model":"GENERIC_FISHING_VESSEL_PROBE","country_name":"AUSTRALIA","country_ship":"FIJI","country_sensor_provider":null}},{"type":"Feature","geometry":{"type":"Point","coordinates":[-16.17,63.84]},"properties":{"ptf_id":1305790,"ptf_ref":"5UHTBVD","category":"fvon","ptf_model":"GENERIC_FISHING_VESSEL_PROBE","country_name":"ICELAND","country_ship":"ICELAND","country_sensor_provider":null}},{"type":"Feature","geometry":{"type":"Point","coordinates":[-70.82,41.93]},"properties":{"ptf_id":1292788,"ptf_ref":"DXZV57M","category":"fvon","ptf_model":"GENERIC_FISHING_VESSEL_PROBE","country_name":"USA","country_ship":"USA","country_sensor_provider":null}},{"type":"Feature","geometry":{"type":"Point","coordinates":[178.4253,-18.1368]},"properties":{"ptf_id":1348367,"ptf_ref":"QMRS38N","category":"fvon","ptf_model":"GENERIC_FISHING_VESSEL_PROBE","country_name":"FIJI","country_ship":"FIJI","country_sensor_provider":null}},{"type":"Feature","geometry":{"type":"Point","coordinates":[90.15,21.83]},"properties":{"ptf_id":1233417,"ptf_ref":"AXEVTUK","category":"fvon","ptf_model":"GILLNETS AND ENTANGLING NETS","country_name":"BANGLADESH","country_ship":"BANGLADESH","country_sensor_provider":null}},{"type":"Feature","geometry":{"type":"Point","coordinates":[39.25,-6.8]},"properties":{"ptf_id":1306699,"ptf_ref":"YEGSEVG","category":"fvon","ptf_model":"GENERIC_FISHING_VESSEL_PROBE","country_name":"TANZANIA","country_ship":"TANZANIA","country_sensor_provider":null}},{"type":"Feature","geometry":{"type":"Point","coordinates":[178,-17]},"properties":{"ptf_id":1254798,"ptf_ref":"DZK2PNH","category":"fvon","ptf_model":"GENERIC_FISHING_VESSEL_PROBE","country_name":"AUSTRALIA","country_ship":"FIJI","country_sensor_provider":null}},{"type":"Feature","geometry":{"type":"Point","coordinates":[-1.78,57.51]},"properties":{"ptf_id":1321610,"ptf_ref":"DMJFTAR","category":"fvon","ptf_model":"GENERIC_FISHING_VESSEL_PROBE","country_name":"UK","country_ship":"UK","country_sensor_provider":null}},{"type":"Feature","geometry":{"type":"Point","coordinates":[-149.6,-17.5]},"properties":{"ptf_id":1269240,"ptf_ref":"7ZLGXPF","category":"fvon","ptf_model":"GENERIC_FISHING_VESSEL_PROBE","country_name":"AUSTRALIA","country_ship":"FR. POLYNESIA","country_sensor_provider":null}},{"type":"Feature","geometry":{"type":"Point","coordinates":[-166.77,53.61]},"properties":{"ptf_id":1307018,"ptf_ref":"RRC8KMS","category":"fvon","ptf_model":"GENERIC_FISHING_VESSEL_PROBE","country_name":"USA","country_ship":"USA","country_sensor_provider":null}},{"type":"Feature","geometry":{"type":"Point","coordinates":[39.31,-7.77]},"properties":{"ptf_id":1305775,"ptf_ref":"CUEYBWX","category":"fvon","ptf_model":"GENERIC_FISHING_VESSEL_PROBE","country_name":"TANZANIA","country_ship":"TANZANIA","country_sensor_provider":null}},{"type":"Feature","geometry":{"type":"Point","coordinates":[152,-4]},"properties":{"ptf_id":1252436,"ptf_ref":"BAJC7WA","category":"fvon","ptf_model":"GENERIC_FISHING_VESSEL_PROBE","country_name":"AUSTRALIA","country_ship":"PHILIPPINES","country_sensor_provider":null}},{"type":"Feature","geometry":{"type":"Point","coordinates":[114.7,-29]},"properties":{"ptf_id":1298911,"ptf_ref":"WSCP5TX","category":"fvon","ptf_model":"GENERIC_FISHING_VESSEL_PROBE","country_name":"AUSTRALIA","country_ship":"AUSTRALIA","country_sensor_provider":null}},{"type":"Feature","geometry":{"type":"Point","coordinates":[-70.93,41.64]},"properties":{"ptf_id":1254597,"ptf_ref":"KZGJ2FN","category":"fvon","ptf_model":"GENERIC_FISHING_VESSEL_PROBE","country_name":"USA","country_ship":"USA","country_sensor_provider":null}},{"type":"Feature","geometry":{"type":"Point","coordinates":[154.1,-20.8]},"properties":{"ptf_id":1321531,"ptf_ref":"XSZR5ZS","category":"fvon","ptf_model":"GENERIC_FISHING_VESSEL_PROBE","country_name":"AUSTRALIA","country_ship":"AUSTRALIA","country_sensor_provider":null}},{"type":"Feature","geometry":{"type":"Point","coordinates":[-70,41.8]},"properties":{"ptf_id":1273523,"ptf_ref":"HNL6CBV","category":"fvon","ptf_model":"GENERIC_FISHING_VESSEL_PROBE","country_name":"USA","country_ship":"USA","country_sensor_provider":null}},{"type":"Feature","geometry":{"type":"Point","coordinates":[114.32,-29.48]},"properties":{"ptf_id":1298605,"ptf_ref":"BTLU7UH","category":"fvon","ptf_model":"GENERIC_FISHING_VESSEL_PROBE","country_name":"AUSTRALIA","country_ship":"AUSTRALIA","country_sensor_provider":null}},{"type":"Feature","geometry":{"type":"Point","coordinates":[179.462,-20.746]},"properties":{"ptf_id":1348383,"ptf_ref":"RXRZN2D","category":"fvon","ptf_model":"GENERIC_FISHING_VESSEL_PROBE","country_name":"FIJI","country_ship":"FIJI","country_sensor_provider":null}},{"type":"Feature","geometry":{"type":"Point","coordinates":[-122.03,36.96]},"properties":{"ptf_id":1305794,"ptf_ref":"PYZQ33D","category":"fvon","ptf_model":"GENERIC_FISHING_VESSEL_PROBE","country_name":"USA","country_ship":"USA","country_sensor_provider":null}},{"type":"Feature","geometry":{"type":"Point","coordinates":[115.45,-32.69]},"properties":{"ptf_id":1321521,"ptf_ref":"SXZXWWD","category":"fvon","ptf_model":"GENERIC_FISHING_VESSEL_PROBE","country_name":"AUSTRALIA","country_ship":"AUSTRALIA","country_sensor_provider":null}},{"type":"Feature","geometry":{"type":"Point","coordinates":[-122.8,37.99]},"properties":{"ptf_id":1306344,"ptf_ref":"PFGDGEF","category":"fvon","ptf_model":"GENERIC_FISHING_VESSEL_PROBE","country_name":"USA","country_ship":"USA","country_sensor_provider":null}},{"type":"Feature","geometry":{"type":"Point","coordinates":[-122.03,36.96]},"properties":{"ptf_id":1305791,"ptf_ref":"TDDBUHM","category":"fvon","ptf_model":"GENERIC_FISHING_VESSEL_PROBE","country_name":"USA","country_ship":"USA","country_sensor_provider":null}},{"type":"Feature","geometry":{"type":"Point","coordinates":[-70,41.8]},"properties":{"ptf_id":1273581,"ptf_ref":"HSGT4BT","category":"fvon","ptf_model":"GENERIC_FISHING_VESSEL_PROBE","country_name":"USA","country_ship":"USA","country_sensor_provider":null}},{"type":"Feature","geometry":{"type":"Point","coordinates":[-70.93,41.64]},"properties":{"ptf_id":1253897,"ptf_ref":"GPNYDCT","category":"fvon","ptf_model":"GENERIC_FISHING_VESSEL_PROBE","country_name":"USA","country_ship":"USA","country_sensor_provider":null}},{"type":"Feature","geometry":{"type":"Point","coordinates":[-167.26,53.66]},"properties":{"ptf_id":1321406,"ptf_ref":"3XPMHPV","category":"fvon","ptf_model":"GENERIC_FISHING_VESSEL_PROBE","country_name":"USA","country_ship":"USA","country_sensor_provider":null}},{"type":"Feature","geometry":{"type":"Point","coordinates":[-69,43]},"properties":{"ptf_id":1228197,"ptf_ref":"JWTWP7R","category":"fvon","ptf_model":"GENERIC_FISHING_VESSEL_PROBE","country_name":"USA","country_ship":"USA","country_sensor_provider":null}},{"type":"Feature","geometry":{"type":"Point","coordinates":[115.16,-31.03]},"properties":{"ptf_id":1344579,"ptf_ref":"ZGM3Q2Z","category":"fvon","ptf_model":"GENERIC_FISHING_VESSEL_PROBE","country_name":"AUSTRALIA","country_ship":"AUSTRALIA","country_sensor_provider":null}},{"type":"Feature","geometry":{"type":"Point","coordinates":[115.35,-32.9]},"properties":{"ptf_id":1321519,"ptf_ref":"MYTTNGZ","category":"fvon","ptf_model":"GENERIC_FISHING_VESSEL_PROBE","country_name":"AUSTRALIA","country_ship":"AUSTRALIA","country_sensor_provider":null}},{"type":"Feature","geometry":{"type":"Point","coordinates":[151.336,-34.454]},"properties":{"ptf_id":1349157,"ptf_ref":"KULL7JL","category":"fvon","ptf_model":"GENERIC_FISHING_VESSEL_PROBE","country_name":"AUSTRALIA","country_ship":"AUSTRALIA","country_sensor_provider":null}},{"type":"Feature","geometry":{"type":"Point","coordinates":[-70,41.8]},"properties":{"ptf_id":1273591,"ptf_ref":"URDPS6G","category":"fvon","ptf_model":"GENERIC_FISHING_VESSEL_PROBE","country_name":"USA","country_ship":"USA","country_sensor_provider":null}},{"type":"Feature","geometry":{"type":"Point","coordinates":[-110.32,24.16]},"properties":{"ptf_id":1273170,"ptf_ref":"NNPYM7H","category":"fvon","ptf_model":"GENERIC_FISHING_VESSEL_PROBE","country_name":"MEXICO","country_ship":"MEXICO","country_sensor_provider":null}},{"type":"Feature","geometry":{"type":"Point","coordinates":[-70.93,41.64]},"properties":{"ptf_id":1254437,"ptf_ref":"KAW65NT","category":"fvon","ptf_model":"GENERIC_FISHING_VESSEL_PROBE","country_name":"USA","country_ship":"USA","country_sensor_provider":null}},{"type":"Feature","geometry":{"type":"Point","coordinates":[-70.93,41.64]},"properties":{"ptf_id":1254277,"ptf_ref":"WVZB22Q","category":"fvon","ptf_model":"GENERIC_FISHING_VESSEL_PROBE","country_name":"USA","country_ship":"USA","country_sensor_provider":null}},{"type":"Feature","geometry":{"type":"Point","coordinates":[-70.93,41.64]},"properties":{"ptf_id":1253957,"ptf_ref":"DCD2RAG","category":"fvon","ptf_model":"GENERIC_FISHING_VESSEL_PROBE","country_name":"USA","country_ship":"USA","country_sensor_provider":null}},{"type":"Feature","geometry":{"type":"Point","coordinates":[159.0637,-31.5234]},"properties":{"ptf_id":1348380,"ptf_ref":"9XUY33C","category":"fvon","ptf_model":"GENERIC_FISHING_VESSEL_PROBE","country_name":"AUSTRALIA","country_ship":"AUSTRALIA","country_sensor_provider":null}},{"type":"Feature","geometry":{"type":"Point","coordinates":[151.3,-37.8]},"properties":{"ptf_id":1344470,"ptf_ref":"GKMG3MG","category":"fvon","ptf_model":"GENERIC_FISHING_VESSEL_PROBE","country_name":"AUSTRALIA","country_ship":"AUSTRALIA","country_sensor_provider":null}},{"type":"Feature","geometry":{"type":"Point","coordinates":[-70.82,41.93]},"properties":{"ptf_id":1292787,"ptf_ref":"NYEHP2E","category":"fvon","ptf_model":"GENERIC_FISHING_VESSEL_PROBE","country_name":"USA","country_ship":"USA","country_sensor_provider":null}},{"type":"Feature","geometry":{"type":"Point","coordinates":[-71.06,42.35]},"properties":{"ptf_id":1294078,"ptf_ref":"3PDVEFJ","category":"fvon","ptf_model":"GENERIC_FISHING_VESSEL_PROBE","country_name":"USA","country_ship":"USA","country_sensor_provider":null}},{"type":"Feature","geometry":{"type":"Point","coordinates":[-167.26,53.66]},"properties":{"ptf_id":1321409,"ptf_ref":"DDY5T6F","category":"fvon","ptf_model":"GENERIC_FISHING_VESSEL_PROBE","country_name":"USA","country_ship":"USA","country_sensor_provider":null}},{"type":"Feature","geometry":{"type":"Point","coordinates":[147,-6.5]},"properties":{"ptf_id":1248062,"ptf_ref":"8MNCZMY","category":"fvon","ptf_model":"GENERIC_FISHING_VESSEL_PROBE","country_name":"AUSTRALIA","country_ship":"PNG","country_sensor_provider":null}},{"type":"Feature","geometry":{"type":"Point","coordinates":[129.75,-10.43]},"properties":{"ptf_id":1349018,"ptf_ref":"FSFL9CC","category":"fvon","ptf_model":"GENERIC_FISHING_VESSEL_PROBE","country_name":"AUSTRALIA","country_ship":"AUSTRALIA","country_sensor_provider":null}},{"type":"Feature","geometry":{"type":"Point","coordinates":[153.2,-31.5]},"properties":{"ptf_id":1321578,"ptf_ref":"3AX77QN","category":"fvon","ptf_model":"GENERIC_FISHING_VESSEL_PROBE","country_name":"AUSTRALIA","country_ship":"AUSTRALIA","country_sensor_provider":null}},{"type":"Feature","geometry":{"type":"Point","coordinates":[178,-17]},"properties":{"ptf_id":1255038,"ptf_ref":"ZTD4H4E","category":"fvon","ptf_model":"GENERIC_FISHING_VESSEL_PROBE","country_name":"AUSTRALIA","country_ship":"FIJI","country_sensor_provider":null}},{"type":"Feature","geometry":{"type":"Point","coordinates":[-171.7666,-13.8333]},"properties":{"ptf_id":1348369,"ptf_ref":"NMT3NJN","category":"fvon","ptf_model":"GENERIC_FISHING_VESSEL_PROBE","country_name":"FIJI","country_ship":"SAMOA","country_sensor_provider":null}},{"type":"Feature","geometry":{"type":"Point","coordinates":[-70,41.8]},"properties":{"ptf_id":1273606,"ptf_ref":"UJDMS7V","category":"fvon","ptf_model":"GENERIC_FISHING_VESSEL_PROBE","country_name":"USA","country_ship":"USA","country_sensor_provider":null}},{"type":"Feature","geometry":{"type":"Point","coordinates":[153.833,-30.558]},"properties":{"ptf_id":1355657,"ptf_ref":"HWYYKSA","category":"fvon","ptf_model":"GENERIC_FISHING_VESSEL_PROBE","country_name":"AUSTRALIA","country_ship":"AUSTRALIA","country_sensor_provider":null}},{"type":"Feature","geometry":{"type":"Point","coordinates":[-168.53,53.31]},"properties":{"ptf_id":1340761,"ptf_ref":"2UQQSSG","category":"fvon","ptf_model":"GENERIC_FISHING_VESSEL_PROBE","country_name":"USA","country_ship":"USA","country_sensor_provider":null}},{"type":"Feature","geometry":{"type":"Point","coordinates":[-6.76,62.28]},"properties":{"ptf_id":1344635,"ptf_ref":"FKE7KNM","category":"fvon","ptf_model":"GENERIC_FISHING_VESSEL_PROBE","country_name":"FAROE IS.","country_ship":"FAROE IS.","country_sensor_provider":null}},{"type":"Feature","geometry":{"type":"Point","coordinates":[-69,43]},"properties":{"ptf_id":1224117,"ptf_ref":"DVEZVMV","category":"fvon","ptf_model":"AIRMAR 200WX","country_name":"USA","country_ship":"USA","country_sensor_provider":null}},{"type":"Feature","geometry":{"type":"Point","coordinates":[114.63,-29.72]},"properties":{"ptf_id":1348404,"ptf_ref":"5AYWE4J","category":"fvon","ptf_model":"GENERIC_FISHING_VESSEL_PROBE","country_name":"AUSTRALIA","country_ship":"AUSTRALIA","country_sensor_provider":null}},{"type":"Feature","geometry":{"type":"Point","coordinates":[148,-43]},"properties":{"ptf_id":1321416,"ptf_ref":"VBF549G","category":"fvon","ptf_model":"GENERIC_FISHING_VESSEL_PROBE","country_name":"AUSTRALIA","country_ship":"AUSTRALIA","country_sensor_provider":null}},{"type":"Feature","geometry":{"type":"Point","coordinates":[-73.1,45.38]},"properties":{"ptf_id":1292762,"ptf_ref":"KFWTMSN","category":"fvon","ptf_model":"GENERIC_FISHING_VESSEL_PROBE","country_name":"USA","country_ship":"USA","country_sensor_provider":null}},{"type":"Feature","geometry":{"type":"Point","coordinates":[157.1997,-8.2227]},"properties":{"ptf_id":1348362,"ptf_ref":"4EJBKFB","category":"fvon","ptf_model":"GENERIC_FISHING_VESSEL_PROBE","country_name":"FIJI","country_ship":"SOLOMON ISLANDS","country_sensor_provider":null}},{"type":"Feature","geometry":{"type":"Point","coordinates":[-70,41.8]},"properties":{"ptf_id":1273596,"ptf_ref":"JQH2WWQ","category":"fvon","ptf_model":"GENERIC_FISHING_VESSEL_PROBE","country_name":"USA","country_ship":"USA","country_sensor_provider":null}},{"type":"Feature","geometry":{"type":"Point","coordinates":[-70,41.8]},"properties":{"ptf_id":1273582,"ptf_ref":"WKUQJRJ","category":"fvon","ptf_model":"GENERIC_FISHING_VESSEL_PROBE","country_name":"USA","country_ship":"USA","country_sensor_provider":null}},{"type":"Feature","geometry":{"type":"Point","coordinates":[-70,41.8]},"properties":{"ptf_id":1273569,"ptf_ref":"RXRECYP","category":"fvon","ptf_model":"GENERIC_FISHING_VESSEL_PROBE","country_name":"USA","country_ship":"USA","country_sensor_provider":null}},{"type":"Feature","geometry":{"type":"Point","coordinates":[154.1,-21.2]},"properties":{"ptf_id":1321529,"ptf_ref":"7KHY7VY","category":"fvon","ptf_model":"GENERIC_FISHING_VESSEL_PROBE","country_name":"AUSTRALIA","country_ship":"AUSTRALIA","country_sensor_provider":null}},{"type":"Feature","geometry":{"type":"Point","coordinates":[148.239,-40.263]},"properties":{"ptf_id":1321527,"ptf_ref":"XYLPRDQ","category":"fvon","ptf_model":"GENERIC_FISHING_VESSEL_PROBE","country_name":"AUSTRALIA","country_ship":"AUSTRALIA","country_sensor_provider":null}},{"type":"Feature","geometry":{"type":"Point","coordinates":[39.29,-8.13]},"properties":{"ptf_id":1305777,"ptf_ref":"DPN9JEM","category":"fvon","ptf_model":"GENERIC_FISHING_VESSEL_PROBE","country_name":"TANZANIA","country_ship":"TANZANIA","country_sensor_provider":null}},{"type":"Feature","geometry":{"type":"Point","coordinates":[-73.1,45.38]},"properties":{"ptf_id":1292761,"ptf_ref":"EHT4P6J","category":"fvon","ptf_model":"GENERIC_FISHING_VESSEL_PROBE","country_name":"USA","country_ship":"USA","country_sensor_provider":null}},{"type":"Feature","geometry":{"type":"Point","coordinates":[-70.93,41.64]},"properties":{"ptf_id":1253917,"ptf_ref":"NGKX6UX","category":"fvon","ptf_model":"GENERIC_FISHING_VESSEL_PROBE","country_name":"USA","country_ship":"USA","country_sensor_provider":null}},{"type":"Feature","geometry":{"type":"Point","coordinates":[-70,41.8]},"properties":{"ptf_id":1273550,"ptf_ref":"FHLMNXG","category":"fvon","ptf_model":"GENERIC_FISHING_VESSEL_PROBE","country_name":"USA","country_ship":"USA","country_sensor_provider":null}},{"type":"Feature","geometry":{"type":"Point","coordinates":[178,-17]},"properties":{"ptf_id":1257347,"ptf_ref":"ZLPQR8X","category":"fvon","ptf_model":"GENERIC_FISHING_VESSEL_PROBE","country_name":"AUSTRALIA","country_ship":"FIJI","country_sensor_provider":null}},{"type":"Feature","geometry":{"type":"Point","coordinates":[-166.66,53.72]},"properties":{"ptf_id":1305779,"ptf_ref":"TWSGSKG","category":"fvon","ptf_model":"GENERIC_FISHING_VESSEL_PROBE","country_name":"USA","country_ship":"USA","country_sensor_provider":null}},{"type":"Feature","geometry":{"type":"Point","coordinates":[-70,41.8]},"properties":{"ptf_id":1273563,"ptf_ref":"SBWR6ZT","category":"fvon","ptf_model":"GENERIC_FISHING_VESSEL_PROBE","country_name":"USA","country_ship":"USA","country_sensor_provider":null}},{"type":"Feature","geometry":{"type":"Point","coordinates":[134,-11]},"properties":{"ptf_id":1249410,"ptf_ref":"SXK4CGU","category":"fvon","ptf_model":"GENERIC_FISHING_VESSEL_PROBE","country_name":"AUSTRALIA","country_ship":"AUSTRALIA","country_sensor_provider":null}},{"type":"Feature","geometry":{"type":"Point","coordinates":[-70.93,41.64]},"properties":{"ptf_id":1254097,"ptf_ref":"8FV4UPB","category":"fvon","ptf_model":"GENERIC_FISHING_VESSEL_PROBE","country_name":"USA","country_ship":"USA","country_sensor_provider":null}},{"type":"Feature","geometry":{"type":"Point","coordinates":[-168.23,53.28]},"properties":{"ptf_id":1342750,"ptf_ref":"TRN9URG","category":"fvon","ptf_model":"GENERIC_FISHING_VESSEL_PROBE","country_name":"USA","country_ship":"USA","country_sensor_provider":null}},{"type":"Feature","geometry":{"type":"Point","coordinates":[-1.79,57.5]},"properties":{"ptf_id":1307250,"ptf_ref":"2BB7PJJ","category":"fvon","ptf_model":"GENERIC_FISHING_VESSEL_PROBE","country_name":"UK","country_ship":"UK","country_sensor_provider":null}},{"type":"Feature","geometry":{"type":"Point","coordinates":[-70.65,42.62]},"properties":{"ptf_id":1273615,"ptf_ref":"WRS332Q","category":"fvon","ptf_model":"GENERIC_FISHING_VESSEL_PROBE","country_name":"USA","country_ship":"USA","country_sensor_provider":null}},{"type":"Feature","geometry":{"type":"Point","coordinates":[-73.1,45.38]},"properties":{"ptf_id":1292772,"ptf_ref":"AGLB8AZ","category":"fvon","ptf_model":"GENERIC_FISHING_VESSEL_PROBE","country_name":"USA","country_ship":null,"country_sensor_provider":null}},{"type":"Feature","geometry":{"type":"Point","coordinates":[152.751,-32.695]},"properties":{"ptf_id":1356360,"ptf_ref":"VFPSZGJ","category":"fvon","ptf_model":"GENERIC_FISHING_VESSEL_PROBE","country_name":"AUSTRALIA","country_ship":"AUSTRALIA","country_sensor_provider":null}},{"type":"Feature","geometry":{"type":"Point","coordinates":[115.15,-31.13]},"properties":{"ptf_id":1344578,"ptf_ref":"9UEC5KB","category":"fvon","ptf_model":"GENERIC_FISHING_VESSEL_PROBE","country_name":"AUSTRALIA","country_ship":"AUSTRALIA","country_sensor_provider":null}},{"type":"Feature","geometry":{"type":"Point","coordinates":[-70,41.8]},"properties":{"ptf_id":1273556,"ptf_ref":"LFQ888N","category":"fvon","ptf_model":"GENERIC_FISHING_VESSEL_PROBE","country_name":"USA","country_ship":"USA","country_sensor_provider":null}},{"type":"Feature","geometry":{"type":"Point","coordinates":[-167.26,53.66]},"properties":{"ptf_id":1321194,"ptf_ref":"FWLFJLD","category":"fvon","ptf_model":"GENERIC_FISHING_VESSEL_PROBE","country_name":"USA","country_ship":"USA","country_sensor_provider":null}},{"type":"Feature","geometry":{"type":"Point","coordinates":[152.1439,-32.7204]},"properties":{"ptf_id":1357998,"ptf_ref":"WBK3YWL","category":"fvon","ptf_model":"GENERIC_FISHING_VESSEL_PROBE","country_name":"AUSTRALIA","country_ship":"AUSTRALIA","country_sensor_provider":null}},{"type":"Feature","geometry":{"type":"Point","coordinates":[155,-24]},"properties":{"ptf_id":1344467,"ptf_ref":"EUAHSRD","category":"fvon","ptf_model":"GENERIC_FISHING_VESSEL_PROBE","country_name":"AUSTRALIA","country_ship":"AUSTRALIA","country_sensor_provider":null}},{"type":"Feature","geometry":{"type":"Point","coordinates":[178.4418,-18.1416]},"properties":{"ptf_id":1347418,"ptf_ref":"8FD3E8G","category":"fvon","ptf_model":"GENERIC_FISHING_VESSEL_PROBE","country_name":"FIJI","country_ship":"FIJI","country_sensor_provider":null}},{"type":"Feature","geometry":{"type":"Point","coordinates":[114.31,-29.32]},"properties":{"ptf_id":1247026,"ptf_ref":"6FXTBLD","category":"fvon","ptf_model":"GENERIC_FISHING_VESSEL_PROBE","country_name":"AUSTRALIA","country_ship":"AUSTRALIA","country_sensor_provider":null}},{"type":"Feature","geometry":{"type":"Point","coordinates":[140.5,-17.5]},"properties":{"ptf_id":1321939,"ptf_ref":"2RY2D2L","category":"fvon","ptf_model":"GENERIC_FISHING_VESSEL_PROBE","country_name":"AUSTRALIA","country_ship":"AUSTRALIA","country_sensor_provider":null}},{"type":"Feature","geometry":{"type":"Point","coordinates":[-14.8,66.02]},"properties":{"ptf_id":1306347,"ptf_ref":"DBEGWYP","category":"fvon","ptf_model":"GENERIC_FISHING_VESSEL_PROBE","country_name":"ICELAND","country_ship":"ICELAND","country_sensor_provider":null}},{"type":"Feature","geometry":{"type":"Point","coordinates":[147.981,-40.377]},"properties":{"ptf_id":1298499,"ptf_ref":"RCR4FKF","category":"fvon","ptf_model":"GENERIC_FISHING_VESSEL_PROBE","country_name":"AUSTRALIA","country_ship":"AUSTRALIA","country_sensor_provider":null}},{"type":"Feature","geometry":{"type":"Point","coordinates":[-70,41.8]},"properties":{"ptf_id":1273548,"ptf_ref":"CTC82FZ","category":"fvon","ptf_model":"GENERIC_FISHING_VESSEL_PROBE","country_name":"USA","country_ship":"USA","country_sensor_provider":null}},{"type":"Feature","geometry":{"type":"Point","coordinates":[158.7,-24.451]},"properties":{"ptf_id":1348384,"ptf_ref":"BEGL5GH","category":"fvon","ptf_model":"GENERIC_FISHING_VESSEL_PROBE","country_name":"FIJI","country_ship":"NEW CALEDONIA","country_sensor_provider":null}},{"type":"Feature","geometry":{"type":"Point","coordinates":[151.1,-35.5]},"properties":{"ptf_id":1343043,"ptf_ref":"7AQ4WHY","category":"fvon","ptf_model":"GENERIC_FISHING_VESSEL_PROBE","country_name":"AUSTRALIA","country_ship":"AUSTRALIA","country_sensor_provider":null}},{"type":"Feature","geometry":{"type":"Point","coordinates":[-69.96,43.04]},"properties":{"ptf_id":1247057,"ptf_ref":"8HQ2XJE","category":"fvon","ptf_model":"TRAWLS","country_name":"USA","country_ship":"USA","country_sensor_provider":null}},{"type":"Feature","geometry":{"type":"Point","coordinates":[151.38,-33.78]},"properties":{"ptf_id":1262038,"ptf_ref":"2JWXE2Y","category":"fvon","ptf_model":"GENERIC_FISHING_VESSEL_PROBE","country_name":"AUSTRALIA","country_ship":"AUSTRALIA","country_sensor_provider":null}},{"type":"Feature","geometry":{"type":"Point","coordinates":[-167.26,53.66]},"properties":{"ptf_id":1321412,"ptf_ref":"QNMTCVL","category":"fvon","ptf_model":"GENERIC_FISHING_VESSEL_PROBE","country_name":"USA","country_ship":"USA","country_sensor_provider":null}},{"type":"Feature","geometry":{"type":"Point","coordinates":[-70.93,41.64]},"properties":{"ptf_id":1253797,"ptf_ref":"EPBARBP","category":"fvon","ptf_model":"GENERIC_FISHING_VESSEL_PROBE","country_name":"USA","country_ship":"USA","country_sensor_provider":null}},{"type":"Feature","geometry":{"type":"Point","coordinates":[55.5265,-21.1307]},"properties":{"ptf_id":1358077,"ptf_ref":"TDVNTBK","category":"fvon","ptf_model":"GENERIC_FISHING_VESSEL_PROBE","country_name":"AUSTRALIA","country_ship":"REUNION","country_sensor_provider":null}},{"type":"Feature","geometry":{"type":"Point","coordinates":[153.3,-30.5]},"properties":{"ptf_id":1262041,"ptf_ref":"QCSMGNN","category":"fvon","ptf_model":"GENERIC_FISHING_VESSEL_PROBE","country_name":"AUSTRALIA","country_ship":"AUSTRALIA","country_sensor_provider":null}},{"type":"Feature","geometry":{"type":"Point","coordinates":[150.5,-36.5]},"properties":{"ptf_id":1342755,"ptf_ref":"TVFCE2U","category":"fvon","ptf_model":"GENERIC_FISHING_VESSEL_PROBE","country_name":"AUSTRALIA","country_ship":"AUSTRALIA","country_sensor_provider":null}},{"type":"Feature","geometry":{"type":"Point","coordinates":[151.75,-33.32]},"properties":{"ptf_id":1262050,"ptf_ref":"CPJLSQD","category":"fvon","ptf_model":"GENERIC_FISHING_VESSEL_PROBE","country_name":"AUSTRALIA","country_ship":"AUSTRALIA","country_sensor_provider":null}},{"type":"Feature","geometry":{"type":"Point","coordinates":[135.8504,-34.7301]},"properties":{"ptf_id":1348407,"ptf_ref":"FTUGGGE","category":"fvon","ptf_model":"GENERIC_FISHING_VESSEL_PROBE","country_name":"AUSTRALIA","country_ship":"AUSTRALIA","country_sensor_provider":null}},{"type":"Feature","geometry":{"type":"Point","coordinates":[115.45,-32.24]},"properties":{"ptf_id":1344572,"ptf_ref":"PDNWL7T","category":"fvon","ptf_model":"GENERIC_FISHING_VESSEL_PROBE","country_name":"AUSTRALIA","country_ship":"AUSTRALIA","country_sensor_provider":null}},{"type":"Feature","geometry":{"type":"Point","coordinates":[-167.26,53.66]},"properties":{"ptf_id":1321404,"ptf_ref":"CGRLDLC","category":"fvon","ptf_model":"GENERIC_FISHING_VESSEL_PROBE","country_name":"USA","country_ship":"USA","country_sensor_provider":null}},{"type":"Feature","geometry":{"type":"Point","coordinates":[-70.93,41.64]},"properties":{"ptf_id":1253237,"ptf_ref":"UKVX4JQ","category":"fvon","ptf_model":"GENERIC_FISHING_VESSEL_PROBE","country_name":"USA","country_ship":"USA","country_sensor_provider":null}},{"type":"Feature","geometry":{"type":"Point","coordinates":[131,-12]},"properties":{"ptf_id":1248059,"ptf_ref":"VEN3K2N","category":"fvon","ptf_model":"GENERIC_FISHING_VESSEL_PROBE","country_name":"AUSTRALIA","country_ship":"AUSTRALIA","country_sensor_provider":null}},{"type":"Feature","geometry":{"type":"Point","coordinates":[148.327,-41.738]},"properties":{"ptf_id":1321498,"ptf_ref":"RCM3H6L","category":"fvon","ptf_model":"GENERIC_FISHING_VESSEL_PROBE","country_name":"AUSTRALIA","country_ship":"AUSTRALIA","country_sensor_provider":null}},{"type":"Feature","geometry":{"type":"Point","coordinates":[-70.93,41.64]},"properties":{"ptf_id":1254497,"ptf_ref":"BYMELEV","category":"fvon","ptf_model":"GENERIC_FISHING_VESSEL_PROBE","country_name":"USA","country_ship":"USA","country_sensor_provider":null}},{"type":"Feature","geometry":{"type":"Point","coordinates":[115,-32]},"properties":{"ptf_id":1247028,"ptf_ref":"4LX4DNG","category":"fvon","ptf_model":"GENERIC_FISHING_VESSEL_PROBE","country_name":"AUSTRALIA","country_ship":"AUSTRALIA","country_sensor_provider":null}},{"type":"Feature","geometry":{"type":"Point","coordinates":[115.45,-32.68]},"properties":{"ptf_id":1321518,"ptf_ref":"7XFFBKC","category":"fvon","ptf_model":"GENERIC_FISHING_VESSEL_PROBE","country_name":"AUSTRALIA","country_ship":"AUSTRALIA","country_sensor_provider":null}},{"type":"Feature","geometry":{"type":"Point","coordinates":[39.31,-7.77]},"properties":{"ptf_id":1305774,"ptf_ref":"SDBBLYW","category":"fvon","ptf_model":"GENERIC_FISHING_VESSEL_PROBE","country_name":"TANZANIA","country_ship":"TANZANIA","country_sensor_provider":null}},{"type":"Feature","geometry":{"type":"Point","coordinates":[-64.93,18.34]},"properties":{"ptf_id":1279318,"ptf_ref":"WFX7CXJ","category":"fvon","ptf_model":"GENERIC_FISHING_VESSEL_PROBE","country_name":"USA","country_ship":"VIRGIN IS.(USA)","country_sensor_provider":null}},{"type":"Feature","geometry":{"type":"Point","coordinates":[-73.1,45.38]},"properties":{"ptf_id":1292770,"ptf_ref":"QLJ8LHM","category":"fvon","ptf_model":"GENERIC_FISHING_VESSEL_PROBE","country_name":"USA","country_ship":"USA","country_sensor_provider":null}},{"type":"Feature","geometry":{"type":"Point","coordinates":[150,-37]},"properties":{"ptf_id":1259060,"ptf_ref":"XUGRRLJ","category":"fvon","ptf_model":"GENERIC_FISHING_VESSEL_PROBE","country_name":"AUSTRALIA","country_ship":"AUSTRALIA","country_sensor_provider":null}},{"type":"Feature","geometry":{"type":"Point","coordinates":[150.3,-37.1]},"properties":{"ptf_id":1321941,"ptf_ref":"FBDWNSU","category":"fvon","ptf_model":"GENERIC_FISHING_VESSEL_PROBE","country_name":"AUSTRALIA","country_ship":"AUSTRALIA","country_sensor_provider":null}},{"type":"Feature","geometry":{"type":"Point","coordinates":[39.3,-6.82]},"properties":{"ptf_id":1307253,"ptf_ref":"DETG4LS","category":"fvon","ptf_model":"GENERIC_FISHING_VESSEL_PROBE","country_name":"TANZANIA","country_ship":"TANZANIA","country_sensor_provider":null}},{"type":"Feature","geometry":{"type":"Point","coordinates":[-70,41.8]},"properties":{"ptf_id":1273542,"ptf_ref":"JWL4PKT","category":"fvon","ptf_model":"GENERIC_FISHING_VESSEL_PROBE","country_name":"USA","country_ship":"USA","country_sensor_provider":null}},{"type":"Feature","geometry":{"type":"Point","coordinates":[-6.76,62.01]},"properties":{"ptf_id":1306928,"ptf_ref":"AMP8CLZ","category":"fvon","ptf_model":"GENERIC_FISHING_VESSEL_PROBE","country_name":"FAROE IS.","country_ship":"FAROE IS.","country_sensor_provider":null}},{"type":"Feature","geometry":{"type":"Point","coordinates":[-70.82,41.93]},"properties":{"ptf_id":1292780,"ptf_ref":"VUC7SFB","category":"fvon","ptf_model":"GENERIC_FISHING_VESSEL_PROBE","country_name":"USA","country_ship":"USA","country_sensor_provider":null}},{"type":"Feature","geometry":{"type":"Point","coordinates":[115.46,-32.15]},"properties":{"ptf_id":1344569,"ptf_ref":"5NVTGHL","category":"fvon","ptf_model":"GENERIC_FISHING_VESSEL_PROBE","country_name":"AUSTRALIA","country_ship":"AUSTRALIA","country_sensor_provider":null}},{"type":"Feature","geometry":{"type":"Point","coordinates":[178,-17]},"properties":{"ptf_id":1254857,"ptf_ref":"ZLNKU8R","category":"fvon","ptf_model":"GENERIC_FISHING_VESSEL_PROBE","country_name":"AUSTRALIA","country_ship":"FIJI","country_sensor_provider":null}},{"type":"Feature","geometry":{"type":"Point","coordinates":[173.07,52.637]},"properties":{"ptf_id":1345424,"ptf_ref":"DPQWK2P","category":"fvon","ptf_model":"GENERIC_FISHING_VESSEL_PROBE","country_name":"USA","country_ship":"USA","country_sensor_provider":null}},{"type":"Feature","geometry":{"type":"Point","coordinates":[-73.1,45.38]},"properties":{"ptf_id":1292769,"ptf_ref":"MEFU7CL","category":"fvon","ptf_model":"GENERIC_FISHING_VESSEL_PROBE","country_name":"USA","country_ship":"USA","country_sensor_provider":null}},{"type":"Feature","geometry":{"type":"Point","coordinates":[114.43,-29.59]},"properties":{"ptf_id":1247024,"ptf_ref":"GXNSSWR","category":"fvon","ptf_model":"GENERIC_FISHING_VESSEL_PROBE","country_name":"AUSTRALIA","country_ship":"AUSTRALIA","country_sensor_provider":null}},{"type":"Feature","geometry":{"type":"Point","coordinates":[172,-14.5]},"properties":{"ptf_id":1340303,"ptf_ref":"WZK9B4U","category":"fvon","ptf_model":"GENERIC_FISHING_VESSEL_PROBE","country_name":"AUSTRALIA","country_ship":"SAMOA","country_sensor_provider":null}},{"type":"Feature","geometry":{"type":"Point","coordinates":[57.5,-20.1]},"properties":{"ptf_id":1340530,"ptf_ref":"2ZWJ53F","category":"fvon","ptf_model":"GENERIC_FISHING_VESSEL_PROBE","country_name":"AUSTRALIA","country_ship":"MAURITIUS","country_sensor_provider":null}},{"type":"Feature","geometry":{"type":"Point","coordinates":[152,-35]},"properties":{"ptf_id":1321459,"ptf_ref":"DASPLRK","category":"fvon","ptf_model":"GENERIC_FISHING_VESSEL_PROBE","country_name":"AUSTRALIA","country_ship":"AUSTRALIA","country_sensor_provider":null}},{"type":"Feature","geometry":{"type":"Point","coordinates":[145.87,-16.76]},"properties":{"ptf_id":1344464,"ptf_ref":"3FXM3ET","category":"fvon","ptf_model":"GENERIC_FISHING_VESSEL_PROBE","country_name":"AUSTRALIA","country_ship":"AUSTRALIA","country_sensor_provider":null}},{"type":"Feature","geometry":{"type":"Point","coordinates":[114.3,-29.48]},"properties":{"ptf_id":1298604,"ptf_ref":"JAUTVBR","category":"fvon","ptf_model":"GENERIC_FISHING_VESSEL_PROBE","country_name":"AUSTRALIA","country_ship":"AUSTRALIA","country_sensor_provider":null}},{"type":"Feature","geometry":{"type":"Point","coordinates":[168,-29]},"properties":{"ptf_id":1321517,"ptf_ref":"PFGWKNK","category":"fvon","ptf_model":"GENERIC_FISHING_VESSEL_PROBE","country_name":"AUSTRALIA","country_ship":"NORFOLK ISLAND","country_sensor_provider":null}},{"type":"Feature","geometry":{"type":"Point","coordinates":[150.84,-34.77]},"properties":{"ptf_id":1262053,"ptf_ref":"ZTLRV6X","category":"fvon","ptf_model":"GENERIC_FISHING_VESSEL_PROBE","country_name":"AUSTRALIA","country_ship":"AUSTRALIA","country_sensor_provider":null}},{"type":"Feature","geometry":{"type":"Point","coordinates":[178,-17]},"properties":{"ptf_id":1241262,"ptf_ref":"VASU9TY","category":"fvon","ptf_model":"GENERIC_FISHING_VESSEL_PROBE","country_name":"AUSTRALIA","country_ship":"FIJI","country_sensor_provider":null}},{"type":"Feature","geometry":{"type":"Point","coordinates":[-149.6,-17.5]},"properties":{"ptf_id":1279538,"ptf_ref":"8QE3R2D","category":"fvon","ptf_model":"GENERIC_FISHING_VESSEL_PROBE","country_name":"AUSTRALIA","country_ship":"FR. POLYNESIA","country_sensor_provider":null}},{"type":"Feature","geometry":{"type":"Point","coordinates":[77,-39]},"properties":{"ptf_id":1344530,"ptf_ref":"EWHHCAV","category":"fvon","ptf_model":"GENERIC_FISHING_VESSEL_PROBE","country_name":"AUSTRALIA","country_ship":"REUNION","country_sensor_provider":null}},{"type":"Feature","geometry":{"type":"Point","coordinates":[-70,41.8]},"properties":{"ptf_id":1273607,"ptf_ref":"URV9CRX","category":"fvon","ptf_model":"GENERIC_FISHING_VESSEL_PROBE","country_name":"USA","country_ship":"USA","country_sensor_provider":null}},{"type":"Feature","geometry":{"type":"Point","coordinates":[113.5,-27]},"properties":{"ptf_id":1247021,"ptf_ref":"2CYVXWS","category":"fvon","ptf_model":"GENERIC_FISHING_VESSEL_PROBE","country_name":"AUSTRALIA","country_ship":"AUSTRALIA","country_sensor_provider":null}},{"type":"Feature","geometry":{"type":"Point","coordinates":[152.751,-32.695]},"properties":{"ptf_id":1356379,"ptf_ref":"ZDSK8HJ","category":"fvon","ptf_model":"GENERIC_FISHING_VESSEL_PROBE","country_name":"AUSTRALIA","country_ship":"AUSTRALIA","country_sensor_provider":null}},{"type":"Feature","geometry":{"type":"Point","coordinates":[-171.7666,-13.8333]},"properties":{"ptf_id":1348408,"ptf_ref":"LMSSMEP","category":"fvon","ptf_model":"GENERIC_FISHING_VESSEL_PROBE","country_name":"FIJI","country_ship":"SAMOA","country_sensor_provider":null}},{"type":"Feature","geometry":{"type":"Point","coordinates":[-69.62,43.87]},"properties":{"ptf_id":1345426,"ptf_ref":"ZTLG3BZ","category":"fvon","ptf_model":"GENERIC_FISHING_VESSEL_PROBE","country_name":"USA","country_ship":"USA","country_sensor_provider":null}},{"type":"Feature","geometry":{"type":"Point","coordinates":[-70.93,41.64]},"properties":{"ptf_id":1253157,"ptf_ref":"ENDVHWT","category":"fvon","ptf_model":"GENERIC_FISHING_VESSEL_PROBE","country_name":"USA","country_ship":"USA","country_sensor_provider":null}},{"type":"Feature","geometry":{"type":"Point","coordinates":[-73.1,45.38]},"properties":{"ptf_id":1292765,"ptf_ref":"EMCTKYU","category":"fvon","ptf_model":"GENERIC_FISHING_VESSEL_PROBE","country_name":"USA","country_ship":"USA","country_sensor_provider":null}},{"type":"Feature","geometry":{"type":"Point","coordinates":[153.28,-30.56]},"properties":{"ptf_id":1321476,"ptf_ref":"ZVY8CTD","category":"fvon","ptf_model":"GENERIC_FISHING_VESSEL_PROBE","country_name":"AUSTRALIA","country_ship":"AUSTRALIA","country_sensor_provider":null}},{"type":"Feature","geometry":{"type":"Point","coordinates":[115.42,-31.88]},"properties":{"ptf_id":1344565,"ptf_ref":"9TXRLTE","category":"fvon","ptf_model":"GENERIC_FISHING_VESSEL_PROBE","country_name":"AUSTRALIA","country_ship":"AUSTRALIA","country_sensor_provider":null}},{"type":"Feature","geometry":{"type":"Point","coordinates":[-70,41.8]},"properties":{"ptf_id":1273535,"ptf_ref":"2LP9R7F","category":"fvon","ptf_model":"GENERIC_FISHING_VESSEL_PROBE","country_name":"USA","country_ship":"USA","country_sensor_provider":null}},{"type":"Feature","geometry":{"type":"Point","coordinates":[153.2,-31.5]},"properties":{"ptf_id":1321536,"ptf_ref":"NVN3GFM","category":"fvon","ptf_model":"GENERIC_FISHING_VESSEL_PROBE","country_name":"AUSTRALIA","country_ship":"AUSTRALIA","country_sensor_provider":null}},{"type":"Feature","geometry":{"type":"Point","coordinates":[162.635,-18.247]},"properties":{"ptf_id":1344561,"ptf_ref":"7PXUPMG","category":"fvon","ptf_model":"GENERIC_FISHING_VESSEL_PROBE","country_name":"AUSTRALIA","country_ship":"NEW CALEDONIA","country_sensor_provider":null}},{"type":"Feature","geometry":{"type":"Point","coordinates":[151.38,-33.76]},"properties":{"ptf_id":1262039,"ptf_ref":"GVDAYBK","category":"fvon","ptf_model":"GENERIC_FISHING_VESSEL_PROBE","country_name":"AUSTRALIA","country_ship":"AUSTRALIA","country_sensor_provider":null}},{"type":"Feature","geometry":{"type":"Point","coordinates":[-70.93,41.64]},"properties":{"ptf_id":1254537,"ptf_ref":"6MPZJTU","category":"fvon","ptf_model":"GENERIC_FISHING_VESSEL_PROBE","country_name":"USA","country_ship":"USA","country_sensor_provider":null}},{"type":"Feature","geometry":{"type":"Point","coordinates":[151,-35.6]},"properties":{"ptf_id":1343041,"ptf_ref":"7RHKS3C","category":"fvon","ptf_model":"GENERIC_FISHING_VESSEL_PROBE","country_name":"AUSTRALIA","country_ship":"AUSTRALIA","country_sensor_provider":null}},{"type":"Feature","geometry":{"type":"Point","coordinates":[-73.1,45.38]},"properties":{"ptf_id":1292766,"ptf_ref":"FXYY5XS","category":"fvon","ptf_model":"GENERIC_FISHING_VESSEL_PROBE","country_name":"USA","country_ship":"USA","country_sensor_provider":null}},{"type":"Feature","geometry":{"type":"Point","coordinates":[151.35,-33.5166]},"properties":{"ptf_id":1348377,"ptf_ref":"NEM5XHQ","category":"fvon","ptf_model":"GENERIC_FISHING_VESSEL_PROBE","country_name":"AUSTRALIA","country_ship":"AUSTRALIA","country_sensor_provider":null}},{"type":"Feature","geometry":{"type":"Point","coordinates":[151,-34.5]},"properties":{"ptf_id":1321462,"ptf_ref":"EEYR3PL","category":"fvon","ptf_model":"GENERIC_FISHING_VESSEL_PROBE","country_name":"AUSTRALIA","country_ship":"AUSTRALIA","country_sensor_provider":null}},{"type":"Feature","geometry":{"type":"Point","coordinates":[-70,41.8]},"properties":{"ptf_id":1273566,"ptf_ref":"SUZXWKE","category":"fvon","ptf_model":"GENERIC_FISHING_VESSEL_PROBE","country_name":"USA","country_ship":"USA","country_sensor_provider":null}},{"type":"Feature","geometry":{"type":"Point","coordinates":[-70,41.8]},"properties":{"ptf_id":1273576,"ptf_ref":"4LWC2YJ","category":"fvon","ptf_model":"GENERIC_FISHING_VESSEL_PROBE","country_name":"USA","country_ship":"USA","country_sensor_provider":null}},{"type":"Feature","geometry":{"type":"Point","coordinates":[-70,41.8]},"properties":{"ptf_id":1273602,"ptf_ref":"KUGL7VU","category":"fvon","ptf_model":"GENERIC_FISHING_VESSEL_PROBE","country_name":"USA","country_ship":"USA","country_sensor_provider":null}},{"type":"Feature","geometry":{"type":"Point","coordinates":[-70,41.8]},"properties":{"ptf_id":1273552,"ptf_ref":"FQBBSDJ","category":"fvon","ptf_model":"GENERIC_FISHING_VESSEL_PROBE","country_name":"USA","country_ship":"USA","country_sensor_provider":null}},{"type":"Feature","geometry":{"type":"Point","coordinates":[-70.54,43.38]},"properties":{"ptf_id":1290898,"ptf_ref":"YJXBVGH","category":"fvon","ptf_model":"GENERIC_FISHING_VESSEL_PROBE","country_name":"USA","country_ship":null,"country_sensor_provider":null}},{"type":"Feature","geometry":{"type":"Point","coordinates":[-70,41.8]},"properties":{"ptf_id":1273574,"ptf_ref":"JED2WDE","category":"fvon","ptf_model":"GENERIC_FISHING_VESSEL_PROBE","country_name":"USA","country_ship":"USA","country_sensor_provider":null}},{"type":"Feature","geometry":{"type":"Point","coordinates":[-73.1,-36.83]},"properties":{"ptf_id":1345427,"ptf_ref":"WWFUBGB","category":"fvon","ptf_model":"GENERIC_FISHING_VESSEL_PROBE","country_name":"CHILE","country_ship":"CHILE","country_sensor_provider":null}},{"type":"Feature","geometry":{"type":"Point","coordinates":[-73.1,45.38]},"properties":{"ptf_id":1292767,"ptf_ref":"4HNHK8R","category":"fvon","ptf_model":"GENERIC_FISHING_VESSEL_PROBE","country_name":"USA","country_ship":"USA","country_sensor_provider":null}},{"type":"Feature","geometry":{"type":"Point","coordinates":[151,-3.5]},"properties":{"ptf_id":1340305,"ptf_ref":"TPGT6PT","category":"fvon","ptf_model":"GENERIC_FISHING_VESSEL_PROBE","country_name":"AUSTRALIA","country_ship":"PNG","country_sensor_provider":null}},{"type":"Feature","geometry":{"type":"Point","coordinates":[-70.65,42.62]},"properties":{"ptf_id":1273613,"ptf_ref":"RTGFKAM","category":"fvon","ptf_model":"GENERIC_FISHING_VESSEL_PROBE","country_name":"USA","country_ship":"USA","country_sensor_provider":null}},{"type":"Feature","geometry":{"type":"Point","coordinates":[-70.93,41.64]},"properties":{"ptf_id":1253297,"ptf_ref":"DUSU2ZE","category":"fvon","ptf_model":"GENERIC_FISHING_VESSEL_PROBE","country_name":"USA","country_ship":"USA","country_sensor_provider":null}},{"type":"Feature","geometry":{"type":"Point","coordinates":[-73.1,45.38]},"properties":{"ptf_id":1292763,"ptf_ref":"NJTXHWC","category":"fvon","ptf_model":"GENERIC_FISHING_VESSEL_PROBE","country_name":"USA","country_ship":null,"country_sensor_provider":null}},{"type":"Feature","geometry":{"type":"Point","coordinates":[-70.93,41.64]},"properties":{"ptf_id":1253317,"ptf_ref":"CUG64CN","category":"fvon","ptf_model":"GENERIC_FISHING_VESSEL_PROBE","country_name":"USA","country_ship":"USA","country_sensor_provider":null}},{"type":"Feature","geometry":{"type":"Point","coordinates":[146,-5]},"properties":{"ptf_id":1247308,"ptf_ref":"GPUU3EM","category":"fvon","ptf_model":"GENERIC_FISHING_VESSEL_PROBE","country_name":"AUSTRALIA","country_ship":"PHILIPPINES","country_sensor_provider":null}},{"type":"Feature","geometry":{"type":"Point","coordinates":[-73.1,45.38]},"properties":{"ptf_id":1292768,"ptf_ref":"3FY3CGE","category":"fvon","ptf_model":"GENERIC_FISHING_VESSEL_PROBE","country_name":"USA","country_ship":null,"country_sensor_provider":null}},{"type":"Feature","geometry":{"type":"Point","coordinates":[-70.93,41.64]},"properties":{"ptf_id":1253217,"ptf_ref":"LRMNDBH","category":"fvon","ptf_model":"GENERIC_FISHING_VESSEL_PROBE","country_name":"USA","country_ship":"USA","country_sensor_provider":null}},{"type":"Feature","geometry":{"type":"Point","coordinates":[-69,43]},"properties":{"ptf_id":1215757,"ptf_ref":"3RT3M8A","category":"fvon","ptf_model":"GENERIC_FISHING_VESSEL_PROBE","country_name":"USA","country_ship":"USA","country_sensor_provider":null}},{"type":"Feature","geometry":{"type":"Point","coordinates":[-69,43]},"properties":{"ptf_id":1210437,"ptf_ref":"GMQFV2V","category":"fvon","ptf_model":"GENERIC_FISHING_VESSEL_PROBE","country_name":"USA","country_ship":"USA","country_sensor_provider":null}},{"type":"Feature","geometry":{"type":"Point","coordinates":[-166.66,53.72]},"properties":{"ptf_id":1305783,"ptf_ref":"DFTRG8T","category":"fvon","ptf_model":"GENERIC_FISHING_VESSEL_PROBE","country_name":"USA","country_ship":"USA","country_sensor_provider":null}},{"type":"Feature","geometry":{"type":"Point","coordinates":[-70.93,41.64]},"properties":{"ptf_id":1253177,"ptf_ref":"PFJ5QWN","category":"fvon","ptf_model":"GENERIC_FISHING_VESSEL_PROBE","country_name":"USA","country_ship":"USA","country_sensor_provider":null}},{"type":"Feature","geometry":{"type":"Point","coordinates":[152.9089,-31.4308]},"properties":{"ptf_id":1356097,"ptf_ref":"ZCCRYPM","category":"fvon","ptf_model":"GENERIC_FISHING_VESSEL_PROBE","country_name":"AUSTRALIA","country_ship":"AUSTRALIA","country_sensor_provider":null}},{"type":"Feature","geometry":{"type":"Point","coordinates":[55.5265,-21.1307]},"properties":{"ptf_id":1358097,"ptf_ref":"BYUNGVL","category":"fvon","ptf_model":"GENERIC_FISHING_VESSEL_PROBE","country_name":"AUSTRALIA","country_ship":"REUNION","country_sensor_provider":null}},{"type":"Feature","geometry":{"type":"Point","coordinates":[130,-11]},"properties":{"ptf_id":1236798,"ptf_ref":"VMYWKGQ","category":"fvon","ptf_model":"GENERIC_FISHING_VESSEL_PROBE","country_name":"AUSTRALIA","country_ship":"AUSTRALIA","country_sensor_provider":null}},{"type":"Feature","geometry":{"type":"Point","coordinates":[39.13,-6.71]},"properties":{"ptf_id":1306923,"ptf_ref":"BHE3AHG","category":"fvon","ptf_model":"GENERIC_FISHING_VESSEL_PROBE","country_name":"TANZANIA","country_ship":"TANZANIA","country_sensor_provider":null}},{"type":"Feature","geometry":{"type":"Point","coordinates":[114.7,-29.3]},"properties":{"ptf_id":1298602,"ptf_ref":"ATMFQBP","category":"fvon","ptf_model":"GENERIC_FISHING_VESSEL_PROBE","country_name":"AUSTRALIA","country_ship":"AUSTRALIA","country_sensor_provider":null}},{"type":"Feature","geometry":{"type":"Point","coordinates":[-110.34,24.17]},"properties":{"ptf_id":1279319,"ptf_ref":"JKFQCNP","category":"fvon","ptf_model":"GENERIC_FISHING_VESSEL_PROBE","country_name":"MEXICO","country_ship":"MEXICO","country_sensor_provider":null}},{"type":"Feature","geometry":{"type":"Point","coordinates":[-71.412,41.405]},"properties":{"ptf_id":1248097,"ptf_ref":"RZXC6QP","category":"fvon","ptf_model":"GENERIC_FISHING_VESSEL_PROBE","country_name":"USA","country_ship":"USA","country_sensor_provider":null}},{"type":"Feature","geometry":{"type":"Point","coordinates":[-70,41.8]},"properties":{"ptf_id":1273605,"ptf_ref":"4SWTBLF","category":"fvon","ptf_model":"GENERIC_FISHING_VESSEL_PROBE","country_name":"USA","country_ship":"USA","country_sensor_provider":null}},{"type":"Feature","geometry":{"type":"Point","coordinates":[-134.34,56.63]},"properties":{"ptf_id":1254717,"ptf_ref":"2DQCRVH","category":"fvon","ptf_model":"GENERIC_FISHING_VESSEL_PROBE","country_name":"USA","country_ship":"USA","country_sensor_provider":null}},{"type":"Feature","geometry":{"type":"Point","coordinates":[115.54,-32.92]},"properties":{"ptf_id":1247030,"ptf_ref":"JCCKDLE","category":"fvon","ptf_model":"GENERIC_FISHING_VESSEL_PROBE","country_name":"AUSTRALIA","country_ship":"AUSTRALIA","country_sensor_provider":null}},{"type":"Feature","geometry":{"type":"Point","coordinates":[-171.7666,-13.8333]},"properties":{"ptf_id":1348368,"ptf_ref":"8BDYZBJ","category":"fvon","ptf_model":"GENERIC_FISHING_VESSEL_PROBE","country_name":"FIJI","country_ship":"SAMOA","country_sensor_provider":null}},{"type":"Feature","geometry":{"type":"Point","coordinates":[39.11,-7.11]},"properties":{"ptf_id":1306920,"ptf_ref":"CQYN8RV","category":"fvon","ptf_model":"GENERIC_FISHING_VESSEL_PROBE","country_name":"TANZANIA","country_ship":"TANZANIA","country_sensor_provider":null}},{"type":"Feature","geometry":{"type":"Point","coordinates":[39.23,-6.17]},"properties":{"ptf_id":1305768,"ptf_ref":"UETNTKS","category":"fvon","ptf_model":"GENERIC_FISHING_VESSEL_PROBE","country_name":"TANZANIA","country_ship":"TANZANIA","country_sensor_provider":null}},{"type":"Feature","geometry":{"type":"Point","coordinates":[115.55,-32.85]},"properties":{"ptf_id":1247027,"ptf_ref":"NTQ39NZ","category":"fvon","ptf_model":"GENERIC_FISHING_VESSEL_PROBE","country_name":"AUSTRALIA","country_ship":"AUSTRALIA","country_sensor_provider":null}},{"type":"Feature","geometry":{"type":"Point","coordinates":[114.56,-29.54]},"properties":{"ptf_id":1298603,"ptf_ref":"SSSJJQN","category":"fvon","ptf_model":"GENERIC_FISHING_VESSEL_PROBE","country_name":"AUSTRALIA","country_ship":"AUSTRALIA","country_sensor_provider":null}},{"type":"Feature","geometry":{"type":"Point","coordinates":[-70,41.8]},"properties":{"ptf_id":1273579,"ptf_ref":"4NQYW5G","category":"fvon","ptf_model":"GENERIC_FISHING_VESSEL_PROBE","country_name":"USA","country_ship":"USA","country_sensor_provider":null}},{"type":"Feature","geometry":{"type":"Point","coordinates":[114.43,-29.7]},"properties":{"ptf_id":1247025,"ptf_ref":"ZWHZFSR","category":"fvon","ptf_model":"GENERIC_FISHING_VESSEL_PROBE","country_name":"AUSTRALIA","country_ship":"AUSTRALIA","country_sensor_provider":null}},{"type":"Feature","geometry":{"type":"Point","coordinates":[-70.93,41.64]},"properties":{"ptf_id":1254117,"ptf_ref":"CHZC4SP","category":"fvon","ptf_model":"GENERIC_FISHING_VESSEL_PROBE","country_name":"USA","country_ship":"USA","country_sensor_provider":null}},{"type":"Feature","geometry":{"type":"Point","coordinates":[-70,41.8]},"properties":{"ptf_id":1273587,"ptf_ref":"9YRV6KL","category":"fvon","ptf_model":"GENERIC_FISHING_VESSEL_PROBE","country_name":"USA","country_ship":"USA","country_sensor_provider":null}},{"type":"Feature","geometry":{"type":"Point","coordinates":[-70.93,41.64]},"properties":{"ptf_id":1254397,"ptf_ref":"XTFQ2XU","category":"fvon","ptf_model":"GENERIC_FISHING_VESSEL_PROBE","country_name":"USA","country_ship":"USA","country_sensor_provider":null}},{"type":"Feature","geometry":{"type":"Point","coordinates":[-70.93,41.64]},"properties":{"ptf_id":1254037,"ptf_ref":"4XCNC5F","category":"fvon","ptf_model":"GENERIC_FISHING_VESSEL_PROBE","country_name":"USA","country_ship":"USA","country_sensor_provider":null}},{"type":"Feature","geometry":{"type":"Point","coordinates":[130.2,-33.2]},"properties":{"ptf_id":1343039,"ptf_ref":"WCVWWYQ","category":"fvon","ptf_model":"GENERIC_FISHING_VESSEL_PROBE","country_name":"AUSTRALIA","country_ship":"AUSTRALIA","country_sensor_provider":null}},{"type":"Feature","geometry":{"type":"Point","coordinates":[-70.93,41.64]},"properties":{"ptf_id":1254697,"ptf_ref":"YCMLG6P","category":"fvon","ptf_model":"GENERIC_FISHING_VESSEL_PROBE","country_name":"USA","country_ship":"USA","country_sensor_provider":null}},{"type":"Feature","geometry":{"type":"Point","coordinates":[-167.26,53.66]},"properties":{"ptf_id":1321410,"ptf_ref":"GSGBJZW","category":"fvon","ptf_model":"GENERIC_FISHING_VESSEL_PROBE","country_name":"USA","country_ship":"USA","country_sensor_provider":null}},{"type":"Feature","geometry":{"type":"Point","coordinates":[-70.8,-53.1]},"properties":{"ptf_id":1340538,"ptf_ref":"HNYTF9T","category":"fvon","ptf_model":"GENERIC_FISHING_VESSEL_PROBE","country_name":"AUSTRALIA","country_ship":"CHILE","country_sensor_provider":null}},{"type":"Feature","geometry":{"type":"Point","coordinates":[-70.93,41.64]},"properties":{"ptf_id":1254657,"ptf_ref":"4YFTBLJ","category":"fvon","ptf_model":"GENERIC_FISHING_VESSEL_PROBE","country_name":"USA","country_ship":"USA","country_sensor_provider":null}},{"type":"Feature","geometry":{"type":"Point","coordinates":[-70.93,41.64]},"properties":{"ptf_id":1253497,"ptf_ref":"CAQLV7M","category":"fvon","ptf_model":"GENERIC_FISHING_VESSEL_PROBE","country_name":"USA","country_ship":"USA","country_sensor_provider":null}},{"type":"Feature","geometry":{"type":"Point","coordinates":[3.26,39.42]},"properties":{"ptf_id":1291523,"ptf_ref":"4EU8LDX","category":"fvon","ptf_model":"GENERIC_FISHING_VESSEL_PROBE","country_name":"USA","country_ship":"SPAIN","country_sensor_provider":null}},{"type":"Feature","geometry":{"type":"Point","coordinates":[39.13,-6.71]},"properties":{"ptf_id":1306922,"ptf_ref":"3DVTFRJ","category":"fvon","ptf_model":"GENERIC_FISHING_VESSEL_PROBE","country_name":"TANZANIA","country_ship":"TANZANIA","country_sensor_provider":null}},{"type":"Feature","geometry":{"type":"Point","coordinates":[153,-31.5]},"properties":{"ptf_id":1321472,"ptf_ref":"KKXHAWJ","category":"fvon","ptf_model":"GENERIC_FISHING_VESSEL_PROBE","country_name":"AUSTRALIA","country_ship":"AUSTRALIA","country_sensor_provider":null}},{"type":"Feature","geometry":{"type":"Point","coordinates":[154,-20.5]},"properties":{"ptf_id":1321530,"ptf_ref":"LVPB44H","category":"fvon","ptf_model":"GENERIC_FISHING_VESSEL_PROBE","country_name":"AUSTRALIA","country_ship":"AUSTRALIA","country_sensor_provider":null}},{"type":"Feature","geometry":{"type":"Point","coordinates":[115.4,-32.81]},"properties":{"ptf_id":1247031,"ptf_ref":"WNYNM6P","category":"fvon","ptf_model":"GENERIC_FISHING_VESSEL_PROBE","country_name":"AUSTRALIA","country_ship":"AUSTRALIA","country_sensor_provider":null}},{"type":"Feature","geometry":{"type":"Point","coordinates":[-70.82,41.93]},"properties":{"ptf_id":1292785,"ptf_ref":"2PTKCLY","category":"fvon","ptf_model":"GENERIC_FISHING_VESSEL_PROBE","country_name":"USA","country_ship":"USA","country_sensor_provider":null}},{"type":"Feature","geometry":{"type":"Point","coordinates":[-70,41.8]},"properties":{"ptf_id":1273551,"ptf_ref":"LHB7TLK","category":"fvon","ptf_model":"GENERIC_FISHING_VESSEL_PROBE","country_name":"USA","country_ship":"USA","country_sensor_provider":null}},{"type":"Feature","geometry":{"type":"Point","coordinates":[-15.62,11.86]},"properties":{"ptf_id":1345425,"ptf_ref":"XMJDG4Q","category":"fvon","ptf_model":"GENERIC_FISHING_VESSEL_PROBE","country_name":"GUINEA-BISSAU","country_ship":"GUINEA-BISSAU","country_sensor_provider":null}},{"type":"Feature","geometry":{"type":"Point","coordinates":[146.3515,-41.177]},"properties":{"ptf_id":1357977,"ptf_ref":"BNHJ6TA","category":"fvon","ptf_model":"GENERIC_FISHING_VESSEL_PROBE","country_name":"AUSTRALIA","country_ship":"AUSTRALIA","country_sensor_provider":null}},{"type":"Feature","geometry":{"type":"Point","coordinates":[114.86,-29.66]},"properties":{"ptf_id":1348403,"ptf_ref":"RKC8P2F","category":"fvon","ptf_model":"GENERIC_FISHING_VESSEL_PROBE","country_name":"AUSTRALIA","country_ship":"AUSTRALIA","country_sensor_provider":null}},{"type":"Feature","geometry":{"type":"Point","coordinates":[-70,41.8]},"properties":{"ptf_id":1273527,"ptf_ref":"TEV5E6D","category":"fvon","ptf_model":"GENERIC_FISHING_VESSEL_PROBE","country_name":"USA","country_ship":"USA","country_sensor_provider":null}},{"type":"Feature","geometry":{"type":"Point","coordinates":[115.45,-31.87]},"properties":{"ptf_id":1344566,"ptf_ref":"LPLWXUD","category":"fvon","ptf_model":"GENERIC_FISHING_VESSEL_PROBE","country_name":"AUSTRALIA","country_ship":"AUSTRALIA","country_sensor_provider":null}},{"type":"Feature","geometry":{"type":"Point","coordinates":[147.7,-43.1]},"properties":{"ptf_id":1321415,"ptf_ref":"CHHFRAM","category":"fvon","ptf_model":"GENERIC_FISHING_VESSEL_PROBE","country_name":"AUSTRALIA","country_ship":"AUSTRALIA","country_sensor_provider":null}},{"type":"Feature","geometry":{"type":"Point","coordinates":[166.571,-20.852]},"properties":{"ptf_id":1356362,"ptf_ref":"QHLQM7K","category":"fvon","ptf_model":"GENERIC_FISHING_VESSEL_PROBE","country_name":"FIJI","country_ship":"NEW CALEDONIA","country_sensor_provider":null}},{"type":"Feature","geometry":{"type":"Point","coordinates":[179.788,-20.821]},"properties":{"ptf_id":1348382,"ptf_ref":"7XHMNYP","category":"fvon","ptf_model":"GENERIC_FISHING_VESSEL_PROBE","country_name":"FIJI","country_ship":"FIJI","country_sensor_provider":null}},{"type":"Feature","geometry":{"type":"Point","coordinates":[-70.93,41.64]},"properties":{"ptf_id":1253697,"ptf_ref":"VXGCFQL","category":"fvon","ptf_model":"GENERIC_FISHING_VESSEL_PROBE","country_name":"USA","country_ship":"USA","country_sensor_provider":null}},{"type":"Feature","geometry":{"type":"Point","coordinates":[141.6166,-38.2833]},"properties":{"ptf_id":1356023,"ptf_ref":"QUCA8TZ","category":"fvon","ptf_model":"GENERIC_FISHING_VESSEL_PROBE","country_name":"AUSTRALIA","country_ship":"AUSTRALIA","country_sensor_provider":null}},{"type":"Feature","geometry":{"type":"Point","coordinates":[-122.02,36.96]},"properties":{"ptf_id":1305796,"ptf_ref":"GATN3JF","category":"fvon","ptf_model":"GENERIC_FISHING_VESSEL_PROBE","country_name":"USA","country_ship":"USA","country_sensor_provider":null}},{"type":"Feature","geometry":{"type":"Point","coordinates":[-1.78,57.51]},"properties":{"ptf_id":1321611,"ptf_ref":"YSK67PR","category":"fvon","ptf_model":"GENERIC_FISHING_VESSEL_PROBE","country_name":"UK","country_ship":"UK","country_sensor_provider":null}},{"type":"Feature","geometry":{"type":"Point","coordinates":[-70.93,41.64]},"properties":{"ptf_id":1253637,"ptf_ref":"BCFYSWY","category":"fvon","ptf_model":"GENERIC_FISHING_VESSEL_PROBE","country_name":"USA","country_ship":"USA","country_sensor_provider":null}},{"type":"Feature","geometry":{"type":"Point","coordinates":[115.43,-32.24]},"properties":{"ptf_id":1344571,"ptf_ref":"6ECACDU","category":"fvon","ptf_model":"GENERIC_FISHING_VESSEL_PROBE","country_name":"AUSTRALIA","country_ship":"AUSTRALIA","country_sensor_provider":null}},{"type":"Feature","geometry":{"type":"Point","coordinates":[-167.26,53.66]},"properties":{"ptf_id":1321195,"ptf_ref":"AMEXUHL","category":"fvon","ptf_model":"GENERIC_FISHING_VESSEL_PROBE","country_name":"USA","country_ship":"USA","country_sensor_provider":null}},{"type":"Feature","geometry":{"type":"Point","coordinates":[-16.51,64.16]},"properties":{"ptf_id":1306350,"ptf_ref":"7UZ7ZSR","category":"fvon","ptf_model":"GENERIC_FISHING_VESSEL_PROBE","country_name":"ICELAND","country_ship":"ICELAND","country_sensor_provider":null}},{"type":"Feature","geometry":{"type":"Point","coordinates":[-70,41.8]},"properties":{"ptf_id":1273545,"ptf_ref":"BFMF3ZF","category":"fvon","ptf_model":"GENERIC_FISHING_VESSEL_PROBE","country_name":"USA","country_ship":"USA","country_sensor_provider":null}},{"type":"Feature","geometry":{"type":"Point","coordinates":[-73.1,45.38]},"properties":{"ptf_id":1292758,"ptf_ref":"WHUMRHQ","category":"fvon","ptf_model":"GENERIC_FISHING_VESSEL_PROBE","country_name":"USA","country_ship":"USA","country_sensor_provider":null}},{"type":"Feature","geometry":{"type":"Point","coordinates":[-70.93,41.64]},"properties":{"ptf_id":1254677,"ptf_ref":"VGDE7LX","category":"fvon","ptf_model":"GENERIC_FISHING_VESSEL_PROBE","country_name":"USA","country_ship":"USA","country_sensor_provider":null}},{"type":"Feature","geometry":{"type":"Point","coordinates":[-171.8,-13.8]},"properties":{"ptf_id":1298498,"ptf_ref":"8SGX2XB","category":"fvon","ptf_model":"GENERIC_FISHING_VESSEL_PROBE","country_name":"AUSTRALIA","country_ship":"SAMOA","country_sensor_provider":null}},{"type":"Feature","geometry":{"type":"Point","coordinates":[140.5,-17.5]},"properties":{"ptf_id":1321943,"ptf_ref":"UNT4CVV","category":"fvon","ptf_model":"GENERIC_FISHING_VESSEL_PROBE","country_name":"AUSTRALIA","country_ship":"AUSTRALIA","country_sensor_provider":null}},{"type":"Feature","geometry":{"type":"Point","coordinates":[126.19,-33.31]},"properties":{"ptf_id":1343049,"ptf_ref":"SASEJ6T","category":"fvon","ptf_model":"GENERIC_FISHING_VESSEL_PROBE","country_name":"AUSTRALIA","country_ship":"AUSTRALIA","country_sensor_provider":null}},{"type":"Feature","geometry":{"type":"Point","coordinates":[-122.8,37.99]},"properties":{"ptf_id":1306345,"ptf_ref":"UXD4F3L","category":"fvon","ptf_model":"GENERIC_FISHING_VESSEL_PROBE","country_name":"USA","country_ship":"USA","country_sensor_provider":null}},{"type":"Feature","geometry":{"type":"Point","coordinates":[-70.93,41.64]},"properties":{"ptf_id":1254217,"ptf_ref":"YDD7JYF","category":"fvon","ptf_model":"GENERIC_FISHING_VESSEL_PROBE","country_name":"USA","country_ship":"USA","country_sensor_provider":null}},{"type":"Feature","geometry":{"type":"Point","coordinates":[114.77,-29.05]},"properties":{"ptf_id":1298908,"ptf_ref":"XEB458L","category":"fvon","ptf_model":"GENERIC_FISHING_VESSEL_PROBE","country_name":"AUSTRALIA","country_ship":"AUSTRALIA","country_sensor_provider":null}},{"type":"Feature","geometry":{"type":"Point","coordinates":[172.89,52.644]},"properties":{"ptf_id":1345423,"ptf_ref":"7QTZ7KS","category":"fvon","ptf_model":"GENERIC_FISHING_VESSEL_PROBE","country_name":"USA","country_ship":"USA","country_sensor_provider":null}},{"type":"Feature","geometry":{"type":"Point","coordinates":[-110.32,24.16]},"properties":{"ptf_id":1273164,"ptf_ref":"2ULKR5R","category":"fvon","ptf_model":"GENERIC_FISHING_VESSEL_PROBE","country_name":"MEXICO","country_ship":"MEXICO","country_sensor_provider":null}},{"type":"Feature","geometry":{"type":"Point","coordinates":[-167.26,53.66]},"properties":{"ptf_id":1321193,"ptf_ref":"SLJ35JV","category":"fvon","ptf_model":"GENERIC_FISHING_VESSEL_PROBE","country_name":"USA","country_ship":"USA","country_sensor_provider":null}},{"type":"Feature","geometry":{"type":"Point","coordinates":[152,-4]},"properties":{"ptf_id":1252797,"ptf_ref":"2FELQWN","category":"fvon","ptf_model":"GENERIC_FISHING_VESSEL_PROBE","country_name":"AUSTRALIA","country_ship":"PHILIPPINES","country_sensor_provider":null}},{"type":"Feature","geometry":{"type":"Point","coordinates":[131,-12.5]},"properties":{"ptf_id":1344557,"ptf_ref":"4ENELJR","category":"fvon","ptf_model":"GENERIC_FISHING_VESSEL_PROBE","country_name":"AUSTRALIA","country_ship":"AUSTRALIA","country_sensor_provider":null}},{"type":"Feature","geometry":{"type":"Point","coordinates":[-110.32,24.16]},"properties":{"ptf_id":1273168,"ptf_ref":"KTL4E4P","category":"fvon","ptf_model":"GENERIC_FISHING_VESSEL_PROBE","country_name":"MEXICO","country_ship":"MEXICO","country_sensor_provider":null}},{"type":"Feature","geometry":{"type":"Point","coordinates":[151,-33]},"properties":{"ptf_id":1247307,"ptf_ref":"VUQ8MLG","category":"fvon","ptf_model":"GENERIC_FISHING_VESSEL_PROBE","country_name":"AUSTRALIA","country_ship":"AUSTRALIA","country_sensor_provider":null}},{"type":"Feature","geometry":{"type":"Point","coordinates":[152.5,-32.5]},"properties":{"ptf_id":1262048,"ptf_ref":"HQX4AUB","category":"fvon","ptf_model":"GENERIC_FISHING_VESSEL_PROBE","country_name":"AUSTRALIA","country_ship":"AUSTRALIA","country_sensor_provider":null}},{"type":"Feature","geometry":{"type":"Point","coordinates":[-70,41.8]},"properties":{"ptf_id":1273600,"ptf_ref":"3DNMNHV","category":"fvon","ptf_model":"GENERIC_FISHING_VESSEL_PROBE","country_name":"USA","country_ship":"USA","country_sensor_provider":null}},{"type":"Feature","geometry":{"type":"Point","coordinates":[-110.32,24.15]},"properties":{"ptf_id":1259337,"ptf_ref":"8EDGYHU","category":"fvon","ptf_model":"GENERIC_FISHING_VESSEL_PROBE","country_name":"USA","country_ship":"MEXICO","country_sensor_provider":null}},{"type":"Feature","geometry":{"type":"Point","coordinates":[150.876,-35.253]},"properties":{"ptf_id":1356557,"ptf_ref":"5HRJ2GC","category":"fvon","ptf_model":"GENERIC_FISHING_VESSEL_PROBE","country_name":"AUSTRALIA","country_ship":"AUSTRALIA","country_sensor_provider":null}},{"type":"Feature","geometry":{"type":"Point","coordinates":[-70,41.8]},"properties":{"ptf_id":1273570,"ptf_ref":"2CNXHNY","category":"fvon","ptf_model":"GENERIC_FISHING_VESSEL_PROBE","country_name":"USA","country_ship":"USA","country_sensor_provider":null}},{"type":"Feature","geometry":{"type":"Point","coordinates":[-70.93,41.64]},"properties":{"ptf_id":1254337,"ptf_ref":"2XEUKPE","category":"fvon","ptf_model":"GENERIC_FISHING_VESSEL_PROBE","country_name":"USA","country_ship":"USA","country_sensor_provider":null}},{"type":"Feature","geometry":{"type":"Point","coordinates":[-69,43]},"properties":{"ptf_id":1210517,"ptf_ref":"2VBPWVU","category":"fvon","ptf_model":"GENERIC_FISHING_VESSEL_PROBE","country_name":"USA","country_ship":"USA","country_sensor_provider":null}},{"type":"Feature","geometry":{"type":"Point","coordinates":[-110.32,24.16]},"properties":{"ptf_id":1273169,"ptf_ref":"RCQ4WJM","category":"fvon","ptf_model":"GENERIC_FISHING_VESSEL_PROBE","country_name":"MEXICO","country_ship":"MEXICO","country_sensor_provider":null}},{"type":"Feature","geometry":{"type":"Point","coordinates":[148,-43]},"properties":{"ptf_id":1321457,"ptf_ref":"QZMVPAX","category":"fvon","ptf_model":"GENERIC_FISHING_VESSEL_PROBE","country_name":"AUSTRALIA","country_ship":"AUSTRALIA","country_sensor_provider":null}},{"type":"Feature","geometry":{"type":"Point","coordinates":[39.31,-7.77]},"properties":{"ptf_id":1305776,"ptf_ref":"SPNZL5J","category":"fvon","ptf_model":"GENERIC_FISHING_VESSEL_PROBE","country_name":"TANZANIA","country_ship":"TANZANIA","country_sensor_provider":null}},{"type":"Feature","geometry":{"type":"Point","coordinates":[-70,41.8]},"properties":{"ptf_id":1273592,"ptf_ref":"NBZJQTF","category":"fvon","ptf_model":"GENERIC_FISHING_VESSEL_PROBE","country_name":"USA","country_ship":"USA","country_sensor_provider":null}},{"type":"Feature","geometry":{"type":"Point","coordinates":[-110.32,24.16]},"properties":{"ptf_id":1273174,"ptf_ref":"HLTDLGD","category":"fvon","ptf_model":"GENERIC_FISHING_VESSEL_PROBE","country_name":"MEXICO","country_ship":"MEXICO","country_sensor_provider":null}},{"type":"Feature","geometry":{"type":"Point","coordinates":[161.851,-20.554]},"properties":{"ptf_id":1356538,"ptf_ref":"ZBP3AHT","category":"fvon","ptf_model":"GENERIC_FISHING_VESSEL_PROBE","country_name":"FIJI","country_ship":"NEW CALEDONIA","country_sensor_provider":null}},{"type":"Feature","geometry":{"type":"Point","coordinates":[-168.53,53.31]},"properties":{"ptf_id":1340760,"ptf_ref":"DLLSHDN","category":"fvon","ptf_model":"GENERIC_FISHING_VESSEL_PROBE","country_name":"USA","country_ship":"USA","country_sensor_provider":null}},{"type":"Feature","geometry":{"type":"Point","coordinates":[-70,41.8]},"properties":{"ptf_id":1273588,"ptf_ref":"BENDLQZ","category":"fvon","ptf_model":"GENERIC_FISHING_VESSEL_PROBE","country_name":"USA","country_ship":"USA","country_sensor_provider":null}},{"type":"Feature","geometry":{"type":"Point","coordinates":[-70,41.8]},"properties":{"ptf_id":1273537,"ptf_ref":"KHCYLJA","category":"fvon","ptf_model":"GENERIC_FISHING_VESSEL_PROBE","country_name":"USA","country_ship":"USA","country_sensor_provider":null}},{"type":"Feature","geometry":{"type":"Point","coordinates":[-110.32,24.16]},"properties":{"ptf_id":1273166,"ptf_ref":"5FK3PYQ","category":"fvon","ptf_model":"GENERIC_FISHING_VESSEL_PROBE","country_name":"MEXICO","country_ship":"MEXICO","country_sensor_provider":null}},{"type":"Feature","geometry":{"type":"Point","coordinates":[152.1439,-32.7204]},"properties":{"ptf_id":1357999,"ptf_ref":"4MQYUHG","category":"fvon","ptf_model":"GENERIC_FISHING_VESSEL_PROBE","country_name":"AUSTRALIA","country_ship":"AUSTRALIA","country_sensor_provider":null}},{"type":"Feature","geometry":{"type":"Point","coordinates":[39.23,-6.17]},"properties":{"ptf_id":1305767,"ptf_ref":"2XRW2DN","category":"fvon","ptf_model":"GENERIC_FISHING_VESSEL_PROBE","country_name":"TANZANIA","country_ship":"TANZANIA","country_sensor_provider":null}},{"type":"Feature","geometry":{"type":"Point","coordinates":[173.471,52.911]},"properties":{"ptf_id":1345422,"ptf_ref":"UJQY5FW","category":"fvon","ptf_model":"GENERIC_FISHING_VESSEL_PROBE","country_name":"USA","country_ship":"USA","country_sensor_provider":null}},{"type":"Feature","geometry":{"type":"Point","coordinates":[147,-6.5]},"properties":{"ptf_id":1248063,"ptf_ref":"VRL585E","category":"fvon","ptf_model":"GENERIC_FISHING_VESSEL_PROBE","country_name":"AUSTRALIA","country_ship":"PNG","country_sensor_provider":null}},{"type":"Feature","geometry":{"type":"Point","coordinates":[-70,41.8]},"properties":{"ptf_id":1273555,"ptf_ref":"VHBPP9M","category":"fvon","ptf_model":"GENERIC_FISHING_VESSEL_PROBE","country_name":"USA","country_ship":"USA","country_sensor_provider":null}},{"type":"Feature","geometry":{"type":"Point","coordinates":[-149.6,-17.5]},"properties":{"ptf_id":1279540,"ptf_ref":"8SNEWCT","category":"fvon","ptf_model":"GENERIC_FISHING_VESSEL_PROBE","country_name":"AUSTRALIA","country_ship":"FR. POLYNESIA","country_sensor_provider":null}},{"type":"Feature","geometry":{"type":"Point","coordinates":[-149.6,-17.5]},"properties":{"ptf_id":1279541,"ptf_ref":"LFK8MBY","category":"fvon","ptf_model":"GENERIC_FISHING_VESSEL_PROBE","country_name":"AUSTRALIA","country_ship":"FR. POLYNESIA","country_sensor_provider":null}},{"type":"Feature","geometry":{"type":"Point","coordinates":[-122.03,36.96]},"properties":{"ptf_id":1305792,"ptf_ref":"8YM8BLW","category":"fvon","ptf_model":"GENERIC_FISHING_VESSEL_PROBE","country_name":"USA","country_ship":"USA","country_sensor_provider":null}},{"type":"Feature","geometry":{"type":"Point","coordinates":[-70.93,41.64]},"properties":{"ptf_id":1253657,"ptf_ref":"TKE656P","category":"fvon","ptf_model":"GENERIC_FISHING_VESSEL_PROBE","country_name":"USA","country_ship":"USA","country_sensor_provider":null}},{"type":"Feature","geometry":{"type":"Point","coordinates":[-167.26,53.66]},"properties":{"ptf_id":1321411,"ptf_ref":"VMFQ7VK","category":"fvon","ptf_model":"GENERIC_FISHING_VESSEL_PROBE","country_name":"USA","country_ship":"USA","country_sensor_provider":null}},{"type":"Feature","geometry":{"type":"Point","coordinates":[-149.6,-17.5]},"properties":{"ptf_id":1279539,"ptf_ref":"HHJ6K8R","category":"fvon","ptf_model":"GENERIC_FISHING_VESSEL_PROBE","country_name":"AUSTRALIA","country_ship":"FR. POLYNESIA","country_sensor_provider":null}},{"type":"Feature","geometry":{"type":"Point","coordinates":[-167.26,53.66]},"properties":{"ptf_id":1321196,"ptf_ref":"XGZP85Q","category":"fvon","ptf_model":"GENERIC_FISHING_VESSEL_PROBE","country_name":"USA","country_ship":"USA","country_sensor_provider":null}},{"type":"Feature","geometry":{"type":"Point","coordinates":[130,-11]},"properties":{"ptf_id":1266563,"ptf_ref":"DCXXG4C","category":"fvon","ptf_model":"GENERIC_FISHING_VESSEL_PROBE","country_name":"AUSTRALIA","country_ship":"AUSTRALIA","country_sensor_provider":null}},{"type":"Feature","geometry":{"type":"Point","coordinates":[153,-31.5]},"properties":{"ptf_id":1321470,"ptf_ref":"UKVWZLV","category":"fvon","ptf_model":"GENERIC_FISHING_VESSEL_PROBE","country_name":"AUSTRALIA","country_ship":"AUSTRALIA","country_sensor_provider":null}},{"type":"Feature","geometry":{"type":"Point","coordinates":[163.99,-20.647]},"properties":{"ptf_id":1348400,"ptf_ref":"PTP9U9L","category":"fvon","ptf_model":"GENERIC_FISHING_VESSEL_PROBE","country_name":"FIJI","country_ship":"NEW CALEDONIA","country_sensor_provider":null}},{"type":"Feature","geometry":{"type":"Point","coordinates":[-122.03,36.96]},"properties":{"ptf_id":1305793,"ptf_ref":"7ETD3RQ","category":"fvon","ptf_model":"GENERIC_FISHING_VESSEL_PROBE","country_name":"USA","country_ship":"USA","country_sensor_provider":null}},{"type":"Feature","geometry":{"type":"Point","coordinates":[39.23,-6.17]},"properties":{"ptf_id":1305766,"ptf_ref":"ACZUC4H","category":"fvon","ptf_model":"GENERIC_FISHING_VESSEL_PROBE","country_name":"TANZANIA","country_ship":"TANZANIA","country_sensor_provider":null}},{"type":"Feature","geometry":{"type":"Point","coordinates":[-6.76,62.01]},"properties":{"ptf_id":1298600,"ptf_ref":"AWWNJZM","category":"fvon","ptf_model":"GENERIC_FISHING_VESSEL_PROBE","country_name":"USA","country_ship":"FAROE IS.","country_sensor_provider":null}},{"type":"Feature","geometry":{"type":"Point","coordinates":[-70,41.8]},"properties":{"ptf_id":1273609,"ptf_ref":"NXUHVVE","category":"fvon","ptf_model":"GENERIC_FISHING_VESSEL_PROBE","country_name":"USA","country_ship":"USA","country_sensor_provider":null}},{"type":"Feature","geometry":{"type":"Point","coordinates":[151.35,-33.5167]},"properties":{"ptf_id":1357979,"ptf_ref":"9WVZAFM","category":"fvon","ptf_model":"GENERIC_FISHING_VESSEL_PROBE","country_name":"AUSTRALIA","country_ship":"AUSTRALIA","country_sensor_provider":null}},{"type":"Feature","geometry":{"type":"Point","coordinates":[178.4418,-18.1416]},"properties":{"ptf_id":1347417,"ptf_ref":"VJHX5GP","category":"fvon","ptf_model":"GENERIC_FISHING_VESSEL_PROBE","country_name":"FIJI","country_ship":"FIJI","country_sensor_provider":null}},{"type":"Feature","geometry":{"type":"Point","coordinates":[114.66,-28.97]},"properties":{"ptf_id":1298910,"ptf_ref":"KFM7EDS","category":"fvon","ptf_model":"GENERIC_FISHING_VESSEL_PROBE","country_name":"AUSTRALIA","country_ship":"AUSTRALIA","country_sensor_provider":null}},{"type":"Feature","geometry":{"type":"Point","coordinates":[-70.93,41.64]},"properties":{"ptf_id":1253617,"ptf_ref":"CVPRK5D","category":"fvon","ptf_model":"GENERIC_FISHING_VESSEL_PROBE","country_name":"USA","country_ship":"USA","country_sensor_provider":null}},{"type":"Feature","geometry":{"type":"Point","coordinates":[151.246,-4.306]},"properties":{"ptf_id":1249397,"ptf_ref":"SLUZQ2B","category":"fvon","ptf_model":"GENERIC_FISHING_VESSEL_PROBE","country_name":"AUSTRALIA","country_ship":"PNG","country_sensor_provider":null}},{"type":"Feature","geometry":{"type":"Point","coordinates":[-70.3,43.63]},"properties":{"ptf_id":1239457,"ptf_ref":"8UQH45C","category":"fvon","ptf_model":"GILLNETS AND ENTANGLING NETS","country_name":"USA","country_ship":"USA","country_sensor_provider":null}},{"type":"Feature","geometry":{"type":"Point","coordinates":[-70,41.8]},"properties":{"ptf_id":1273610,"ptf_ref":"PKGJCXF","category":"fvon","ptf_model":"GENERIC_FISHING_VESSEL_PROBE","country_name":"USA","country_ship":"USA","country_sensor_provider":null}},{"type":"Feature","geometry":{"type":"Point","coordinates":[-70,41.8]},"properties":{"ptf_id":1273532,"ptf_ref":"WZL2PJD","category":"fvon","ptf_model":"GENERIC_FISHING_VESSEL_PROBE","country_name":"USA","country_ship":"USA","country_sensor_provider":null}},{"type":"Feature","geometry":{"type":"Point","coordinates":[155.384,-1.942]},"properties":{"ptf_id":1241264,"ptf_ref":"PJKZCES","category":"fvon","ptf_model":"GENERIC_FISHING_VESSEL_PROBE","country_name":"AUSTRALIA","country_ship":"PHILIPPINES","country_sensor_provider":null}},{"type":"Feature","geometry":{"type":"Point","coordinates":[-70,41.8]},"properties":{"ptf_id":1273534,"ptf_ref":"XFKQEWD","category":"fvon","ptf_model":"GENERIC_FISHING_VESSEL_PROBE","country_name":"USA","country_ship":"USA","country_sensor_provider":null}},{"type":"Feature","geometry":{"type":"Point","coordinates":[-77.23,25.04]},"properties":{"ptf_id":1273159,"ptf_ref":"7RGXNRQ","category":"fvon","ptf_model":"GENERIC_FISHING_VESSEL_PROBE","country_name":"BAHAMAS","country_ship":"BAHAMAS","country_sensor_provider":null}},{"type":"Feature","geometry":{"type":"Point","coordinates":[153.2,-31.5]},"properties":{"ptf_id":1321577,"ptf_ref":"KWQZDGC","category":"fvon","ptf_model":"GENERIC_FISHING_VESSEL_PROBE","country_name":"AUSTRALIA","country_ship":"AUSTRALIA","country_sensor_provider":null}},{"type":"Feature","geometry":{"type":"Point","coordinates":[-167.26,53.66]},"properties":{"ptf_id":1321191,"ptf_ref":"TRQKH2Z","category":"fvon","ptf_model":"GENERIC_FISHING_VESSEL_PROBE","country_name":"USA","country_ship":"USA","country_sensor_provider":null}},{"type":"Feature","geometry":{"type":"Point","coordinates":[133.4,-10.8]},"properties":{"ptf_id":1342977,"ptf_ref":"LQN6WHX","category":"fvon","ptf_model":"GENERIC_FISHING_VESSEL_PROBE","country_name":"AUSTRALIA","country_ship":"AUSTRALIA","country_sensor_provider":null}},{"type":"Feature","geometry":{"type":"Point","coordinates":[172,-14.5]},"properties":{"ptf_id":1340304,"ptf_ref":"LVV36PG","category":"fvon","ptf_model":"GENERIC_FISHING_VESSEL_PROBE","country_name":"AUSTRALIA","country_ship":"SAMOA","country_sensor_provider":null}},{"type":"Feature","geometry":{"type":"Point","coordinates":[-169.58,52.95]},"properties":{"ptf_id":1321467,"ptf_ref":"3KLQDUS","category":"fvon","ptf_model":"GENERIC_FISHING_VESSEL_PROBE","country_name":"USA","country_ship":"USA","country_sensor_provider":null}},{"type":"Feature","geometry":{"type":"Point","coordinates":[-70.82,41.93]},"properties":{"ptf_id":1292791,"ptf_ref":"BWHB62L","category":"fvon","ptf_model":"GENERIC_FISHING_VESSEL_PROBE","country_name":"USA","country_ship":"USA","country_sensor_provider":null}},{"type":"Feature","geometry":{"type":"Point","coordinates":[79,-53]},"properties":{"ptf_id":1344462,"ptf_ref":"VEFECPG","category":"fvon","ptf_model":"GENERIC_FISHING_VESSEL_PROBE","country_name":"AUSTRALIA","country_ship":"AUSTRALIA","country_sensor_provider":null}},{"type":"Feature","geometry":{"type":"Point","coordinates":[-70,41.8]},"properties":{"ptf_id":1273562,"ptf_ref":"WAPSEMG","category":"fvon","ptf_model":"GENERIC_FISHING_VESSEL_PROBE","country_name":"USA","country_ship":"USA","country_sensor_provider":null}},{"type":"Feature","geometry":{"type":"Point","coordinates":[-70.93,41.64]},"properties":{"ptf_id":1253977,"ptf_ref":"QRHU4RZ","category":"fvon","ptf_model":"GENERIC_FISHING_VESSEL_PROBE","country_name":"USA","country_ship":"USA","country_sensor_provider":null}},{"type":"Feature","geometry":{"type":"Point","coordinates":[-122.583,37.727]},"properties":{"ptf_id":1340757,"ptf_ref":"TMNGVHJ","category":"fvon","ptf_model":"GENERIC_FISHING_VESSEL_PROBE","country_name":"USA","country_ship":"USA","country_sensor_provider":null}},{"type":"Feature","geometry":{"type":"Point","coordinates":[-70.93,41.64]},"properties":{"ptf_id":1254077,"ptf_ref":"SGVSUDW","category":"fvon","ptf_model":"GENERIC_FISHING_VESSEL_PROBE","country_name":"USA","country_ship":"USA","country_sensor_provider":null}},{"type":"Feature","geometry":{"type":"Point","coordinates":[-6.76,62.01]},"properties":{"ptf_id":1298599,"ptf_ref":"GKNKX5R","category":"fvon","ptf_model":"GENERIC_FISHING_VESSEL_PROBE","country_name":"USA","country_ship":"FAROE IS.","country_sensor_provider":null}},{"type":"Feature","geometry":{"type":"Point","coordinates":[-171.8,-13.8]},"properties":{"ptf_id":1298497,"ptf_ref":"4TMW7BG","category":"fvon","ptf_model":"GENERIC_FISHING_VESSEL_PROBE","country_name":"AUSTRALIA","country_ship":"SAMOA","country_sensor_provider":null}},{"type":"Feature","geometry":{"type":"Point","coordinates":[-70.93,41.64]},"properties":{"ptf_id":1253537,"ptf_ref":"8XCE3GQ","category":"fvon","ptf_model":"GENERIC_FISHING_VESSEL_PROBE","country_name":"USA","country_ship":"USA","country_sensor_provider":null}},{"type":"Feature","geometry":{"type":"Point","coordinates":[39.23,-6.17]},"properties":{"ptf_id":1305772,"ptf_ref":"EDW388S","category":"fvon","ptf_model":"GENERIC_FISHING_VESSEL_PROBE","country_name":"TANZANIA","country_ship":"TANZANIA","country_sensor_provider":null}},{"type":"Feature","geometry":{"type":"Point","coordinates":[-70.82,41.93]},"properties":{"ptf_id":1292789,"ptf_ref":"3GT2M6Y","category":"fvon","ptf_model":"GENERIC_FISHING_VESSEL_PROBE","country_name":"USA","country_ship":null,"country_sensor_provider":null}},{"type":"Feature","geometry":{"type":"Point","coordinates":[-70.82,41.93]},"properties":{"ptf_id":1292784,"ptf_ref":"ZYDKVZL","category":"fvon","ptf_model":"GENERIC_FISHING_VESSEL_PROBE","country_name":"USA","country_ship":"USA","country_sensor_provider":null}},{"type":"Feature","geometry":{"type":"Point","coordinates":[171,-26]},"properties":{"ptf_id":1340527,"ptf_ref":"2GG8KQT","category":"fvon","ptf_model":"GENERIC_FISHING_VESSEL_PROBE","country_name":"AUSTRALIA","country_ship":"FIJI","country_sensor_provider":null}},{"type":"Feature","geometry":{"type":"Point","coordinates":[-70.93,41.64]},"properties":{"ptf_id":1254377,"ptf_ref":"CBZ57NA","category":"fvon","ptf_model":"GENERIC_FISHING_VESSEL_PROBE","country_name":"USA","country_ship":"USA","country_sensor_provider":null}},{"type":"Feature","geometry":{"type":"Point","coordinates":[153.1173,-26.6778]},"properties":{"ptf_id":1348397,"ptf_ref":"BZWJANF","category":"fvon","ptf_model":"GENERIC_FISHING_VESSEL_PROBE","country_name":"AUSTRALIA","country_ship":"AUSTRALIA","country_sensor_provider":null}},{"type":"Feature","geometry":{"type":"Point","coordinates":[-167.26,53.66]},"properties":{"ptf_id":1321398,"ptf_ref":"6GARNEZ","category":"fvon","ptf_model":"GENERIC_FISHING_VESSEL_PROBE","country_name":"USA","country_ship":"USA","country_sensor_provider":null}},{"type":"Feature","geometry":{"type":"Point","coordinates":[39.23,-6.17]},"properties":{"ptf_id":1305773,"ptf_ref":"HBNDKLR","category":"fvon","ptf_model":"GENERIC_FISHING_VESSEL_PROBE","country_name":"TANZANIA","country_ship":"TANZANIA","country_sensor_provider":null}},{"type":"Feature","geometry":{"type":"Point","coordinates":[178,-18.2]},"properties":{"ptf_id":1247300,"ptf_ref":"DSX8WHK","category":"fvon","ptf_model":"GENERIC_FISHING_VESSEL_PROBE","country_name":"AUSTRALIA","country_ship":"FIJI","country_sensor_provider":null}},{"type":"Feature","geometry":{"type":"Point","coordinates":[115,-31]},"properties":{"ptf_id":1321525,"ptf_ref":"2YUU3KD","category":"fvon","ptf_model":"GENERIC_FISHING_VESSEL_PROBE","country_name":"AUSTRALIA","country_ship":"AUSTRALIA","country_sensor_provider":null}},{"type":"Feature","geometry":{"type":"Point","coordinates":[-70.93,41.64]},"properties":{"ptf_id":1254297,"ptf_ref":"BGL6JXG","category":"fvon","ptf_model":"GENERIC_FISHING_VESSEL_PROBE","country_name":"USA","country_ship":"USA","country_sensor_provider":null}},{"type":"Feature","geometry":{"type":"Point","coordinates":[171,-26]},"properties":{"ptf_id":1340526,"ptf_ref":"FGHVBXG","category":"fvon","ptf_model":"GENERIC_FISHING_VESSEL_PROBE","country_name":"AUSTRALIA","country_ship":"FIJI","country_sensor_provider":null}},{"type":"Feature","geometry":{"type":"Point","coordinates":[39.21,-6.16]},"properties":{"ptf_id":1279321,"ptf_ref":"7YSV4RW","category":"fvon","ptf_model":"GENERIC_FISHING_VESSEL_PROBE","country_name":"USA","country_ship":"TANZANIA","country_sensor_provider":null}},{"type":"Feature","geometry":{"type":"Point","coordinates":[-169.58,52.95]},"properties":{"ptf_id":1321466,"ptf_ref":"LFY8D6Q","category":"fvon","ptf_model":"GENERIC_FISHING_VESSEL_PROBE","country_name":"USA","country_ship":"USA","country_sensor_provider":null}},{"type":"Feature","geometry":{"type":"Point","coordinates":[-70.93,41.64]},"properties":{"ptf_id":1254577,"ptf_ref":"UTB6FBY","category":"fvon","ptf_model":"GENERIC_FISHING_VESSEL_PROBE","country_name":"USA","country_ship":"USA","country_sensor_provider":null}},{"type":"Feature","geometry":{"type":"Point","coordinates":[-169.58,52.95]},"properties":{"ptf_id":1321468,"ptf_ref":"YNLS52N","category":"fvon","ptf_model":"GENERIC_FISHING_VESSEL_PROBE","country_name":"USA","country_ship":"USA","country_sensor_provider":null}},{"type":"Feature","geometry":{"type":"Point","coordinates":[0,0]},"properties":{"ptf_id":1207237,"ptf_ref":"2RBQ8GC","category":"fvon","ptf_model":"Purse seines","country_name":"USA","country_ship":"TANZANIA","country_sensor_provider":null}},{"type":"Feature","geometry":{"type":"Point","coordinates":[150.9,-35.7]},"properties":{"ptf_id":1343042,"ptf_ref":"QEZNW6D","category":"fvon","ptf_model":"GENERIC_FISHING_VESSEL_PROBE","country_name":"AUSTRALIA","country_ship":"AUSTRALIA","country_sensor_provider":null}},{"type":"Feature","geometry":{"type":"Point","coordinates":[143,-40.2]},"properties":{"ptf_id":1321497,"ptf_ref":"EHDC3EG","category":"fvon","ptf_model":"GENERIC_FISHING_VESSEL_PROBE","country_name":"AUSTRALIA","country_ship":"AUSTRALIA","country_sensor_provider":null}},{"type":"Feature","geometry":{"type":"Point","coordinates":[173.07,52.645]},"properties":{"ptf_id":1345421,"ptf_ref":"PCT7JGX","category":"fvon","ptf_model":"GENERIC_FISHING_VESSEL_PROBE","country_name":"USA","country_ship":"USA","country_sensor_provider":null}},{"type":"Feature","geometry":{"type":"Point","coordinates":[-168.53,53.31]},"properties":{"ptf_id":1340762,"ptf_ref":"8JRWRZS","category":"fvon","ptf_model":"GENERIC_FISHING_VESSEL_PROBE","country_name":"USA","country_ship":"USA","country_sensor_provider":null}},{"type":"Feature","geometry":{"type":"Point","coordinates":[-70,41.8]},"properties":{"ptf_id":1273575,"ptf_ref":"5YGN6NC","category":"fvon","ptf_model":"GENERIC_FISHING_VESSEL_PROBE","country_name":"USA","country_ship":"USA","country_sensor_provider":null}},{"type":"Feature","geometry":{"type":"Point","coordinates":[-69,43]},"properties":{"ptf_id":1227557,"ptf_ref":"NKKW6YU","category":"fvon","ptf_model":"Bottom Trawls","country_name":"USA","country_ship":"USA","country_sensor_provider":null}},{"type":"Feature","geometry":{"type":"Point","coordinates":[-149.6,-17.5]},"properties":{"ptf_id":1273522,"ptf_ref":"PECEQRL","category":"fvon","ptf_model":"GENERIC_FISHING_VESSEL_PROBE","country_name":"AUSTRALIA","country_ship":"FR. POLYNESIA","country_sensor_provider":null}},{"type":"Feature","geometry":{"type":"Point","coordinates":[130.23,-11.38]},"properties":{"ptf_id":1344531,"ptf_ref":"5DK5YUU","category":"fvon","ptf_model":"GENERIC_FISHING_VESSEL_PROBE","country_name":"AUSTRALIA","country_ship":"AUSTRALIA","country_sensor_provider":null}},{"type":"Feature","geometry":{"type":"Point","coordinates":[-70.82,41.93]},"properties":{"ptf_id":1292783,"ptf_ref":"RAXXU3L","category":"fvon","ptf_model":"GENERIC_FISHING_VESSEL_PROBE","country_name":"USA","country_ship":"USA","country_sensor_provider":null}},{"type":"Feature","geometry":{"type":"Point","coordinates":[-70,41.8]},"properties":{"ptf_id":1273593,"ptf_ref":"BRPNFGX","category":"fvon","ptf_model":"GENERIC_FISHING_VESSEL_PROBE","country_name":"USA","country_ship":"USA","country_sensor_provider":null}},{"type":"Feature","geometry":{"type":"Point","coordinates":[152.5,-32.5]},"properties":{"ptf_id":1262046,"ptf_ref":"DFVMQ5S","category":"fvon","ptf_model":"GENERIC_FISHING_VESSEL_PROBE","country_name":"AUSTRALIA","country_ship":"AUSTRALIA","country_sensor_provider":null}},{"type":"Feature","geometry":{"type":"Point","coordinates":[100,-16]},"properties":{"ptf_id":1258422,"ptf_ref":"6NA43FT","category":"fvon","ptf_model":"GENERIC_FISHING_VESSEL_PROBE","country_name":"AUSTRALIA","country_ship":"AUSTRALIA","country_sensor_provider":null}},{"type":"Feature","geometry":{"type":"Point","coordinates":[166.4572,-22.2763]},"properties":{"ptf_id":1356361,"ptf_ref":"DHBEXAR","category":"fvon","ptf_model":"GENERIC_FISHING_VESSEL_PROBE","country_name":"FIJI","country_ship":"NEW CALEDONIA","country_sensor_provider":null}},{"type":"Feature","geometry":{"type":"Point","coordinates":[162.689,-18.404]},"properties":{"ptf_id":1344562,"ptf_ref":"MVZF4KY","category":"fvon","ptf_model":"GENERIC_FISHING_VESSEL_PROBE","country_name":"AUSTRALIA","country_ship":"NEW CALEDONIA","country_sensor_provider":null}},{"type":"Feature","geometry":{"type":"Point","coordinates":[-69.246,43.392]},"properties":{"ptf_id":1357577,"ptf_ref":"RCU3W2P","category":"fvon","ptf_model":"GENERIC_FISHING_VESSEL_PROBE","country_name":"USA","country_ship":"USA","country_sensor_provider":null}},{"type":"Feature","geometry":{"type":"Point","coordinates":[-70,41.8]},"properties":{"ptf_id":1273538,"ptf_ref":"9RAJJDH","category":"fvon","ptf_model":"GENERIC_FISHING_VESSEL_PROBE","country_name":"USA","country_ship":"USA","country_sensor_provider":null}},{"type":"Feature","geometry":{"type":"Point","coordinates":[-77.34,25.06]},"properties":{"ptf_id":1344560,"ptf_ref":"QTTLZ3X","category":"fvon","ptf_model":"GENERIC_FISHING_VESSEL_PROBE","country_name":"BAHAMAS","country_ship":"BAHAMAS","country_sensor_provider":null}},{"type":"Feature","geometry":{"type":"Point","coordinates":[145.86,-16.78]},"properties":{"ptf_id":1344465,"ptf_ref":"CHPQQSX","category":"fvon","ptf_model":"GENERIC_FISHING_VESSEL_PROBE","country_name":"AUSTRALIA","country_ship":"AUSTRALIA","country_sensor_provider":null}},{"type":"Feature","geometry":{"type":"Point","coordinates":[132,-9.5]},"properties":{"ptf_id":1344463,"ptf_ref":"CZTJQ7S","category":"fvon","ptf_model":"GENERIC_FISHING_VESSEL_PROBE","country_name":"AUSTRALIA","country_ship":"AUSTRALIA","country_sensor_provider":null}},{"type":"Feature","geometry":{"type":"Point","coordinates":[-69,43]},"properties":{"ptf_id":1224137,"ptf_ref":"MBVWT4Q","category":"fvon","ptf_model":"AIRMAR 200WX","country_name":"USA","country_ship":"USA","country_sensor_provider":null}},{"type":"Feature","geometry":{"type":"Point","coordinates":[-73.1,45.38]},"properties":{"ptf_id":1292760,"ptf_ref":"WZXC7XX","category":"fvon","ptf_model":"GENERIC_FISHING_VESSEL_PROBE","country_name":"USA","country_ship":"USA","country_sensor_provider":null}},{"type":"Feature","geometry":{"type":"Point","coordinates":[-70,41.8]},"properties":{"ptf_id":1273611,"ptf_ref":"VFQFC7M","category":"fvon","ptf_model":"GENERIC_FISHING_VESSEL_PROBE","country_name":"USA","country_ship":"USA","country_sensor_provider":null}},{"type":"Feature","geometry":{"type":"Point","coordinates":[-77.23,25.04]},"properties":{"ptf_id":1273161,"ptf_ref":"4JUTEHR","category":"fvon","ptf_model":"GENERIC_FISHING_VESSEL_PROBE","country_name":"BAHAMAS","country_ship":"BAHAMAS","country_sensor_provider":null}},{"type":"Feature","geometry":{"type":"Point","coordinates":[-70.62,41.69]},"properties":{"ptf_id":1248077,"ptf_ref":"ZAJ7JDU","category":"fvon","ptf_model":"TRAPS","country_name":"USA","country_ship":"USA","country_sensor_provider":null}},{"type":"Feature","geometry":{"type":"Point","coordinates":[-70,41.8]},"properties":{"ptf_id":1273531,"ptf_ref":"CMUGZZU","category":"fvon","ptf_model":"GENERIC_FISHING_VESSEL_PROBE","country_name":"USA","country_ship":"USA","country_sensor_provider":null}},{"type":"Feature","geometry":{"type":"Point","coordinates":[57.5,-20.1]},"properties":{"ptf_id":1340531,"ptf_ref":"SND77BG","category":"fvon","ptf_model":"GENERIC_FISHING_VESSEL_PROBE","country_name":"AUSTRALIA","country_ship":"MAURITIUS","country_sensor_provider":null}},{"type":"Feature","geometry":{"type":"Point","coordinates":[-70,43]},"properties":{"ptf_id":1235997,"ptf_ref":"UBNVLYV","category":"fvon","ptf_model":"GILLNETS AND ENTANGLING NETS","country_name":"USA","country_ship":"USA","country_sensor_provider":null}},{"type":"Feature","geometry":{"type":"Point","coordinates":[-77.34,25.06]},"properties":{"ptf_id":1344559,"ptf_ref":"9RXH5VF","category":"fvon","ptf_model":"GENERIC_FISHING_VESSEL_PROBE","country_name":"BAHAMAS","country_ship":"BAHAMAS","country_sensor_provider":null}},{"type":"Feature","geometry":{"type":"Point","coordinates":[-169.58,52.95]},"properties":{"ptf_id":1321469,"ptf_ref":"7JM6P9C","category":"fvon","ptf_model":"GENERIC_FISHING_VESSEL_PROBE","country_name":"USA","country_ship":"USA","country_sensor_provider":null}},{"type":"Feature","geometry":{"type":"Point","coordinates":[-70.82,41.93]},"properties":{"ptf_id":1292778,"ptf_ref":"KXZC2CX","category":"fvon","ptf_model":"GENERIC_FISHING_VESSEL_PROBE","country_name":"USA","country_ship":"USA","country_sensor_provider":null}},{"type":"Feature","geometry":{"type":"Point","coordinates":[-168.23,53.28]},"properties":{"ptf_id":1342753,"ptf_ref":"YQUCL3G","category":"fvon","ptf_model":"GENERIC_FISHING_VESSEL_PROBE","country_name":"USA","country_ship":"USA","country_sensor_provider":null}},{"type":"Feature","geometry":{"type":"Point","coordinates":[151.19,-33.976]},"properties":{"ptf_id":1321458,"ptf_ref":"HCZPCGC","category":"fvon","ptf_model":"GENERIC_FISHING_VESSEL_PROBE","country_name":"AUSTRALIA","country_ship":"AUSTRALIA","country_sensor_provider":null}},{"type":"Feature","geometry":{"type":"Point","coordinates":[-167.26,53.66]},"properties":{"ptf_id":1321408,"ptf_ref":"FLYF2NH","category":"fvon","ptf_model":"GENERIC_FISHING_VESSEL_PROBE","country_name":"USA","country_ship":"USA","country_sensor_provider":null}},{"type":"Feature","geometry":{"type":"Point","coordinates":[-70.93,41.64]},"properties":{"ptf_id":1253757,"ptf_ref":"UTDEWCN","category":"fvon","ptf_model":"GENERIC_FISHING_VESSEL_PROBE","country_name":"USA","country_ship":"USA","country_sensor_provider":null}},{"type":"Feature","geometry":{"type":"Point","coordinates":[-6.76,62.28]},"properties":{"ptf_id":1344636,"ptf_ref":"5YW7W3C","category":"fvon","ptf_model":"GENERIC_FISHING_VESSEL_PROBE","country_name":"FAROE IS.","country_ship":"FAROE IS.","country_sensor_provider":null}},{"type":"Feature","geometry":{"type":"Point","coordinates":[-70.3,43.63]},"properties":{"ptf_id":1239497,"ptf_ref":"XHUE2MP","category":"fvon","ptf_model":"GILLNETS AND ENTANGLING NETS","country_name":"USA","country_ship":"USA","country_sensor_provider":null}},{"type":"Feature","geometry":{"type":"Point","coordinates":[166.4572,-22.2763]},"properties":{"ptf_id":1356558,"ptf_ref":"MCVMZBJ","category":"fvon","ptf_model":"GENERIC_FISHING_VESSEL_PROBE","country_name":"FIJI","country_ship":"NEW CALEDONIA","country_sensor_provider":null}},{"type":"Feature","geometry":{"type":"Point","coordinates":[149.442,-38.126]},"properties":{"ptf_id":1356022,"ptf_ref":"PQBY9HR","category":"fvon","ptf_model":"GENERIC_FISHING_VESSEL_PROBE","country_name":"AUSTRALIA","country_ship":"AUSTRALIA","country_sensor_provider":null}},{"type":"Feature","geometry":{"type":"Point","coordinates":[-167.26,53.66]},"properties":{"ptf_id":1321405,"ptf_ref":"3PKSCQC","category":"fvon","ptf_model":"GENERIC_FISHING_VESSEL_PROBE","country_name":"USA","country_ship":"USA","country_sensor_provider":null}},{"type":"Feature","geometry":{"type":"Point","coordinates":[149.5659,-17.535]},"properties":{"ptf_id":1356061,"ptf_ref":"EHGYN8D","category":"fvon","ptf_model":"GENERIC_FISHING_VESSEL_PROBE","country_name":"FIJI","country_ship":"FR. POLYNESIA","country_sensor_provider":null}},{"type":"Feature","geometry":{"type":"Point","coordinates":[-70.7,42.64]},"properties":{"ptf_id":1291524,"ptf_ref":"CXGBEYL","category":"fvon","ptf_model":"GENERIC_FISHING_VESSEL_PROBE","country_name":"USA","country_ship":"USA","country_sensor_provider":null}},{"type":"Feature","geometry":{"type":"Point","coordinates":[-168.23,53.28]},"properties":{"ptf_id":1342748,"ptf_ref":"6FL4EZR","category":"fvon","ptf_model":"GENERIC_FISHING_VESSEL_PROBE","country_name":"USA","country_ship":"USA","country_sensor_provider":null}},{"type":"Feature","geometry":{"type":"Point","coordinates":[-168.53,53.31]},"properties":{"ptf_id":1340765,"ptf_ref":"9VJBBHG","category":"fvon","ptf_model":"GENERIC_FISHING_VESSEL_PROBE","country_name":"USA","country_ship":"USA","country_sensor_provider":null}},{"type":"Feature","geometry":{"type":"Point","coordinates":[154.011,-29.818]},"properties":{"ptf_id":1355677,"ptf_ref":"HEG9MFQ","category":"fvon","ptf_model":"GENERIC_FISHING_VESSEL_PROBE","country_name":"AUSTRALIA","country_ship":"AUSTRALIA","country_sensor_provider":null}},{"type":"Feature","geometry":{"type":"Point","coordinates":[-167.26,53.66]},"properties":{"ptf_id":1321402,"ptf_ref":"9WGR9XH","category":"fvon","ptf_model":"GENERIC_FISHING_VESSEL_PROBE","country_name":"USA","country_ship":"USA","country_sensor_provider":null}},{"type":"Feature","geometry":{"type":"Point","coordinates":[-70.93,41.64]},"properties":{"ptf_id":1253837,"ptf_ref":"HHU5U7U","category":"fvon","ptf_model":"GENERIC_FISHING_VESSEL_PROBE","country_name":"USA","country_ship":"USA","country_sensor_provider":null}},{"type":"Feature","geometry":{"type":"Point","coordinates":[150.84,-34.78]},"properties":{"ptf_id":1262054,"ptf_ref":"FKK646E","category":"fvon","ptf_model":"GENERIC_FISHING_VESSEL_PROBE","country_name":"AUSTRALIA","country_ship":"AUSTRALIA","country_sensor_provider":null}},{"type":"Feature","geometry":{"type":"Point","coordinates":[160.604,-19.964]},"properties":{"ptf_id":1358079,"ptf_ref":"SADKMHV","category":"fvon","ptf_model":"GENERIC_FISHING_VESSEL_PROBE","country_name":"FIJI","country_ship":"NEW CALEDONIA","country_sensor_provider":null}},{"type":"Feature","geometry":{"type":"Point","coordinates":[115.43,-31.89]},"properties":{"ptf_id":1344563,"ptf_ref":"BKHQX2J","category":"fvon","ptf_model":"GENERIC_FISHING_VESSEL_PROBE","country_name":"AUSTRALIA","country_ship":"AUSTRALIA","country_sensor_provider":null}},{"type":"Feature","geometry":{"type":"Point","coordinates":[-70.93,41.64]},"properties":{"ptf_id":1253737,"ptf_ref":"ASUAV8E","category":"fvon","ptf_model":"GENERIC_FISHING_VESSEL_PROBE","country_name":"USA","country_ship":"USA","country_sensor_provider":null}},{"type":"Feature","geometry":{"type":"Point","coordinates":[55.5265,-21.1307]},"properties":{"ptf_id":1358098,"ptf_ref":"6KL3VGY","category":"fvon","ptf_model":"GENERIC_FISHING_VESSEL_PROBE","country_name":"AUSTRALIA","country_ship":"REUNION","country_sensor_provider":null}},{"type":"Feature","geometry":{"type":"Point","coordinates":[-69.96,43.04]},"properties":{"ptf_id":1247037,"ptf_ref":"DEUCT4N","category":"fvon","ptf_model":"GILLNETS AND ENTANGLING NETS","country_name":"USA","country_ship":"USA","country_sensor_provider":null}},{"type":"Feature","geometry":{"type":"Point","coordinates":[-169.58,52.95]},"properties":{"ptf_id":1321465,"ptf_ref":"UEA33RJ","category":"fvon","ptf_model":"GENERIC_FISHING_VESSEL_PROBE","country_name":"USA","country_ship":"USA","country_sensor_provider":null}},{"type":"Feature","geometry":{"type":"Point","coordinates":[-70.82,41.93]},"properties":{"ptf_id":1292779,"ptf_ref":"9XXGS2J","category":"fvon","ptf_model":"GENERIC_FISHING_VESSEL_PROBE","country_name":"USA","country_ship":"USA","country_sensor_provider":null}},{"type":"Feature","geometry":{"type":"Point","coordinates":[-6.76,62.01]},"properties":{"ptf_id":1306929,"ptf_ref":"XKR5VRR","category":"fvon","ptf_model":"GENERIC_FISHING_VESSEL_PROBE","country_name":"FAROE IS.","country_ship":"FAROE IS.","country_sensor_provider":null}},{"type":"Feature","geometry":{"type":"Point","coordinates":[-70.54,43.38]},"properties":{"ptf_id":1273577,"ptf_ref":"GTQ4LFY","category":"fvon","ptf_model":"GENERIC_FISHING_VESSEL_PROBE","country_name":"USA","country_ship":"USA","country_sensor_provider":null}},{"type":"Feature","geometry":{"type":"Point","coordinates":[-70,41.8]},"properties":{"ptf_id":1273583,"ptf_ref":"HCQSCBB","category":"fvon","ptf_model":"GENERIC_FISHING_VESSEL_PROBE","country_name":"USA","country_ship":"USA","country_sensor_provider":null}},{"type":"Feature","geometry":{"type":"Point","coordinates":[147,-6.5]},"properties":{"ptf_id":1249398,"ptf_ref":"NPMM5HA","category":"fvon","ptf_model":"GENERIC_FISHING_VESSEL_PROBE","country_name":"AUSTRALIA","country_ship":"PNG","country_sensor_provider":null}},{"type":"Feature","geometry":{"type":"Point","coordinates":[-171.7666,-13.8333]},"properties":{"ptf_id":1348409,"ptf_ref":"2VPQY9B","category":"fvon","ptf_model":"GENERIC_FISHING_VESSEL_PROBE","country_name":"FIJI","country_ship":"SAMOA","country_sensor_provider":null}},{"type":"Feature","geometry":{"type":"Point","coordinates":[152.9089,-31.4308]},"properties":{"ptf_id":1356021,"ptf_ref":"BUQ9U2H","category":"fvon","ptf_model":"GENERIC_FISHING_VESSEL_PROBE","country_name":"AUSTRALIA","country_ship":"AUSTRALIA","country_sensor_provider":null}},{"type":"Feature","geometry":{"type":"Point","coordinates":[57.5,-20.1]},"properties":{"ptf_id":1340534,"ptf_ref":"2VNX9LB","category":"fvon","ptf_model":"GENERIC_FISHING_VESSEL_PROBE","country_name":"AUSTRALIA","country_ship":"MAURITIUS","country_sensor_provider":null}},{"type":"Feature","geometry":{"type":"Point","coordinates":[38.969,-6.378]},"properties":{"ptf_id":1346580,"ptf_ref":"2ELVSQC","category":"fvon","ptf_model":"GENERIC_FISHING_VESSEL_PROBE","country_name":"TANZANIA","country_ship":"TANZANIA","country_sensor_provider":null}},{"type":"Feature","geometry":{"type":"Point","coordinates":[-167.26,53.66]},"properties":{"ptf_id":1321413,"ptf_ref":"GJK34SM","category":"fvon","ptf_model":"GENERIC_FISHING_VESSEL_PROBE","country_name":"USA","country_ship":"USA","country_sensor_provider":null}},{"type":"Feature","geometry":{"type":"Point","coordinates":[137.248,-33.917]},"properties":{"ptf_id":1321463,"ptf_ref":"CWPFY9B","category":"fvon","ptf_model":"GENERIC_FISHING_VESSEL_PROBE","country_name":"AUSTRALIA","country_ship":"AUSTRALIA","country_sensor_provider":null}},{"type":"Feature","geometry":{"type":"Point","coordinates":[-166.77,53.61]},"properties":{"ptf_id":1307021,"ptf_ref":"KEVJDGM","category":"fvon","ptf_model":"GENERIC_FISHING_VESSEL_PROBE","country_name":"USA","country_ship":"USA","country_sensor_provider":null}},{"type":"Feature","geometry":{"type":"Point","coordinates":[-70.93,41.64]},"properties":{"ptf_id":1254457,"ptf_ref":"3QBFR9B","category":"fvon","ptf_model":"GENERIC_FISHING_VESSEL_PROBE","country_name":"USA","country_ship":"USA","country_sensor_provider":null}},{"type":"Feature","geometry":{"type":"Point","coordinates":[-70.93,41.64]},"properties":{"ptf_id":1253137,"ptf_ref":"JVP4RMW","category":"fvon","ptf_model":"GENERIC_FISHING_VESSEL_PROBE","country_name":"USA","country_ship":"USA","country_sensor_provider":null}},{"type":"Feature","geometry":{"type":"Point","coordinates":[-70,41.8]},"properties":{"ptf_id":1273549,"ptf_ref":"HNMGB5C","category":"fvon","ptf_model":"GENERIC_FISHING_VESSEL_PROBE","country_name":"USA","country_ship":"USA","country_sensor_provider":null}},{"type":"Feature","geometry":{"type":"Point","coordinates":[115.43,-32.82]},"properties":{"ptf_id":1247029,"ptf_ref":"ZRUUBWL","category":"fvon","ptf_model":"GENERIC_FISHING_VESSEL_PROBE","country_name":"AUSTRALIA","country_ship":"AUSTRALIA","country_sensor_provider":null}},{"type":"Feature","geometry":{"type":"Point","coordinates":[115.15,-32.78]},"properties":{"ptf_id":1321520,"ptf_ref":"5HJ78UF","category":"fvon","ptf_model":"GENERIC_FISHING_VESSEL_PROBE","country_name":"AUSTRALIA","country_ship":"AUSTRALIA","country_sensor_provider":null}},{"type":"Feature","geometry":{"type":"Point","coordinates":[178,-17]},"properties":{"ptf_id":1254858,"ptf_ref":"BKBPTMZ","category":"fvon","ptf_model":"GENERIC_FISHING_VESSEL_PROBE","country_name":"AUSTRALIA","country_ship":"FIJI","country_sensor_provider":null}},{"type":"Feature","geometry":{"type":"Point","coordinates":[-70.93,41.64]},"properties":{"ptf_id":1253577,"ptf_ref":"PFH4SHV","category":"fvon","ptf_model":"GENERIC_FISHING_VESSEL_PROBE","country_name":"USA","country_ship":"USA","country_sensor_provider":null}},{"type":"Feature","geometry":{"type":"Point","coordinates":[-70,41.8]},"properties":{"ptf_id":1273560,"ptf_ref":"LLUHU7Q","category":"fvon","ptf_model":"GENERIC_FISHING_VESSEL_PROBE","country_name":"USA","country_ship":"USA","country_sensor_provider":null}},{"type":"Feature","geometry":{"type":"Point","coordinates":[-110.32,24.16]},"properties":{"ptf_id":1273165,"ptf_ref":"VVKYUUU","category":"fvon","ptf_model":"GENERIC_FISHING_VESSEL_PROBE","country_name":"MEXICO","country_ship":"MEXICO","country_sensor_provider":null}},{"type":"Feature","geometry":{"type":"Point","coordinates":[115.47,-32.11]},"properties":{"ptf_id":1344570,"ptf_ref":"MWXDKLM","category":"fvon","ptf_model":"GENERIC_FISHING_VESSEL_PROBE","country_name":"AUSTRALIA","country_ship":"AUSTRALIA","country_sensor_provider":null}},{"type":"Feature","geometry":{"type":"Point","coordinates":[-6.76,62.01]},"properties":{"ptf_id":1306926,"ptf_ref":"PPE7QXB","category":"fvon","ptf_model":"GENERIC_FISHING_VESSEL_PROBE","country_name":"FAROE IS.","country_ship":"FAROE IS.","country_sensor_provider":null}},{"type":"Feature","geometry":{"type":"Point","coordinates":[-77.33,24.79]},"properties":{"ptf_id":1344633,"ptf_ref":"3FU6MBX","category":"fvon","ptf_model":"GENERIC_FISHING_VESSEL_PROBE","country_name":"BAHAMAS","country_ship":"BAHAMAS","country_sensor_provider":null}},{"type":"Feature","geometry":{"type":"Point","coordinates":[-122.02,36.96]},"properties":{"ptf_id":1306338,"ptf_ref":"DWW7QBV","category":"fvon","ptf_model":"GENERIC_FISHING_VESSEL_PROBE","country_name":"USA","country_ship":"USA","country_sensor_provider":null}},{"type":"Feature","geometry":{"type":"Point","coordinates":[-70.93,41.64]},"properties":{"ptf_id":1254357,"ptf_ref":"QTTFFSH","category":"fvon","ptf_model":"GENERIC_FISHING_VESSEL_PROBE","country_name":"USA","country_ship":"USA","country_sensor_provider":null}},{"type":"Feature","geometry":{"type":"Point","coordinates":[-149.6,-17.5]},"properties":{"ptf_id":1273799,"ptf_ref":"MHN7HHE","category":"fvon","ptf_model":"GENERIC_FISHING_VESSEL_PROBE","country_name":"AUSTRALIA","country_ship":"FR. POLYNESIA","country_sensor_provider":null}},{"type":"Feature","geometry":{"type":"Point","coordinates":[158,-8]},"properties":{"ptf_id":1261817,"ptf_ref":"4NSVFJG","category":"fvon","ptf_model":"GENERIC_FISHING_VESSEL_PROBE","country_name":"AUSTRALIA","country_ship":"SOLOMON ISLANDS","country_sensor_provider":null}},{"type":"Feature","geometry":{"type":"Point","coordinates":[-70.82,41.93]},"properties":{"ptf_id":1292794,"ptf_ref":"3UDUUYY","category":"fvon","ptf_model":"GENERIC_FISHING_VESSEL_PROBE","country_name":"USA","country_ship":"USA","country_sensor_provider":null}},{"type":"Feature","geometry":{"type":"Point","coordinates":[-70,41.8]},"properties":{"ptf_id":1273558,"ptf_ref":"LNAUHYV","category":"fvon","ptf_model":"GENERIC_FISHING_VESSEL_PROBE","country_name":"USA","country_ship":"USA","country_sensor_provider":null}},{"type":"Feature","geometry":{"type":"Point","coordinates":[-110.32,24.16]},"properties":{"ptf_id":1273172,"ptf_ref":"GBXHY2B","category":"fvon","ptf_model":"GENERIC_FISHING_VESSEL_PROBE","country_name":"MEXICO","country_ship":"MEXICO","country_sensor_provider":null}},{"type":"Feature","geometry":{"type":"Point","coordinates":[-70.22,43.62]},"properties":{"ptf_id":1273162,"ptf_ref":"WXTJ2MT","category":"fvon","ptf_model":"GENERIC_FISHING_VESSEL_PROBE","country_name":"USA","country_ship":"USA","country_sensor_provider":null}},{"type":"Feature","geometry":{"type":"Point","coordinates":[133,-13]},"properties":{"ptf_id":1247884,"ptf_ref":"BTE9PHF","category":"fvon","ptf_model":"GENERIC_FISHING_VESSEL_PROBE","country_name":"AUSTRALIA","country_ship":"AUSTRALIA","country_sensor_provider":null}},{"type":"Feature","geometry":{"type":"Point","coordinates":[-70.93,41.64]},"properties":{"ptf_id":1254157,"ptf_ref":"WGXB7FX","category":"fvon","ptf_model":"GENERIC_FISHING_VESSEL_PROBE","country_name":"USA","country_ship":"USA","country_sensor_provider":null}},{"type":"Feature","geometry":{"type":"Point","coordinates":[128.58,-10.31]},"properties":{"ptf_id":1321473,"ptf_ref":"RPLPTMT","category":"fvon","ptf_model":"GENERIC_FISHING_VESSEL_PROBE","country_name":"AUSTRALIA","country_ship":"AUSTRALIA","country_sensor_provider":null}},{"type":"Feature","geometry":{"type":"Point","coordinates":[-6.79,62]},"properties":{"ptf_id":1305136,"ptf_ref":"RLX54CF","category":"fvon","ptf_model":"GENERIC_FISHING_VESSEL_PROBE","country_name":"FAROE IS.","country_ship":"FAROE IS.","country_sensor_provider":null}},{"type":"Feature","geometry":{"type":"Point","coordinates":[178,-17]},"properties":{"ptf_id":1252435,"ptf_ref":"NTY38ZV","category":"fvon","ptf_model":"GENERIC_FISHING_VESSEL_PROBE","country_name":"AUSTRALIA","country_ship":"FIJI","country_sensor_provider":null}},{"type":"Feature","geometry":{"type":"Point","coordinates":[153.541,-28.934]},"properties":{"ptf_id":1232000,"ptf_ref":"9YVEUKG","category":"fvon","ptf_model":"GENERIC_FISHING_VESSEL_PROBE","country_name":"AUSTRALIA","country_ship":"AUSTRALIA","country_sensor_provider":null}},{"type":"Feature","geometry":{"type":"Point","coordinates":[57.5,-20.1]},"properties":{"ptf_id":1340533,"ptf_ref":"YUF54ME","category":"fvon","ptf_model":"GENERIC_FISHING_VESSEL_PROBE","country_name":"AUSTRALIA","country_ship":"MAURITIUS","country_sensor_provider":null}},{"type":"Feature","geometry":{"type":"Point","coordinates":[-70.82,41.93]},"properties":{"ptf_id":1292782,"ptf_ref":"JCBURKV","category":"fvon","ptf_model":"GENERIC_FISHING_VESSEL_PROBE","country_name":"USA","country_ship":"USA","country_sensor_provider":null}},{"type":"Feature","geometry":{"type":"Point","coordinates":[-70,41.8]},"properties":{"ptf_id":1273578,"ptf_ref":"BXV8DAB","category":"fvon","ptf_model":"GENERIC_FISHING_VESSEL_PROBE","country_name":"USA","country_ship":"USA","country_sensor_provider":null}},{"type":"Feature","geometry":{"type":"Point","coordinates":[137.518,-12.518]},"properties":{"ptf_id":1321938,"ptf_ref":"7HE2BCW","category":"fvon","ptf_model":"GENERIC_FISHING_VESSEL_PROBE","country_name":"AUSTRALIA","country_ship":"AUSTRALIA","country_sensor_provider":null}},{"type":"Feature","geometry":{"type":"Point","coordinates":[-77.23,25.04]},"properties":{"ptf_id":1273160,"ptf_ref":"CJMKBPC","category":"fvon","ptf_model":"GENERIC_FISHING_VESSEL_PROBE","country_name":"BAHAMAS","country_ship":"BAHAMAS","country_sensor_provider":null}},{"type":"Feature","geometry":{"type":"Point","coordinates":[-70.93,41.64]},"properties":{"ptf_id":1254517,"ptf_ref":"EQE56XW","category":"fvon","ptf_model":"GENERIC_FISHING_VESSEL_PROBE","country_name":"USA","country_ship":"USA","country_sensor_provider":null}},{"type":"Feature","geometry":{"type":"Point","coordinates":[-70.93,41.64]},"properties":{"ptf_id":1254257,"ptf_ref":"PVF5LPS","category":"fvon","ptf_model":"GENERIC_FISHING_VESSEL_PROBE","country_name":"USA","country_ship":"USA","country_sensor_provider":null}},{"type":"Feature","geometry":{"type":"Point","coordinates":[153.185,-20.128]},"properties":{"ptf_id":1344468,"ptf_ref":"XKDKYQS","category":"fvon","ptf_model":"GENERIC_FISHING_VESSEL_PROBE","country_name":"AUSTRALIA","country_ship":"AUSTRALIA","country_sensor_provider":null}},{"type":"Feature","geometry":{"type":"Point","coordinates":[-168.23,53.28]},"properties":{"ptf_id":1342749,"ptf_ref":"DDTRHUZ","category":"fvon","ptf_model":"GENERIC_FISHING_VESSEL_PROBE","country_name":"USA","country_ship":"USA","country_sensor_provider":null}},{"type":"Feature","geometry":{"type":"Point","coordinates":[-69.96,43.04]},"properties":{"ptf_id":1247077,"ptf_ref":"KXPQ7QN","category":"fvon","ptf_model":"TRAWLS","country_name":"USA","country_ship":"USA","country_sensor_provider":null}},{"type":"Feature","geometry":{"type":"Point","coordinates":[130,-10.5]},"properties":{"ptf_id":1321474,"ptf_ref":"5PM3N7K","category":"fvon","ptf_model":"GENERIC_FISHING_VESSEL_PROBE","country_name":"AUSTRALIA","country_ship":"AUSTRALIA","country_sensor_provider":null}},{"type":"Feature","geometry":{"type":"Point","coordinates":[-70.65,42.62]},"properties":{"ptf_id":1273612,"ptf_ref":"ACYPUDJ","category":"fvon","ptf_model":"GENERIC_FISHING_VESSEL_PROBE","country_name":"USA","country_ship":"USA","country_sensor_provider":null}},{"type":"Feature","geometry":{"type":"Point","coordinates":[-70.93,41.64]},"properties":{"ptf_id":1254137,"ptf_ref":"ZXHYCFE","category":"fvon","ptf_model":"GENERIC_FISHING_VESSEL_PROBE","country_name":"USA","country_ship":"USA","country_sensor_provider":null}},{"type":"Feature","geometry":{"type":"Point","coordinates":[152,-35]},"properties":{"ptf_id":1321461,"ptf_ref":"DUQMRLM","category":"fvon","ptf_model":"GENERIC_FISHING_VESSEL_PROBE","country_name":"AUSTRALIA","country_ship":"AUSTRALIA","country_sensor_provider":null}},{"type":"Feature","geometry":{"type":"Point","coordinates":[153.1,-32.549]},"properties":{"ptf_id":1355658,"ptf_ref":"WMP93EF","category":"fvon","ptf_model":"GENERIC_FISHING_VESSEL_PROBE","country_name":"AUSTRALIA","country_ship":"AUSTRALIA","country_sensor_provider":null}},{"type":"Feature","geometry":{"type":"Point","coordinates":[158,-8]},"properties":{"ptf_id":1261818,"ptf_ref":"AXJXFBW","category":"fvon","ptf_model":"GENERIC_FISHING_VESSEL_PROBE","country_name":"AUSTRALIA","country_ship":"SOLOMON ISLANDS","country_sensor_provider":null}},{"type":"Feature","geometry":{"type":"Point","coordinates":[-70.93,41.64]},"properties":{"ptf_id":1254177,"ptf_ref":"PVLD7TJ","category":"fvon","ptf_model":"GENERIC_FISHING_VESSEL_PROBE","country_name":"USA","country_ship":"USA","country_sensor_provider":null}},{"type":"Feature","geometry":{"type":"Point","coordinates":[173.513,52.884]},"properties":{"ptf_id":1345420,"ptf_ref":"5BCHFWW","category":"fvon","ptf_model":"GENERIC_FISHING_VESSEL_PROBE","country_name":"USA","country_ship":"USA","country_sensor_provider":null}},{"type":"Feature","geometry":{"type":"Point","coordinates":[173.2,-41.3]},"properties":{"ptf_id":1340537,"ptf_ref":"YBPYT8G","category":"fvon","ptf_model":"GENERIC_FISHING_VESSEL_PROBE","country_name":"AUSTRALIA","country_ship":"NEW ZEALAND","country_sensor_provider":null}},{"type":"Feature","geometry":{"type":"Point","coordinates":[114.77,-29.08]},"properties":{"ptf_id":1298909,"ptf_ref":"2TZLVKF","category":"fvon","ptf_model":"GENERIC_FISHING_VESSEL_PROBE","country_name":"AUSTRALIA","country_ship":"AUSTRALIA","country_sensor_provider":null}},{"type":"Feature","geometry":{"type":"Point","coordinates":[118,-18]},"properties":{"ptf_id":1247882,"ptf_ref":"HZZ6XWQ","category":"fvon","ptf_model":"GENERIC_FISHING_VESSEL_PROBE","country_name":"AUSTRALIA","country_ship":"AUSTRALIA","country_sensor_provider":null}},{"type":"Feature","geometry":{"type":"Point","coordinates":[-70.93,41.64]},"properties":{"ptf_id":1253777,"ptf_ref":"4BMAZEF","category":"fvon","ptf_model":"GENERIC_FISHING_VESSEL_PROBE","country_name":"USA","country_ship":"USA","country_sensor_provider":null}},{"type":"Feature","geometry":{"type":"Point","coordinates":[-79,26]},"properties":{"ptf_id":1236037,"ptf_ref":"AJBUT5R","category":"fvon","ptf_model":"GENERIC_FISHING_VESSEL_PROBE","country_name":"BAHAMAS","country_ship":"BAHAMAS","country_sensor_provider":null}},{"type":"Feature","geometry":{"type":"Point","coordinates":[-70.93,41.64]},"properties":{"ptf_id":1254637,"ptf_ref":"MLBDNEJ","category":"fvon","ptf_model":"GENERIC_FISHING_VESSEL_PROBE","country_name":"USA","country_ship":"USA","country_sensor_provider":null}},{"type":"Feature","geometry":{"type":"Point","coordinates":[150.876,-35.253]},"properties":{"ptf_id":1356537,"ptf_ref":"5BXLBPU","category":"fvon","ptf_model":"GENERIC_FISHING_VESSEL_PROBE","country_name":"AUSTRALIA","country_ship":"AUSTRALIA","country_sensor_provider":null}},{"type":"Feature","geometry":{"type":"Point","coordinates":[-73.1,45.38]},"properties":{"ptf_id":1292773,"ptf_ref":"FGPNT8K","category":"fvon","ptf_model":"GENERIC_FISHING_VESSEL_PROBE","country_name":"USA","country_ship":"USA","country_sensor_provider":null}},{"type":"Feature","geometry":{"type":"Point","coordinates":[-70,41.8]},"properties":{"ptf_id":1273526,"ptf_ref":"7XEMGFY","category":"fvon","ptf_model":"GENERIC_FISHING_VESSEL_PROBE","country_name":"USA","country_ship":"USA","country_sensor_provider":null}},{"type":"Feature","geometry":{"type":"Point","coordinates":[159.699,-25.358]},"properties":{"ptf_id":1321526,"ptf_ref":"9LTYS3V","category":"fvon","ptf_model":"GENERIC_FISHING_VESSEL_PROBE","country_name":"AUSTRALIA","country_ship":"AUSTRALIA","country_sensor_provider":null}},{"type":"Feature","geometry":{"type":"Point","coordinates":[178,-18.2]},"properties":{"ptf_id":1247301,"ptf_ref":"4RQXULP","category":"fvon","ptf_model":"GENERIC_FISHING_VESSEL_PROBE","country_name":"AUSTRALIA","country_ship":"FIJI","country_sensor_provider":null}},{"type":"Feature","geometry":{"type":"Point","coordinates":[90.33,21.86]},"properties":{"ptf_id":1252377,"ptf_ref":"WRDUBVT","category":"fvon","ptf_model":"Purse seines","country_name":"BANGLADESH","country_ship":"BANGLADESH","country_sensor_provider":null}},{"type":"Feature","geometry":{"type":"Point","coordinates":[-70.93,41.64]},"properties":{"ptf_id":1253357,"ptf_ref":"5CJ5BLL","category":"fvon","ptf_model":"GENERIC_FISHING_VESSEL_PROBE","country_name":"USA","country_ship":"USA","country_sensor_provider":null}},{"type":"Feature","geometry":{"type":"Point","coordinates":[-70.54,43.38]},"properties":{"ptf_id":1273567,"ptf_ref":"8JR253S","category":"fvon","ptf_model":"GENERIC_FISHING_VESSEL_PROBE","country_name":"USA","country_ship":"USA","country_sensor_provider":null}},{"type":"Feature","geometry":{"type":"Point","coordinates":[178.4253,-18.1368]},"properties":{"ptf_id":1348381,"ptf_ref":"DUP8BKR","category":"fvon","ptf_model":"GENERIC_FISHING_VESSEL_PROBE","country_name":"FIJI","country_ship":"FIJI","country_sensor_provider":null}},{"type":"Feature","geometry":{"type":"Point","coordinates":[38.955,-6.372]},"properties":{"ptf_id":1347679,"ptf_ref":"8YMNUBK","category":"fvon","ptf_model":"GENERIC_FISHING_VESSEL_PROBE","country_name":"TANZANIA","country_ship":"TANZANIA","country_sensor_provider":null}},{"type":"Feature","geometry":{"type":"Point","coordinates":[-70,41.8]},"properties":{"ptf_id":1273547,"ptf_ref":"FNLCZBS","category":"fvon","ptf_model":"GENERIC_FISHING_VESSEL_PROBE","country_name":"USA","country_ship":"USA","country_sensor_provider":null}},{"type":"Feature","geometry":{"type":"Point","coordinates":[-70.93,41.64]},"properties":{"ptf_id":1253477,"ptf_ref":"MLBH4ZP","category":"fvon","ptf_model":"GENERIC_FISHING_VESSEL_PROBE","country_name":"USA","country_ship":"USA","country_sensor_provider":null}},{"type":"Feature","geometry":{"type":"Point","coordinates":[115.45,-31.82]},"properties":{"ptf_id":1344564,"ptf_ref":"BEDVFSJ","category":"fvon","ptf_model":"GENERIC_FISHING_VESSEL_PROBE","country_name":"AUSTRALIA","country_ship":"AUSTRALIA","country_sensor_provider":null}},{"type":"Feature","geometry":{"type":"Point","coordinates":[-5.564,62.473]},"properties":{"ptf_id":1342764,"ptf_ref":"CREQF9J","category":"fvon","ptf_model":"GENERIC_FISHING_VESSEL_PROBE","country_name":"FAROE IS.","country_ship":"FAROE IS.","country_sensor_provider":null}},{"type":"Feature","geometry":{"type":"Point","coordinates":[-69,43]},"properties":{"ptf_id":1215677,"ptf_ref":"EAYUNND","category":"fvon","ptf_model":"GENERIC_FISHING_VESSEL_PROBE","country_name":"USA","country_ship":"USA","country_sensor_provider":null}},{"type":"Feature","geometry":{"type":"Point","coordinates":[177.727,-19.002]},"properties":{"ptf_id":1255037,"ptf_ref":"FYNTR3N","category":"fvon","ptf_model":"GENERIC_FISHING_VESSEL_PROBE","country_name":"AUSTRALIA","country_ship":"FIJI","country_sensor_provider":null}},{"type":"Feature","geometry":{"type":"Point","coordinates":[-70.82,41.93]},"properties":{"ptf_id":1292790,"ptf_ref":"CCKLT4D","category":"fvon","ptf_model":"GENERIC_FISHING_VESSEL_PROBE","country_name":"USA","country_ship":"USA","country_sensor_provider":null}},{"type":"Feature","geometry":{"type":"Point","coordinates":[136,-11]},"properties":{"ptf_id":1247313,"ptf_ref":"SMC2D6P","category":"fvon","ptf_model":"GENERIC_FISHING_VESSEL_PROBE","country_name":"AUSTRALIA","country_ship":"AUSTRALIA","country_sensor_provider":null}},{"type":"Feature","geometry":{"type":"Point","coordinates":[166.4572,-22.2763]},"properties":{"ptf_id":1356380,"ptf_ref":"CHS2HPC","category":"fvon","ptf_model":"GENERIC_FISHING_VESSEL_PROBE","country_name":"FIJI","country_ship":"NEW CALEDONIA","country_sensor_provider":null}},{"type":"Feature","geometry":{"type":"Point","coordinates":[178,-17]},"properties":{"ptf_id":1242213,"ptf_ref":"5VKDKDE","category":"fvon","ptf_model":"GENERIC_FISHING_VESSEL_PROBE","country_name":"AUSTRALIA","country_ship":"FIJI","country_sensor_provider":null}},{"type":"Feature","geometry":{"type":"Point","coordinates":[-70,41.8]},"properties":{"ptf_id":1273543,"ptf_ref":"XSWZC6P","category":"fvon","ptf_model":"GENERIC_FISHING_VESSEL_PROBE","country_name":"USA","country_ship":"USA","country_sensor_provider":null}},{"type":"Feature","geometry":{"type":"Point","coordinates":[130.8418,-12.4611]},"properties":{"ptf_id":1348386,"ptf_ref":"RMN6KPF","category":"fvon","ptf_model":"GENERIC_FISHING_VESSEL_PROBE","country_name":"AUSTRALIA","country_ship":"AUSTRALIA","country_sensor_provider":null}},{"type":"Feature","geometry":{"type":"Point","coordinates":[148.743,-39.429]},"properties":{"ptf_id":1348477,"ptf_ref":"SLLRCSG","category":"fvon","ptf_model":"GENERIC_FISHING_VESSEL_PROBE","country_name":"AUSTRALIA","country_ship":"AUSTRALIA","country_sensor_provider":null}},{"type":"Feature","geometry":{"type":"Point","coordinates":[-70.93,41.64]},"properties":{"ptf_id":1253417,"ptf_ref":"UASA8FW","category":"fvon","ptf_model":"GENERIC_FISHING_VESSEL_PROBE","country_name":"USA","country_ship":"USA","country_sensor_provider":null}},{"type":"Feature","geometry":{"type":"Point","coordinates":[-1.79,57.5]},"properties":{"ptf_id":1307251,"ptf_ref":"CTT4VUZ","category":"fvon","ptf_model":"GENERIC_FISHING_VESSEL_PROBE","country_name":"UK","country_ship":"UK","country_sensor_provider":null}},{"type":"Feature","geometry":{"type":"Point","coordinates":[-70,41.8]},"properties":{"ptf_id":1273604,"ptf_ref":"3RMH6DY","category":"fvon","ptf_model":"GENERIC_FISHING_VESSEL_PROBE","country_name":"USA","country_ship":"USA","country_sensor_provider":null}},{"type":"Feature","geometry":{"type":"Point","coordinates":[151.6,-33.9]},"properties":{"ptf_id":1342759,"ptf_ref":"VPB75KY","category":"fvon","ptf_model":"GENERIC_FISHING_VESSEL_PROBE","country_name":"AUSTRALIA","country_ship":"AUSTRALIA","country_sensor_provider":null}},{"type":"Feature","geometry":{"type":"Point","coordinates":[148.388,-41.052]},"properties":{"ptf_id":1237699,"ptf_ref":"PJUXUTS","category":"fvon","ptf_model":"GENERIC_FISHING_VESSEL_PROBE","country_name":"AUSTRALIA","country_ship":"AUSTRALIA","country_sensor_provider":null}},{"type":"Feature","geometry":{"type":"Point","coordinates":[-122.03,36.96]},"properties":{"ptf_id":1305795,"ptf_ref":"WHRQSPD","category":"fvon","ptf_model":"GENERIC_FISHING_VESSEL_PROBE","country_name":"USA","country_ship":"USA","country_sensor_provider":null}},{"type":"Feature","geometry":{"type":"Point","coordinates":[-70.93,41.64]},"properties":{"ptf_id":1253857,"ptf_ref":"SPCQJ4L","category":"fvon","ptf_model":"GENERIC_FISHING_VESSEL_PROBE","country_name":"USA","country_ship":"USA","country_sensor_provider":null}},{"type":"Feature","geometry":{"type":"Point","coordinates":[-73.1,45.38]},"properties":{"ptf_id":1292764,"ptf_ref":"CLELQ9P","category":"fvon","ptf_model":"GENERIC_FISHING_VESSEL_PROBE","country_name":"USA","country_ship":"USA","country_sensor_provider":null}},{"type":"Feature","geometry":{"type":"Point","coordinates":[153.1173,-26.6778]},"properties":{"ptf_id":1348398,"ptf_ref":"FUH7LED","category":"fvon","ptf_model":"GENERIC_FISHING_VESSEL_PROBE","country_name":"AUSTRALIA","country_ship":"AUSTRALIA","country_sensor_provider":null}},{"type":"Feature","geometry":{"type":"Point","coordinates":[-70,41.8]},"properties":{"ptf_id":1273539,"ptf_ref":"STDWGTP","category":"fvon","ptf_model":"GENERIC_FISHING_VESSEL_PROBE","country_name":"USA","country_ship":"USA","country_sensor_provider":null}},{"type":"Feature","geometry":{"type":"Point","coordinates":[39.23,-6.17]},"properties":{"ptf_id":1305771,"ptf_ref":"JWFCEXE","category":"fvon","ptf_model":"GENERIC_FISHING_VESSEL_PROBE","country_name":"TANZANIA","country_ship":"TANZANIA","country_sensor_provider":null}},{"type":"Feature","geometry":{"type":"Point","coordinates":[153.38,-30.31]},"properties":{"ptf_id":1344621,"ptf_ref":"9LYUYFK","category":"fvon","ptf_model":"GENERIC_FISHING_VESSEL_PROBE","country_name":"AUSTRALIA","country_ship":"AUSTRALIA","country_sensor_provider":null}},{"type":"Feature","geometry":{"type":"Point","coordinates":[-70.82,41.93]},"properties":{"ptf_id":1292786,"ptf_ref":"EYBWL5M","category":"fvon","ptf_model":"GENERIC_FISHING_VESSEL_PROBE","country_name":"USA","country_ship":null,"country_sensor_provider":null}},{"type":"Feature","geometry":{"type":"Point","coordinates":[-70.82,41.93]},"properties":{"ptf_id":1292781,"ptf_ref":"SWPQ3BK","category":"fvon","ptf_model":"GENERIC_FISHING_VESSEL_PROBE","country_name":"USA","country_ship":"BAHAMAS","country_sensor_provider":null}},{"type":"Feature","geometry":{"type":"Point","coordinates":[-70,41.8]},"properties":{"ptf_id":1273541,"ptf_ref":"8QT4ULX","category":"fvon","ptf_model":"GENERIC_FISHING_VESSEL_PROBE","country_name":"USA","country_ship":"USA","country_sensor_provider":null}},{"type":"Feature","geometry":{"type":"Point","coordinates":[-6.76,62.02]},"properties":{"ptf_id":1307023,"ptf_ref":"YUWSQLS","category":"fvon","ptf_model":"GENERIC_FISHING_VESSEL_PROBE","country_name":"FAROE IS.","country_ship":"FAROE IS.","country_sensor_provider":null}},{"type":"Feature","geometry":{"type":"Point","coordinates":[129.37,-10.12]},"properties":{"ptf_id":1321475,"ptf_ref":"STK4U8B","category":"fvon","ptf_model":"GENERIC_FISHING_VESSEL_PROBE","country_name":"AUSTRALIA","country_ship":"AUSTRALIA","country_sensor_provider":null}},{"type":"Feature","geometry":{"type":"Point","coordinates":[-110.32,24.16]},"properties":{"ptf_id":1273173,"ptf_ref":"JDMUGCJ","category":"fvon","ptf_model":"GENERIC_FISHING_VESSEL_PROBE","country_name":"MEXICO","country_ship":"MEXICO","country_sensor_provider":null}},{"type":"Feature","geometry":{"type":"Point","coordinates":[155,-24]},"properties":{"ptf_id":1344466,"ptf_ref":"5TMXFRC","category":"fvon","ptf_model":"GENERIC_FISHING_VESSEL_PROBE","country_name":"AUSTRALIA","country_ship":"AUSTRALIA","country_sensor_provider":null}},{"type":"Feature","geometry":{"type":"Point","coordinates":[-70.93,41.64]},"properties":{"ptf_id":1253937,"ptf_ref":"JCG3Q8A","category":"fvon","ptf_model":"GENERIC_FISHING_VESSEL_PROBE","country_name":"USA","country_ship":"USA","country_sensor_provider":null}},{"type":"Feature","geometry":{"type":"Point","coordinates":[-144,-20.5]},"properties":{"ptf_id":1344558,"ptf_ref":"FJPXCNG","category":"fvon","ptf_model":"GENERIC_FISHING_VESSEL_PROBE","country_name":"AUSTRALIA","country_ship":"FR. POLYNESIA","country_sensor_provider":null}},{"type":"Feature","geometry":{"type":"Point","coordinates":[152,-4]},"properties":{"ptf_id":1247302,"ptf_ref":"5RJ62MX","category":"fvon","ptf_model":"GENERIC_FISHING_VESSEL_PROBE","country_name":"AUSTRALIA","country_ship":"PHILIPPINES","country_sensor_provider":null}},{"type":"Feature","geometry":{"type":"Point","coordinates":[-166.66,53.72]},"properties":{"ptf_id":1305781,"ptf_ref":"XNRDRLX","category":"fvon","ptf_model":"GENERIC_FISHING_VESSEL_PROBE","country_name":"USA","country_ship":"USA","country_sensor_provider":null}},{"type":"Feature","geometry":{"type":"Point","coordinates":[-70,41.8]},"properties":{"ptf_id":1273590,"ptf_ref":"XHK262C","category":"fvon","ptf_model":"GENERIC_FISHING_VESSEL_PROBE","country_name":"USA","country_ship":"USA","country_sensor_provider":null}},{"type":"Feature","geometry":{"type":"Point","coordinates":[178.4253,-18.1368]},"properties":{"ptf_id":1348366,"ptf_ref":"CNP7HJY","category":"fvon","ptf_model":"GENERIC_FISHING_VESSEL_PROBE","country_name":"FIJI","country_ship":"FIJI","country_sensor_provider":null}},{"type":"Feature","geometry":{"type":"Point","coordinates":[-73.1,45.38]},"properties":{"ptf_id":1292776,"ptf_ref":"SEE9SCF","category":"fvon","ptf_model":"GENERIC_FISHING_VESSEL_PROBE","country_name":"USA","country_ship":"USA","country_sensor_provider":null}},{"type":"Feature","geometry":{"type":"Point","coordinates":[-167.26,53.66]},"properties":{"ptf_id":1321407,"ptf_ref":"MVYYCCE","category":"fvon","ptf_model":"GENERIC_FISHING_VESSEL_PROBE","country_name":"USA","country_ship":"USA","country_sensor_provider":null}},{"type":"Feature","geometry":{"type":"Point","coordinates":[163.319,-22.062]},"properties":{"ptf_id":1348401,"ptf_ref":"ZNMPSXW","category":"fvon","ptf_model":"GENERIC_FISHING_VESSEL_PROBE","country_name":"FIJI","country_ship":"NEW CALEDONIA","country_sensor_provider":null}},{"type":"Feature","geometry":{"type":"Point","coordinates":[-70,41.8]},"properties":{"ptf_id":1273584,"ptf_ref":"6GDQ4GM","category":"fvon","ptf_model":"GENERIC_FISHING_VESSEL_PROBE","country_name":"USA","country_ship":"USA","country_sensor_provider":null}},{"type":"Feature","geometry":{"type":"Point","coordinates":[-110.34,24.15]},"properties":{"ptf_id":1294077,"ptf_ref":"FTPS4UX","category":"fvon","ptf_model":"GENERIC_FISHING_VESSEL_PROBE","country_name":"MEXICO","country_ship":"MEXICO","country_sensor_provider":null}},{"type":"Feature","geometry":{"type":"Point","coordinates":[119,-19.3]},"properties":{"ptf_id":1321528,"ptf_ref":"3SF7NSX","category":"fvon","ptf_model":"GENERIC_FISHING_VESSEL_PROBE","country_name":"AUSTRALIA","country_ship":"AUSTRALIA","country_sensor_provider":null}},{"type":"Feature","geometry":{"type":"Point","coordinates":[-70,41.8]},"properties":{"ptf_id":1273564,"ptf_ref":"3MHTGJX","category":"fvon","ptf_model":"GENERIC_FISHING_VESSEL_PROBE","country_name":"USA","country_ship":"USA","country_sensor_provider":null}},{"type":"Feature","geometry":{"type":"Point","coordinates":[-70,41.8]},"properties":{"ptf_id":1273603,"ptf_ref":"MPJW8TN","category":"fvon","ptf_model":"GENERIC_FISHING_VESSEL_PROBE","country_name":"USA","country_ship":"USA","country_sensor_provider":null}},{"type":"Feature","geometry":{"type":"Point","coordinates":[-70.93,41.64]},"properties":{"ptf_id":1253197,"ptf_ref":"ZMWWPUU","category":"fvon","ptf_model":"GENERIC_FISHING_VESSEL_PROBE","country_name":"USA","country_ship":"USA","country_sensor_provider":null}},{"type":"Feature","geometry":{"type":"Point","coordinates":[39.23,-6.17]},"properties":{"ptf_id":1305769,"ptf_ref":"8QXU6VU","category":"fvon","ptf_model":"GENERIC_FISHING_VESSEL_PROBE","country_name":"TANZANIA","country_ship":"TANZANIA","country_sensor_provider":null}},{"type":"Feature","geometry":{"type":"Point","coordinates":[-70,41.8]},"properties":{"ptf_id":1273585,"ptf_ref":"WYFC6WQ","category":"fvon","ptf_model":"GENERIC_FISHING_VESSEL_PROBE","country_name":"USA","country_ship":"USA","country_sensor_provider":null}},{"type":"Feature","geometry":{"type":"Point","coordinates":[-70.93,41.64]},"properties":{"ptf_id":1254317,"ptf_ref":"CSTLMXH","category":"fvon","ptf_model":"GENERIC_FISHING_VESSEL_PROBE","country_name":"USA","country_ship":"USA","country_sensor_provider":null}},{"type":"Feature","geometry":{"type":"Point","coordinates":[-70,41.8]},"properties":{"ptf_id":1273561,"ptf_ref":"PRZEWWK","category":"fvon","ptf_model":"GENERIC_FISHING_VESSEL_PROBE","country_name":"USA","country_ship":"USA","country_sensor_provider":null}},{"type":"Feature","geometry":{"type":"Point","coordinates":[-70,41.8]},"properties":{"ptf_id":1273546,"ptf_ref":"NMZCVNU","category":"fvon","ptf_model":"GENERIC_FISHING_VESSEL_PROBE","country_name":"USA","country_ship":"USA","country_sensor_provider":null}},{"type":"Feature","geometry":{"type":"Point","coordinates":[-70.93,41.64]},"properties":{"ptf_id":1254557,"ptf_ref":"UBPZJSR","category":"fvon","ptf_model":"GENERIC_FISHING_VESSEL_PROBE","country_name":"USA","country_ship":"USA","country_sensor_provider":null}},{"type":"Feature","geometry":{"type":"Point","coordinates":[-69,43]},"properties":{"ptf_id":1210497,"ptf_ref":"PRK254U","category":"fvon","ptf_model":"GENERIC_FISHING_VESSEL_PROBE","country_name":"USA","country_ship":"USA","country_sensor_provider":null}},{"type":"Feature","geometry":{"type":"Point","coordinates":[-6.76,62.28]},"properties":{"ptf_id":1344634,"ptf_ref":"YSN64TN","category":"fvon","ptf_model":"GENERIC_FISHING_VESSEL_PROBE","country_name":"FAROE IS.","country_ship":"FAROE IS.","country_sensor_provider":null}},{"type":"Feature","geometry":{"type":"Point","coordinates":[152.5,-32.5]},"properties":{"ptf_id":1262056,"ptf_ref":"HMC6KQV","category":"fvon","ptf_model":"GENERIC_FISHING_VESSEL_PROBE","country_name":"AUSTRALIA","country_ship":"AUSTRALIA","country_sensor_provider":null}},{"type":"Feature","geometry":{"type":"Point","coordinates":[50.5012,-20.1619]},"properties":{"ptf_id":1358017,"ptf_ref":"JDCZYVD","category":"fvon","ptf_model":"GENERIC_FISHING_VESSEL_PROBE","country_name":"AUSTRALIA","country_ship":"AUSTRALIA","country_sensor_provider":null}},{"type":"Feature","geometry":{"type":"Point","coordinates":[-167.26,53.66]},"properties":{"ptf_id":1321403,"ptf_ref":"5JY72UE","category":"fvon","ptf_model":"GENERIC_FISHING_VESSEL_PROBE","country_name":"USA","country_ship":"USA","country_sensor_provider":null}},{"type":"Feature","geometry":{"type":"Point","coordinates":[-168.53,53.31]},"properties":{"ptf_id":1340763,"ptf_ref":"6ASF4YE","category":"fvon","ptf_model":"GENERIC_FISHING_VESSEL_PROBE","country_name":"USA","country_ship":"USA","country_sensor_provider":null}},{"type":"Feature","geometry":{"type":"Point","coordinates":[-70,41.8]},"properties":{"ptf_id":1273572,"ptf_ref":"QTEYYCH","category":"fvon","ptf_model":"GENERIC_FISHING_VESSEL_PROBE","country_name":"USA","country_ship":"USA","country_sensor_provider":null}},{"type":"Feature","geometry":{"type":"Point","coordinates":[-69.98,43.91]},"properties":{"ptf_id":1273163,"ptf_ref":"2ZLG7EH","category":"fvon","ptf_model":"GENERIC_FISHING_VESSEL_PROBE","country_name":"USA","country_ship":"BAHAMAS","country_sensor_provider":null}},{"type":"Feature","geometry":{"type":"Point","coordinates":[-70.93,41.64]},"properties":{"ptf_id":1254477,"ptf_ref":"UVYMNFV","category":"fvon","ptf_model":"GENERIC_FISHING_VESSEL_PROBE","country_name":"USA","country_ship":"USA","country_sensor_provider":null}},{"type":"Feature","geometry":{"type":"Point","coordinates":[-70,41.8]},"properties":{"ptf_id":1273571,"ptf_ref":"8MVL87Q","category":"fvon","ptf_model":"GENERIC_FISHING_VESSEL_PROBE","country_name":"USA","country_ship":"USA","country_sensor_provider":null}},{"type":"Feature","geometry":{"type":"Point","coordinates":[-70.93,41.64]},"properties":{"ptf_id":1253257,"ptf_ref":"UWFUC2B","category":"fvon","ptf_model":"GENERIC_FISHING_VESSEL_PROBE","country_name":"USA","country_ship":"USA","country_sensor_provider":null}},{"type":"Feature","geometry":{"type":"Point","coordinates":[77,-39]},"properties":{"ptf_id":1344529,"ptf_ref":"GLCM9JW","category":"fvon","ptf_model":"GENERIC_FISHING_VESSEL_PROBE","country_name":"AUSTRALIA","country_ship":"REUNION","country_sensor_provider":null}},{"type":"Feature","geometry":{"type":"Point","coordinates":[-6.76,62.01]},"properties":{"ptf_id":1298598,"ptf_ref":"MMYK7WC","category":"fvon","ptf_model":"GENERIC_FISHING_VESSEL_PROBE","country_name":"USA","country_ship":"FAROE IS.","country_sensor_provider":null}},{"type":"Feature","geometry":{"type":"Point","coordinates":[178,-17]},"properties":{"ptf_id":1252434,"ptf_ref":"JMVUZ2G","category":"fvon","ptf_model":"GENERIC_FISHING_VESSEL_PROBE","country_name":"AUSTRALIA","country_ship":"FIJI","country_sensor_provider":null}},{"type":"Feature","geometry":{"type":"Point","coordinates":[115.22,-31.15]},"properties":{"ptf_id":1344577,"ptf_ref":"2LFJUGD","category":"fvon","ptf_model":"GENERIC_FISHING_VESSEL_PROBE","country_name":"AUSTRALIA","country_ship":"AUSTRALIA","country_sensor_provider":null}},{"type":"Feature","geometry":{"type":"Point","coordinates":[155.649,-32.287]},"properties":{"ptf_id":1355678,"ptf_ref":"CAVUMSX","category":"fvon","ptf_model":"GENERIC_FISHING_VESSEL_PROBE","country_name":"AUSTRALIA","country_ship":"AUSTRALIA","country_sensor_provider":null}},{"type":"Feature","geometry":{"type":"Point","coordinates":[-77.23,25.04]},"properties":{"ptf_id":1273158,"ptf_ref":"KQMFYGY","category":"fvon","ptf_model":"GENERIC_FISHING_VESSEL_PROBE","country_name":"BAHAMAS","country_ship":"BAHAMAS","country_sensor_provider":null}},{"type":"Feature","geometry":{"type":"Point","coordinates":[150.1,-3.5]},"properties":{"ptf_id":1340528,"ptf_ref":"VNRGGLC","category":"fvon","ptf_model":"GENERIC_FISHING_VESSEL_PROBE","country_name":"AUSTRALIA","country_ship":"PNG","country_sensor_provider":null}},{"type":"Feature","geometry":{"type":"Point","coordinates":[39.23,-6.17]},"properties":{"ptf_id":1305770,"ptf_ref":"XQGPDEB","category":"fvon","ptf_model":"GENERIC_FISHING_VESSEL_PROBE","country_name":"TANZANIA","country_ship":"TANZANIA","country_sensor_provider":null}},{"type":"Feature","geometry":{"type":"Point","coordinates":[-71.06,42.33]},"properties":{"ptf_id":1285806,"ptf_ref":"YWEA7LS","category":"fvon","ptf_model":"GENERIC_FISHING_VESSEL_PROBE","country_name":"USA","country_ship":"USA","country_sensor_provider":null}},{"type":"Feature","geometry":{"type":"Point","coordinates":[-69,43]},"properties":{"ptf_id":1224157,"ptf_ref":"DGWZDHD","category":"fvon","ptf_model":"AIRMAR 200WX","country_name":"USA","country_ship":"USA","country_sensor_provider":null}},{"type":"Feature","geometry":{"type":"Point","coordinates":[-167.26,53.66]},"properties":{"ptf_id":1321190,"ptf_ref":"UEJPUCB","category":"fvon","ptf_model":"GENERIC_FISHING_VESSEL_PROBE","country_name":"USA","country_ship":"USA","country_sensor_provider":null}},{"type":"Feature","geometry":{"type":"Point","coordinates":[-166.69,53.83]},"properties":{"ptf_id":1345419,"ptf_ref":"YPDRCZS","category":"fvon","ptf_model":"GENERIC_FISHING_VESSEL_PROBE","country_name":"USA","country_ship":"USA","country_sensor_provider":null}},{"type":"Feature","geometry":{"type":"Point","coordinates":[-73.1,45.38]},"properties":{"ptf_id":1292759,"ptf_ref":"FLYP3GM","category":"fvon","ptf_model":"GENERIC_FISHING_VESSEL_PROBE","country_name":"USA","country_ship":"USA","country_sensor_provider":null}},{"type":"Feature","geometry":{"type":"Point","coordinates":[-166.77,53.61]},"properties":{"ptf_id":1307020,"ptf_ref":"TDEYSVY","category":"fvon","ptf_model":"GENERIC_FISHING_VESSEL_PROBE","country_name":"USA","country_ship":"USA","country_sensor_provider":null}},{"type":"Feature","geometry":{"type":"Point","coordinates":[-73.1,45.38]},"properties":{"ptf_id":1292771,"ptf_ref":"WGXUBXC","category":"fvon","ptf_model":"GENERIC_FISHING_VESSEL_PROBE","country_name":"USA","country_ship":"USA","country_sensor_provider":null}},{"type":"Feature","geometry":{"type":"Point","coordinates":[-122.02,36.96]},"properties":{"ptf_id":1306337,"ptf_ref":"FEBEQHE","category":"fvon","ptf_model":"GENERIC_FISHING_VESSEL_PROBE","country_name":"USA","country_ship":"USA","country_sensor_provider":null}},{"type":"Feature","geometry":{"type":"Point","coordinates":[-73.051,-36.653]},"properties":{"ptf_id":1342747,"ptf_ref":"CGJ469S","category":"fvon","ptf_model":"GENERIC_FISHING_VESSEL_PROBE","country_name":"CHILE","country_ship":"CHILE","country_sensor_provider":null}},{"type":"Feature","geometry":{"type":"Point","coordinates":[-73.1,45.38]},"properties":{"ptf_id":1292775,"ptf_ref":"6HGN73B","category":"fvon","ptf_model":"GENERIC_FISHING_VESSEL_PROBE","country_name":"USA","country_ship":"USA","country_sensor_provider":null}},{"type":"Feature","geometry":{"type":"Point","coordinates":[-149.6,-17.5]},"properties":{"ptf_id":1269241,"ptf_ref":"GLSJSEM","category":"fvon","ptf_model":"GENERIC_FISHING_VESSEL_PROBE","country_name":"AUSTRALIA","country_ship":"FR. POLYNESIA","country_sensor_provider":null}},{"type":"Feature","geometry":{"type":"Point","coordinates":[-70.82,41.93]},"properties":{"ptf_id":1292795,"ptf_ref":"GTKK9EL","category":"fvon","ptf_model":"GENERIC_FISHING_VESSEL_PROBE","country_name":"USA","country_ship":"USA","country_sensor_provider":null}},{"type":"Feature","geometry":{"type":"Point","coordinates":[150.4725,-35.3591]},"properties":{"ptf_id":1357997,"ptf_ref":"GLV6KBM","category":"fvon","ptf_model":"GENERIC_FISHING_VESSEL_PROBE","country_name":"AUSTRALIA","country_ship":"AUSTRALIA","country_sensor_provider":null}},{"type":"Feature","geometry":{"type":"Point","coordinates":[-70.93,41.64]},"properties":{"ptf_id":1253717,"ptf_ref":"ZSD9TZP","category":"fvon","ptf_model":"GENERIC_FISHING_VESSEL_PROBE","country_name":"USA","country_ship":"USA","country_sensor_provider":null}},{"type":"Feature","geometry":{"type":"Point","coordinates":[-69.978,43.338]},"properties":{"ptf_id":1346579,"ptf_ref":"DHQPRKV","category":"fvon","ptf_model":"GENERIC_FISHING_VESSEL_PROBE","country_name":"USA","country_ship":"USA","country_sensor_provider":null}},{"type":"Feature","geometry":{"type":"Point","coordinates":[139.1,-37.25]},"properties":{"ptf_id":1332344,"ptf_ref":"ZUJ5EPB","category":"fvon","ptf_model":"GENERIC_FISHING_VESSEL_PROBE","country_name":"AUSTRALIA","country_ship":"AUSTRALIA","country_sensor_provider":null}},{"type":"Feature","geometry":{"type":"Point","coordinates":[39.29,-8.13]},"properties":{"ptf_id":1305778,"ptf_ref":"EUPGM3W","category":"fvon","ptf_model":"GENERIC_FISHING_VESSEL_PROBE","country_name":"TANZANIA","country_ship":"TANZANIA","country_sensor_provider":null}},{"type":"Feature","geometry":{"type":"Point","coordinates":[178,-17]},"properties":{"ptf_id":1241263,"ptf_ref":"EREWVJD","category":"fvon","ptf_model":"GENERIC_FISHING_VESSEL_PROBE","country_name":"AUSTRALIA","country_ship":"FIJI","country_sensor_provider":null}},{"type":"Feature","geometry":{"type":"Point","coordinates":[-110.32,24.16]},"properties":{"ptf_id":1273167,"ptf_ref":"SMS83MW","category":"fvon","ptf_model":"GENERIC_FISHING_VESSEL_PROBE","country_name":"MEXICO","country_ship":"MEXICO","country_sensor_provider":null}},{"type":"Feature","geometry":{"type":"Point","coordinates":[146.3515,-41.1769]},"properties":{"ptf_id":1348378,"ptf_ref":"NRR6TRV","category":"fvon","ptf_model":"GENERIC_FISHING_VESSEL_PROBE","country_name":"AUSTRALIA","country_ship":"AUSTRALIA","country_sensor_provider":null}},{"type":"Feature","geometry":{"type":"Point","coordinates":[-149.6,-17.5]},"properties":{"ptf_id":1273798,"ptf_ref":"2ULKA3F","category":"fvon","ptf_model":"GENERIC_FISHING_VESSEL_PROBE","country_name":"AUSTRALIA","country_ship":"FR. POLYNESIA","country_sensor_provider":null}},{"type":"Feature","geometry":{"type":"Point","coordinates":[-70,41.8]},"properties":{"ptf_id":1273598,"ptf_ref":"WRCHB8X","category":"fvon","ptf_model":"GENERIC_FISHING_VESSEL_PROBE","country_name":"USA","country_ship":"USA","country_sensor_provider":null}},{"type":"Feature","geometry":{"type":"Point","coordinates":[173.2,-41.3]},"properties":{"ptf_id":1340536,"ptf_ref":"8PNX2HN","category":"fvon","ptf_model":"GENERIC_FISHING_VESSEL_PROBE","country_name":"AUSTRALIA","country_ship":"NEW ZEALAND","country_sensor_provider":null}},{"type":"Feature","geometry":{"type":"Point","coordinates":[166.79,-21.043]},"properties":{"ptf_id":1356559,"ptf_ref":"BAN8MNP","category":"fvon","ptf_model":"GENERIC_FISHING_VESSEL_PROBE","country_name":"FIJI","country_ship":"NEW CALEDONIA","country_sensor_provider":null}},{"type":"Feature","geometry":{"type":"Point","coordinates":[-168.23,53.28]},"properties":{"ptf_id":1342752,"ptf_ref":"RNC5EPH","category":"fvon","ptf_model":"GENERIC_FISHING_VESSEL_PROBE","country_name":"USA","country_ship":"USA","country_sensor_provider":null}},{"type":"Feature","geometry":{"type":"Point","coordinates":[-73.1,45.38]},"properties":{"ptf_id":1292774,"ptf_ref":"VACNTRA","category":"fvon","ptf_model":"GENERIC_FISHING_VESSEL_PROBE","country_name":"USA","country_ship":"USA","country_sensor_provider":null}},{"type":"Feature","geometry":{"type":"Point","coordinates":[150.86,-34.71]},"properties":{"ptf_id":1262052,"ptf_ref":"GKCD7QQ","category":"fvon","ptf_model":"GENERIC_FISHING_VESSEL_PROBE","country_name":"AUSTRALIA","country_ship":"AUSTRALIA","country_sensor_provider":null}},{"type":"Feature","geometry":{"type":"Point","coordinates":[173.2,-41.3]},"properties":{"ptf_id":1340535,"ptf_ref":"4LE73YR","category":"fvon","ptf_model":"GENERIC_FISHING_VESSEL_PROBE","country_name":"AUSTRALIA","country_ship":"NEW ZEALAND","country_sensor_provider":null}},{"type":"Feature","geometry":{"type":"Point","coordinates":[-70,41.8]},"properties":{"ptf_id":1273529,"ptf_ref":"6UYG7GB","category":"fvon","ptf_model":"GENERIC_FISHING_VESSEL_PROBE","country_name":"USA","country_ship":"USA","country_sensor_provider":null}},{"type":"Feature","geometry":{"type":"Point","coordinates":[115.54,-32.93]},"properties":{"ptf_id":1247032,"ptf_ref":"PPT9U6W","category":"fvon","ptf_model":"GENERIC_FISHING_VESSEL_PROBE","country_name":"AUSTRALIA","country_ship":"AUSTRALIA","country_sensor_provider":null}}]}
