{"type":"FeatureCollection","features":[{"type":"Feature","properties":{"line_id":1000141,"category":"goship","line_name":"A17"},"geometry":{"type":"LineString","coordinates":[[-60,-50],[-59.33519712801791,-49.42857142857144],[-58.678093281089616,-48.85714285714286],[-58.02844829355888,-48.28571428571429],[-57.38603154630351,-47.714285714285715],[-56.75062144859726,-47.14285714285714],[-56.12200495418858,-46.57142857142858],[-55.49997710890938,-46],[-54.88434062736974,-45.42857142857143],[-54.27490549651259,-44.857142857142854],[-53.671488603997716,-44.28571428571428],[-53.073913389562165,-43.714285714285715],[-52.48200951766114,-43.14285714285714],[-51.89561256984007,-42.57142857142857],[-51.314563755415634,-41.99999999999999],[-50.738709639163005,-41.42857142857142],[-50.167901884812636,-40.85714285714286],[-49.60199701325661,-40.285714285714285],[-49.040856174452415,-39.71428571428571],[-48.48434493209231,-39.14285714285714],[-47.93233306017851,-38.57142857142858],[-47.38469435071221,-38],[-46.8413064317632,-37.42857142857142],[-46.30205059524371,-36.857142857142854],[-45.76681163375946,-36.285714285714285],[-45.2354776859583,-35.71428571428571],[-44.70794008983842,-35.14285714285714],[-44.18409324351762,-34.57142857142856],[-43.66383447299961,-34],[-43.14706390650832,-33.42857142857142],[-42.633684354988816,-32.85714285714285],[-42.123601198403094,-32.28571428571428],[-41.6167222774734,-31.71428571428571],[-41.11295779055007,-31.142857142857135],[-40.61222019530203,-30.571428571428566],[-40.114424114948406,-29.999999999999993],[-39.61948624876834,-29.428571428571423],[-39.12732528664293,-28.857142857142854],[-38.63786182739938,-28.285714285714278],[-38.15101830074184,-27.71428571428571],[-37.666718892567474,-27.142857142857135],[-37.18488947347788,-26.571428571428555],[-36.705457530309445,-25.999999999999993],[-36.22835210051488,-25.428571428571423],[-35.75350370924042,-24.85714285714285],[-35.28084430895052,-24.285714285714274],[-34.81030722146272,-23.714285714285705],[-34.34182708226132,-23.142857142857135],[-33.87533978696757,-22.571428571428566],[-33.41078243985061,-21.999999999999993],[-32.948093304269776,-21.428571428571416],[-32.48721175494546,-20.85714285714285],[-32.028078231960706,-20.285714285714274],[-31.570634196401443,-19.714285714285705],[-31.114822087548987,-19.14285714285713],[-30.660585281540875,-18.571428571428555],[-30.20786805142359,-17.999999999999993],[-29.75661552852108,-17.42857142857142],[-29.3067736650504,-16.857142857142843],[-28.858289197916577,-16.28571428571428],[-28.41110961362324,-15.714285714285701],[-27.965183114238926,-15.142857142857125],[-27.52045858436111,-14.571428571428555],[-27.07688555902257,-13.999999999999993],[-26.634414192489203,-13.42857142857142],[-26.19299522789663,-12.857142857142843],[-25.752579967680845,-12.28571428571427],[-25.313120244753577,-11.714285714285701],[-24.87456839438164,-11.142857142857132],[-24.436877226725983,-10.571428571428559],[-24,-10],[-24,-9.28125],[-24,-8.5625],[-24,-7.843749999999998],[-24,-7.125],[-24,-6.406249999999998],[-24,-5.687499999999999],[-24,-4.968749999999998],[-24,-4.25],[-24,-3.53125],[-24,-2.8124999999999982],[-24,-2.0937499999999987],[-24,-1.3749999999999987],[-24,-0.6562499999999989],[-24,0.06250000000000247],[-24,0.7812500000000023],[-24,1.5000000000000007],[-24,2.2187500000000004],[-24,2.9375],[-24,3.65625],[-24,4.3750000000000036],[-24,5.09375],[-24,5.812500000000003],[-24,6.531250000000003],[-24,7.250000000000003],[-24,7.968750000000003],[-24,8.687500000000002],[-24,9.406250000000002],[-24,10.125000000000005],[-24,10.84375],[-24,11.562500000000004],[-24,12.281250000000005],[-24,13.000000000000002],[-24,13.71875],[-24,14.437499999999998],[-24,15.15625],[-24,15.874999999999998],[-24,16.593750000000004],[-24,17.312499999999996],[-24,18.031250000000007],[-24,18.750000000000004],[-24,19.468750000000004],[-24,20.187499999999996],[-24,20.906249999999996],[-24,21.625000000000004],[-24,22.343750000000004],[-24,23.0625],[-24,23.781250000000004],[-24,24.500000000000004],[-24,25.21875],[-24,25.937500000000004],[-24,26.656250000000004],[-24,27.375000000000004],[-24,28.09375],[-24,28.8125],[-24,29.531250000000004],[-24,30.250000000000007],[-24,30.96875000000001],[-24,31.687500000000004],[-24,32.40625000000001],[-24,33.12500000000001],[-24,33.84375],[-24,34.56250000000001],[-24,35.28125000000001],[-24,36],[-23.133333333333326,36],[-22.26666666666665,36],[-21.399999999999977,36],[-20.533333333333303,36],[-19.66666666666663,36],[-18.799999999999955,36],[-17.93333333333328,36],[-17.06666666666672,36],[-16.200000000000045,36],[-15.333333333333371,36],[-14.466666666666697,36],[-13.600000000000023,36],[-12.733333333333348,36],[-11.866666666666674,36],[-11,36]]}},{"type":"Feature","properties":{"line_id":1000132,"category":"goship","line_name":"I06S"},"geometry":{"type":"LineString","coordinates":[[26,-68],[26,-67.28260869565217],[26,-66.56521739130436],[26,-65.84782608695652],[26,-65.1304347826087],[26,-64.41304347826087],[26,-63.69565217391305],[26,-62.97826086956522],[26,-62.2608695652174],[26,-61.54347826086957],[26,-60.82608695652175],[26,-60.10869565217392],[26,-59.39130434782609],[26,-58.67391304347826],[26,-57.956521739130444],[26,-57.23913043478261],[26,-56.52173913043479],[26,-55.80434782608696],[26,-55.086956521739125],[26,-54.369565217391305],[26,-53.65217391304349],[26,-52.934782608695656],[26,-52.21739130434783],[26,-51.50000000000001],[26,-50.78260869565217],[26,-50.06521739130435],[26,-49.34782608695652],[26,-48.6304347826087],[26,-47.913043478260875],[26,-47.195652173913054],[26,-46.47826086956522],[26,-45.76086956521739],[26,-45.043478260869556],[26,-44.32608695652174],[26,-43.60869565217392],[26,-42.89130434782609],[26,-42.17391304347826],[26,-41.45652173913044],[26,-40.73913043478261],[26,-40.02173913043479],[26,-39.30434782608696],[26,-38.58695652173913],[26,-37.869565217391305],[26,-37.15217391304348],[26,-36.43478260869565],[26,-35.71739130434782],[26,-35]]}},{"type":"Feature","properties":{"line_id":1000090,"category":"goship","line_name":"P02"},"geometry":{"type":"LineString","coordinates":[[139,33],[139.67854299089686,32.57142857142858],[140.35385130642192,32.14285714285714],[141.02599306874447,31.714285714285715],[141.69503509429205,31.285714285714292],[142.3610429347748,30.857142857142858],[143.0240809167799,30.42857142857143],[143.68421218,30]]}},{"type":"Feature","properties":{"line_id":1000090,"category":"goship","line_name":"P02"},"geometry":{"type":"LineString","coordinates":[[143.68421218,30],[144.50957099409095,29.999999999999996],[145.33492980818187,29.999999999999996],[146.1602886222728,29.999999999999996],[146.9856474363637,29.999999999999996],[147.8110062504545,29.999999999999996],[148.63636506454543,29.999999999999996],[149.46172387863635,29.999999999999996],[150.28708269272727,29.999999999999996],[151.1124415068182,29.999999999999996],[151.9378003209091,29.999999999999996],[152.76315913500002,29.999999999999996],[153.58851794909094,29.999999999999996],[154.41387676318186,29.999999999999996],[155.23923557727278,29.999999999999996],[156.0645943913637,29.999999999999996],[156.8899532054545,29.999999999999996],[157.71531201954554,29.999999999999996],[158.54067083363634,29.999999999999996],[159.36602964772726,29.999999999999996],[160.19138846181818,29.999999999999996],[161.0167472759091,29.999999999999996],[161.84210609000002,29.999999999999996],[162.66746490409093,29.999999999999996],[163.49282371818185,29.999999999999996],[164.31818253227277,29.999999999999996],[165.1435413463637,29.999999999999996],[165.9689001604546,29.999999999999996],[166.79425897454553,29.999999999999996],[167.61961778863633,29.999999999999996],[168.44497660272737,29.999999999999996],[169.27033541681817,29.999999999999996],[170.0956942309091,29.999999999999996],[170.921053045,29.999999999999996],[171.74641185909093,29.999999999999996],[172.57177067318185,29.999999999999996],[173.39712948727276,29.999999999999996],[174.22248830136368,29.999999999999996],[175.0478471154546,29.999999999999996],[175.87320592954552,29.999999999999996],[176.69856474363633,29.999999999999996],[177.52392355772724,29.999999999999996],[178.34928237181816,29.999999999999996],[179.17464118590908,29.999999999999996],[180,30]]}},{"type":"Feature","properties":{"line_id":1000090,"category":"goship","line_name":"P02"},"geometry":{"type":"LineString","coordinates":[[-180,30],[-179.17567567567568,29.999999999999996],[-178.35135135135135,29.999999999999996],[-177.52702702702703,29.999999999999996],[-176.7027027027027,29.999999999999996],[-175.87837837837833,29.999999999999996],[-175.05405405405406,29.999999999999996],[-174.22972972972968,29.999999999999996],[-173.40540540540542,29.999999999999996],[-172.58108108108104,29.999999999999996],[-171.75675675675677,29.999999999999996],[-170.9324324324324,29.999999999999996],[-170.10810810810813,29.999999999999996],[-169.28378378378375,29.999999999999996],[-168.45945945945948,29.999999999999996],[-167.6351351351351,29.999999999999996],[-166.81081081081084,29.999999999999996],[-165.98648648648646,29.999999999999996],[-165.1621621621622,29.999999999999996],[-164.3378378378378,29.999999999999996],[-163.51351351351354,29.999999999999996],[-162.68918918918916,29.999999999999996],[-161.8648648648649,29.999999999999996],[-161.04054054054052,29.999999999999996],[-160.21621621621625,29.999999999999996],[-159.39189189189187,29.999999999999996],[-158.5675675675676,29.999999999999996],[-157.74324324324323,29.999999999999996],[-156.9189189189189,29.999999999999996],[-156.09459459459458,29.999999999999996],[-155.27027027027026,29.999999999999996],[-154.44594594594594,29.999999999999996],[-153.6216216216216,29.999999999999996],[-152.7972972972973,29.999999999999996],[-151.97297297297297,29.999999999999996],[-151.14864864864865,29.999999999999996],[-150.32432432432432,29.999999999999996],[-149.5,29.999999999999996],[-148.67567567567568,29.999999999999996],[-147.85135135135135,29.999999999999996],[-147.02702702702697,29.999999999999996],[-146.2027027027027,29.999999999999996],[-145.3783783783784,29.999999999999996],[-144.55405405405406,29.999999999999996],[-143.72972972972968,29.999999999999996],[-142.90540540540542,29.999999999999996],[-142.0810810810811,29.999999999999996],[-141.25675675675677,29.999999999999996],[-140.4324324324324,29.999999999999996],[-139.60810810810813,29.999999999999996],[-138.78378378378375,29.999999999999996],[-137.95945945945948,29.999999999999996],[-137.13513513513516,29.999999999999996],[-136.31081081081084,29.999999999999996],[-135.48648648648646,29.999999999999996],[-134.6621621621622,29.999999999999996],[-133.8378378378378,29.999999999999996],[-133.01351351351354,29.999999999999996],[-132.18918918918916,29.999999999999996],[-131.3648648648649,29.999999999999996],[-130.54054054054052,29.999999999999996],[-129.71621621621625,29.999999999999996],[-128.89189189189187,29.999999999999996],[-128.0675675675676,29.999999999999996],[-127.24324324324323,29.999999999999996],[-126.4189189189189,29.999999999999996],[-125.59459459459458,29.999999999999996],[-124.77027027027026,29.999999999999996],[-123.94594594594594,29.999999999999996],[-123.12162162162161,29.999999999999996],[-122.29729729729729,29.999999999999996],[-121.47297297297297,29.999999999999996],[-120.64864864864865,29.999999999999996],[-119.82432432432432,30.000000000000004],[-119,30]]}},{"type":"Feature","properties":{"line_id":1000114,"category":"goship","line_name":"P04W"},"geometry":{"type":"LineString","coordinates":[[165,11],[164.26923076923072,10.999999999999998],[163.53846153846155,10.999999999999998],[162.80769230769226,10.999999999999998],[162.0769230769231,10.999999999999998],[161.3461538461538,10.999999999999998],[160.61538461538464,10.999999999999998],[159.88461538461536,10.999999999999998],[159.1538461538462,10.999999999999998],[158.4230769230769,10.999999999999998],[157.69230769230762,10.999999999999998],[156.96153846153845,10.999999999999998],[156.23076923076928,10.999999999999998],[155.5,10.999999999999998],[154.76923076923072,10.999999999999998],[154.03846153846155,10.999999999999998],[153.30769230769226,10.999999999999998],[152.5769230769231,10.999999999999998],[151.8461538461538,10.999999999999998],[151.11538461538464,11.000000000000002],[150.38461538461536,11.000000000000002],[149.6538461538462,11.000000000000002],[148.9230769230769,11.000000000000002],[148.19230769230762,11.000000000000002],[147.46153846153845,11.000000000000002],[146.73076923076928,11.000000000000002],[146,11.000000000000002],[145.26923076923072,11.000000000000002],[144.53846153846155,11.000000000000002],[143.80769230769226,11.000000000000002],[143.0769230769231,11.000000000000002],[142.3461538461538,11.000000000000002],[141.61538461538453,11.000000000000002],[140.88461538461536,11.000000000000002],[140.1538461538462,11.000000000000002],[139.4230769230769,11.000000000000002],[138.69230769230762,11.000000000000002],[137.96153846153845,11.000000000000002],[137.23076923076928,11.000000000000002],[136.5,11.000000000000002],[135.76923076923072,11.000000000000002],[135.03846153846155,11.000000000000002],[134.30769230769238,11.000000000000002],[133.5769230769231,11.000000000000002],[132.8461538461538,11.000000000000002],[132.11538461538464,11.000000000000002],[131.38461538461536,11.000000000000002],[130.6538461538462,11.000000000000002],[129.9230769230769,11.000000000000002],[129.19230769230762,11.000000000000002],[128.46153846153845,11.000000000000002],[127.73076923076928,11.000000000000002],[127,11]]}},{"type":"Feature","properties":{"line_id":1000140,"category":"goship","line_name":"Davis"},"geometry":{"type":"LineString","coordinates":[[-55,68],[-55.819495036992976,67.36363636363637],[-56.61744705053667,66.72727272727273],[-57.39505322985127,66.09090909090911],[-58.15341661254695,65.45454545454545],[-58.893555732899245,64.81818181818183],[-59.616413065925315,64.18181818181819],[-60.32286244324746,63.545454545454554],[-61.01371558743716,62.9090909090909],[-61.68972788768275,62.27272727272727],[-62.35160352010638,61.63636363636364],[-63,61]]}},{"type":"Feature","properties":{"line_id":1000081,"category":"goship","line_name":"P06"},"geometry":{"type":"LineString","coordinates":[[-73,-30],[-73.82945736434112,-29.999999999999996],[-74.65891472868213,-29.999999999999996],[-75.48837209302326,-29.999999999999996],[-76.31782945736433,-29.999999999999996],[-77.14728682170539,-29.999999999999996],[-77.97674418604652,-29.999999999999996],[-78.80620155038758,-29.999999999999996],[-79.63565891472865,-29.999999999999996],[-80.46511627906978,-29.999999999999996],[-81.29457364341084,-29.999999999999996],[-82.12403100775197,-29.999999999999996],[-82.95348837209303,-29.999999999999996],[-83.7829457364341,-29.999999999999996],[-84.61240310077517,-29.999999999999996],[-85.44186046511629,-29.999999999999996],[-86.27131782945736,-29.999999999999996],[-87.10077519379843,-29.999999999999996],[-87.93023255813955,-29.999999999999996],[-88.75968992248062,-29.999999999999996],[-89.58914728682169,-29.999999999999996],[-90.41860465116281,-29.999999999999996],[-91.24806201550388,-29.999999999999996],[-92.07751937984494,-29.999999999999996],[-92.90697674418607,-29.999999999999996],[-93.73643410852713,-29.999999999999996],[-94.5658914728682,-29.999999999999996],[-95.39534883720933,-29.999999999999996],[-96.2248062015504,-29.999999999999996],[-97.05426356589146,-29.999999999999996],[-97.88372093023258,-29.999999999999996],[-98.71317829457365,-29.999999999999996],[-99.54263565891472,-29.999999999999996],[-100.37209302325584,-29.999999999999996],[-101.20155038759691,-29.999999999999996],[-102.03100775193798,-29.999999999999996],[-102.8604651162791,-29.999999999999996],[-103.68992248062011,-29.999999999999996],[-104.51937984496124,-29.999999999999996],[-105.34883720930236,-29.999999999999996],[-106.17829457364343,-29.999999999999996],[-107.0077519379845,-29.999999999999996],[-107.83720930232562,-29.999999999999996],[-108.66666666666669,-29.999999999999996],[-109.49612403100775,-29.999999999999996],[-110.32558139534888,-29.999999999999996],[-111.15503875968994,-29.999999999999996],[-111.98449612403101,-29.999999999999996],[-112.81395348837214,-29.999999999999996],[-113.6434108527132,-29.999999999999996],[-114.47286821705427,-29.999999999999996],[-115.3023255813954,-29.999999999999996],[-116.1317829457364,-29.999999999999996],[-116.96124031007753,-29.999999999999996],[-117.7906976744186,-29.999999999999996],[-118.62015503875966,-29.999999999999996],[-119.44961240310079,-29.999999999999996],[-120.27906976744185,-29.999999999999996],[-121.10852713178292,-29.999999999999996],[-121.93798449612405,-29.999999999999996],[-122.76744186046511,-29.999999999999996],[-123.59689922480618,-29.999999999999996],[-124.4263565891473,-29.999999999999996],[-125.25581395348837,-29.999999999999996],[-126.08527131782944,-29.999999999999996],[-126.91472868217056,-29.999999999999996],[-127.74418604651163,-29.999999999999996],[-128.5736434108527,-29.999999999999996],[-129.40310077519382,-29.999999999999996],[-130.2325581395349,-29.999999999999996],[-131.06201550387595,-29.999999999999996],[-131.89147286821708,-29.999999999999996],[-132.72093023255815,-29.999999999999996],[-133.5503875968992,-29.999999999999993],[-134.37984496124028,-29.999999999999993],[-135.2093023255814,-29.999999999999993],[-136.03875968992247,-29.999999999999993],[-136.86821705426354,-29.999999999999993],[-137.69767441860466,-29.999999999999993],[-138.52713178294573,-29.999999999999993],[-139.35658914728685,-29.999999999999993],[-140.18604651162792,-29.999999999999993],[-141.015503875969,-29.999999999999993],[-141.84496124031006,-29.999999999999993],[-142.67441860465112,-29.999999999999993],[-143.50387596899225,-29.999999999999993],[-144.33333333333331,-29.999999999999993],[-145.16279069767444,-29.999999999999993],[-145.9922480620155,-29.999999999999993],[-146.82170542635657,-29.999999999999993],[-147.6511627906977,-29.999999999999993],[-148.48062015503876,-29.999999999999993],[-149.31007751937983,-29.999999999999993],[-150.13953488372096,-29.999999999999993],[-150.96899224806202,-29.999999999999993],[-151.79844961240315,-29.999999999999993],[-152.62790697674416,-29.999999999999993],[-153.45736434108528,-29.999999999999993],[-154.2868217054264,-29.999999999999993],[-155.11627906976742,-29.999999999999993],[-155.94573643410854,-29.999999999999993],[-156.77519379844966,-29.999999999999993],[-157.60465116279067,-29.999999999999993],[-158.4341085271318,-29.999999999999993],[-159.26356589147292,-29.999999999999993],[-160.09302325581393,-29.999999999999993],[-160.92248062015506,-29.999999999999993],[-161.75193798449618,-29.999999999999993],[-162.5813953488372,-29.999999999999993],[-163.41085271317831,-29.999999999999993],[-164.24031007751944,-29.999999999999993],[-165.06976744186045,-29.999999999999993],[-165.89922480620157,-29.999999999999993],[-166.72868217054264,-29.999999999999993],[-167.5581395348837,-29.999999999999993],[-168.38759689922483,-29.999999999999993],[-169.2170542635659,-29.999999999999993],[-170.04651162790697,-29.999999999999993],[-170.8759689922481,-29.999999999999993],[-171.70542635658916,-29.999999999999993],[-172.53488372093022,-29.999999999999993],[-173.36434108527135,-29.999999999999993],[-174.19379844961242,-29.999999999999993],[-175.02325581395348,-29.999999999999993],[-175.8527131782946,-29.999999999999993],[-176.68217054263562,-29.999999999999993],[-177.51162790697674,-29.999999999999993],[-178.3410852713178,-29.999999999999993],[-179.17054263565893,-29.999999999999993],[-180,-30]]}},{"type":"Feature","properties":{"line_id":1000081,"category":"goship","line_name":"P06"},"geometry":{"type":"LineString","coordinates":[[180,-30],[179.48941342937792,-29.5],[178.98134162728206,-28.999999999999996],[178.47572162633173,-28.5],[177.97249173718865,-28],[177.47159150279037,-27.5],[176.97296165430816,-27],[176.47654406874938,-26.5],[175.98228172812082,-26.000000000000004],[175.49011868007972,-25.5],[175,-25],[174.23076923076917,-25],[173.46153846153845,-25],[172.69230769230774,-25],[171.9230769230769,-25],[171.1538461538462,-25],[170.38461538461536,-25],[169.61538461538453,-25],[168.8461538461538,-25],[168.0769230769231,-25],[167.30769230769226,-25],[166.53846153846155,-25],[165.76923076923072,-25],[165,-25],[164.23076923076928,-25],[163.46153846153845,-25],[162.69230769230762,-25],[161.9230769230769,-25],[161.1538461538462,-25],[160.38461538461536,-25],[159.61538461538453,-25],[158.8461538461538,-25],[158.0769230769231,-25],[157.30769230769226,-25],[156.53846153846155,-25],[155.76923076923072,-25],[155,-25]]}},{"type":"Feature","properties":{"line_id":1000104,"category":"goship","line_name":"S04P"},"geometry":{"type":"LineString","coordinates":[[-72,-66],[-73.74193548387098,-66],[-75.48387096774195,-66],[-77.22580645161293,-66],[-78.9677419354839,-66],[-80.70967741935482,-66],[-82.45161290322585,-66],[-84.19354838709677,-66],[-85.93548387096774,-66],[-87.67741935483872,-66],[-89.41935483870964,-66],[-91.16129032258067,-66],[-92.90322580645159,-66],[-94.64516129032256,-66],[-96.38709677419354,-66],[-98.12903225806451,-66],[-99.87096774193549,-66],[-101.61290322580646,-66],[-103.35483870967744,-66],[-105.09677419354841,-66],[-106.83870967741933,-66],[-108.58064516129036,-66],[-110.32258064516128,-66],[-112.06451612903226,-66],[-113.80645161290323,-66],[-115.5483870967742,-66],[-117.29032258064518,-66],[-119.03225806451616,-66],[-120.77419354838707,-66],[-122.51612903225805,-66],[-124.25806451612902,-66],[-126,-66],[-127.74193548387098,-66],[-129.48387096774195,-66],[-131.22580645161293,-66],[-132.9677419354839,-66],[-134.70967741935488,-66],[-136.45161290322585,-66],[-138.19354838709683,-66],[-139.9354838709678,-66],[-141.67741935483866,-66],[-143.4193548387097,-66],[-145.1612903225806,-66],[-146.90322580645164,-66],[-148.64516129032256,-66],[-150.38709677419354,-66],[-152.1290322580645,-66],[-153.8709677419355,-66],[-155.61290322580646,-66],[-157.35483870967744,-66],[-159.0967741935484,-66],[-160.8387096774194,-66],[-162.58064516129036,-66],[-164.32258064516134,-66],[-166.0645161290323,-66],[-167.80645161290323,-66],[-169.5483870967742,-66],[-171.29032258064512,-66],[-173.03225806451616,-66],[-174.77419354838713,-66],[-176.51612903225805,-66],[-178.25806451612902,-66],[-180,-66]]}},{"type":"Feature","properties":{"line_id":1000104,"category":"goship","line_name":"S04P"},"geometry":{"type":"LineString","coordinates":[[180,-66],[178.33333333333326,-66],[176.66666666666663,-66],[175,-66],[173.33333333333337,-66],[171.66666666666663,-66],[170,-66],[168.33333333333337,-66],[166.66666666666663,-66],[165,-66],[163.33333333333337,-66],[161.66666666666663,-66],[160,-66],[158.33333333333326,-66],[156.66666666666663,-66],[155,-66]]}},{"type":"Feature","properties":{"line_id":1000108,"category":"goship","line_name":"P14N"},"geometry":{"type":"LineString","coordinates":[[-179,0],[-179,0.7142857142857142],[-179,1.4285714285714284],[-179,2.142857142857143],[-179,2.8571428571428568],[-179,3.5714285714285703],[-179,4.285714285714286],[-179,5],[-179,5.7142857142857135],[-179,6.428571428571427],[-179,7.142857142857141],[-179,7.857142857142856],[-179,8.571428571428571],[-179,9.285714285714285],[-179,10],[-179,10.714285714285712],[-179,11.428571428571427],[-179,12.142857142857139],[-179,12.857142857142854],[-179,13.571428571428566],[-179,14.285714285714281],[-179,14.999999999999996],[-179,15.714285714285712],[-179,16.428571428571423],[-179,17.142857142857142],[-179,17.857142857142854],[-179,18.57142857142857],[-179,19.28571428571429],[-179,20],[-179,20.714285714285708],[-179,21.428571428571423],[-179,22.14285714285714],[-179,22.857142857142854],[-179,23.57142857142857],[-179,24.285714285714278],[-179,24.999999999999993],[-179,25.714285714285708],[-179,26.428571428571423],[-179,27.14285714285713],[-179,27.857142857142854],[-179,28.571428571428562],[-179,29.28571428571428],[-179,29.999999999999993],[-179,30.71428571428571],[-179,31.428571428571423],[-179,32.14285714285714],[-179,32.85714285714285],[-179,33.57142857142856],[-179,34.285714285714285],[-179,34.99999999999999],[-179,35.71428571428571],[-179,36.42857142857142],[-179,37.14285714285714],[-179,37.857142857142854],[-179,38.57142857142858],[-179,39.28571428571428],[-179,40],[-179,40.71428571428571],[-179,41.428571428571416],[-179,42.142857142857125],[-179,42.85714285714285],[-179,43.571428571428555],[-179,44.28571428571428],[-179,44.99999999999999],[-179,45.71428571428571],[-179,46.42857142857143],[-179,47.14285714285714],[-179,47.85714285714285],[-179,48.571428571428555],[-179,49.28571428571428],[-179,50],[-178.70241157156659,50.666666666666664],[-178.40056719004122,51.333333333333336],[-178.09430128525582,51.99999999999999],[-177.7834396775877,52.666666666666664],[-177.46779895263944,53.333333333333336],[-177.14718577863584,54],[-176.82139616010988,54.66666666666667],[-176.49021462059,55.33333333333333],[-176.1534133060145,56],[-175.81075099944894,56.666666666666664],[-175.4619720363487,57.33333333333333],[-175.10680510805884,57.99999999999999],[-174.74496193942684,58.666666666666664],[-174.37613582427758,59.33333333333332],[-174,60]]}},{"type":"Feature","properties":{"line_id":1000110,"category":"goship","line_name":"P13"},"geometry":{"type":"LineString","coordinates":[[159,52],[159.42271633923906,51.4],[159.83992330524575,50.8],[160.25180725246116,50.2],[160.65854634584525,49.6],[161.0603110478769,49],[161.45726457025,48.400000000000006],[161.84956329329896,47.8],[162.23735715589248,47.199999999999996],[162.62079001826214,46.599999999999994],[163,46],[163,45.28235294117647],[163,44.56470588235293],[163,43.8470588235294],[163,43.12941176470588],[163,42.41176470588235],[163,41.69411764705882],[163,40.97647058823529],[163,40.258823529411764],[163,39.54117647058823],[163,38.823529411764696],[163,38.10588235294117],[163,37.38823529411764],[163,36.67058823529411],[163,35.95294117647059],[163,35.23529411764706],[163,34.51764705882352],[163,33.8],[163,33.08235294117647],[163,32.364705882352936],[163,31.647058823529406],[163,30.92941176470588],[163,30.211764705882352],[163,29.494117647058818],[163,28.77647058823529],[163,28.05882352941176],[163,27.341176470588234],[163,26.6235294117647],[163,25.90588235294117],[163,25.188235294117643],[163,24.470588235294112],[163,23.752941176470586],[163,23.035294117647055],[163,22.31764705882353],[163,21.599999999999994],[163,20.882352941176475],[163,20.16470588235294],[163,19.447058823529407],[163,18.729411764705876],[163,18.011764705882353],[163,17.29411764705882],[163,16.576470588235292],[163,15.858823529411763],[163,15.141176470588237],[163,14.423529411764703],[163,13.705882352941174],[163,12.988235294117647],[163,12.270588235294111],[163,11.552941176470584],[163,10.835294117647061],[163,10.117647058823522],[163,9.4],[163,8.682352941176466],[163,7.964705882352939],[163,7.247058823529411],[163,6.529411764705877],[163,5.811764705882349],[163,5.094117647058821],[163,4.376470588235287],[163,3.658823529411759],[163,2.941176470588225],[163,2.223529411764697],[163,1.5058823529411756],[163,0.7882352941176478],[163,0.07058823529411364],[163,-0.6470588235294141],[163,-1.3647058823529419],[163,-2.0823529411764636],[163,-2.800000000000004],[163,-3.517647058823526],[163,-4.235294117647053],[163,-4.9529411764705875],[163,-5.670588235294115],[163,-6.388235294117643],[163,-7.105882352941177],[163,-7.823529411764705],[163,-8.541176470588239],[163,-9.258823529411767],[163,-9.976470588235289],[163,-10.694117647058828],[163,-11.411764705882355],[163,-12.129411764705878],[163,-12.847058823529412],[163,-13.564705882352934],[163,-14.282352941176468],[163,-15]]}},{"type":"Feature","properties":{"line_id":1000086,"category":"goship","line_name":"A02"},"geometry":{"type":"LineString","coordinates":[[-51,47],[-50.31826430971478,46.50000000000001],[-49.642769349929154,46],[-48.97335138042274,45.5],[-48.30985195439854,45],[-47.65211768087454,44.5],[-47,44],[-46.0612573247779,44.19444444444444],[-45.119412055348675,44.388888888888886],[-44.17443269558231,44.58333333333333],[-43.2262873613202,44.77777777777777],[-42.274943773562484,44.97222222222222],[-41.320369251507714,45.166666666666664],[-40.362530705442,45.36111111111111],[-39.401394629473884,45.55555555555556],[-38.43692709411147,45.75],[-37.46909373867601,45.94444444444444],[-36.49785976354843,46.138888888888886],[-35.523189922245365,46.333333333333336],[-34.54504851331808,46.52777777777778],[-33.563399372071615,46.72222222222222],[-32.57820586209738,46.916666666666664],[-31.589430866615203,47.1111111111111],[-30.59703677962051,47.30555555555556],[-29.600985496828173,47.5],[-28.60123840641154,47.69444444444445],[-27.597756379527937,47.88888888888889],[-26.59049976062522,48.08333333333333],[-25.57942835752499,48.27777777777778],[-24.564501431273584,48.47222222222223],[-23.545677685757255,48.666666666666664],[-22.522915257071304,48.86111111111111],[-21.496171702639685,49.05555555555555],[-20.465403990075743,49.24999999999999],[-19.430568485777485,49.44444444444445],[-18.39162094324911,49.638888888888886],[-17.348516491142277,49.83333333333333],[-16.30120962100591,50.02777777777777],[-15.249654174741408,50.22222222222222],[-14.193803331746949,50.416666666666664],[-13.133609595749931,50.61111111111111],[-12.069024781312123,50.80555555555556],[-11,51]]}},{"type":"Feature","properties":{"line_id":1000085,"category":"goship","line_name":"SR01"},"geometry":{"type":"LineString","coordinates":[[-67,-65],[-67,-64.33333333333333],[-67,-63.66666666666667],[-67,-63],[-67,-62.33333333333334],[-67,-61.66666666666667],[-67,-61],[-67,-60.33333333333334],[-67,-59.66666666666667],[-67,-59],[-67,-58.333333333333336],[-67,-57.666666666666664],[-67,-57]]}},{"type":"Feature","properties":{"line_id":1000098,"category":"goship","line_name":"A13.5"},"geometry":{"type":"LineString","coordinates":[[0,-68],[0,-67.28571428571429],[0,-66.57142857142857],[0,-65.85714285714286],[0,-65.14285714285715],[0,-64.42857142857143],[0,-63.714285714285715],[0,-63.000000000000014],[0,-62.2857142857143],[0,-61.57142857142858],[0,-60.85714285714286],[0,-60.14285714285714],[0,-59.42857142857144],[0,-58.71428571428572],[0,-58],[0,-57.28571428571429],[0,-56.57142857142858],[0,-55.85714285714286],[0,-55.14285714285715],[0,-54.42857142857144],[0,-53.71428571428572],[0,-53],[0,-52.2857142857143],[0,-51.57142857142858],[0,-50.85714285714286],[0,-50.14285714285714],[0,-49.42857142857144],[0,-48.71428571428572],[0,-48],[0,-47.2857142857143],[0,-46.57142857142858],[0,-45.85714285714287],[0,-45.142857142857146],[0,-44.42857142857144],[0,-43.71428571428572],[0,-43.00000000000001],[0,-42.28571428571429],[0,-41.57142857142857],[0,-40.85714285714286],[0,-40.14285714285715],[0,-39.42857142857144],[0,-38.71428571428572],[0,-38],[0,-37.28571428571429],[0,-36.57142857142858],[0,-35.85714285714286],[0,-35.142857142857146],[0,-34.42857142857143],[0,-33.714285714285715],[0,-33.00000000000001],[0,-32.285714285714285],[0,-31.571428571428577],[0,-30.85714285714286],[0,-30.14285714285715],[0,-29.428571428571434],[0,-28.71428571428572],[0,-28.00000000000001],[0,-27.285714285714292],[0,-26.571428571428577],[0,-25.857142857142858],[0,-25.142857142857146],[0,-24.428571428571434],[0,-23.714285714285715],[0,-23],[0,-22.285714285714285],[0,-21.57142857142857],[0,-20.857142857142865],[0,-20.142857142857142],[0,-19.428571428571434],[0,-18.71428571428572],[0,-18],[0,-17.285714285714295],[0,-16.571428571428577],[0,-15.857142857142849],[0,-15.142857142857146],[0,-14.428571428571434],[0,-13.714285714285717],[0,-13.000000000000012],[0,-12.285714285714295],[0,-11.571428571428577],[0,-10.857142857142861],[0,-10.14285714285715],[0,-9.428571428571432],[0,-8.714285714285715],[0,-7.999999999999999],[0,-7.285714285714281],[0,-6.571428571428577],[0,-5.85714285714286],[0,-5.142857142857143],[0,-4.428571428571439],[0,-3.7142857142857086],[0,-3],[-0.461759786039579,-2.4615384615384612],[-0.923333053821807,-1.923076923076923],[-1.384760691575707,-1.3846153846153848],[-1.8460835231229566,-0.8461538461538463],[-2.3073423259633046,-0.3076923076923084],[-2.768577849309736,0.23076923076923037],[-3.2298308320930573,0.7692307692307683],[-3.6911420209554535,1.3076923076923075],[-4.1525521882523435,1.8461538461538458],[-4.614102150082317,2.3846153846153832],[-5.07583278436357,2.9230769230769225],[-5.537785048977753,3.461538461538461],[-6,4]]}},{"type":"Feature","properties":{"line_id":1000121,"category":"goship","line_name":"A12"},"geometry":{"type":"LineString","coordinates":[[17.218930739,-35.147928117],[16.443550483395484,-35.41420029966666],[15.665603789502029,-35.68047248233333],[14.885056697475306,-35.946744665],[14.101874792881972,-36.213016847666665],[13.316023197200707,-36.47928903033333],[12.527466558090737,-36.745561212999995],[11.736169039421611,-37.01183339566666],[10.942094311056735,-37.27810557833333],[10.145205538382243,-37.544377761],[9.345465371574164,-37.81064994366667],[8.54283593459661,-38.07692212633333],[7.73727881392017,-38.343194309],[6.928755046954279,-38.609466491666666],[6.117225110183654,-38.875738674333334],[5.302648906999025,-39.142010857],[4.484985755212392,-39.408283039666664],[3.664194374248609,-39.67455522233333],[2.840232872,-39.940827405],[2.8402328719804473,-40.65555800068421],[2.8402328719606658,-41.37028859636842],[2.840232871940657,-42.085019192052634],[2.8402328719204206,-42.79974978773684],[2.840232871899957,-43.51448038342105],[2.8402328718791523,-44.22921097910526],[2.840232871858234,-44.94394157478948],[2.8402328718369745,-45.65867217047368],[2.8402328718154877,-46.373402766157895],[2.84023287179366,-47.08813336184211],[2.8402328717716046,-47.80286395752632],[2.8402328717492082,-48.51759455321052],[2.840232871726471,-49.23232514889473],[2.840232871703506,-49.94705574457895],[2.8402328716800866,-50.66178634026316],[2.840232871656326,-51.376516935947365],[2.8402328716322245,-52.09124753163158],[2.840232871607668,-52.80597812731579],[2.8402328715827707,-53.520708723],[2.8402328715574185,-54.23543931868421],[2.8402328715317253,-54.95016991436842],[2.8402328715054637,-55.664900510052625],[2.8402328714787473,-56.37963110573684],[2.8402328714514624,-57.09436170142105],[2.840232871423723,-57.80909229710527],[2.840232871395415,-58.52382289278947],[2.8402328713665383,-59.23855348847369],[2.8402328713369798,-59.95328408415789],[2.8402328713068528,-60.668014679842116],[2.8402328712760436,-61.38274527552631],[2.8402328712444387,-62.097475871210534],[2.8402328712121516,-62.812206466894736],[2.8402328711790688,-63.52693706257896],[2.84023287114519,-64.24166765826315],[2.840232871110288,-64.95639825394737],[2.8402328710745905,-65.67112884963157],[2.840232871037756,-66.38585944531579],[2.840232871,-67.100590041]]}},{"type":"Feature","properties":{"line_id":1000117,"category":"goship","line_name":"I09N"},"geometry":{"type":"LineString","coordinates":[[95,-30],[95,-29.297297297297295],[95,-28.594594594594593],[95,-27.89189189189189],[95,-27.189189189189186],[95,-26.486486486486484],[95,-25.783783783783782],[95,-25.08108108108108],[95,-24.378378378378375],[95,-23.67567567567567],[95,-22.972972972972972],[95,-22.270270270270267],[95,-21.567567567567565],[95,-20.864864864864863],[95,-20.16216216216216],[95,-19.45945945945946],[95,-18.756756756756758],[95,-18.054054054054053],[95,-17.351351351351347],[95,-16.64864864864865],[95,-15.945945945945946],[95,-15.243243243243242],[95,-14.540540540540537],[95,-13.837837837837837],[95,-13.135135135135133],[95,-12.432432432432433],[95,-11.72972972972973],[95,-11.027027027027023],[95,-10.324324324324325],[95,-9.621621621621625],[95,-8.918918918918916],[95,-8.216216216216218],[95,-7.513513513513509],[95,-6.810810810810808],[95,-6.108108108108105],[95,-5.405405405405407],[95,-4.7027027027027],[95,-4],[94.71399975599832,-3.357142857142857],[94.4281876920702,-2.7142857142857135],[94.142527622888,-2.071428571428571],[93.85698345907281,-1.428571428571428],[93.57151918433078,-0.7857142857142846],[93.28609883270099,-0.14285714285714216],[93.00068646588147,0.5000000000000022],[92.71524615059718,1.1428571428571443],[92.42974193597604,1.785714285714288],[92.14413783089765,2.428571428571431],[91.85839778128081,3.071428571428573],[91.5724856472732,3.714285714285716],[91.28636518030908,4.35714285714286],[91,5],[90.50235107611263,5.499999999999999],[90.00428380377832,6],[89.50575948204528,6.499999999999999],[89.00673923360068,7],[88.50718398933157,7.500000000000001],[88.00705447270161,8],[87.5063111839313,8.5],[87.00491438396443,9],[86.50282407820362,9.5],[86,10],[86.39593324200303,10.600000000000001],[86.79264320774121,11.2],[87.19017663125419,11.8],[87.58858071942518,12.400000000000002],[87.98790318163185,13.000000000000002],[88.3881922601197,13.6],[88.78949676115076,14.200000000000001],[89.19186608697566,14.800000000000002],[89.59535026868559,15.400000000000004],[90,16],[89.83486393937301,16.666666666666664],[89.66915161141185,17.333333333333336],[89.50283638420865,18],[89.33589116991357,18.666666666666664],[89.16828840006815,19.333333333333336],[89,20]]}},{"type":"Feature","properties":{"line_id":1000106,"category":"goship","line_name":"AR28"},"geometry":{"type":"LineString","coordinates":[[-7.452918355,56.260088282],[-8.552524756857565,56.22780128739999],[-9.65120496333509,56.1955142928],[-10.748960881679182,56.16322729819999],[-11.8457944137416,56.1309403036],[-12.941707456,56.098653309],[-13.443050216738698,56.647532219000006],[-13.951743795593416,57.196411129000005],[-14.468055055056539,57.745290039000004],[-14.992264460373008,58.29416894900001],[-15.524667033,58.843047859],[-15.626796752876885,59.51569358216667],[-15.730983954241651,60.18833930533333],[-15.837328204035884,60.86098502849999],[-15.94593599893767,61.53363075166666],[-16.056921429722138,62.20627647483333],[-16.170406927,62.878922198]]}},{"type":"Feature","properties":{"line_id":1000118,"category":"goship","line_name":"I08S"},"geometry":{"type":"LineString","coordinates":[[95,-30],[95,-30.714285714285715],[95,-31.428571428571423],[95,-32.14285714285714],[95,-32.857142857142854],[95,-33.57142857142857],[95,-34.285714285714285],[95,-35],[95,-35.714285714285715],[95,-36.42857142857142],[95,-37.142857142857146],[95,-37.857142857142854],[95,-38.57142857142858],[95,-39.285714285714285],[95,-40],[95,-40.714285714285715],[95,-41.42857142857142],[95,-42.142857142857146],[95,-42.857142857142854],[95,-43.57142857142858],[95,-44.28571428571428],[95,-45],[94.45040280689489,-45.57142857142857],[93.89518504272633,-46.142857142857146],[93.33417417769351,-46.71428571428571],[92.76719105316477,-47.285714285714285],[92.19404951919182,-47.857142857142854],[91.61455604737898,-48.42857142857142],[91.02850931705689,-49],[90.43569977251218,-49.57142857142856],[89.83590914879392,-50.14285714285714],[89.22890996337605,-50.714285714285715],[88.61446497066652,-51.285714285714285],[87.99232657604978,-51.85714285714286],[87.36223620579119,-52.42857142857142],[86.72392362874302,-53],[86.0771062253491,-53.57142857142857],[85.4214881989426,-54.14285714285713],[84.75675972377519,-54.71428571428571],[84.08259602357396,-55.28571428571428],[83.39865637370451,-55.857142857142854],[82.70458301920235,-56.42857142857142],[82,-57],[82,-57.666666666666664],[82,-58.333333333333336],[82,-59],[82,-59.66666666666667],[82,-60.33333333333334],[82,-61],[82,-61.66666666666667],[82,-62.33333333333332],[82,-63],[82.48675354660645,-63.500000000000014],[82.98210253894854,-64],[83.48639511037197,-64.50000000000001],[84,-65]]}},{"type":"Feature","properties":{"line_id":1000115,"category":"goship","line_name":"I07N"},"geometry":{"type":"LineString","coordinates":[[53,-30],[53,-29.291666666666668],[53,-28.58333333333333],[53,-27.874999999999996],[53,-27.166666666666668],[53,-26.45833333333333],[53,-25.75],[53,-25.041666666666664],[53,-24.333333333333332],[53,-23.625],[53,-22.916666666666668],[53,-22.20833333333333],[53,-21.5],[53,-20.791666666666664],[53,-20.083333333333332],[53,-19.374999999999996],[53,-18.666666666666664],[53,-17.95833333333333],[53,-17.249999999999996],[53,-16.541666666666664],[53,-15.833333333333332],[53,-15.125],[53,-14.416666666666666],[53,-13.70833333333333],[53,-13],[52.59824757473473,-12.4],[52.19741911200845,-11.8],[51.79746661212198,-11.2],[51.398342580927874,-10.6],[51,-10],[51.37868242433865,-9.40625],[51.75671529407964,-8.8125],[52.13414129637101,-8.21875],[52.511002783045456,-7.625],[52.8873417951761,-7.031249999999999],[53.26320008720984,-6.437499999999998],[53.638619150712884,-5.843749999999998],[54.013640237763184,-5.249999999999998],[54.38830438402181,-4.656249999999997],[54.762652431515335,-4.062499999999997],[55.13672505116051,-3.4687499999999973],[55.51056276506256,-2.874999999999996],[55.88420596861624,-2.2812499999999964],[56.25769495244003,-1.687499999999997],[56.63106992417272,-1.0937499999999956],[57.00437103015963,-0.4999999999999959],[57.377638377060066,0.0937500000000037],[57.75091205340152,0.687500000000005],[58.12423215111096,1.2812500000000047],[58.49763878704948,1.8750000000000044],[58.87117212458088,2.4687500000000053],[59.244872395200446,3.062500000000005],[59.61877992025313,3.656250000000006],[59.99293513277064,4.250000000000008],[60.36737859945504,4.843750000000005],[60.7421510428386,5.437500000000006],[61.11729336365056,6.031250000000008],[61.49284666341987,6.625000000000006],[61.868852267345346,7.218750000000007],[62.245351747465065,7.812500000000009],[62.62238694615621,8.406250000000014],[63,9],[63,9.666666666666668],[63,10.333333333333336],[63,10.999999999999998],[63,11.666666666666668],[63,12.333333333333332],[63,13.000000000000002],[63,13.666666666666668],[63,14.333333333333332],[63,15.000000000000002],[63,15.666666666666668],[63,16.333333333333332],[63,17],[62.43276553944736,17.428571428571427],[61.864197523895086,17.857142857142858],[61.29425770468424,18.285714285714285],[60.72290740154949,18.71428571428571],[60.15010748789018,19.142857142857142],[59.57581837568034,19.57142857142857],[59,20]]}},{"type":"Feature","properties":{"line_id":1000105,"category":"goship","line_name":"A10"},"geometry":{"type":"LineString","coordinates":[[15,-30],[14.180555555555543,-29.999999999999996],[13.361111111111086,-29.999999999999996],[12.541666666666629,-29.999999999999996],[11.722222222222172,-29.999999999999996],[10.902777777777828,-29.999999999999996],[10.083333333333371,-29.999999999999996],[9.263888888888914,-29.999999999999996],[8.444444444444457,-29.999999999999996],[7.625,-29.999999999999996],[6.805555555555543,-29.999999999999996],[5.986111111111086,-29.999999999999996],[5.166666666666629,-29.999999999999996],[4.347222222222172,-29.999999999999996],[3.5277777777778283,-29.999999999999996],[2.7083333333333712,-29.999999999999996],[1.8888888888889142,-29.999999999999996],[1.069444444444457,-29.999999999999996],[0.25,-29.999999999999996],[-0.5694444444444571,-29.999999999999996],[-1.3888888888889142,-29.999999999999996],[-2.2083333333333712,-29.999999999999996],[-3.0277777777778283,-29.999999999999996],[-3.8472222222221717,-29.999999999999996],[-4.666666666666629,-29.999999999999996],[-5.486111111111086,-29.999999999999996],[-6.305555555555543,-29.999999999999996],[-7.125,-29.999999999999996],[-7.944444444444457,-29.999999999999996],[-8.763888888888914,-29.999999999999996],[-9.583333333333371,-29.999999999999996],[-10.402777777777828,-29.999999999999996],[-11.222222222222172,-29.999999999999996],[-12.041666666666629,-29.999999999999996],[-12.861111111111086,-29.999999999999996],[-13.680555555555543,-29.999999999999996],[-14.5,-29.999999999999996],[-15.319444444444457,-29.999999999999996],[-16.138888888888914,-29.999999999999996],[-16.95833333333337,-29.999999999999996],[-17.77777777777783,-29.999999999999996],[-18.59722222222217,-29.999999999999996],[-19.41666666666663,-29.999999999999996],[-20.236111111111086,-29.999999999999996],[-21.055555555555543,-29.999999999999996],[-21.875,-29.999999999999996],[-22.694444444444457,-29.999999999999996],[-23.513888888888914,-29.999999999999996],[-24.33333333333337,-29.999999999999996],[-25.15277777777783,-29.999999999999996],[-25.97222222222217,-29.999999999999996],[-26.79166666666663,-29.999999999999996],[-27.611111111111086,-29.999999999999996],[-28.430555555555543,-29.999999999999996],[-29.25,-29.999999999999996],[-30.069444444444457,-29.999999999999996],[-30.888888888888857,-29.999999999999996],[-31.708333333333314,-29.999999999999996],[-32.52777777777777,-29.999999999999996],[-33.34722222222223,-29.999999999999996],[-34.166666666666686,-29.999999999999996],[-34.986111111111086,-29.999999999999996],[-35.80555555555554,-29.999999999999996],[-36.625,-29.999999999999996],[-37.44444444444446,-29.999999999999996],[-38.263888888888914,-29.999999999999996],[-39.083333333333314,-29.999999999999996],[-39.90277777777777,-29.999999999999996],[-40.72222222222223,-29.999999999999996],[-41.541666666666686,-29.999999999999996],[-42.361111111111086,-29.999999999999996],[-43.18055555555554,-29.999999999999996],[-44,-30],[-44.43556120650487,-29.42857142857143],[-44.868678648321236,-28.857142857142854],[-45.29942220102936,-28.28571428571429],[-45.7278601289791,-27.71428571428571],[-46.15405915101411,-27.142857142857142],[-46.57808450338399,-26.571428571428573],[-47,-26]]}},{"type":"Feature","properties":{"line_id":1000093,"category":"goship","line_name":"A20"},"geometry":{"type":"LineString","coordinates":[[-51.724928478,6.219147062],[-51.72492847799998,6.938482933625],[-51.72492847799998,7.657818805250001],[-51.72492847799998,8.377154676875],[-51.72492847799998,9.0964905485],[-51.72492847799998,9.815826420125],[-51.72492847799998,10.53516229175],[-51.72492847799998,11.254498163374999],[-51.72492847799998,11.973834035],[-51.72492847799998,12.693169906624998],[-51.72492847799998,13.41250577825],[-51.72492847799998,14.131841649875],[-51.72492847799998,14.851177521500002],[-51.72492847799998,15.570513393125001],[-51.72492847799998,16.28984926475],[-51.72492847799998,17.009185136375002],[-51.72492847799998,17.728521008],[-51.72492847799998,18.447856879625],[-51.72492847799998,19.16719275125],[-51.72492847799998,19.886528622874998],[-51.72492847799998,20.6058644945],[-51.72492847799998,21.325200366124996],[-51.72492847799998,22.044536237750002],[-51.72492847799998,22.763872109375],[-51.72492847799998,23.483207981],[-51.72492847799998,24.202543852625],[-51.72492847799998,24.921879724249997],[-51.72492847799998,25.641215595874993],[-51.72492847799998,26.3605514675],[-51.72492847799998,27.079887339124994],[-51.72492847799998,27.799223210750004],[-51.72492847799998,28.518559082375003],[-51.72492847799998,29.237894953999998],[-51.72492847799998,29.957230825625],[-51.72492847799998,30.676566697250006],[-51.72492847799998,31.395902568875],[-51.72492847799998,32.11523844049999],[-51.72492847799998,32.83457431212499],[-51.72492847799998,33.55391018374999],[-51.72492847799998,34.273246055375],[-51.72492847799998,34.992581927],[-51.72492847799998,35.711917798624995],[-51.72492847799998,36.43125367025],[-51.72492847799998,37.150589541875],[-51.72492847799998,37.8699254135],[-51.72492847799998,38.589261285125005],[-51.72492847799998,39.308597156750004],[-51.72492847799998,40.027933028375],[-51.724928478,40.7472689],[-51.1588982185346,41.2747818724],[-50.58827503396378,41.802294844799995],[-50.01293460795489,42.3298078172],[-49.432748705297286,42.8573207896],[-48.847584991,43.384833762]]}},{"type":"Feature","properties":{"line_id":1000111,"category":"goship","line_name":"P09"},"geometry":{"type":"LineString","coordinates":[[143,-1],[143,-0.3333333333333333],[143,0.3333333333333333],[143,1],[142.37511454771834,1.125],[141.75020232328222,1.25],[141.12526034976554,1.3749999999999998],[140.50028564953413,1.5],[139.87527524417396,1.6249999999999998],[139.25022615442072,1.75],[138.625135400089,1.8749999999999998],[138,2],[138,2.7045454545454546],[138,3.409090909090909],[138,4.113636363636363],[138,4.818181818181818],[138,5.5227272727272725],[138,6.2272727272727275],[138,6.931818181818182],[138,7.636363636363637],[138,8.340909090909092],[138,9.045454545454545],[138,9.75],[138,10.454545454545453],[138,11.159090909090908],[138,11.863636363636363],[138,12.568181818181817],[138,13.272727272727272],[138,13.977272727272725],[138,14.681818181818183],[138,15.386363636363637],[138,16.09090909090909],[138,16.795454545454543],[138,17.5],[138,18.204545454545453],[138,18.909090909090907],[138,19.61363636363636],[138,20.318181818181817],[138,21.022727272727273],[138,21.727272727272723],[138,22.43181818181818],[138,23.136363636363637],[138,23.840909090909093],[138,24.545454545454543],[138,25.249999999999996],[138,25.954545454545453],[138,26.65909090909091],[138,27.363636363636363],[138,28.068181818181813],[138,28.772727272727277],[138,29.477272727272723],[138,30.181818181818176],[138,30.886363636363633],[138,31.59090909090909],[138,32.29545454545455],[138,33]]}},{"type":"Feature","properties":{"line_id":1000112,"category":"goship","line_name":"I09S"},"geometry":{"type":"LineString","coordinates":[[117,-36],[117,-36.714285714285715],[117,-37.42857142857142],[117,-38.142857142857146],[117,-38.857142857142854],[117,-39.57142857142858],[117,-40.285714285714285],[117,-41],[117,-41.71428571428571],[117,-42.42857142857143],[117,-43.14285714285714],[117,-43.85714285714286],[117,-44.57142857142857],[117,-45.285714285714285],[117,-46],[117,-46.71428571428571],[117,-47.42857142857142],[117,-48.14285714285714],[117,-48.85714285714286],[117,-49.57142857142856],[117,-50.28571428571428],[117,-51],[117,-51.714285714285715],[117,-52.42857142857142],[117,-53.14285714285714],[117,-53.857142857142854],[117,-54.57142857142856],[117,-55.285714285714285],[117,-56],[117,-56.7142857142857],[117,-57.42857142857142],[117,-58.14285714285714],[117,-58.85714285714285],[117,-59.57142857142856],[117,-60.28571428571428],[117,-61],[116.32621410115132,-61.57142857142857],[115.63989841116563,-62.142857142857146],[114.94050718168603,-62.71428571428572],[114.22746018393548,-63.285714285714285],[113.50013972149986,-63.857142857142854],[112.75788731301714,-64.42857142857143],[112,-65]]}},{"type":"Feature","properties":{"line_id":1000322,"category":"goship","line_name":"P03W"},"geometry":{"type":"LineString","coordinates":[[180,24],[179.21276595744678,24],[178.42553191489355,24],[177.63829787234044,24],[176.85106382978722,24],[176.063829787234,24],[175.2765957446809,24],[174.48936170212767,24],[173.70212765957444,24],[172.91489361702133,24],[172.1276595744681,24],[171.3404255319149,24],[170.55319148936167,24],[169.76595744680856,24],[168.97872340425533,24],[168.1914893617021,24],[167.4042553191489,24],[166.61702127659578,24],[165.82978723404256,24],[165.04255319148933,24],[164.25531914893622,24],[163.468085106383,24],[162.68085106382978,24],[161.89361702127655,24],[161.10638297872333,24],[160.31914893617022,24],[159.531914893617,24],[158.74468085106378,24],[157.95744680851067,24],[157.17021276595744,24],[156.38297872340422,24],[155.5957446808511,24],[154.8085106382979,24],[154.02127659574467,24],[153.23404255319144,24],[152.44680851063822,24],[151.6595744680851,24],[150.8723404255319,24],[150.08510638297867,24],[149.29787234042556,24],[148.51063829787233,24],[147.7234042553191,24],[146.936170212766,24],[146.14893617021278,24],[145.36170212765956,24],[144.57446808510633,24],[143.78723404255322,24],[143,24],[142.7249034285527,24.64285714285714],[142.44838721403676,25.285714285714285],[142.17040145096394,25.92857142857143],[141.890895060817,26.57142857142857],[141.60981573607592,27.214285714285715],[141.32710988158533,27.857142857142858],[141.0427225530874,28.500000000000004],[140.7565973927375,29.142857142857142],[140.46867656140046,29.78571428571429],[140.17890066751477,30.42857142857143],[139.8872086922944,31.071428571428573],[139.59353791102058,31.714285714285715],[139.29782381015673,32.35714285714286],[139,33]]}},{"type":"Feature","properties":{"line_id":1000107,"category":"goship","line_name":"A29"},"geometry":{"type":"LineString","coordinates":[[14,76],[11.19623626341695,76.2],[8.352340434609687,76.39999999999999],[5.467111267632049,76.6],[2.5392933350804014,76.8],[-0.432426281233802,76.99999999999999],[-3.4494215561759347,77.19999999999999],[-6.513131367991946,77.39999999999999],[-9.625063652784092,77.6],[-12.786799896794719,77.8],[-16,78]]}},{"type":"Feature","properties":{"line_id":1000109,"category":"goship","line_name":"SR03"},"geometry":{"type":"LineString","coordinates":[[146,-46],[145.81225780020964,-46.699999999999996],[145.62206553899546,-47.4],[145.42932927182642,-48.099999999999994],[145.23395045760003,-48.8],[145.0358256395226,-49.50000000000001],[144.83484609825473,-50.199999999999996],[144.6308974743705,-50.89999999999999],[144.4238593567967,-51.599999999999994],[144.21360483347576,-52.300000000000004],[144,-53],[144,-53.69230769230769],[144,-54.38461538461538],[144,-55.07692307692307],[144,-55.769230769230774],[144,-56.46153846153846],[144,-57.15384615384615],[144,-57.84615384615385],[144,-58.53846153846154],[144,-59.23076923076923],[144,-59.923076923076934],[144,-60.615384615384606],[144,-61.3076923076923],[144,-62],[144.47116885625746,-62.66666666666667],[144.95306635366933,-63.33333333333333],[145.4462608275868,-64],[145.9513647213704,-64.66666666666667],[146.4690392984487,-65.33333333333333],[147,-66]]}},{"type":"Feature","properties":{"line_id":1000084,"category":"goship","line_name":"I05"},"geometry":{"type":"LineString","coordinates":[[114,-30],[113.20436290883765,-29.799999999999997],[112.41031480848892,-29.599999999999994],[111.6178397279142,-29.4],[110.8269218290236,-29.2],[110.0375454047462,-28.999999999999996],[109.24969487712576,-28.799999999999997],[108.46335479545041,-28.599999999999994],[107.67850983440735,-28.4],[106.89514479226784,-28.199999999999996],[106.11324458909974,-28],[105.33279426500735,-27.799999999999997],[104.55377897839708,-27.599999999999998],[103.77618400427048,-27.399999999999995],[102.99999473254206,-27.199999999999996],[102.22519666638232,-27],[101.45177542058605,-26.799999999999997],[100.67971671996406,-26.599999999999998],[99.90900639775896,-26.399999999999995],[99.13963039408361,-26.199999999999996],[98.37157475438335,-25.999999999999993],[97.60482562792004,-25.799999999999997],[96.83936926627723,-25.599999999999994],[96.07519202188791,-25.4],[95.31228034658295,-25.2],[94.55062079015977,-24.999999999999996],[93.79019999897196,-24.799999999999997],[93.03100471453774,-24.599999999999994],[92.27302177216927,-24.4],[91.51623809961961,-24.199999999999996],[90.7606407157491,-23.999999999999996],[90.00621672921068,-23.799999999999994],[89.25295333715178,-23.599999999999994],[88.50083782393517,-23.399999999999995],[87.74985755987689,-23.199999999999996],[87,-23],[86.42739737206773,-23.416666666666664],[85.85298847459705,-23.833333333333332],[85.27673130377775,-24.25],[84.69858325255461,-24.666666666666664],[84.11850109205182,-25.083333333333332],[83.53644095245613,-25.5],[82.95235830333445,-25.916666666666668],[82.36620793336454,-26.333333333333332],[81.77794392945327,-26.75],[81.18751965521767,-27.166666666666668],[80.5948877288015,-27.583333333333332],[80,-28],[79.18965517241384,-28],[78.37931034482756,-28],[77.5689655172414,-28],[76.75862068965512,-28],[75.94827586206895,-28],[75.13793103448279,-28],[74.32758620689651,-28],[73.51724137931035,-28],[72.70689655172418,-28],[71.89655172413791,-28],[71.08620689655174,-28],[70.27586206896547,-28],[69.4655172413793,-28],[68.65517241379314,-28],[67.84482758620686,-28],[67.0344827586207,-28],[66.22413793103442,-28],[65.41379310344826,-28],[64.60344827586209,-28],[63.793103448275815,-28],[62.98275862068965,-28],[62.17241379310349,-28],[61.36206896551721,-28],[60.551724137931046,-28],[59.74137931034477,-28],[58.931034482758605,-28],[58.12068965517244,-28],[57.310344827586164,-28],[56.5,-28],[55.689655172413836,-28],[54.87931034482756,-28],[54.068965517241395,-28],[53.25862068965512,-28],[52.448275862068954,-28],[51.63793103448279,-28],[50.82758620689651,-28],[50.01724137931035,-28],[49.206896551724185,-28],[48.39655172413791,-28],[47.586206896551744,-28],[46.775862068965466,-28],[45.9655172413793,-28],[45.15517241379314,-28],[44.34482758620686,-28],[43.5344827586207,-28],[42.72413793103442,-28],[41.913793103448256,-28],[41.10344827586209,-28],[40.293103448275815,-28],[39.48275862068965,-28],[38.67241379310349,-28],[37.86206896551721,-28],[37.051724137931046,-28],[36.24137931034477,-28],[35.431034482758605,-28],[34.62068965517244,-28],[33.810344827586164,-28],[33,-28]]}},{"type":"Feature","properties":{"line_id":1000097,"category":"goship","line_name":"AR07W"},"geometry":{"type":"LineString","coordinates":[[-56,54],[-55.32343221576082,54.54545454545455],[-54.63775809000845,55.09090909090909],[-53.94266527861413,55.63636363636363],[-53.237826642152584,56.18181818181818],[-52.52289927912898,56.72727272727272],[-51.79752347936255,57.27272727272726],[-51.06132158947463,57.81818181818181],[-50.3138967814611,58.36363636363636],[-49.55483171423367,58.9090909090909],[-48.783687076760316,59.454545454545446],[-48,60]]}},{"type":"Feature","properties":{"line_id":1000133,"category":"goship","line_name":"P16N"},"geometry":{"type":"LineString","coordinates":[[-150.99327876,0.224681466],[-150.99327876,0.9340265615833333],[-150.99327876,1.6433716571666666],[-150.99327876,2.35271675275],[-150.99327876,3.0620618483333337],[-150.99327876,3.7714069439166664],[-150.99327876,4.4807520395],[-150.99327876,5.190097135083333],[-150.99327876,5.899442230666667],[-150.99327876,6.608787326249998],[-150.99327876,7.318132421833334],[-150.99327876,8.027477517416665],[-150.99327876,8.736822613],[-150.99327876,9.446167708583332],[-150.99327876,10.155512804166664],[-150.99327876,10.864857899750001],[-150.99327876,11.574202995333332],[-150.99327876,12.283548090916668],[-150.99327876,12.992893186499998],[-150.99327876,13.70223828208333],[-150.99327876,14.41158337766667],[-150.99327876,15.120928473249998],[-150.99327876,15.83027356883333],[-150.99327876,16.53961866441667],[-150.99327876,17.24896376],[-151.57456416767832,17.663126837636362],[-152.15718913084845,18.07728991527273],[-152.74119042323395,18.49145299290909],[-153.32660522414778,18.905616070545456],[-153.9134711317971,19.31977914818182],[-154.50182617690717,19.733942225818183],[-155.09170883667753,20.14810530345455],[-155.6831580490831,20.56226838109091],[-156.27621322753487,20.976431458727273],[-156.8709142759149,21.390594536363636],[-157.467301604,21.804757614],[-156.75239505991556,22.017894168555557],[-156.036412266321,22.23103072311111],[-155.31934004010657,22.444167277666665],[-154.60116510767227,22.657303832222222],[-153.88187410349747,22.87044038677778],[-153.16145356869123,23.083576941333337],[-152.43988994952235,23.29671349588889],[-151.71716959592783,23.509850050444445],[-150.99327876,23.722986605],[-150.99327876,24.43742903530612],[-150.99327876,25.151871465612246],[-150.99327876,25.86631389591837],[-150.99327876,26.580756326224492],[-150.99327876,27.29519875653061],[-150.99327876,28.009641186836735],[-150.99327876,28.724083617142856],[-150.99327876,29.438526047448978],[-150.99327876,30.1529684777551],[-150.99327876,30.867410908061224],[-150.99327876,31.58185333836735],[-150.99327876,32.296295768673474],[-150.99327876,33.01073819897959],[-150.99327876,33.72518062928572],[-150.99327876,34.43962305959184],[-150.99327876,35.15406548989796],[-150.99327876,35.86850792020408],[-150.99327876,36.5829503505102],[-150.99327876,37.29739278081633],[-150.99327876,38.01183521112245],[-150.99327876,38.726277641428574],[-150.99327876,39.440720071734695],[-150.99327876,40.15516250204082],[-150.99327876,40.86960493234694],[-150.99327876,41.58404736265306],[-150.99327876,42.29848979295919],[-150.99327876,43.0129322232653],[-150.99327876,43.72737465357143],[-150.99327876,44.44181708387755],[-150.99327876,45.156259514183674],[-150.99327876,45.8707019444898],[-150.99327876,46.58514437479592],[-150.99327876,47.29958680510204],[-150.99327876,48.01402923540817],[-150.99327876,48.728471665714295],[-150.99327876,49.44291409602042],[-150.99327876,50.15735652632653],[-150.99327876,50.87179895663265],[-150.99327876,51.58624138693878],[-150.99327876,52.30068381724489],[-150.99327876,53.01512624755102],[-150.99327876,53.72956867785714],[-150.99327876,54.44401110816327],[-150.99327876,55.158453538469395],[-150.99327876,55.87289596877552],[-150.99327876,56.587338399081645],[-150.99327876,57.30178082938775],[-150.99327876,58.016223259693874],[-150.99327876,58.73066569]]}},{"type":"Feature","properties":{"line_id":1000089,"category":"goship","line_name":"I08N"},"geometry":{"type":"LineString","coordinates":[[79.090912358,-30.574161917],[79.09091235799997,-29.867941838919997],[79.09091235799997,-29.16172176084],[79.09091235799997,-28.45550168276],[79.09091235799997,-27.749281604679997],[79.09091235799997,-27.0430615266],[79.09091235799997,-26.336841448519998],[79.09091235799997,-25.630621370439997],[79.09091235799997,-24.92440129236],[79.09091235799997,-24.218181214279998],[79.09091235799997,-23.511961136199997],[79.09091235799997,-22.805741058119995],[79.09091235799997,-22.099520980039998],[79.09091235799997,-21.39330090196],[79.09091235799997,-20.687080823879995],[79.09091235799997,-19.9808607458],[79.09091235799997,-19.27464066772],[79.09091235799997,-18.56842058964],[79.09091235799997,-17.86220051156],[79.09091235799997,-17.155980433479996],[79.09091235799997,-16.449760355399995],[79.09091235799997,-15.74354027732],[79.09091235799997,-15.037320199239996],[79.09091235799997,-14.331100121159999],[79.09091235799997,-13.624880043079997],[79.09091235799997,-12.918659964999998],[79.09091235799997,-12.212439886919999],[79.09091235799997,-11.506219808839996],[79.09091235799997,-10.799999730759993],[79.09091235799997,-10.093779652679997],[79.09091235799997,-9.387559574600001],[79.09091235799997,-8.681339496519998],[79.09091235799997,-7.9751194184399985],[79.09091235799997,-7.268899340359999],[79.09091235799997,-6.562679262279995],[79.09091235799997,-5.856459184199997],[79.09091235799997,-5.1502391061200035],[79.09091235799997,-4.444019028039998],[79.09091235799997,-3.737798949959995],[79.09091235799997,-3.0315788718799985],[79.09091235799997,-2.3253587937999924],[79.09091235799997,-1.6191387157199995],[79.09091235799997,-0.91291863764],[79.09091235799997,-0.20669855956000055],[79.09091235799997,0.4995215185200053],[79.09091235799997,1.2057415965999985],[79.09091235799997,1.911961674680004],[79.09091235799997,2.6181817527599973],[79.09091235799997,3.3244018308400034],[79.09091235799997,4.030621908920002],[79.090912358,4.736841987]]}},{"type":"Feature","properties":{"line_id":1000135,"category":"goship","line_name":"A23"},"geometry":{"type":"LineString","coordinates":[[-35.152357436,-76.454291721],[-35.17498741731879,-75.7419846552857],[-35.196536248807206,-75.02967758957143],[-35.21710557773258,-74.31737052385714],[-35.23678350357477,-73.60506345814285],[-35.25564688453625,-72.89275639242857],[-35.27376317321966,-72.1804493267143],[-35.29119189229817,-71.46814226100001],[-35.30798583171526,-70.75583519528573],[-35.324192028186985,-70.04352812957144],[-35.33985257284888,-69.33122106385714],[-35.35500528200657,-68.61891399814287],[-35.3696842579256,-67.90660693242857],[-35.38392036060782,-67.19429986671429],[-35.397741606988916,-66.481992801],[-35.41117351055789,-65.7696857352857],[-35.42423937176039,-65.05737866957143],[-35.436960527504255,-64.34507160385715],[-35.449356566490906,-63.632764538142865],[-35.46144551584007,-62.92045747242858],[-35.47324400348242,-62.20815040671429],[-35.4847674,-61.495843341]]}},{"type":"Feature","properties":{"line_id":1000120,"category":"goship","line_name":"ARC02"},"geometry":{"type":"LineString","coordinates":[[-139.632572254,72.661368594],[-139.63257225400002,73.34814012342105],[-139.63257225400002,74.0349116528421],[-139.63257225400002,74.72168318226316],[-139.63257225400002,75.40845471168421],[-139.63257225400002,76.09522624110527],[-139.63257225400002,76.78199777052632],[-139.63257225400002,77.46876929994735],[-139.63257225400002,78.15554082936842],[-139.63257225400002,78.84231235878947],[-139.63257225400002,79.52908388821052],[-139.63257225400002,80.21585541763157],[-139.63257225400002,80.90262694705262],[-139.63257225400002,81.58939847647369],[-139.63257225400002,82.27617000589473],[-139.63257225400002,82.96294153531579],[-139.63257225400002,83.64971306473683],[-139.63257225400002,84.33648459415787],[-139.63257225400002,85.02325612357895],[-139.632572254,85.710027653]]}},{"type":"Feature","properties":{"line_id":1000100,"category":"goship","line_name":"P18"},"geometry":{"type":"LineString","coordinates":[[-106,-72],[-106,-71.28723404255318],[-106,-70.57446808510639],[-106,-69.86170212765957],[-106,-69.14893617021276],[-106,-68.43617021276594],[-106,-67.72340425531915],[-106,-67.01063829787235],[-106,-66.29787234042554],[-106,-65.58510638297872],[-106,-64.87234042553192],[-106,-64.15957446808511],[-106,-63.446808510638306],[-106,-62.734042553191486],[-106,-62.02127659574467],[-106,-61.30851063829787],[-106,-60.595744680851055],[-106,-59.882978723404264],[-106,-59.17021276595745],[-106,-58.457446808510646],[-106,-57.74468085106383],[-106,-57.03191489361702],[-106,-56.319148936170215],[-106,-55.6063829787234],[-106,-54.8936170212766],[-106,-54.180851063829785],[-106,-53.46808510638298],[-106,-52.75531914893617],[-106,-52.04255319148937],[-106,-51.329787234042556],[-106,-50.617021276595736],[-106,-49.90425531914894],[-106,-49.191489361702125],[-106,-48.47872340425532],[-106,-47.76595744680851],[-106,-47.0531914893617],[-106,-46.34042553191489],[-106,-45.62765957446808],[-106,-44.91489361702127],[-106,-44.20212765957448],[-106,-43.48936170212766],[-106,-42.77659574468085],[-106,-42.06382978723404],[-106,-41.35106382978723],[-106,-40.63829787234043],[-106,-39.92553191489361],[-106,-39.212765957446805],[-106,-38.49999999999999],[-106,-37.787234042553195],[-106,-37.07446808510638],[-106,-36.361702127659576],[-106,-35.648936170212764],[-106,-34.93617021276596],[-106,-34.223404255319146],[-106,-33.51063829787234],[-106,-32.79787234042553],[-106,-32.08510638297872],[-106,-31.372340425531913],[-106,-30.659574468085097],[-106,-29.946808510638295],[-106,-29.23404255319148],[-106,-28.52127659574468],[-106,-27.80851063829787],[-106,-27.09574468085106],[-106,-26.382978723404257],[-106,-25.67021276595744],[-106,-24.957446808510642],[-106,-24.244680851063826],[-106,-23.531914893617017],[-106,-22.81914893617021],[-106,-22.106382978723396],[-106,-21.3936170212766],[-106,-20.680851063829788],[-106,-19.96808510638298],[-106,-19.255319148936174],[-106,-18.542553191489358],[-106,-17.829787234042556],[-106,-17.11702127659574],[-106,-16.404255319148938],[-106,-15.691489361702125],[-106,-14.978723404255312],[-106,-14.265957446808516],[-106,-13.553191489361701],[-106,-12.840425531914901],[-106,-12.127659574468085],[-106,-11.414893617021272],[-106,-10.70212765957447],[-106,-9.989361702127656],[-106,-9.276595744680854],[-106,-8.56382978723404],[-106,-7.8510638297872255],[-106,-7.1382978723404245],[-106,-6.42553191489361],[-106,-5.712765957446809],[-106,-5],[-106.44539361656848,-4.444444444444445],[-106.89045167898485,-3.8888888888888884],[-107.3352164771012,-3.3333333333333335],[-107.7797301621236,-2.777777777777778],[-108.224034766714,-2.222222222222222],[-108.66817222495547,-1.666666666666667],[-109.1121843922034,-1.1111111111111112],[-109.55611306484656,-0.5555555555555556],[-110,0],[-110,0.7096774193548386],[-110,1.4193548387096773],[-110,2.129032258064516],[-110,2.8387096774193545],[-110,3.5483870967741926],[-110,4.258064516129032],[-110,4.96774193548387],[-110,5.677419354838709],[-110,6.387096774193546],[-110,7.096774193548385],[-110,7.806451612903224],[-110,8.516129032258064],[-110,9.2258064516129],[-110,9.93548387096774],[-110,10.645161290322578],[-110,11.354838709677418],[-110,12.064516129032256],[-110,12.774193548387093],[-110,13.483870967741934],[-110,14.19354838709677],[-110,14.903225806451607],[-110,15.612903225806448],[-110,16.32258064516129],[-110,17.032258064516128],[-110,17.74193548387096],[-110,18.4516129032258],[-110,19.16129032258064],[-110,19.87096774193548],[-110,20.580645161290317],[-110,21.290322580645157],[-110,22]]}},{"type":"Feature","properties":{"line_id":1000087,"category":"goship","line_name":"A05"},"geometry":{"type":"LineString","coordinates":[[-16,26],[-16.79452054794524,26.000000000000004],[-17.589041095890366,26.000000000000004],[-18.383561643835606,26.000000000000004],[-19.178082191780845,26.000000000000004],[-19.97260273972597,26.000000000000004],[-20.76712328767121,26.000000000000004],[-21.56164383561645,26.000000000000004],[-22.35616438356169,26.000000000000004],[-23.150684931506817,26.000000000000004],[-23.945205479452056,26.000000000000004],[-24.739726027397296,26.000000000000004],[-25.534246575342422,26.000000000000004],[-26.328767123287662,26.000000000000004],[-27.1232876712329,26.000000000000004],[-27.917808219178028,26.000000000000004],[-28.712328767123267,26.000000000000004],[-29.506849315068507,26.000000000000004],[-30.30136986301369,26.000000000000004],[-31.09589041095893,26.000000000000004],[-31.890410958904113,26.000000000000004],[-32.684931506849296,26.000000000000004],[-33.479452054794535,26.000000000000004],[-34.27397260273972,26.000000000000004],[-35.06849315068496,26.000000000000004],[-35.86301369863014,26.000000000000004],[-36.657534246575324,26.000000000000004],[-37.45205479452056,26.000000000000004],[-38.246575342465746,26.000000000000004],[-39.04109589041093,26.000000000000004],[-39.83561643835617,26.000000000000004],[-40.63013698630135,26.000000000000004],[-41.42465753424659,26.000000000000004],[-42.219178082191775,26.000000000000004],[-43.013698630137014,26.000000000000004],[-43.8082191780822,26.000000000000004],[-44.60273972602738,26.000000000000004],[-45.39726027397262,26.000000000000007],[-46.1917808219178,26.000000000000007],[-46.986301369862986,26.000000000000007],[-47.780821917808225,26.000000000000007],[-48.57534246575341,26.000000000000007],[-49.36986301369865,26.000000000000007],[-50.16438356164383,26.000000000000007],[-50.95890410958907,26.000000000000007],[-51.753424657534254,26.000000000000007],[-52.54794520547944,26.000000000000007],[-53.342465753424676,26.000000000000007],[-54.13698630136986,26.000000000000007],[-54.9315068493151,26.000000000000007],[-55.72602739726028,26.000000000000007],[-56.520547945205465,26.000000000000007],[-57.315068493150704,26.000000000000007],[-58.10958904109589,26.000000000000007],[-58.90410958904113,26.000000000000007],[-59.69863013698631,26.000000000000007],[-60.49315068493149,26.000000000000007],[-61.28767123287673,26.000000000000007],[-62.082191780821915,26.000000000000007],[-62.8767123287671,26.000000000000007],[-63.67123287671234,26.000000000000007],[-64.46575342465758,26.000000000000007],[-65.26027397260276,26.000000000000007],[-66.05479452054794,26.000000000000007],[-66.84931506849313,26.000000000000007],[-67.64383561643837,26.000000000000007],[-68.43835616438355,26.000000000000007],[-69.23287671232879,26.000000000000007],[-70.02739726027397,26.000000000000007],[-70.82191780821915,26.000000000000007],[-71.6164383561644,26.000000000000007],[-72.41095890410963,26.000000000000007],[-73.20547945205482,26.000000000000007],[-74,26]]}},{"type":"Feature","properties":{"line_id":1000123,"category":"goship","line_name":"MED01"},"geometry":{"type":"LineString","coordinates":[[35.38599641,34.093357271],[34.53732480617123,34.00587891360001],[33.68952693370977,33.9184005562],[32.84259902318149,33.8309221988],[31.996537320794232,33.743443841399994],[31.15133808829387,33.655965484],[30.306997602861657,33.5684871266],[29.463512157013042,33.481008769199995],[28.620878058495236,33.3935304118],[27.779091630187168,33.3060520544],[26.93814921,33.218573697],[26.110436326892568,33.385920008166664],[25.28112868451899,33.55326631933333],[24.450213023722313,33.72061263049999],[23.617675980551553,33.88795894166666],[22.783504084925653,34.05530525283333],[21.94768375927731,34.222651563999996],[21.110201317178053,34.389997875166664],[20.27104296194193,34.55734418633333],[19.430194785209096,34.72469049749999],[18.587642765509372,34.89203680866667],[17.74337276680285,35.05938311983333],[16.897370537,35.226729431],[16.216630942921256,35.548925127],[15.533150352969756,35.871120823],[14.846884815412864,36.193316519],[14.157789661818583,36.515512215],[13.465819488841476,36.837707911],[12.770928139468197,37.159903607000004],[12.073068683697215,37.482099303000005],[11.372193398637705,37.804294999],[10.668253748,38.126490695],[9.75536594250002,38.126490695],[8.842478136999944,38.126490695],[7.9295903314999805,38.126490695],[7.016702526000017,38.126490695],[6.103814720500054,38.126490695],[5.190926914999977,38.126490695],[4.278039109500014,38.126490695],[3.365151304,38.126490695],[2.5509863704883173,37.80429499916667],[1.7403656314168074,37.482099303333335],[0.933232950517322,37.159903607500006],[0.12953313228490515,36.83770791166667],[-0.6707881017418913,36.51551221583334],[-1.467784136,36.19331652],[-2.24722225886228,36.13961723725001],[-3.026127091281978,36.0859179545],[-3.80450004576619,36.03221867175],[-4.582342531,35.978519389]]}},{"type":"Feature","properties":{"line_id":1000138,"category":"goship","line_name":"40N"},"geometry":{"type":"LineString","coordinates":[[143,40],[143.9310344827586,40],[144.8620689655172,40],[145.79310344827582,40],[146.72413793103453,40],[147.65517241379314,40],[148.58620689655174,40],[149.51724137931035,40],[150.44827586206895,40],[151.37931034482756,40],[152.31034482758616,40],[153.24137931034488,40],[154.1724137931035,40],[155.1034482758621,40],[156.0344827586207,40],[156.9655172413793,40],[157.8965517241379,40],[158.8275862068965,40],[159.75862068965523,40],[160.68965517241384,40],[161.62068965517244,40],[162.55172413793105,40],[163.48275862068965,40],[164.41379310344826,40],[165.34482758620697,40],[166.27586206896558,40],[167.20689655172418,40],[168.1379310344828,40],[169.0689655172414,40],[170,40]]}},{"type":"Feature","properties":{"line_id":1000094,"category":"goship","line_name":"A25"},"geometry":{"type":"LineString","coordinates":[[-41,61],[-39.827016552907025,60.71428571428571],[-38.66441650388077,60.42857142857142],[-37.51198922801518,60.14285714285714],[-36.36953008091166,59.85714285714285],[-35.2368401725285,59.57142857142856],[-34.113726151594335,59.285714285714285],[-33,59],[-32.31009196566845,58.4],[-31.631829282049466,57.79999999999999],[-30.964753382982337,57.19999999999999],[-30.30843042122649,56.599999999999994],[-29.662449502365007,55.99999999999999],[-29.026421073115102,55.399999999999984],[-28.399975448112116,54.79999999999999],[-27.782761461120913,54.19999999999999],[-27.174445228260083,53.599999999999994],[-26.574709012247467,52.99999999999999],[-25.983250177913646,52.39999999999999],[-25.39978023030858,51.8],[-24.824023927675853,51.19999999999999],[-24.255718462396203,50.59999999999999],[-23.694612703735174,49.999999999999986],[-23.140466496868385,49.39999999999999],[-22.59305001322832,48.8],[-22.052143147717516,48.19999999999999],[-21.51753495877631,47.59999999999999],[-20.989023147688954,46.99999999999999],[-20.46641357386318,46.39999999999999],[-19.94951980312851,45.79999999999999],[-19.438162686379428,45.19999999999998],[-18.93216996613819,44.59999999999999],[-18.431375908833502,43.999999999999986],[-17.935620960792562,43.399999999999984],[-17.444751426123275,42.79999999999999],[-16.95861916482295,42.19999999999999],[-16.477081309596997,41.59999999999998],[-16,41],[-15.14285714285711,41],[-14.285714285714334,41],[-13.428571428571445,41],[-12.571428571428555,41],[-11.714285714285666,41],[-10.85714285714289,41],[-10,41]]}},{"type":"Feature","properties":{"line_id":1000122,"category":"goship","line_name":"SR04"},"geometry":{"type":"LineString","coordinates":[[1.242599776,-67.100590041],[-0.3544213277546078,-66.81011129622728],[-1.9326530728093303,-66.51963255145455],[-3.4925720762502124,-66.22915380668182],[-5.034637628475252,-65.9386750619091],[-6.55929252551573,-65.64819631713635],[-8.066963852010758,-65.35771757236364],[-9.558063718304766,-65.0672388275909],[-11.032989954855907,-64.77676008281817],[-12.492126766889783,-64.48628133804544],[-13.935845351998069,-64.19580259327273],[-15.36450448317214,-63.9053238485],[-16.778451059565782,-63.61484510372727],[-18.178020627110072,-63.32436635895453],[-19.563537870936216,-63.033887614181815],[-20.935317081422795,-62.74340886940908],[-22.293662595541036,-62.45293012463635],[-23.63886921505707,-62.16245137986362],[-24.97122260302865,-61.8719726350909],[-26.290999659938507,-61.581493890318164],[-27.598468880703535,-61.29101514554544],[-28.893890693717367,-61.00053640077272],[-30.177517783,-60.710057656],[-31.62991150681819,-60.71005765599998],[-33.08230523063639,-60.71005765599998],[-34.53469895445454,-60.71005765599998],[-35.987092678272745,-60.71005765599998],[-37.43948640209089,-60.71005765599998],[-38.8918801259091,-60.71005765599998],[-40.3442738497273,-60.71005765599998],[-41.79666757354545,-60.71005765599998],[-43.24906129736365,-60.71005765599998],[-44.7014550211818,-60.71005765599998],[-46.153848745000005,-60.71005765599998],[-47.60624246881821,-60.71005765599998],[-49.05863619263636,-60.71005765599998],[-50.51102991645456,-60.71005765599998],[-51.96342364027271,-60.71005765599998],[-53.41581736409091,-60.71005765599998],[-54.86821108790912,-60.71005765599998],[-56.320604811727264,-60.71005765599998],[-57.77299853554547,-60.71005765599998],[-59.225392259363616,-60.71005765599998],[-60.67778598318182,-60.71005765599998],[-62.130179707,-60.710057656],[-62.334351183179194,-61.349110894599995],[-62.542734015832934,-61.988164133199994],[-62.75553263654592,-62.62721737179999],[-62.97296589150966,-63.2662706104],[-63.195268439,-63.905323849],[-63.879295365712494,-63.37277948375],[-64.5507566116006,-62.84023511850001],[-65.21016147337207,-62.30769075325001],[-65.857990266,-61.775146388],[-65.93887233668795,-61.09044648957143],[-66.01802271182544,-60.405746591142865],[-66.09552482913352,-59.721046692714296],[-66.17145656260539,-59.03634679428572],[-66.24589071035564,-58.351646895857144],[-66.31889543026716,-57.666946997428575],[-66.39053463,-56.982247099]]}},{"type":"Feature","properties":{"line_id":1000088,"category":"goship","line_name":"A22"},"geometry":{"type":"LineString","coordinates":[[-64,12],[-64,12.710526315789473],[-64,13.421052631578945],[-64,14.13157894736842],[-64,14.842105263157896],[-64,15.552631578947368],[-64,16.263157894736842],[-64,16.973684210526315],[-64,17.68421052631579],[-64,18.394736842105264],[-64,19.105263157894736],[-64,19.815789473684212],[-64,20.526315789473685],[-64,21.236842105263154],[-64,21.947368421052634],[-64,22.657894736842106],[-64,23.368421052631575],[-64,24.078947368421055],[-64,24.789473684210524],[-64,25.5],[-64,26.210526315789473],[-64,26.92105263157895],[-64,27.631578947368418],[-64,28.342105263157894],[-64,29.05263157894737],[-64,29.763157894736842],[-64,30.473684210526315],[-64,31.184210526315788],[-64,31.894736842105267],[-64,32.60526315789473],[-64,33.31578947368421],[-64,34.02631578947368],[-64,34.73684210526316],[-64,35.44736842105264],[-64,36.1578947368421],[-64,36.86842105263158],[-64,37.578947368421055],[-64,38.28947368421053],[-64,39],[-64.55690931050873,39.57142857142856],[-65.11842797830064,40.14285714285714],[-65.68468973708048,40.71428571428571],[-66.2558326944025,41.28571428571429],[-66.83199954453369,41.857142857142854],[-67.4133377938955,42.42857142857143],[-68,43]]}},{"type":"Feature","properties":{"line_id":1000102,"category":"goship","line_name":"P01"},"geometry":{"type":"LineString","coordinates":[[-130,50],[-131.1111111111111,50],[-132.22222222222223,50],[-133.33333333333337,50],[-134.44444444444446,50],[-135.55555555555554,50],[-136.66666666666669,50],[-137.77777777777777,50],[-138.8888888888889,50],[-140,50],[-141.1111111111111,50],[-142.22222222222223,50],[-143.33333333333337,50],[-144.44444444444446,50],[-145.55555555555554,50],[-146.66666666666663,50],[-147.77777777777783,50],[-148.8888888888889,50],[-150,50],[-151.11111111111114,50],[-152.22222222222223,50],[-153.33333333333337,50],[-154.44444444444446,50],[-155.55555555555554,50],[-156.66666666666669,50],[-157.77777777777777,50],[-158.8888888888889,50],[-160,50],[-161.1111111111111,50],[-162.22222222222217,50],[-163.33333333333337,50],[-164.44444444444446,50],[-165.55555555555554,50],[-166.66666666666663,50],[-167.77777777777783,50],[-168.8888888888889,50],[-170,50],[-171.1111111111111,50],[-172.22222222222229,50],[-173.33333333333337,50],[-174.44444444444446,50],[-175.55555555555554,50],[-176.66666666666663,50],[-177.77777777777783,50],[-178.8888888888889,50],[-180,50]]}},{"type":"Feature","properties":{"line_id":1000102,"category":"goship","line_name":"P01"},"geometry":{"type":"LineString","coordinates":[[180,50],[178.88235294117646,50],[177.76470588235293,50],[176.6470588235294,50],[175.52941176470586,50],[174.41176470588243,50],[173.29411764705878,50],[172.17647058823536,50],[171.0588235294117,50],[169.9411764705883,50],[168.82352941176464,50],[167.70588235294122,50],[166.58823529411768,50],[165.47058823529414,50],[164.3529411764706,50],[163.23529411764707,50],[162.11764705882354,50],[161,50],[160.42386058588988,49.4],[159.8547179873293,48.8],[159.29234336358957,48.2],[158.736517401166,47.599999999999994],[158.18702977241946,46.99999999999999],[157.64367863161715,46.4],[157.1062701453044,45.8],[156.5746180542243,45.2],[156.04854326426573,44.6],[155.5278734641479,43.99999999999999],[155.01244276775924,43.4],[154.5020913792548,42.8],[153.9966652791843,42.199999999999996],[153.49601593007048,41.599999999999994],[153,41],[152.14849564690098,41.14285714285713],[151.29513438849165,41.28571428571428],[150.43990277989815,41.42857142857142],[149.5827872643174,41.57142857142857],[148.7237741716574,41.71428571428571],[147.86284971715997,41.857142857142854],[147,42]]}},{"type":"Feature","properties":{"line_id":1000092,"category":"goship","line_name":"S04I"},"geometry":{"type":"LineString","coordinates":[[151.93548532,-62.258062963],[150.4001648193165,-62.258062962999986],[148.8648443186329,-62.258062962999986],[147.3295238179494,-62.258062962999986],[145.79420331726578,-62.258062962999986],[144.2588828165823,-62.258062962999986],[142.7235623158988,-62.258062962999986],[141.18824181521518,-62.258062962999986],[139.65292131453168,-62.258062962999986],[138.11760081384807,-62.258062962999986],[136.58228031316457,-62.258062962999986],[135.04695981248096,-62.258062962999986],[133.51163931179747,-62.258062962999986],[131.97631881111397,-62.258062962999986],[130.44099831043036,-62.258062962999986],[128.90567780974686,-62.258062962999986],[127.37035730906337,-62.258062962999986],[125.83503680837975,-62.258062962999986],[124.29971630769626,-62.258062962999986],[122.76439580701265,-62.258062962999986],[121.22907530632915,-62.258062962999986],[119.69375480564554,-62.258062962999986],[118.15843430496204,-62.258062962999986],[116.62311380427843,-62.258062962999986],[115.08779330359494,-62.258062962999986],[113.55247280291144,-62.258062962999986],[112.01715230222783,-62.258062962999986],[110.48183180154433,-62.258062962999986],[108.94651130086072,-62.258062962999986],[107.41119080017722,-62.258062962999986],[105.87587029949373,-62.258062962999986],[104.34054979881012,-62.258062962999986],[102.80522929812662,-62.258062962999986],[101.26990879744301,-62.258062962999986],[99.73458829675951,-62.258062962999986],[98.19926779607601,-62.258062962999986],[96.6639472953924,-62.258062962999986],[95.12862679470891,-62.258062962999986],[93.5933062940253,-62.258062962999986],[92.0579857933418,-62.258062962999986],[90.52266529265819,-62.258062962999986],[88.98734479197469,-62.258062962999986],[87.4520242912912,-62.258062962999986],[85.91670379060758,-62.258062962999986],[84.38138328992409,-62.258062962999986],[82.84606278924048,-62.258062962999986],[81.31074228855698,-62.258062962999986],[79.77542178787348,-62.258062962999986],[78.24010128718987,-62.258062962999986],[76.70478078650638,-62.258062962999986],[75.16946028582277,-62.258062962999986],[73.63413978513927,-62.258062962999986],[72.09881928445566,-62.258062962999986],[70.56349878377216,-62.258062962999986],[69.02817828308866,-62.258062962999986],[67.49285778240505,-62.258062962999986],[65.95753728172156,-62.258062962999986],[64.42221678103795,-62.258062962999986],[62.88689628035445,-62.258062962999986],[61.35157577967084,-62.258062962999986],[59.81625527898734,-62.258062962999986],[58.280934778303845,-62.258062962999986],[56.745614277620234,-62.258062962999986],[55.21029377693674,-62.258062962999986],[53.67497327625313,-62.258062962999986],[52.13965277556963,-62.258062962999986],[50.60433227488613,-62.258062962999986],[49.06901177420252,-62.258062962999986],[47.533691273519025,-62.258062962999986],[45.998370772835415,-62.258062962999986],[44.46305027215192,-62.258062962999986],[42.92772977146842,-62.258062962999986],[41.39240927078481,-62.258062962999986],[39.85708877010131,-62.258062962999986],[38.3217682694177,-62.258062962999986],[36.786447768734206,-62.258062962999986],[35.251127268050595,-62.258062962999986],[33.7158067673671,-62.258062962999986],[32.18048626668349,-62.258062962999986],[30.645165766,-62.258062963]]}},{"type":"Feature","properties":{"line_id":1000119,"category":"goship","line_name":"I10"},"geometry":{"type":"LineString","coordinates":[[115,-20],[114.64002411758054,-19.4],[114.28137333751897,-18.799999999999997],[113.9239988926654,-18.200000000000003],[113.56785281319537,-17.6],[113.21288789034213,-17],[112.85905764133838,-16.4],[112.50631627550001,-15.8],[112.15461866138651,-15.2],[111.80392029497727,-14.6],[111.45417726880441,-14],[111.10534624198726,-13.399999999999997],[110.75738441111389,-12.799999999999997],[110.41024948192148,-12.2],[110.06389964172422,-11.6],[109.71829353254464,-10.999999999999998],[109.37339022490278,-10.399999999999999],[109.02914919222167,-9.799999999999997],[108.68553028580652,-9.199999999999996],[108.34249371036105,-8.6],[108,-8]]}},{"type":"Feature","properties":{"line_id":1000127,"category":"goship","line_name":"I07S"},"geometry":{"type":"LineString","coordinates":[[53.132534035,-60.722890051],[53.12831978105169,-60.008404235860475],[53.124195618435806,-59.293918420720935],[53.12015716078179,-58.5794326055814],[53.11620031551479,-57.86494679044187],[53.11232125794527,-57.15046097530234],[53.10851640814474,-56.4359751601628],[53.10478241025737,-55.72148934502326],[53.10111611394359,-55.007003529883725],[53.0975145576989,-54.29251771474419],[53.09397495382393,-53.57803189960466],[53.090494674853176,-52.86354608446512],[53.087071241276476,-52.14906026932558],[53.083702310406466,-51.434574454186055],[53.080385666267375,-50.720088639046516],[53.07711921039379,-50.005602823906976],[53.07390095344272,-49.29111700876744],[53.07072900753417,-48.57663119362791],[53.06760157924498,-47.86214537848838],[53.064516963190954,-47.14765956334884],[53.06147353613733,-46.43317374820931],[53.05846975158806,-45.71868793306977],[53.05550413480512,-45.004202117930234],[53.05257527822016,-44.28971630279071],[53.04968183719927,-43.57523048765116],[53.0468225261302,-42.860744672511636],[53.04399611480244,-42.146258857372096],[53.04120142505326,-41.43177304223256],[53.03843732765745,-40.717287227093024],[53.03570273943899,-40.002801411953484],[53.03299662058646,-39.28831559681395],[53.03031797215317,-38.573829781674426],[53.027665833729316,-37.85934396653489],[53.0250392812701,-37.14485815139535],[53.022437425067324,-36.430372336255815],[53.01985940785403,-35.71588652111629],[53.01730440303106,-35.00140070597674],[53.01477161300545,-34.28691489083721],[53.01226026763334,-33.57242907569768],[53.00976962275786,-32.85794326055814],[53.0072989588366,-32.1434574454186],[53.004847579650004,-31.428971630279072],[53.00241481108708,-30.714485815139536],[53,-30]]}},{"type":"Feature","properties":{"line_id":1000096,"category":"goship","line_name":"A16N"},"geometry":{"type":"LineString","coordinates":[[-25.109501228,0.224681466],[-25.109501228,0.9440173374999999],[-25.109501228,1.663353209],[-25.109501228,2.3826890805000005],[-25.109501228,3.102024952],[-25.109501228,3.8213608235],[-25.109501228,4.540696695],[-25.46593561664656,5.140143254714285],[-25.822705622099306,5.73958981442857],[-26.179851007353477,6.339036374142856],[-26.537411743378243,6.938482933857141],[-26.895428031872598,7.537929493571428],[-27.253940328336512,8.137376053285712],[-27.612989365489966,8.736822613],[-27.97261617707386,9.336269172714283],[-28.332862122067183,9.93571573242857],[-28.69376890935655,10.535162292142855],[-29.055378622895716,11.13460885185714],[-29.417733747392447,11.734055411571424],[-29.780877194563857,12.333501971285711],[-30.14485233,12.932948531],[-30.144852329999992,13.608688289181815],[-30.144852329999992,14.284428047363637],[-30.144852329999992,14.960167805545455],[-30.144852329999992,15.635907563727272],[-30.144852329999992,16.31164732190909],[-30.144852329999992,16.987387080090908],[-30.144852329999992,17.663126838272724],[-30.144852329999992,18.338866596454544],[-30.144852329999992,19.014606354636364],[-30.144852329999992,19.69034611281818],[-30.14485233,20.366085871],[-29.689623576802262,20.915578550666662],[-29.23272320109629,21.465071230333336],[-28.774096542033362,22.01456391],[-28.313687997400393,22.56405658966667],[-27.851440984577835,23.113549269333333],[-27.3872979000854,23.663041949],[-26.921200077638673,24.21253462866667],[-26.45308774463706,24.762027308333334],[-25.98289997699601,25.311519988000008],[-25.51057465223562,25.86101266766667],[-25.036048400728646,26.410505347333334],[-24.55925655500721,26.959998027000005],[-24.080133097021417,27.50949070666667],[-23.598610603237148,28.058983386333335],[-23.114620187450782,28.608476066000005],[-22.62809144119467,29.15796874566667],[-22.138952371597384,29.707461425333342],[-21.647129336553462,30.256954105000005],[-21.152546977050065,30.806446784666672],[-20.65512814648673,31.355939464333336],[-20.15479383681486,31.90543214400001],[-19.651463101309787,32.45492482366668],[-19.14505297377991,33.00441750333334],[-18.635478384,33.553910183],[-18.635478383999953,34.273246054625005],[-18.635478383999953,34.992581926250004],[-18.635478383999953,35.711917797875],[-18.635478383999953,36.4312536695],[-18.635478383999953,37.150589541125],[-18.635478383999953,37.86992541275001],[-18.635478383999953,38.589261284375006],[-18.635478383999953,39.308597156000005],[-18.635478383999953,40.02793302762501],[-18.635478383999953,40.74726889925],[-18.635478383999953,41.46660477087501],[-18.635478383999953,42.1859406425],[-18.635478383999953,42.905276514125006],[-18.635478383999953,43.62461238575],[-18.635478383999953,44.343948257375004],[-18.635478383999953,45.06328412900001],[-18.635478383999953,45.782620000625],[-18.635478383999953,46.50195587225],[-18.635478383999953,47.22129174387501],[-18.635478383999953,47.940627615500006],[-18.635478383999953,48.659963487125005],[-18.635478383999953,49.37929935875001],[-18.635478383999953,50.098635230375],[-18.635478383999953,50.81797110200001],[-18.635478383999953,51.537306973625],[-18.635478383999953,52.256642845250006],[-18.635478383999953,52.975978716875],[-18.635478383999953,53.695314588500004],[-18.635478383999953,54.41465046012501],[-18.635478383999953,55.13398633175],[-18.635478383999953,55.853322203375],[-18.635478383999953,56.57265807500001],[-18.635478383999953,57.291993946625],[-18.635478383999953,58.01132981825],[-18.635478383999953,58.730665689874996],[-18.635478383999953,59.4500015615],[-18.635478383999953,60.16933743312501],[-18.635478383999953,60.88867330475001],[-18.635478383999953,61.608009176375],[-18.635478384,62.327345048]]}},{"type":"Feature","properties":{"line_id":1000099,"category":"goship","line_name":"ARC01"},"geometry":{"type":"LineString","coordinates":[[19,81],[18.080764865944502,81.66666666666667],[17.085403876357304,82.33333333333334],[16,83],[13.435892865430674,83.60000000000001],[10.620288199932588,84.2],[7.49805019479777,84.8],[3.9937022761140497,85.39999999999999],[0,86],[-8.02467334189896,86.19999999999999],[-16.482665834887484,86.4],[-25.42357442902835,86.6],[-34.90602385876275,86.8],[-45,87],[-54.278831100892944,86.66666666666667],[-62.67350209188646,86.33333333333334],[-70.33818768425436,86],[-77.38996989493609,85.66666666666667],[-83.91985846862451,85.33333333333333],[-90,85],[-94.80612900547368,84.5],[-99.1950071288544,84],[-103.23361457624566,83.5],[-106.97401624275744,83.00000000000001],[-110.45748588321482,82.49999999999999],[-113.71729654391044,82],[-116.7806635500566,81.5],[-119.67013128218343,81],[-122.40458450744978,80.49999999999999],[-125,80],[-127.8041371506327,79.52941176470588],[-130.48631951065727,79.05882352941175],[-133.05688058918224,78.58823529411765],[-135.52490074461252,78.11764705882352],[-137.89840198729183,77.6470588235294],[-140.18450634225366,77.17647058823529],[-142.38956565771002,76.70588235294119],[-144.519268823154,76.23529411764706],[-146.5787309564795,75.76470588235294],[-148.57256808077938,75.29411764705881],[-150.50496003468965,74.82352941176471],[-152.3797037732637,74.35294117647058],[-154.20025876869443,73.88235294117646],[-155.96978587566105,73.41176470588235],[-157.69118075869818,72.94117647058823],[-159.36710276984036,72.47058823529412],[-161,72]]}},{"type":"Feature","properties":{"line_id":1000101,"category":"goship","line_name":"P15S"},"geometry":{"type":"LineString","coordinates":[[-171,-75],[-171,-74.28947368421053],[-171,-73.57894736842105],[-171,-72.86842105263158],[-171,-72.15789473684212],[-171,-71.44736842105264],[-171,-70.73684210526316],[-171,-70.02631578947368],[-171,-69.3157894736842],[-171,-68.60526315789474],[-171,-67.89473684210526],[-171,-67.1842105263158],[-171,-66.47368421052632],[-171,-65.76315789473685],[-171,-65.05263157894737],[-171,-64.34210526315789],[-171,-63.63157894736842],[-171,-62.92105263157894],[-171,-62.21052631578948],[-171,-61.50000000000001],[-171,-60.78947368421053],[-171,-60.07894736842105],[-171,-59.36842105263158],[-171,-58.6578947368421],[-171,-57.94736842105264],[-171,-57.23684210526316],[-171,-56.52631578947369],[-171,-55.81578947368421],[-171,-55.10526315789474],[-171,-54.39473684210526],[-171,-53.6842105263158],[-171,-52.97368421052632],[-171,-52.26315789473685],[-171,-51.55263157894737],[-171,-50.84210526315789],[-171,-50.13157894736842],[-171,-49.42105263157896],[-171,-48.71052631578947],[-171,-48],[-171.62486718247072,-47.5],[-172.24381146624683,-46.99999999999999],[-172.85699033948356,-46.49999999999999],[-173.46455606359154,-46],[-174.0666559127202,-45.49999999999999],[-174.66343239991357,-45],[-175.25502349082433,-44.5],[-175.841562805803,-43.99999999999999],[-176.4231798111171,-43.5],[-177,-43],[-176.51291150944246,-42.38461538461539],[-176.0305744475719,-41.76923076923077],[-175.552842431072,-41.15384615384615],[-175.07957427770475,-40.53846153846153],[-174.6106337423289,-39.92307692307692],[-174.14588926889508,-39.30769230769231],[-173.68521375725584,-38.69230769230769],[-173.22848434372696,-38.07692307692307],[-172.7755821944226,-37.46153846153845],[-172.32639231046767,-36.84615384615384],[-171.88080334426172,-36.230769230769226],[-171.4387074260356,-35.61538461538461],[-171,-35],[-171,-34.285714285714285],[-171,-33.57142857142857],[-171,-32.857142857142854],[-171,-32.14285714285714],[-171,-31.428571428571423],[-171,-30.714285714285715],[-171,-29.999999999999996],[-171,-29.28571428571429],[-171,-28.571428571428573],[-171,-27.857142857142858],[-171,-27.142857142857142],[-171,-26.428571428571427],[-171,-25.714285714285715],[-171,-24.999999999999996],[-171,-24.28571428571429],[-171,-23.57142857142857],[-171,-22.857142857142858],[-171,-22.14285714285714],[-171,-21.428571428571427],[-171,-20.71428571428571],[-171,-20],[-171,-19.28571428571429],[-171,-18.571428571428573],[-171,-17.857142857142858],[-171,-17.142857142857142],[-171,-16.428571428571427],[-171,-15.714285714285712],[-171,-14.999999999999998],[-171,-14.285714285714288],[-171,-13.571428571428577],[-171,-12.857142857142854],[-171,-12.142857142857146],[-171,-11.428571428571429],[-171,-10.714285714285717],[-171,-10.000000000000002],[-171,-9.285714285714285],[-171,-8.571428571428573],[-171,-7.857142857142856],[-171,-7.142857142857145],[-171,-6.428571428571429],[-171,-5.714285714285712],[-171,-5.000000000000001],[-171,-4.28571428571429],[-171,-3.5714285714285725],[-171,-2.857142857142862],[-171,-2.142857142857145],[-171,-1.4285714285714342],[-171,-0.7142857142857171],[-171,0]]}},{"type":"Feature","properties":{"line_id":1000091,"category":"goship","line_name":"P17x"},"geometry":{"type":"LineString","coordinates":[[-118.81508235,-68.02513126],[-118.81508235000001,-67.33264604190477],[-118.81508235000001,-66.64016082380952],[-118.81508235000001,-65.94767560571428],[-118.81508235000001,-65.25519038761905],[-118.81508235000001,-64.56270516952381],[-118.81508235000001,-63.87021995142858],[-118.81508235000001,-63.17773473333334],[-118.81508235000001,-62.4852495152381],[-118.81508235000001,-61.79276429714287],[-118.81508235000001,-61.100279079047624],[-118.81508235000001,-60.40779386095238],[-118.81508235000001,-59.71530864285714],[-118.81508235000001,-59.02282342476191],[-118.81508235000001,-58.33033820666667],[-118.81508235000001,-57.637852988571424],[-118.81508235000001,-56.94536777047619],[-118.81508235000001,-56.25288255238095],[-118.81508235000001,-55.56039733428572],[-118.81508235000001,-54.86791211619048],[-118.81508235000001,-54.17542689809524],[-118.81508235,-53.48294168]]}},{"type":"Feature","properties":{"line_id":1000443,"category":"goship","line_name":"P11"},"geometry":{"type":"LineString","coordinates":[[156.0218,-12.3049],[156.02179999999998,-13.01946075949367],[156.02179999999998,-13.734021518987342],[156.02179999999998,-14.448582278481014],[156.02179999999998,-15.163143037974683],[156.02179999999998,-15.877703797468357],[156.02179999999998,-16.592264556962025],[156.02179999999998,-17.306825316455697],[156.02179999999998,-18.02138607594937],[156.02179999999998,-18.735946835443038],[156.02179999999998,-19.45050759493671],[156.02179999999998,-20.16506835443038],[156.02179999999998,-20.879629113924054],[156.02179999999998,-21.594189873417722],[156.02179999999998,-22.308750632911394],[156.02179999999998,-23.023311392405063],[156.02179999999998,-23.737872151898735],[156.02179999999998,-24.45243291139241],[156.02179999999998,-25.16699367088608],[156.02179999999998,-25.88155443037975],[156.02179999999998,-26.59611518987342],[156.02179999999998,-27.31067594936709],[156.02179999999998,-28.025236708860763],[156.02179999999998,-28.73979746835443],[156.02179999999998,-29.454358227848108],[156.02179999999998,-30.16891898734178],[156.02179999999998,-30.883479746835448],[156.02179999999998,-31.59804050632912],[156.02179999999998,-32.31260126582279],[156.02179999999998,-33.02716202531646],[156.02179999999998,-33.74172278481013],[156.02179999999998,-34.456283544303794],[156.02179999999998,-35.17084430379748],[156.02179999999998,-35.88540506329115],[156.02179999999998,-36.59996582278482],[156.02179999999998,-37.31452658227849],[156.02179999999998,-38.029087341772154],[156.02179999999998,-38.743648101265826],[156.02179999999998,-39.4582088607595],[156.02179999999998,-40.17276962025318],[156.02179999999998,-40.88733037974684],[156.02179999999998,-41.601891139240514],[156.02179999999998,-42.316451898734186],[156.02179999999998,-43.03101265822785],[156.02179999999998,-43.74557341772152],[156.02179999999998,-44.46013417721521],[156.02179999999998,-45.17469493670886],[156.02179999999998,-45.889255696202525],[156.02179999999998,-46.60381645569622],[156.02179999999998,-47.318377215189884],[156.02179999999998,-48.032937974683556],[156.02179999999998,-48.74749873417722],[156.02179999999998,-49.46205949367089],[156.02179999999998,-50.17662025316457],[156.02179999999998,-50.89118101265824],[156.02179999999998,-51.60574177215191],[156.02179999999998,-52.32030253164558],[156.02179999999998,-53.034863291139246],[156.02179999999998,-53.74942405063292],[156.02179999999998,-54.46398481012658],[156.02179999999998,-55.178545569620255],[156.02179999999998,-55.89310632911394],[156.02179999999998,-56.60766708860759],[156.02179999999998,-57.32222784810128],[156.02179999999998,-58.03678860759495],[156.02179999999998,-58.751349367088615],[156.02179999999998,-59.465910126582294],[156.02179999999998,-60.18047088607596],[156.02179999999998,-60.89503164556964],[156.02179999999998,-61.6095924050633],[156.02179999999998,-62.324153164556975],[156.02179999999998,-63.03871392405064],[156.02179999999998,-63.75327468354431],[156.02179999999998,-64.467835443038],[156.02179999999998,-65.18239620253165],[156.02179999999998,-65.89695696202533],[156.02179999999998,-66.61151772151901],[156.02179999999998,-67.32607848101266],[156.02179999999998,-68.04063924050635],[156.0218,-68.7552]]}}]}
