{"type":"FeatureCollection","features":[{"type":"Feature","geometry":{"type":"Point","coordinates":[-136,56.6]},"properties":{"ptf_id":492681,"ptf_ref":"4600084","category":"moored_buoys","ptf_model":"Meteo mooring","wigos_ref":"0-22000-0-4600084","country_name":"USA","country_ship":null,"goos_networks":"MBN","ptf_family_name":"Moored Buoy","country_iso_reporting":"US","country_sensor_provider":null}},{"type":"Feature","geometry":{"type":"Point","coordinates":[-124.7,48.5]},"properties":{"ptf_id":492683,"ptf_ref":"4600087","category":"moored_buoys","ptf_model":"Meteo mooring","wigos_ref":"0-22000-0-4600087","country_name":"USA","country_ship":null,"goos_networks":"MBN","ptf_family_name":"Moored Buoy","country_iso_reporting":"US","country_sensor_provider":null}},{"type":"Feature","geometry":{"type":"Point","coordinates":[-123.2,48.3]},"properties":{"ptf_id":492684,"ptf_ref":"4600088","category":"moored_buoys","ptf_model":"Meteo mooring","wigos_ref":"0-22000-0-4600088","country_name":"USA","country_ship":null,"goos_networks":"MBN","ptf_family_name":"Moored Buoy","country_iso_reporting":"US","country_sensor_provider":null}},{"type":"Feature","geometry":{"type":"Point","coordinates":[-125.8,45.9]},"properties":{"ptf_id":492685,"ptf_ref":"4600089","category":"moored_buoys","ptf_model":"Meteo mooring","wigos_ref":"0-22000-0-4600089","country_name":"USA","country_ship":null,"goos_networks":"MBN","ptf_family_name":"Moored Buoy","country_iso_reporting":"US","country_sensor_provider":null}},{"type":"Feature","geometry":{"type":"Point","coordinates":[-152.2,17.5]},"properties":{"ptf_id":492690,"ptf_ref":"5100004","category":"moored_buoys","ptf_model":"Meteo mooring","wigos_ref":"0-22000-0-5100004","country_name":"USA","country_ship":null,"goos_networks":"MBN","ptf_family_name":"Moored Buoy","country_iso_reporting":"US","country_sensor_provider":null}},{"type":"Feature","geometry":{"type":"Point","coordinates":[-80.9,31.4]},"properties":{"ptf_id":495366,"ptf_ref":"4100008","category":"moored_buoys","ptf_model":"Meteo mooring","wigos_ref":"0-22000-0-4100008","country_name":"USA","country_ship":null,"goos_networks":"MBN","ptf_family_name":"Moored Buoy","country_iso_reporting":"US","country_sensor_provider":null}},{"type":"Feature","geometry":{"type":"Point","coordinates":[-75.4,35]},"properties":{"ptf_id":495367,"ptf_ref":"4100025","category":"moored_buoys","ptf_model":"Meteo mooring","wigos_ref":"0-22000-0-4100025","country_name":"USA","country_ship":null,"goos_networks":"MBN","ptf_family_name":"Moored Buoy","country_iso_reporting":"US","country_sensor_provider":null}},{"type":"Feature","geometry":{"type":"Point","coordinates":[-71.5,27.6]},"properties":{"ptf_id":495368,"ptf_ref":"4100047","category":"moored_buoys","ptf_model":"Meteo mooring","wigos_ref":"0-22000-0-4100047","country_name":"USA","country_ship":null,"goos_networks":"MBN","ptf_family_name":"Moored Buoy","country_iso_reporting":"US","country_sensor_provider":null}},{"type":"Feature","geometry":{"type":"Point","coordinates":[-118,32.5]},"properties":{"ptf_id":495377,"ptf_ref":"4600086","category":"moored_buoys","ptf_model":"Meteo mooring","wigos_ref":"0-22000-0-4600086","country_name":"USA","country_ship":null,"goos_networks":"MBN","ptf_family_name":"Moored Buoy","country_iso_reporting":"US","country_sensor_provider":null}},{"type":"Feature","geometry":{"type":"Point","coordinates":[-78.5,33.8]},"properties":{"ptf_id":495379,"ptf_ref":"4100024","category":"moored_buoys","ptf_model":"Meteo mooring","wigos_ref":"0-22000-0-4100024","country_name":"USA","country_ship":null,"goos_networks":"MBN","ptf_family_name":"Moored Buoy","country_iso_reporting":"US","country_sensor_provider":null}},{"type":"Feature","geometry":{"type":"Point","coordinates":[-79.6,32.8]},"properties":{"ptf_id":495380,"ptf_ref":"4100029","category":"moored_buoys","ptf_model":"Meteo mooring","wigos_ref":"0-22000-0-4100029","country_name":"USA","country_ship":null,"goos_networks":"MBN","ptf_family_name":"Moored Buoy","country_iso_reporting":"US","country_sensor_provider":null}},{"type":"Feature","geometry":{"type":"Point","coordinates":[-77.7,34.1]},"properties":{"ptf_id":495382,"ptf_ref":"4100038","category":"moored_buoys","ptf_model":"Meteo mooring","wigos_ref":"0-22000-0-4100038","country_name":"USA","country_ship":null,"goos_networks":"MBN","ptf_family_name":"Moored Buoy","country_iso_reporting":"US","country_sensor_provider":null}},{"type":"Feature","geometry":{"type":"Point","coordinates":[-77.7,34.1]},"properties":{"ptf_id":495383,"ptf_ref":"4100110","category":"moored_buoys","ptf_model":"Meteo mooring","wigos_ref":"0-22000-0-4100110","country_name":"USA","country_ship":null,"goos_networks":"MBN","ptf_family_name":"Moored Buoy","country_iso_reporting":"US","country_sensor_provider":null}},{"type":"Feature","geometry":{"type":"Point","coordinates":[-81.3,30.7]},"properties":{"ptf_id":495384,"ptf_ref":"4100112","category":"moored_buoys","ptf_model":"Meteo mooring","wigos_ref":"0-22000-0-4100112","country_name":"USA","country_ship":null,"goos_networks":"MBN","ptf_family_name":"Moored Buoy","country_iso_reporting":"US","country_sensor_provider":null}},{"type":"Feature","geometry":{"type":"Point","coordinates":[-80.5,28.4]},"properties":{"ptf_id":495385,"ptf_ref":"4100113","category":"moored_buoys","ptf_model":"Meteo mooring","wigos_ref":"0-22000-0-4100113","country_name":"USA","country_ship":null,"goos_networks":"MBN","ptf_family_name":"Moored Buoy","country_iso_reporting":"US","country_sensor_provider":null}},{"type":"Feature","geometry":{"type":"Point","coordinates":[-80.2,27.6]},"properties":{"ptf_id":495386,"ptf_ref":"4100114","category":"moored_buoys","ptf_model":"Meteo mooring","wigos_ref":"0-22000-0-4100114","country_name":"USA","country_ship":null,"goos_networks":"MBN","ptf_family_name":"Moored Buoy","country_iso_reporting":"US","country_sensor_provider":null}},{"type":"Feature","geometry":{"type":"Point","coordinates":[-84.3,27.4]},"properties":{"ptf_id":495391,"ptf_ref":"4200099","category":"moored_buoys","ptf_model":"Meteo mooring","wigos_ref":"0-22000-0-4200099","country_name":"USA","country_ship":null,"goos_networks":"MBN","ptf_family_name":"Moored Buoy","country_iso_reporting":"US","country_sensor_provider":null}},{"type":"Feature","geometry":{"type":"Point","coordinates":[-70.6,42.5]},"properties":{"ptf_id":495396,"ptf_ref":"4400029","category":"moored_buoys","ptf_model":"Meteo mooring","wigos_ref":"0-22000-0-4400029","country_name":"USA","country_ship":null,"goos_networks":"MBN","ptf_family_name":"Moored Buoy","country_iso_reporting":"US","country_sensor_provider":null}},{"type":"Feature","geometry":{"type":"Point","coordinates":[-70.4,43.2]},"properties":{"ptf_id":495397,"ptf_ref":"4400030","category":"moored_buoys","ptf_model":"Meteo mooring","wigos_ref":"0-22000-0-4400030","country_name":"USA","country_ship":null,"goos_networks":"MBN","ptf_family_name":"Moored Buoy","country_iso_reporting":"US","country_sensor_provider":null}},{"type":"Feature","geometry":{"type":"Point","coordinates":[2.8,53.1]},"properties":{"ptf_id":495480,"ptf_ref":"6200145","category":"moored_buoys","ptf_model":"Other Fixed Platform","wigos_ref":"0-22000-0-6200145","country_name":"UK","country_ship":null,"goos_networks":"MBN","ptf_family_name":"Other Fixed Station","country_iso_reporting":"GB","country_sensor_provider":null}},{"type":"Feature","geometry":{"type":"Point","coordinates":[1.8,57]},"properties":{"ptf_id":495482,"ptf_ref":"6200152","category":"moored_buoys","ptf_model":"Other Fixed Platform","wigos_ref":"0-22000-0-6200152","country_name":"UK","country_ship":null,"goos_networks":"MBN","ptf_family_name":"Other Fixed Station","country_iso_reporting":"GB","country_sensor_provider":null}},{"type":"Feature","geometry":{"type":"Point","coordinates":[0.8,57.2]},"properties":{"ptf_id":495484,"ptf_ref":"6200164","category":"moored_buoys","ptf_model":"Other Fixed Platform","wigos_ref":"0-22000-0-6200164","country_name":"UK","country_ship":null,"goos_networks":"MBN","ptf_family_name":"Other Fixed Station","country_iso_reporting":"GB","country_sensor_provider":null}},{"type":"Feature","geometry":{"type":"Point","coordinates":[1.6,59.7]},"properties":{"ptf_id":495489,"ptf_ref":"6300056","category":"moored_buoys","ptf_model":"Other Fixed Platform","wigos_ref":"0-22000-0-6300056","country_name":"UK","country_ship":null,"goos_networks":"MBN","ptf_family_name":"Other Fixed Station","country_iso_reporting":"GB","country_sensor_provider":null}},{"type":"Feature","geometry":{"type":"Point","coordinates":[1.5,59.2]},"properties":{"ptf_id":495490,"ptf_ref":"6300057","category":"moored_buoys","ptf_model":"Other Fixed Platform","wigos_ref":"0-22000-0-6300057","country_name":"UK","country_ship":null,"goos_networks":"MBN","ptf_family_name":"Other Fixed Station","country_iso_reporting":"GB","country_sensor_provider":null}},{"type":"Feature","geometry":{"type":"Point","coordinates":[1.6,61.2]},"properties":{"ptf_id":495493,"ptf_ref":"6300104","category":"moored_buoys","ptf_model":"Other Fixed Platform","wigos_ref":"0-22000-0-6300104","country_name":"UK","country_ship":null,"goos_networks":"MBN","ptf_family_name":"Other Fixed Station","country_iso_reporting":"GB","country_sensor_provider":null}},{"type":"Feature","geometry":{"type":"Point","coordinates":[1.7,60.8]},"properties":{"ptf_id":495497,"ptf_ref":"6300108","category":"moored_buoys","ptf_model":"Other Fixed Platform","wigos_ref":"0-22000-0-6300108","country_name":"UK","country_ship":null,"goos_networks":"MBN","ptf_family_name":"Other Fixed Station","country_iso_reporting":"GB","country_sensor_provider":null}},{"type":"Feature","geometry":{"type":"Point","coordinates":[1.5,59.5]},"properties":{"ptf_id":495498,"ptf_ref":"6300110","category":"moored_buoys","ptf_model":"Other Fixed Platform","wigos_ref":"0-22000-0-6300110","country_name":"UK","country_ship":null,"goos_networks":"MBN","ptf_family_name":"Other Fixed Station","country_iso_reporting":"GB","country_sensor_provider":null}},{"type":"Feature","geometry":{"type":"Point","coordinates":[1,61.1]},"properties":{"ptf_id":495499,"ptf_ref":"6300112","category":"moored_buoys","ptf_model":"Other Fixed Platform","wigos_ref":"0-22000-0-6300112","country_name":"UK","country_ship":null,"goos_networks":"MBN","ptf_family_name":"Other Fixed Station","country_iso_reporting":"GB","country_sensor_provider":null}},{"type":"Feature","geometry":{"type":"Point","coordinates":[1.3,61.6]},"properties":{"ptf_id":495501,"ptf_ref":"6300115","category":"moored_buoys","ptf_model":"Other Fixed Platform","wigos_ref":"0-22000-0-6300115","country_name":"UK","country_ship":null,"goos_networks":"MBN","ptf_family_name":"Other Fixed Station","country_iso_reporting":"GB","country_sensor_provider":null}},{"type":"Feature","geometry":{"type":"Point","coordinates":[-124.1,46.2]},"properties":{"ptf_id":496097,"ptf_ref":"4600243","category":"moored_buoys","ptf_model":"WAVEBUOY","wigos_ref":"0-22000-0-4600243","country_name":"USA","country_ship":null,"goos_networks":"MBN","ptf_family_name":"Moored Buoy","country_iso_reporting":"US","country_sensor_provider":null}},{"type":"Feature","geometry":{"type":"Point","coordinates":[2.1,57.2]},"properties":{"ptf_id":496171,"ptf_ref":"6200146","category":"moored_buoys","ptf_model":"Other Fixed Platform","wigos_ref":"0-22000-0-6200146","country_name":"UK","country_ship":null,"goos_networks":"MBN","ptf_family_name":"Other Fixed Station","country_iso_reporting":"GB","country_sensor_provider":null}},{"type":"Feature","geometry":{"type":"Point","coordinates":[125.75,36.25]},"properties":{"ptf_id":496372,"ptf_ref":"2200108","category":"moored_buoys","ptf_model":"Discus-3","wigos_ref":"0-22000-0-2200108","country_name":"SOUTH KOREA","country_ship":null,"goos_networks":"MBN","ptf_family_name":"Moored Buoy","country_iso_reporting":"KR","country_sensor_provider":null}},{"type":"Feature","geometry":{"type":"Point","coordinates":[-71.1,41]},"properties":{"ptf_id":496373,"ptf_ref":"4400097","category":"moored_buoys","ptf_model":"WAVEBUOY","wigos_ref":"0-22000-0-4400097","country_name":"USA","country_ship":null,"goos_networks":"MBN","ptf_family_name":"Moored Buoy","country_iso_reporting":"US","country_sensor_provider":null}},{"type":"Feature","geometry":{"type":"Point","coordinates":[1,58.2]},"properties":{"ptf_id":498782,"ptf_ref":"6300118","category":"moored_buoys","ptf_model":"Other Fixed Platform","wigos_ref":"0-22000-0-6300118","country_name":"UK","country_ship":null,"goos_networks":"MBN","ptf_family_name":"Other Fixed Station","country_iso_reporting":"GB","country_sensor_provider":null}},{"type":"Feature","geometry":{"type":"Point","coordinates":[-145.2,49.9]},"properties":{"ptf_id":498858,"ptf_ref":"4600246","category":"moored_buoys","ptf_model":"WAVEBUOY","wigos_ref":"0-22000-0-4600246","country_name":"USA","country_ship":null,"goos_networks":"MBN","ptf_family_name":"Moored Buoy","country_iso_reporting":"US","country_sensor_provider":null}},{"type":"Feature","geometry":{"type":"Point","coordinates":[131.11,37.46]},"properties":{"ptf_id":501552,"ptf_ref":"2100229","category":"moored_buoys","ptf_model":"Other Met Moored Buoy","wigos_ref":"0-22000-0-2100229","country_name":"SOUTH KOREA","country_ship":null,"goos_networks":"MBN","ptf_family_name":"Moored Buoy","country_iso_reporting":"KR","country_sensor_provider":null}},{"type":"Feature","geometry":{"type":"Point","coordinates":[-66.1,18.5]},"properties":{"ptf_id":504694,"ptf_ref":"4100053","category":"moored_buoys","ptf_model":"Meteo mooring","wigos_ref":"0-22000-0-4100053","country_name":"USA","country_ship":null,"goos_networks":"MBN","ptf_family_name":"Moored Buoy","country_iso_reporting":"US","country_sensor_provider":null}},{"type":"Feature","geometry":{"type":"Point","coordinates":[-75.3,35.8]},"properties":{"ptf_id":504939,"ptf_ref":"4400095","category":"moored_buoys","ptf_model":"Datawell","wigos_ref":"0-22000-0-4400095","country_name":"USA","country_ship":null,"goos_networks":"MBN","ptf_family_name":"Moored Buoy","country_iso_reporting":"US","country_sensor_provider":null}},{"type":"Feature","geometry":{"type":"Point","coordinates":[-156.4,21]},"properties":{"ptf_id":505023,"ptf_ref":"5100205","category":"moored_buoys","ptf_model":"Datawell","wigos_ref":"0-22000-0-5100205","country_name":"USA","country_ship":null,"goos_networks":"MBN","ptf_family_name":"Moored Buoy","country_iso_reporting":"US","country_sensor_provider":null}},{"type":"Feature","geometry":{"type":"Point","coordinates":[-155,19.8]},"properties":{"ptf_id":505024,"ptf_ref":"5100206","category":"moored_buoys","ptf_model":"Datawell","wigos_ref":"0-22000-0-5100206","country_name":"USA","country_ship":null,"goos_networks":"MBN","ptf_family_name":"Moored Buoy","country_iso_reporting":"US","country_sensor_provider":null}},{"type":"Feature","geometry":{"type":"Point","coordinates":[-76.4,38.6]},"properties":{"ptf_id":505029,"ptf_ref":"4400062","category":"moored_buoys","ptf_model":"Other Met Moored Buoy","wigos_ref":"0-22000-0-4400062","country_name":"USA","country_ship":null,"goos_networks":"MBN","ptf_family_name":"Moored Buoy","country_iso_reporting":"US","country_sensor_provider":null}},{"type":"Feature","geometry":{"type":"Point","coordinates":[-76.4,39]},"properties":{"ptf_id":505030,"ptf_ref":"4400063","category":"moored_buoys","ptf_model":"Other Met Moored Buoy","wigos_ref":"0-22000-0-4400063","country_name":"USA","country_ship":null,"goos_networks":"MBN","ptf_family_name":"Moored Buoy","country_iso_reporting":"US","country_sensor_provider":null}},{"type":"Feature","geometry":{"type":"Point","coordinates":[-56.183,46.7]},"properties":{"ptf_id":505031,"ptf_ref":"4400050","category":"moored_buoys","ptf_model":"Datawell Directional Waverider MkIII","wigos_ref":"0-22000-0-4400050","country_name":"FRANCE","country_ship":null,"goos_networks":"MBN","ptf_family_name":"Moored Buoy","country_iso_reporting":"FR","country_sensor_provider":null}},{"type":"Feature","geometry":{"type":"Point","coordinates":[5.23,43.208]},"properties":{"ptf_id":505053,"ptf_ref":"6100289","category":"moored_buoys","ptf_model":"Datawell Directional Waverider MkIII","wigos_ref":"0-22000-0-6100289","country_name":"FRANCE","country_ship":null,"goos_networks":"MBN","ptf_family_name":"Moored Buoy","country_iso_reporting":"FR","country_sensor_provider":null}},{"type":"Feature","geometry":{"type":"Point","coordinates":[1.8,57.9]},"properties":{"ptf_id":505056,"ptf_ref":"6200102","category":"moored_buoys","ptf_model":"Other Fixed Platform","wigos_ref":"0-22000-0-6200102","country_name":"UK","country_ship":null,"goos_networks":"MBN","ptf_family_name":"Other Fixed Station","country_iso_reporting":"GB","country_sensor_provider":null}},{"type":"Feature","geometry":{"type":"Point","coordinates":[1.3,57.4]},"properties":{"ptf_id":505057,"ptf_ref":"6200104","category":"moored_buoys","ptf_model":"Other Fixed Platform","wigos_ref":"0-22000-0-6200104","country_name":"UK","country_ship":null,"goos_networks":"MBN","ptf_family_name":"Other Fixed Station","country_iso_reporting":"GB","country_sensor_provider":null}},{"type":"Feature","geometry":{"type":"Point","coordinates":[-0.2,58.4]},"properties":{"ptf_id":505058,"ptf_ref":"6200112","category":"moored_buoys","ptf_model":"Other Fixed Platform","wigos_ref":"0-22000-0-6200112","country_name":"UK","country_ship":null,"goos_networks":"MBN","ptf_family_name":"Other Fixed Station","country_iso_reporting":"GB","country_sensor_provider":null}},{"type":"Feature","geometry":{"type":"Point","coordinates":[0.2,58.4]},"properties":{"ptf_id":505059,"ptf_ref":"6200113","category":"moored_buoys","ptf_model":"Other Fixed Platform","wigos_ref":"0-22000-0-6200113","country_name":"UK","country_ship":null,"goos_networks":"MBN","ptf_family_name":"Other Fixed Station","country_iso_reporting":"GB","country_sensor_provider":null}},{"type":"Feature","geometry":{"type":"Point","coordinates":[1.6,57.2]},"properties":{"ptf_id":505060,"ptf_ref":"6200122","category":"moored_buoys","ptf_model":"Other Fixed Platform","wigos_ref":"0-22000-0-6200122","country_name":"UK","country_ship":null,"goos_networks":"MBN","ptf_family_name":"Other Fixed Station","country_iso_reporting":"GB","country_sensor_provider":null}},{"type":"Feature","geometry":{"type":"Point","coordinates":[0.7,54]},"properties":{"ptf_id":505061,"ptf_ref":"6200127","category":"moored_buoys","ptf_model":"Other Fixed Platform","wigos_ref":"0-22000-0-6200127","country_name":"UK","country_ship":null,"goos_networks":"MBN","ptf_family_name":"Other Fixed Station","country_iso_reporting":"GB","country_sensor_provider":null}},{"type":"Feature","geometry":{"type":"Point","coordinates":[0.3,58.4]},"properties":{"ptf_id":505062,"ptf_ref":"6200129","category":"moored_buoys","ptf_model":"Other Fixed Platform","wigos_ref":"0-22000-0-6200129","country_name":"UK","country_ship":null,"goos_networks":"MBN","ptf_family_name":"Other Fixed Station","country_iso_reporting":"GB","country_sensor_provider":null}},{"type":"Feature","geometry":{"type":"Point","coordinates":[1.2,53.9]},"properties":{"ptf_id":505064,"ptf_ref":"6200131","category":"moored_buoys","ptf_model":"Other Fixed Platform","wigos_ref":"0-22000-0-6200131","country_name":"UK","country_ship":null,"goos_networks":"MBN","ptf_family_name":"Other Fixed Station","country_iso_reporting":"GB","country_sensor_provider":null}},{"type":"Feature","geometry":{"type":"Point","coordinates":[1.1,54]},"properties":{"ptf_id":505067,"ptf_ref":"6200165","category":"moored_buoys","ptf_model":"Other Fixed Platform","wigos_ref":"0-22000-0-6200165","country_name":"UK","country_ship":null,"goos_networks":"MBN","ptf_family_name":"Other Fixed Station","country_iso_reporting":"GB","country_sensor_provider":null}},{"type":"Feature","geometry":{"type":"Point","coordinates":[2,56.4]},"properties":{"ptf_id":505085,"ptf_ref":"6200132","category":"moored_buoys","ptf_model":"Other Fixed Platform","wigos_ref":"0-22000-0-6200132","country_name":"UK","country_ship":null,"goos_networks":"MBN","ptf_family_name":"Other Fixed Station","country_iso_reporting":"GB","country_sensor_provider":null}},{"type":"Feature","geometry":{"type":"Point","coordinates":[1.3,57.3]},"properties":{"ptf_id":505086,"ptf_ref":"6200140","category":"moored_buoys","ptf_model":"Other Fixed Platform","wigos_ref":"0-22000-0-6200140","country_name":"UK","country_ship":null,"goos_networks":"MBN","ptf_family_name":"Other Fixed Station","country_iso_reporting":"GB","country_sensor_provider":null}},{"type":"Feature","geometry":{"type":"Point","coordinates":[1.1,53.7]},"properties":{"ptf_id":505087,"ptf_ref":"6200149","category":"moored_buoys","ptf_model":"Other Fixed Platform","wigos_ref":"0-22000-0-6200149","country_name":"UK","country_ship":null,"goos_networks":"MBN","ptf_family_name":"Other Fixed Station","country_iso_reporting":"GB","country_sensor_provider":null}},{"type":"Feature","geometry":{"type":"Point","coordinates":[13.867,54.883]},"properties":{"ptf_id":507281,"ptf_ref":"6600021","category":"moored_buoys","ptf_model":"Other Met Moored Buoy","wigos_ref":"0-22000-0-6600021","country_name":"GERMANY","country_ship":null,"goos_networks":"MBN","ptf_family_name":"Moored Buoy","country_iso_reporting":"DE","country_sensor_provider":null}},{"type":"Feature","geometry":{"type":"Point","coordinates":[-155,52.8]},"properties":{"ptf_id":510300,"ptf_ref":"4600066","category":"moored_buoys","ptf_model":"Meteo mooring","wigos_ref":"0-22000-0-4600066","country_name":"USA","country_ship":null,"goos_networks":"MBN","ptf_family_name":"Moored Buoy","country_iso_reporting":"US","country_sensor_provider":null}},{"type":"Feature","geometry":{"type":"Point","coordinates":[-152.6,55.6]},"properties":{"ptf_id":510301,"ptf_ref":"4600078","category":"moored_buoys","ptf_model":"Meteo mooring","wigos_ref":"0-22000-0-4600078","country_name":"USA","country_ship":null,"goos_networks":"MBN","ptf_family_name":"Moored Buoy","country_iso_reporting":"US","country_sensor_provider":null}},{"type":"Feature","geometry":{"type":"Point","coordinates":[-65.5,18.3]},"properties":{"ptf_id":510605,"ptf_ref":"4100056","category":"moored_buoys","ptf_model":"Meteo mooring","wigos_ref":"0-22000-0-4100056","country_name":"USA","country_ship":null,"goos_networks":"MBN","ptf_family_name":"Moored Buoy","country_iso_reporting":"US","country_sensor_provider":null}},{"type":"Feature","geometry":{"type":"Point","coordinates":[-1.62,49.695]},"properties":{"ptf_id":510825,"ptf_ref":"6200059","category":"moored_buoys","ptf_model":"Datawell Directional Waverider MkIII","wigos_ref":"0-22000-0-6200059","country_name":"FRANCE","country_ship":null,"goos_networks":"MBN","ptf_family_name":"Moored Buoy","country_iso_reporting":"FR","country_sensor_provider":null}},{"type":"Feature","geometry":{"type":"Point","coordinates":[6.5,55]},"properties":{"ptf_id":510826,"ptf_ref":"6200086","category":"moored_buoys","ptf_model":"Other Met Moored Buoy","wigos_ref":"0-22000-0-6200086","country_name":"GERMANY","country_ship":null,"goos_networks":"MBN","ptf_family_name":"Moored Buoy","country_iso_reporting":"DE","country_sensor_provider":null}},{"type":"Feature","geometry":{"type":"Point","coordinates":[12.7,54.7]},"properties":{"ptf_id":510827,"ptf_ref":"6600024","category":"moored_buoys","ptf_model":"Other Met Moored Buoy","wigos_ref":"0-22000-0-6600024","country_name":"GERMANY","country_ship":null,"goos_networks":"MBN","ptf_family_name":"Moored Buoy","country_iso_reporting":"DE","country_sensor_provider":null}},{"type":"Feature","geometry":{"type":"Point","coordinates":[-3,58.1]},"properties":{"ptf_id":512206,"ptf_ref":"6200115","category":"moored_buoys","ptf_model":"Other Fixed Platform","wigos_ref":"0-22000-0-6200115","country_name":"UK","country_ship":null,"goos_networks":"MBN","ptf_family_name":"Other Fixed Station","country_iso_reporting":"GB","country_sensor_provider":null}},{"type":"Feature","geometry":{"type":"Point","coordinates":[2.2,56.8]},"properties":{"ptf_id":512207,"ptf_ref":"6200151","category":"moored_buoys","ptf_model":"Other Fixed Platform","wigos_ref":"0-22000-0-6200151","country_name":"UK","country_ship":null,"goos_networks":"MBN","ptf_family_name":"Other Fixed Station","country_iso_reporting":"GB","country_sensor_provider":null}},{"type":"Feature","geometry":{"type":"Point","coordinates":[-4.1,57.6]},"properties":{"ptf_id":512208,"ptf_ref":"6300116","category":"moored_buoys","ptf_model":"Other Fixed Platform","wigos_ref":"0-22000-0-6300116","country_name":"UK","country_ship":null,"goos_networks":"MBN","ptf_family_name":"Other Fixed Station","country_iso_reporting":"GB","country_sensor_provider":null}},{"type":"Feature","geometry":{"type":"Point","coordinates":[2.3,56.6]},"properties":{"ptf_id":512209,"ptf_ref":"6200160","category":"moored_buoys","ptf_model":"Other Fixed Platform","wigos_ref":"0-22000-0-6200160","country_name":"UK","country_ship":null,"goos_networks":"MBN","ptf_family_name":"Other Fixed Station","country_iso_reporting":"GB","country_sensor_provider":null}},{"type":"Feature","geometry":{"type":"Point","coordinates":[2.6,54.4]},"properties":{"ptf_id":512210,"ptf_ref":"6200136","category":"moored_buoys","ptf_model":"Other Fixed Platform","wigos_ref":"0-22000-0-6200136","country_name":"UK","country_ship":null,"goos_networks":"MBN","ptf_family_name":"Other Fixed Station","country_iso_reporting":"GB","country_sensor_provider":null}},{"type":"Feature","geometry":{"type":"Point","coordinates":[0.5,57.4]},"properties":{"ptf_id":512211,"ptf_ref":"6200162","category":"moored_buoys","ptf_model":"Other Fixed Platform","wigos_ref":"0-22000-0-6200162","country_name":"UK","country_ship":null,"goos_networks":"MBN","ptf_family_name":"Other Fixed Station","country_iso_reporting":"GB","country_sensor_provider":null}},{"type":"Feature","geometry":{"type":"Point","coordinates":[-2.4,60.7]},"properties":{"ptf_id":512212,"ptf_ref":"6200302","category":"moored_buoys","ptf_model":"Other Fixed Platform","wigos_ref":"0-22000-0-6200302","country_name":"UK","country_ship":null,"goos_networks":"MBN","ptf_family_name":"Other Fixed Station","country_iso_reporting":"GB","country_sensor_provider":null}},{"type":"Feature","geometry":{"type":"Point","coordinates":[1.4,60.8]},"properties":{"ptf_id":512215,"ptf_ref":"6300102","category":"moored_buoys","ptf_model":"Other Fixed Platform","wigos_ref":"0-22000-0-6300102","country_name":"UK","country_ship":null,"goos_networks":"MBN","ptf_family_name":"Other Fixed Station","country_iso_reporting":"GB","country_sensor_provider":null}},{"type":"Feature","geometry":{"type":"Point","coordinates":[-4,57.6]},"properties":{"ptf_id":512218,"ptf_ref":"6200156","category":"moored_buoys","ptf_model":"Other Fixed Platform","wigos_ref":"0-22000-0-6200156","country_name":"UK","country_ship":null,"goos_networks":"MBN","ptf_family_name":"Other Fixed Station","country_iso_reporting":"GB","country_sensor_provider":null}},{"type":"Feature","geometry":{"type":"Point","coordinates":[-4,57.6]},"properties":{"ptf_id":512219,"ptf_ref":"6200147","category":"moored_buoys","ptf_model":"Other Fixed Platform","wigos_ref":"0-22000-0-6200147","country_name":"UK","country_ship":null,"goos_networks":"MBN","ptf_family_name":"Other Fixed Station","country_iso_reporting":"GB","country_sensor_provider":null}},{"type":"Feature","geometry":{"type":"Point","coordinates":[1.1,58]},"properties":{"ptf_id":512220,"ptf_ref":"6200168","category":"moored_buoys","ptf_model":"Other Fixed Platform","wigos_ref":"0-22000-0-6200168","country_name":"UK","country_ship":null,"goos_networks":"MBN","ptf_family_name":"Other Fixed Station","country_iso_reporting":"GB","country_sensor_provider":null}},{"type":"Feature","geometry":{"type":"Point","coordinates":[0.2,58.2]},"properties":{"ptf_id":512231,"ptf_ref":"6200157","category":"moored_buoys","ptf_model":"Other Fixed Platform","wigos_ref":"0-22000-0-6200157","country_name":"UK","country_ship":null,"goos_networks":"MBN","ptf_family_name":"Other Fixed Station","country_iso_reporting":"GB","country_sensor_provider":null}},{"type":"Feature","geometry":{"type":"Point","coordinates":[1.2,58.4]},"properties":{"ptf_id":512239,"ptf_ref":"6200161","category":"moored_buoys","ptf_model":"Other Fixed Platform","wigos_ref":"0-22000-0-6200161","country_name":"UK","country_ship":null,"goos_networks":"MBN","ptf_family_name":"Other Fixed Station","country_iso_reporting":"GB","country_sensor_provider":null}},{"type":"Feature","geometry":{"type":"Point","coordinates":[-89.6,25.9]},"properties":{"ptf_id":514305,"ptf_ref":"4200001","category":"moored_buoys","ptf_model":"Meteo mooring","wigos_ref":"0-22000-0-4200001","country_name":"USA","country_ship":null,"goos_networks":"MBN","ptf_family_name":"Moored Buoy","country_iso_reporting":"US","country_sensor_provider":null}},{"type":"Feature","geometry":{"type":"Point","coordinates":[-131.1,46.1]},"properties":{"ptf_id":514315,"ptf_ref":"4600005","category":"moored_buoys","ptf_model":"Meteo mooring","wigos_ref":"0-22000-0-4600005","country_name":"USA","country_ship":null,"goos_networks":"MBN","ptf_family_name":"Moored Buoy","country_iso_reporting":"US","country_sensor_provider":null}},{"type":"Feature","geometry":{"type":"Point","coordinates":[-124.5,40.7]},"properties":{"ptf_id":514500,"ptf_ref":"4600022","category":"moored_buoys","ptf_model":"Meteo mooring","wigos_ref":"0-22000-0-4600022","country_name":"USA","country_ship":null,"goos_networks":"MBN","ptf_family_name":"Moored Buoy","country_iso_reporting":"US","country_sensor_provider":null}},{"type":"Feature","geometry":{"type":"Point","coordinates":[-77.8,33.4]},"properties":{"ptf_id":1004645,"ptf_ref":"4100013","category":"moored_buoys","ptf_model":"Other Met Moored Buoy","wigos_ref":"0-22000-0-4100013","country_name":"USA","country_ship":null,"goos_networks":"MBN","ptf_family_name":"Moored Buoy","country_iso_reporting":"US","country_sensor_provider":null}},{"type":"Feature","geometry":{"type":"Point","coordinates":[-80.4,32.3]},"properties":{"ptf_id":1004646,"ptf_ref":"4100033","category":"moored_buoys","ptf_model":"Other Met Moored Buoy","wigos_ref":"0-22000-0-4100033","country_name":"USA","country_ship":null,"goos_networks":"MBN","ptf_family_name":"Moored Buoy","country_iso_reporting":"US","country_sensor_provider":null}},{"type":"Feature","geometry":{"type":"Point","coordinates":[-73.2,40.3]},"properties":{"ptf_id":1004676,"ptf_ref":"4400025","category":"moored_buoys","ptf_model":"Other Met Moored Buoy","wigos_ref":"0-22000-0-4400025","country_name":"USA","country_ship":null,"goos_networks":"MBN","ptf_family_name":"Moored Buoy","country_iso_reporting":"US","country_sensor_provider":null}},{"type":"Feature","geometry":{"type":"Point","coordinates":[-73.7,40.4]},"properties":{"ptf_id":1004677,"ptf_ref":"4400065","category":"moored_buoys","ptf_model":"Other Fixed Platform","wigos_ref":"0-22000-0-4400065","country_name":"USA","country_ship":null,"goos_networks":"MBN","ptf_family_name":"Other Fixed Station","country_iso_reporting":"US","country_sensor_provider":null}},{"type":"Feature","geometry":{"type":"Point","coordinates":[-73.8,39.8]},"properties":{"ptf_id":1004678,"ptf_ref":"4400091","category":"moored_buoys","ptf_model":"Other Met Moored Buoy","wigos_ref":"0-22000-0-4400091","country_name":"USA","country_ship":null,"goos_networks":"MBN","ptf_family_name":"Moored Buoy","country_iso_reporting":"US","country_sensor_provider":null}},{"type":"Feature","geometry":{"type":"Point","coordinates":[-75.6,36.3]},"properties":{"ptf_id":1004680,"ptf_ref":"4400100","category":"moored_buoys","ptf_model":"Other Met Moored Buoy","wigos_ref":"0-22000-0-4400100","country_name":"USA","country_ship":null,"goos_networks":"MBN","ptf_family_name":"Moored Buoy","country_iso_reporting":"US","country_sensor_provider":null}},{"type":"Feature","geometry":{"type":"Point","coordinates":[-66.5,17.9]},"properties":{"ptf_id":1004690,"ptf_ref":"4200085","category":"moored_buoys","ptf_model":"Other Met Moored Buoy","wigos_ref":"0-22000-0-4200085","country_name":"USA","country_ship":null,"goos_networks":"MBN","ptf_family_name":"Moored Buoy","country_iso_reporting":"US","country_sensor_provider":null}},{"type":"Feature","geometry":{"type":"Point","coordinates":[7.426,43.714]},"properties":{"ptf_id":1005000,"ptf_ref":"6100022","category":"moored_buoys","ptf_model":"Datawell Directional Waverider MkIII","wigos_ref":"0-22000-0-6100022","country_name":"FRANCE","country_ship":null,"goos_networks":"MBN","ptf_family_name":"Moored Buoy","country_iso_reporting":"FR","country_sensor_provider":null}},{"type":"Feature","geometry":{"type":"Point","coordinates":[3.168,42.489]},"properties":{"ptf_id":1005002,"ptf_ref":"6100188","category":"moored_buoys","ptf_model":"Datawell Directional Waverider MkIII","wigos_ref":"0-22000-0-6100188","country_name":"FRANCE","country_ship":null,"goos_networks":"MBN","ptf_family_name":"Moored Buoy","country_iso_reporting":"FR","country_sensor_provider":null}},{"type":"Feature","geometry":{"type":"Point","coordinates":[3.78,43.371]},"properties":{"ptf_id":1005003,"ptf_ref":"6100190","category":"moored_buoys","ptf_model":"Datawell Directional Waverider MkIII","wigos_ref":"0-22000-0-6100190","country_name":"FRANCE","country_ship":null,"goos_networks":"MBN","ptf_family_name":"Moored Buoy","country_iso_reporting":"FR","country_sensor_provider":null}},{"type":"Feature","geometry":{"type":"Point","coordinates":[3.125,42.917]},"properties":{"ptf_id":1005004,"ptf_ref":"6100191","category":"moored_buoys","ptf_model":"Datawell Directional Waverider MkIII","wigos_ref":"0-22000-0-6100191","country_name":"FRANCE","country_ship":null,"goos_networks":"MBN","ptf_family_name":"Moored Buoy","country_iso_reporting":"FR","country_sensor_provider":null}},{"type":"Feature","geometry":{"type":"Point","coordinates":[8.65,42.569]},"properties":{"ptf_id":1005012,"ptf_ref":"6100294","category":"moored_buoys","ptf_model":"Datawell","wigos_ref":"0-22000-0-6100294","country_name":"FRANCE","country_ship":null,"goos_networks":"MBN","ptf_family_name":"Moored Buoy","country_iso_reporting":"FR","country_sensor_provider":null}},{"type":"Feature","geometry":{"type":"Point","coordinates":[4.162,43.411]},"properties":{"ptf_id":1005014,"ptf_ref":"6100431","category":"moored_buoys","ptf_model":"Datawell Directional Waverider MkIII","wigos_ref":"0-22000-0-6100431","country_name":"FRANCE","country_ship":null,"goos_networks":"MBN","ptf_family_name":"Moored Buoy","country_iso_reporting":"FR","country_sensor_provider":null}},{"type":"Feature","geometry":{"type":"Point","coordinates":[-1.447,44.653]},"properties":{"ptf_id":1005017,"ptf_ref":"6200064","category":"moored_buoys","ptf_model":"Datawell Directional Waverider MkIII","wigos_ref":"0-22000-0-6200064","country_name":"FRANCE","country_ship":null,"goos_networks":"MBN","ptf_family_name":"Moored Buoy","country_iso_reporting":"FR","country_sensor_provider":null}},{"type":"Feature","geometry":{"type":"Point","coordinates":[-2.295,46.833]},"properties":{"ptf_id":1005019,"ptf_ref":"6200067","category":"moored_buoys","ptf_model":"Datawell","wigos_ref":"0-22000-0-6200067","country_name":"FRANCE","country_ship":null,"goos_networks":"MBN","ptf_family_name":"Moored Buoy","country_iso_reporting":"FR","country_sensor_provider":null}},{"type":"Feature","geometry":{"type":"Point","coordinates":[-4.968,48.29]},"properties":{"ptf_id":1005021,"ptf_ref":"6200069","category":"moored_buoys","ptf_model":"Datawell Directional Waverider MkIII","wigos_ref":"0-22000-0-6200069","country_name":"FRANCE","country_ship":null,"goos_networks":"MBN","ptf_family_name":"Moored Buoy","country_iso_reporting":"FR","country_sensor_provider":null}},{"type":"Feature","geometry":{"type":"Point","coordinates":[-3.285,47.285]},"properties":{"ptf_id":1005022,"ptf_ref":"6200074","category":"moored_buoys","ptf_model":"Datawell Directional Waverider MkIII","wigos_ref":"0-22000-0-6200074","country_name":"FRANCE","country_ship":null,"goos_networks":"MBN","ptf_family_name":"Moored Buoy","country_iso_reporting":"FR","country_sensor_provider":null}},{"type":"Feature","geometry":{"type":"Point","coordinates":[-2.787,47.239]},"properties":{"ptf_id":1005023,"ptf_ref":"6200078","category":"moored_buoys","ptf_model":"Datawell Directional Waverider MkIII","wigos_ref":"0-22000-0-6200078","country_name":"FRANCE","country_ship":null,"goos_networks":"MBN","ptf_family_name":"Moored Buoy","country_iso_reporting":"FR","country_sensor_provider":null}},{"type":"Feature","geometry":{"type":"Point","coordinates":[-1.674,43.403]},"properties":{"ptf_id":1005024,"ptf_ref":"6200079","category":"moored_buoys","ptf_model":"Datawell Directional Waverider MkIII","wigos_ref":"0-22000-0-6200079","country_name":"FRANCE","country_ship":null,"goos_networks":"MBN","ptf_family_name":"Moored Buoy","country_iso_reporting":"FR","country_sensor_provider":null}},{"type":"Feature","geometry":{"type":"Point","coordinates":[11.15,54.6]},"properties":{"ptf_id":1005045,"ptf_ref":"6600023","category":"moored_buoys","ptf_model":"Other Met Moored Buoy","wigos_ref":"0-22000-0-6600023","country_name":"GERMANY","country_ship":null,"goos_networks":"MBN","ptf_family_name":"Moored Buoy","country_iso_reporting":"DE","country_sensor_provider":null}},{"type":"Feature","geometry":{"type":"Point","coordinates":[7.158,55.195]},"properties":{"ptf_id":1005158,"ptf_ref":"6201066","category":"moored_buoys","ptf_model":"Other Fixed Platform","wigos_ref":"0-22000-100-6201066","country_name":"GERMANY","country_ship":null,"goos_networks":"MBN","ptf_family_name":"Other Fixed Station","country_iso_reporting":"DE","country_sensor_provider":null}},{"type":"Feature","geometry":{"type":"Point","coordinates":[125.43,37.09]},"properties":{"ptf_id":1026623,"ptf_ref":"2200185","category":"moored_buoys","ptf_model":"Discus-3","wigos_ref":"0-22000-0-2200185","country_name":"SOUTH KOREA","country_ship":null,"goos_networks":"MBN","ptf_family_name":"Moored Buoy","country_iso_reporting":"KR","country_sensor_provider":null}},{"type":"Feature","geometry":{"type":"Point","coordinates":[125.81,35.66]},"properties":{"ptf_id":1026624,"ptf_ref":"2200186","category":"moored_buoys","ptf_model":"Discus-3","wigos_ref":"0-22000-0-2200186","country_name":"SOUTH KOREA","country_ship":null,"goos_networks":"MBN","ptf_family_name":"Moored Buoy","country_iso_reporting":"KR","country_sensor_provider":null}},{"type":"Feature","geometry":{"type":"Point","coordinates":[127.02,33.13]},"properties":{"ptf_id":1026625,"ptf_ref":"2200187","category":"moored_buoys","ptf_model":"Other Met Moored Buoy","wigos_ref":"0-22000-0-2200187","country_name":"SOUTH KOREA","country_ship":null,"goos_networks":"MBN","ptf_family_name":"Moored Buoy","country_iso_reporting":"KR","country_sensor_provider":null}},{"type":"Feature","geometry":{"type":"Point","coordinates":[128.23,34.39]},"properties":{"ptf_id":1026626,"ptf_ref":"2200188","category":"moored_buoys","ptf_model":"Discus-3","wigos_ref":"0-22000-0-2200188","country_name":"SOUTH KOREA","country_ship":null,"goos_networks":"MBN","ptf_family_name":"Moored Buoy","country_iso_reporting":"KR","country_sensor_provider":null}},{"type":"Feature","geometry":{"type":"Point","coordinates":[129.84,35.35]},"properties":{"ptf_id":1026627,"ptf_ref":"2200189","category":"moored_buoys","ptf_model":"Other Met Moored Buoy","wigos_ref":"0-22000-0-2200189","country_name":"SOUTH KOREA","country_ship":null,"goos_networks":"MBN","ptf_family_name":"Moored Buoy","country_iso_reporting":"KR","country_sensor_provider":null}},{"type":"Feature","geometry":{"type":"Point","coordinates":[129.87,36.91]},"properties":{"ptf_id":1026628,"ptf_ref":"2200190","category":"moored_buoys","ptf_model":"Other Met Moored Buoy","wigos_ref":"0-22000-0-2200190","country_name":"SOUTH KOREA","country_ship":null,"goos_networks":"MBN","ptf_family_name":"Moored Buoy","country_iso_reporting":"KR","country_sensor_provider":null}},{"type":"Feature","geometry":{"type":"Point","coordinates":[115.57,-32.45]},"properties":{"ptf_id":1028930,"ptf_ref":"5600014","category":"moored_buoys","ptf_model":"Datawell","wigos_ref":"0-22000-0-5600014","country_name":"AUSTRALIA","country_ship":null,"goos_networks":"MBN","ptf_family_name":"Moored Buoy","country_iso_reporting":"AU","country_sensor_provider":null}},{"type":"Feature","geometry":{"type":"Point","coordinates":[-8.983,41.316]},"properties":{"ptf_id":1124716,"ptf_ref":"TMP209800276","category":"moored_buoys","ptf_model":"Datawell","wigos_ref":null,"country_name":"PORTUGAL","country_ship":null,"goos_networks":"MBN","ptf_family_name":"Moored Buoy","country_iso_reporting":"PT","country_sensor_provider":null}},{"type":"Feature","geometry":{"type":"Point","coordinates":[-7.899,36.905]},"properties":{"ptf_id":1124718,"ptf_ref":"6201079","category":"moored_buoys","ptf_model":"Datawell","wigos_ref":"0-22000-0-6201079","country_name":"PORTUGAL","country_ship":null,"goos_networks":"MBN","ptf_family_name":"Moored Buoy","country_iso_reporting":"PT","country_sensor_provider":null}},{"type":"Feature","geometry":{"type":"Point","coordinates":[-158,21.3]},"properties":{"ptf_id":1125155,"ptf_ref":"5100211","category":"moored_buoys","ptf_model":"Datawell","wigos_ref":"0-22000-0-5100211","country_name":"USA","country_ship":null,"goos_networks":"MBN","ptf_family_name":"Moored Buoy","country_iso_reporting":"US","country_sensor_provider":null}},{"type":"Feature","geometry":{"type":"Point","coordinates":[-158.1,21.3]},"properties":{"ptf_id":1125156,"ptf_ref":"5100212","category":"moored_buoys","ptf_model":"Datawell","wigos_ref":"0-22000-0-5100212","country_name":"USA","country_ship":null,"goos_networks":"MBN","ptf_family_name":"Moored Buoy","country_iso_reporting":"US","country_sensor_provider":null}},{"type":"Feature","geometry":{"type":"Point","coordinates":[141.683,-12.683]},"properties":{"ptf_id":1125196,"ptf_ref":"5200121","category":"moored_buoys","ptf_model":"Datawell","wigos_ref":"0-22000-0-5200121","country_name":"AUSTRALIA","country_ship":null,"goos_networks":"MBN","ptf_family_name":"Moored Buoy","country_iso_reporting":"AU","country_sensor_provider":null}},{"type":"Feature","geometry":{"type":"Point","coordinates":[153.15,-26.85]},"properties":{"ptf_id":1125197,"ptf_ref":"5500045","category":"moored_buoys","ptf_model":"Datawell","wigos_ref":"0-22000-0-5500045","country_name":"AUSTRALIA","country_ship":null,"goos_networks":"MBN","ptf_family_name":"Moored Buoy","country_iso_reporting":"AU","country_sensor_provider":null}},{"type":"Feature","geometry":{"type":"Point","coordinates":[152.5,-24.667]},"properties":{"ptf_id":1125198,"ptf_ref":"5500046","category":"moored_buoys","ptf_model":"Datawell Directional Waverider MkIII","wigos_ref":"0-22000-0-5500046","country_name":"AUSTRALIA","country_ship":null,"goos_networks":"MBN","ptf_family_name":"Moored Buoy","country_iso_reporting":"AU","country_sensor_provider":null}},{"type":"Feature","geometry":{"type":"Point","coordinates":[147.97,-37.9]},"properties":{"ptf_id":1125199,"ptf_ref":"5500047","category":"moored_buoys","ptf_model":"Datawell","wigos_ref":"0-22000-0-5500047","country_name":"AUSTRALIA","country_ship":null,"goos_networks":"MBN","ptf_family_name":"Moored Buoy","country_iso_reporting":"AU","country_sensor_provider":null}},{"type":"Feature","geometry":{"type":"Point","coordinates":[150.317,-35.75]},"properties":{"ptf_id":1125202,"ptf_ref":"5500014","category":"moored_buoys","ptf_model":"Datawell","wigos_ref":"0-22000-0-5500014","country_name":"AUSTRALIA","country_ship":null,"goos_networks":"MBN","ptf_family_name":"Moored Buoy","country_iso_reporting":"AU","country_sensor_provider":null}},{"type":"Feature","geometry":{"type":"Point","coordinates":[153.683,-28.867]},"properties":{"ptf_id":1125203,"ptf_ref":"5500017","category":"moored_buoys","ptf_model":"Datawell","wigos_ref":"0-22000-0-5500017","country_name":"AUSTRALIA","country_ship":null,"goos_networks":"MBN","ptf_family_name":"Moored Buoy","country_iso_reporting":"AU","country_sensor_provider":null}},{"type":"Feature","geometry":{"type":"Point","coordinates":[153.267,-30.35]},"properties":{"ptf_id":1125204,"ptf_ref":"5500018","category":"moored_buoys","ptf_model":"Datawell","wigos_ref":"0-22000-0-5500018","country_name":"AUSTRALIA","country_ship":null,"goos_networks":"MBN","ptf_family_name":"Moored Buoy","country_iso_reporting":"AU","country_sensor_provider":null}},{"type":"Feature","geometry":{"type":"Point","coordinates":[152.85,-31.817]},"properties":{"ptf_id":1125205,"ptf_ref":"5500019","category":"moored_buoys","ptf_model":"Datawell","wigos_ref":"0-22000-0-5500019","country_name":"AUSTRALIA","country_ship":null,"goos_networks":"MBN","ptf_family_name":"Moored Buoy","country_iso_reporting":"AU","country_sensor_provider":null}},{"type":"Feature","geometry":{"type":"Point","coordinates":[150.2,-37.25]},"properties":{"ptf_id":1125206,"ptf_ref":"5500020","category":"moored_buoys","ptf_model":"Datawell","wigos_ref":"0-22000-0-5500020","country_name":"AUSTRALIA","country_ship":null,"goos_networks":"MBN","ptf_family_name":"Moored Buoy","country_iso_reporting":"AU","country_sensor_provider":null}},{"type":"Feature","geometry":{"type":"Point","coordinates":[151.033,-34.467]},"properties":{"ptf_id":1125207,"ptf_ref":"5500022","category":"moored_buoys","ptf_model":"Datawell","wigos_ref":"0-22000-0-5500022","country_name":"AUSTRALIA","country_ship":null,"goos_networks":"MBN","ptf_family_name":"Moored Buoy","country_iso_reporting":"AU","country_sensor_provider":null}},{"type":"Feature","geometry":{"type":"Point","coordinates":[151.4,-33.75]},"properties":{"ptf_id":1125208,"ptf_ref":"5500024","category":"moored_buoys","ptf_model":"Datawell","wigos_ref":"0-22000-0-5500024","country_name":"AUSTRALIA","country_ship":null,"goos_networks":"MBN","ptf_family_name":"Moored Buoy","country_iso_reporting":"AU","country_sensor_provider":null}},{"type":"Feature","geometry":{"type":"Point","coordinates":[153.283,-26.9]},"properties":{"ptf_id":1125209,"ptf_ref":"5500027","category":"moored_buoys","ptf_model":"Datawell","wigos_ref":"0-22000-0-5500027","country_name":"AUSTRALIA","country_ship":null,"goos_networks":"MBN","ptf_family_name":"Moored Buoy","country_iso_reporting":"AU","country_sensor_provider":null}},{"type":"Feature","geometry":{"type":"Point","coordinates":[147.083,-19.183]},"properties":{"ptf_id":1125210,"ptf_ref":"5500029","category":"moored_buoys","ptf_model":"Datawell","wigos_ref":"0-22000-0-5500029","country_name":"AUSTRALIA","country_ship":null,"goos_networks":"MBN","ptf_family_name":"Moored Buoy","country_iso_reporting":"AU","country_sensor_provider":null}},{"type":"Feature","geometry":{"type":"Point","coordinates":[153.183,-26.567]},"properties":{"ptf_id":1125211,"ptf_ref":"5500030","category":"moored_buoys","ptf_model":"Datawell","wigos_ref":"0-22000-0-5500030","country_name":"AUSTRALIA","country_ship":null,"goos_networks":"MBN","ptf_family_name":"Moored Buoy","country_iso_reporting":"AU","country_sensor_provider":null}},{"type":"Feature","geometry":{"type":"Point","coordinates":[151.067,-23.3]},"properties":{"ptf_id":1125213,"ptf_ref":"5500033","category":"moored_buoys","ptf_model":"Datawell","wigos_ref":"0-22000-0-5500033","country_name":"AUSTRALIA","country_ship":null,"goos_networks":"MBN","ptf_family_name":"Moored Buoy","country_iso_reporting":"AU","country_sensor_provider":null}},{"type":"Feature","geometry":{"type":"Point","coordinates":[153.45,-27.97]},"properties":{"ptf_id":1125215,"ptf_ref":"5500036","category":"moored_buoys","ptf_model":"Datawell","wigos_ref":"0-22000-0-5500036","country_name":"AUSTRALIA","country_ship":null,"goos_networks":"MBN","ptf_family_name":"Moored Buoy","country_iso_reporting":"AU","country_sensor_provider":null}},{"type":"Feature","geometry":{"type":"Point","coordinates":[153.58,-28.18]},"properties":{"ptf_id":1125216,"ptf_ref":"5500037","category":"moored_buoys","ptf_model":"Datawell","wigos_ref":"0-22000-0-5500037","country_name":"AUSTRALIA","country_ship":null,"goos_networks":"MBN","ptf_family_name":"Moored Buoy","country_iso_reporting":"AU","country_sensor_provider":null}},{"type":"Feature","geometry":{"type":"Point","coordinates":[151.5,-23.9]},"properties":{"ptf_id":1125217,"ptf_ref":"5500038","category":"moored_buoys","ptf_model":"Datawell","wigos_ref":"0-22000-0-5500038","country_name":"AUSTRALIA","country_ship":null,"goos_networks":"MBN","ptf_family_name":"Moored Buoy","country_iso_reporting":"AU","country_sensor_provider":null}},{"type":"Feature","geometry":{"type":"Point","coordinates":[-83.5,25.2]},"properties":{"ptf_id":1135597,"ptf_ref":"4200026","category":"moored_buoys","ptf_model":"Other Met Moored Buoy","wigos_ref":"0-22000-0-4200026","country_name":"USA","country_ship":null,"goos_networks":"MBN","ptf_family_name":"Moored Buoy","country_iso_reporting":"US","country_sensor_provider":null}},{"type":"Feature","geometry":{"type":"Point","coordinates":[-82,24.4]},"properties":{"ptf_id":1135601,"ptf_ref":"4200095","category":"moored_buoys","ptf_model":"WAVEBUOY","wigos_ref":"0-22000-0-4200095","country_name":"USA","country_ship":null,"goos_networks":"MBN","ptf_family_name":"Moored Buoy","country_iso_reporting":"US","country_sensor_provider":null}},{"type":"Feature","geometry":{"type":"Point","coordinates":[-73.1,40.7]},"properties":{"ptf_id":1135603,"ptf_ref":"4400069","category":"moored_buoys","ptf_model":"Other Met Moored Buoy","wigos_ref":"0-22000-0-4400069","country_name":"USA","country_ship":null,"goos_networks":"MBN","ptf_family_name":"Moored Buoy","country_iso_reporting":"US","country_sensor_provider":null}},{"type":"Feature","geometry":{"type":"Point","coordinates":[-75.4,36]},"properties":{"ptf_id":1135607,"ptf_ref":"4400086","category":"moored_buoys","ptf_model":"Other Met Moored Buoy","wigos_ref":"0-22000-0-4400086","country_name":"USA","country_ship":null,"goos_networks":"MBN","ptf_family_name":"Moored Buoy","country_iso_reporting":"US","country_sensor_provider":null}},{"type":"Feature","geometry":{"type":"Point","coordinates":[92.596,11.589]},"properties":{"ptf_id":1144519,"ptf_ref":"2300491_012","category":"moored_buoys","ptf_model":"WAVEBUOY","wigos_ref":"0-22000-12-2300491","country_name":"INDIA","country_ship":null,"goos_networks":"MBN","ptf_family_name":"Moored Buoy","country_iso_reporting":"IN","country_sensor_provider":null}},{"type":"Feature","geometry":{"type":"Point","coordinates":[-9.212,39.559]},"properties":{"ptf_id":1145434,"ptf_ref":"6200199_001","category":"moored_buoys","ptf_model":"SEAWATCH","wigos_ref":"0-22000-1-6200199","country_name":"PORTUGAL","country_ship":null,"goos_networks":"MBN","ptf_family_name":"Moored Buoy","country_iso_reporting":"PT","country_sensor_provider":null}},{"type":"Feature","geometry":{"type":"Point","coordinates":[-2.466,46.917]},"properties":{"ptf_id":1146085,"ptf_ref":"6200251","category":"moored_buoys","ptf_model":"Datawell Directional Waverider MkIII","wigos_ref":"0-22000-0-6200251","country_name":"FRANCE","country_ship":null,"goos_networks":"MBN","ptf_family_name":"Moored Buoy","country_iso_reporting":"FR","country_sensor_provider":null}},{"type":"Feature","geometry":{"type":"Point","coordinates":[8.873,41.325]},"properties":{"ptf_id":1146086,"ptf_ref":"6100023","category":"moored_buoys","ptf_model":"Datawell Directional Waverider MkIII","wigos_ref":"0-22000-0-6100023","country_name":"FRANCE","country_ship":null,"goos_networks":"MBN","ptf_family_name":"Moored Buoy","country_iso_reporting":"FR","country_sensor_provider":null}},{"type":"Feature","geometry":{"type":"Point","coordinates":[1.335,50.25]},"properties":{"ptf_id":1146924,"ptf_ref":"6200252","category":"moored_buoys","ptf_model":"Datawell Directional Waverider MkIII","wigos_ref":"0-22000-0-6200252","country_name":"FRANCE","country_ship":null,"goos_networks":"MBN","ptf_family_name":"Moored Buoy","country_iso_reporting":"FR","country_sensor_provider":null}},{"type":"Feature","geometry":{"type":"Point","coordinates":[-4.2,50.3]},"properties":{"ptf_id":1149665,"ptf_ref":"6200030_002","category":"moored_buoys","ptf_model":"Other Met Moored Buoy","wigos_ref":"0-22000-2-6200030","country_name":"UK","country_ship":null,"goos_networks":"MBN","ptf_family_name":"Moored Buoy","country_iso_reporting":"GB","country_sensor_provider":null}},{"type":"Feature","geometry":{"type":"Point","coordinates":[0.084,49.475]},"properties":{"ptf_id":1153329,"ptf_ref":"6200255","category":"moored_buoys","ptf_model":"Datawell","wigos_ref":"0-22000-0-6200255","country_name":"FRANCE","country_ship":null,"goos_networks":"MBN","ptf_family_name":"Moored Buoy","country_iso_reporting":"FR","country_sensor_provider":null}},{"type":"Feature","geometry":{"type":"Point","coordinates":[-4.375,50.044]},"properties":{"ptf_id":1153551,"ptf_ref":"6200050_003","category":"moored_buoys","ptf_model":"Other Met Moored Buoy","wigos_ref":"0-22000-3-6200050","country_name":"UK","country_ship":null,"goos_networks":"MBN","ptf_family_name":"Moored Buoy","country_iso_reporting":"GB","country_sensor_provider":null}},{"type":"Feature","geometry":{"type":"Point","coordinates":[-170.3,10]},"properties":{"ptf_id":1364037,"ptf_ref":"5100312_001","category":"moored_buoys","ptf_model":"TAO_RECAP","wigos_ref":"0-22000-1-5100312","country_name":"USA","country_ship":null,"goos_networks":"MBN, OceanSITES","ptf_family_name":"Moored Buoy","country_iso_reporting":"US","country_sensor_provider":null}},{"type":"Feature","geometry":{"type":"Point","coordinates":[72.209,10.874]},"properties":{"ptf_id":1155466,"ptf_ref":"2300492_015","category":"moored_buoys","ptf_model":"WAVEBUOY","wigos_ref":"0-22000-15-2300492","country_name":"INDIA","country_ship":"INDIA","goos_networks":"MBN","ptf_family_name":"Moored Buoy","country_iso_reporting":"IN","country_sensor_provider":null}},{"type":"Feature","geometry":{"type":"Point","coordinates":[-30.635,-8.013]},"properties":{"ptf_id":1156861,"ptf_ref":"3100003_013","category":"moored_buoys","ptf_model":"T_FLEX","wigos_ref":"0-22000-13-3100003","country_name":"USA","country_ship":"USA","goos_networks":"MBN, OceanSITES","ptf_family_name":"Moored Buoy","country_iso_reporting":"US","country_sensor_provider":null}},{"type":"Feature","geometry":{"type":"Point","coordinates":[-22.981,4.057]},"properties":{"ptf_id":1156862,"ptf_ref":"3100006_016","category":"moored_buoys","ptf_model":"T_FLEX","wigos_ref":"0-22000-16-3100006","country_name":"USA","country_ship":"USA","goos_networks":"MBN, OceanSITES","ptf_family_name":"Moored Buoy","country_iso_reporting":"US","country_sensor_provider":null}},{"type":"Feature","geometry":{"type":"Point","coordinates":[10.19,41.6]},"properties":{"ptf_id":1167597,"ptf_ref":"6101032","category":"moored_buoys","ptf_model":"MOBILIS","wigos_ref":"0-22000-0-6101032","country_name":"FRANCE","country_ship":null,"goos_networks":"MBN","ptf_family_name":"Moored Buoy","country_iso_reporting":"FR","country_sensor_provider":null}},{"type":"Feature","geometry":{"type":"Point","coordinates":[124.13,35]},"properties":{"ptf_id":1213417,"ptf_ref":"2200299","category":"moored_buoys","ptf_model":"Discus-10","wigos_ref":"0-22000-0-2200299","country_name":"SOUTH KOREA","country_ship":null,"goos_networks":"MBN","ptf_family_name":"Moored Buoy","country_iso_reporting":"KR","country_sensor_provider":null}},{"type":"Feature","geometry":{"type":"Point","coordinates":[64.961,-12.015]},"properties":{"ptf_id":1231857,"ptf_ref":"1400049_002","category":"moored_buoys","ptf_model":"T_FLEX","wigos_ref":"0-22000-2-1400049","country_name":"USA","country_ship":"SOUTH KOREA","goos_networks":"MBN, OceanSITES","ptf_family_name":"Moored Buoy","country_iso_reporting":"US","country_sensor_provider":null}},{"type":"Feature","geometry":{"type":"Point","coordinates":[64.98,-3.914]},"properties":{"ptf_id":1231877,"ptf_ref":"2300019_002","category":"moored_buoys","ptf_model":"T_FLEX","wigos_ref":"0-22000-2-2300019","country_name":"USA","country_ship":"SOUTH KOREA","goos_networks":"MBN, OceanSITES","ptf_family_name":"Moored Buoy","country_iso_reporting":"US","country_sensor_provider":null}},{"type":"Feature","geometry":{"type":"Point","coordinates":[-1.032,45.61]},"properties":{"ptf_id":1231937,"ptf_ref":"6200253","category":"moored_buoys","ptf_model":"Datawell","wigos_ref":"0-22000-0-6200253","country_name":"FRANCE","country_ship":null,"goos_networks":"MBN","ptf_family_name":"Moored Buoy","country_iso_reporting":"FR","country_sensor_provider":null}},{"type":"Feature","geometry":{"type":"Point","coordinates":[-4.072,48.728]},"properties":{"ptf_id":1231957,"ptf_ref":"6200053_001","category":"moored_buoys","ptf_model":"WAVEBUOY","wigos_ref":"0-22000-1-6200053","country_name":"FRANCE","country_ship":null,"goos_networks":"MBN","ptf_family_name":"Moored Buoy","country_iso_reporting":"FR","country_sensor_provider":null}},{"type":"Feature","geometry":{"type":"Point","coordinates":[-95.2,-7.9]},"properties":{"ptf_id":1235977,"ptf_ref":"3200305_033","category":"moored_buoys","ptf_model":"TAO_REFRESH","wigos_ref":"0-22000-33-3200305","country_name":"USA","country_ship":null,"goos_networks":"MBN, OceanSITES","ptf_family_name":"Moored Buoy","country_iso_reporting":"US","country_sensor_provider":null}},{"type":"Feature","geometry":{"type":"Point","coordinates":[-110.2,8]},"properties":{"ptf_id":1236057,"ptf_ref":"4300001_040","category":"moored_buoys","ptf_model":"TAO_REFRESH","wigos_ref":"0-22000-40-4300001","country_name":"USA","country_ship":null,"goos_networks":"MBN, OceanSITES","ptf_family_name":"Moored Buoy","country_iso_reporting":"US","country_sensor_provider":null}},{"type":"Feature","geometry":{"type":"Point","coordinates":[-110,5]},"properties":{"ptf_id":1236077,"ptf_ref":"3200315_048","category":"moored_buoys","ptf_model":"TAO_REFRESH","wigos_ref":"0-22000-48-3200315","country_name":"USA","country_ship":null,"goos_networks":"MBN, OceanSITES","ptf_family_name":"Moored Buoy","country_iso_reporting":"US","country_sensor_provider":null}},{"type":"Feature","geometry":{"type":"Point","coordinates":[-110,2]},"properties":{"ptf_id":1236097,"ptf_ref":"3200316_052","category":"moored_buoys","ptf_model":"TAO_REFRESH","wigos_ref":"0-22000-52-3200316","country_name":"USA","country_ship":null,"goos_networks":"MBN, OceanSITES","ptf_family_name":"Moored Buoy","country_iso_reporting":"US","country_sensor_provider":null}},{"type":"Feature","geometry":{"type":"Point","coordinates":[-109.9,0]},"properties":{"ptf_id":1236117,"ptf_ref":"3200323_039","category":"moored_buoys","ptf_model":"TAO_REFRESH","wigos_ref":"0-22000-39-3200323","country_name":"USA","country_ship":null,"goos_networks":"MBN, OceanSITES","ptf_family_name":"Moored Buoy","country_iso_reporting":"US","country_sensor_provider":null}},{"type":"Feature","geometry":{"type":"Point","coordinates":[-110,-2]},"properties":{"ptf_id":1236137,"ptf_ref":"3200317_049","category":"moored_buoys","ptf_model":"TAO_REFRESH","wigos_ref":"0-22000-49-3200317","country_name":"USA","country_ship":null,"goos_networks":"MBN, OceanSITES","ptf_family_name":"Moored Buoy","country_iso_reporting":"US","country_sensor_provider":null}},{"type":"Feature","geometry":{"type":"Point","coordinates":[-110,-5]},"properties":{"ptf_id":1236157,"ptf_ref":"3200318_049","category":"moored_buoys","ptf_model":"TAO_REFRESH","wigos_ref":"0-22000-49-3200318","country_name":"USA","country_ship":null,"goos_networks":"MBN, OceanSITES","ptf_family_name":"Moored Buoy","country_iso_reporting":"US","country_sensor_provider":null}},{"type":"Feature","geometry":{"type":"Point","coordinates":[-110.1,-8]},"properties":{"ptf_id":1236177,"ptf_ref":"3200319_035","category":"moored_buoys","ptf_model":"TAO_REFRESH","wigos_ref":"0-22000-35-3200319","country_name":"USA","country_ship":null,"goos_networks":"MBN, OceanSITES","ptf_family_name":"Moored Buoy","country_iso_reporting":"US","country_sensor_provider":null}},{"type":"Feature","geometry":{"type":"Point","coordinates":[-179.8,-1.9]},"properties":{"ptf_id":1257397,"ptf_ref":"5200312_036","category":"moored_buoys","ptf_model":"TAO_REFRESH","wigos_ref":"0-22000-36-5200312","country_name":"USA","country_ship":null,"goos_networks":"MBN, OceanSITES","ptf_family_name":"Moored Buoy","country_iso_reporting":"US","country_sensor_provider":null}},{"type":"Feature","geometry":{"type":"Point","coordinates":[-179.9,0]},"properties":{"ptf_id":1257417,"ptf_ref":"5200311_038","category":"moored_buoys","ptf_model":"TAO_REFRESH","wigos_ref":"0-22000-38-5200311","country_name":"USA","country_ship":null,"goos_networks":"MBN, OceanSITES","ptf_family_name":"Moored Buoy","country_iso_reporting":"US","country_sensor_provider":null}},{"type":"Feature","geometry":{"type":"Point","coordinates":[-179.8,2]},"properties":{"ptf_id":1257437,"ptf_ref":"5200310_042","category":"moored_buoys","ptf_model":"TAO_REFRESH","wigos_ref":"0-22000-42-5200310","country_name":"USA","country_ship":null,"goos_networks":"MBN, OceanSITES","ptf_family_name":"Moored Buoy","country_iso_reporting":"US","country_sensor_provider":null}},{"type":"Feature","geometry":{"type":"Point","coordinates":[-4.102,60.546]},"properties":{"ptf_id":1273837,"ptf_ref":"6400046_010","category":"moored_buoys","ptf_model":"Other Met Moored Buoy","wigos_ref":"0-22000-10-6400046","country_name":"UK","country_ship":null,"goos_networks":"MBN","ptf_family_name":"Moored Buoy","country_iso_reporting":"GB","country_sensor_provider":null}},{"type":"Feature","geometry":{"type":"Point","coordinates":[124.02,37.5]},"properties":{"ptf_id":1273877,"ptf_ref":"2200193","category":"moored_buoys","ptf_model":"Discus-10","wigos_ref":"0-22000-0-2200193","country_name":"SOUTH KOREA","country_ship":null,"goos_networks":"MBN","ptf_family_name":"Moored Buoy","country_iso_reporting":"KR","country_sensor_provider":null}},{"type":"Feature","geometry":{"type":"Point","coordinates":[124.617,37.05]},"properties":{"ptf_id":1273897,"ptf_ref":"2200306","category":"moored_buoys","ptf_model":"Discus-3","wigos_ref":"0-22000-0-2200306","country_name":"SOUTH KOREA","country_ship":null,"goos_networks":"MBN","ptf_family_name":"Moored Buoy","country_iso_reporting":"KR","country_sensor_provider":null}},{"type":"Feature","geometry":{"type":"Point","coordinates":[125.61,36.75]},"properties":{"ptf_id":1273917,"ptf_ref":"2200307","category":"moored_buoys","ptf_model":"Discus-3","wigos_ref":"0-22000-0-2200307","country_name":"SOUTH KOREA","country_ship":null,"goos_networks":"MBN","ptf_family_name":"Moored Buoy","country_iso_reporting":"KR","country_sensor_provider":null}},{"type":"Feature","geometry":{"type":"Point","coordinates":[125.15,35.28]},"properties":{"ptf_id":1273937,"ptf_ref":"2200308","category":"moored_buoys","ptf_model":"Discus-3","wigos_ref":"0-22000-0-2200308","country_name":"SOUTH KOREA","country_ship":null,"goos_networks":"MBN","ptf_family_name":"Moored Buoy","country_iso_reporting":"KR","country_sensor_provider":null}},{"type":"Feature","geometry":{"type":"Point","coordinates":[-9.997,-6.036]},"properties":{"ptf_id":1340337,"ptf_ref":"1500006_026","category":"moored_buoys","ptf_model":"T_FLEX","wigos_ref":"0-22000-26-1500006","country_name":"USA","country_ship":"FRANCE","goos_networks":"MBN, OceanSITES","ptf_family_name":"Moored Buoy","country_iso_reporting":"US","country_sensor_provider":null}},{"type":"Feature","geometry":{"type":"Point","coordinates":[-22.989,0.005]},"properties":{"ptf_id":1340357,"ptf_ref":"3100007_028","category":"moored_buoys","ptf_model":"T_FLEX","wigos_ref":"0-22000-28-3100007","country_name":"USA","country_ship":"FRANCE","goos_networks":"MBN, OceanSITES","ptf_family_name":"Moored Buoy","country_iso_reporting":"US","country_sensor_provider":null}},{"type":"Feature","geometry":{"type":"Point","coordinates":[-9.429,42.118]},"properties":{"ptf_id":1356637,"ptf_ref":"6200084_072","category":"moored_buoys","ptf_model":"SEAWATCH","wigos_ref":"0-22000-72-6200084","country_name":"SPAIN","country_ship":"SPAIN","goos_networks":"MBN","ptf_family_name":"Moored Buoy","country_iso_reporting":"ES","country_sensor_provider":null}},{"type":"Feature","geometry":{"type":"Point","coordinates":[-9.211,43.496]},"properties":{"ptf_id":1356697,"ptf_ref":"6200083_073","category":"moored_buoys","ptf_model":"SEAWATCH","wigos_ref":"0-22000-73-6200083","country_name":"SPAIN","country_ship":"SPAIN","goos_networks":"MBN","ptf_family_name":"Moored Buoy","country_iso_reporting":"ES","country_sensor_provider":null}},{"type":"Feature","geometry":{"type":"Point","coordinates":[-7.679,44.138]},"properties":{"ptf_id":1356737,"ptf_ref":"6200082_074","category":"moored_buoys","ptf_model":"SEAWATCH","wigos_ref":"0-22000-74-6200082","country_name":"SPAIN","country_ship":"SPAIN","goos_networks":"MBN","ptf_family_name":"Moored Buoy","country_iso_reporting":"ES","country_sensor_provider":null}},{"type":"Feature","geometry":{"type":"Point","coordinates":[-6.161,43.749]},"properties":{"ptf_id":1356777,"ptf_ref":"6200025_075","category":"moored_buoys","ptf_model":"SEAWATCH","wigos_ref":"0-22000-75-6200025","country_name":"SPAIN","country_ship":"SPAIN","goos_networks":"MBN","ptf_family_name":"Moored Buoy","country_iso_reporting":"ES","country_sensor_provider":null}},{"type":"Feature","geometry":{"type":"Point","coordinates":[-3.054,43.644]},"properties":{"ptf_id":1356857,"ptf_ref":"6200024_072","category":"moored_buoys","ptf_model":"SEAWATCH","wigos_ref":"0-22000-72-6200024","country_name":"SPAIN","country_ship":"SPAIN","goos_networks":"MBN","ptf_family_name":"Moored Buoy","country_iso_reporting":"ES","country_sensor_provider":null}},{"type":"Feature","geometry":{"type":"Point","coordinates":[-15.79,28.191]},"properties":{"ptf_id":1356897,"ptf_ref":"1300130_065","category":"moored_buoys","ptf_model":"WAVESCAN","wigos_ref":"0-22000-65-1300130","country_name":"SPAIN","country_ship":"SPAIN","goos_networks":"MBN","ptf_family_name":"Moored Buoy","country_iso_reporting":"ES","country_sensor_provider":null}},{"type":"Feature","geometry":{"type":"Point","coordinates":[-16.598,27.997]},"properties":{"ptf_id":1356977,"ptf_ref":"1300131_065","category":"moored_buoys","ptf_model":"WAVESCAN","wigos_ref":"0-22000-65-1300131","country_name":"SPAIN","country_ship":"SPAIN","goos_networks":"MBN","ptf_family_name":"Moored Buoy","country_iso_reporting":"ES","country_sensor_provider":null}},{"type":"Feature","geometry":{"type":"Point","coordinates":[-6.963,36.49]},"properties":{"ptf_id":1357017,"ptf_ref":"6200085_071","category":"moored_buoys","ptf_model":"SEAWATCH","wigos_ref":"0-22000-71-6200085","country_name":"SPAIN","country_ship":"SPAIN","goos_networks":"MBN","ptf_family_name":"Moored Buoy","country_iso_reporting":"ES","country_sensor_provider":null}},{"type":"Feature","geometry":{"type":"Point","coordinates":[-2.338,36.569]},"properties":{"ptf_id":1357057,"ptf_ref":"6100198_072","category":"moored_buoys","ptf_model":"SEAWATCH","wigos_ref":"0-22000-72-6100198","country_name":"SPAIN","country_ship":"SPAIN","goos_networks":"MBN","ptf_family_name":"Moored Buoy","country_iso_reporting":"ES","country_sensor_provider":null}},{"type":"Feature","geometry":{"type":"Point","coordinates":[-0.314,37.654]},"properties":{"ptf_id":1357117,"ptf_ref":"6100417_071","category":"moored_buoys","ptf_model":"SEAWATCH","wigos_ref":"0-22000-71-6100417","country_name":"SPAIN","country_ship":"SPAIN","goos_networks":"MBN","ptf_family_name":"Moored Buoy","country_iso_reporting":"ES","country_sensor_provider":null}},{"type":"Feature","geometry":{"type":"Point","coordinates":[-0.208,39.52]},"properties":{"ptf_id":1357197,"ptf_ref":"6100281_073","category":"moored_buoys","ptf_model":"SEAWATCH","wigos_ref":"0-22000-73-6100281","country_name":"SPAIN","country_ship":"SPAIN","goos_networks":"MBN","ptf_family_name":"Moored Buoy","country_iso_reporting":"ES","country_sensor_provider":null}},{"type":"Feature","geometry":{"type":"Point","coordinates":[-139.9,1]},"properties":{"ptf_id":1363817,"ptf_ref":"5100024","category":"moored_buoys","ptf_model":"TAO_REFRESH","wigos_ref":"0-22000-0-5100024","country_name":"USA","country_ship":null,"goos_networks":"MBN, OceanSITES","ptf_family_name":"Moored Buoy","country_iso_reporting":"US","country_sensor_provider":null}},{"type":"Feature","geometry":{"type":"Point","coordinates":[-139.9,-1]},"properties":{"ptf_id":1363837,"ptf_ref":"5100025","category":"moored_buoys","ptf_model":"TAO_REFRESH","wigos_ref":"0-22000-0-5100025","country_name":"USA","country_ship":null,"goos_networks":"MBN, OceanSITES","ptf_family_name":"Moored Buoy","country_iso_reporting":"US","country_sensor_provider":null}},{"type":"Feature","geometry":{"type":"Point","coordinates":[165,10.2]},"properties":{"ptf_id":1363857,"ptf_ref":"5200013_001","category":"moored_buoys","ptf_model":"TAO_RECAP","wigos_ref":"0-22000-1-5200013","country_name":"USA","country_ship":null,"goos_networks":"MBN, OceanSITES","ptf_family_name":"Moored Buoy","country_iso_reporting":"US","country_sensor_provider":null}},{"type":"Feature","geometry":{"type":"Point","coordinates":[169.9,-7.7]},"properties":{"ptf_id":1363877,"ptf_ref":"5200007_039","category":"moored_buoys","ptf_model":"TAO_RECAP","wigos_ref":"0-22000-39-5200007","country_name":"USA","country_ship":null,"goos_networks":"MBN, OceanSITES","ptf_family_name":"Moored Buoy","country_iso_reporting":"US","country_sensor_provider":null}},{"type":"Feature","geometry":{"type":"Point","coordinates":[165.2,-5]},"properties":{"ptf_id":1363897,"ptf_ref":"5200004_051","category":"moored_buoys","ptf_model":"TAO_RECAP","wigos_ref":"0-22000-51-5200004","country_name":"USA","country_ship":null,"goos_networks":"MBN, OceanSITES","ptf_family_name":"Moored Buoy","country_iso_reporting":"US","country_sensor_provider":null}},{"type":"Feature","geometry":{"type":"Point","coordinates":[164.4,2]},"properties":{"ptf_id":1363917,"ptf_ref":"5200001_052","category":"moored_buoys","ptf_model":"TAO_RECAP","wigos_ref":"0-22000-52-5200001","country_name":"USA","country_ship":null,"goos_networks":"MBN, OceanSITES","ptf_family_name":"Moored Buoy","country_iso_reporting":"US","country_sensor_provider":null}},{"type":"Feature","geometry":{"type":"Point","coordinates":[165.1,8]},"properties":{"ptf_id":1363937,"ptf_ref":"5200006_045","category":"moored_buoys","ptf_model":"TAO_RECAP","wigos_ref":"0-22000-45-5200006","country_name":"USA","country_ship":null,"goos_networks":"MBN, OceanSITES","ptf_family_name":"Moored Buoy","country_iso_reporting":"US","country_sensor_provider":null}},{"type":"Feature","geometry":{"type":"Point","coordinates":[163.2,0]},"properties":{"ptf_id":1363957,"ptf_ref":"5200321_040","category":"moored_buoys","ptf_model":"TAO_RECAP","wigos_ref":"0-22000-40-5200321","country_name":"USA","country_ship":null,"goos_networks":"MBN, OceanSITES","ptf_family_name":"Moored Buoy","country_iso_reporting":"US","country_sensor_provider":null}},{"type":"Feature","geometry":{"type":"Point","coordinates":[165,5.1]},"properties":{"ptf_id":1363977,"ptf_ref":"5200003_048","category":"moored_buoys","ptf_model":"TAO_RECAP","wigos_ref":"0-22000-48-5200003","country_name":"USA","country_ship":null,"goos_networks":"MBN, OceanSITES","ptf_family_name":"Moored Buoy","country_iso_reporting":"US","country_sensor_provider":null}},{"type":"Feature","geometry":{"type":"Point","coordinates":[163.5,-2]},"properties":{"ptf_id":1363997,"ptf_ref":"5200002_056","category":"moored_buoys","ptf_model":"TAO_RECAP","wigos_ref":"0-22000-56-5200002","country_name":"USA","country_ship":null,"goos_networks":"MBN, OceanSITES","ptf_family_name":"Moored Buoy","country_iso_reporting":"US","country_sensor_provider":null}},{"type":"Feature","geometry":{"type":"Point","coordinates":[-70.1,43.5]},"properties":{"ptf_id":215689,"ptf_ref":"4400007","category":"moored_buoys","ptf_model":"Meteo mooring","wigos_ref":"0-22000-0-4400007","country_name":"USA","country_ship":null,"goos_networks":"MBN","ptf_family_name":"Moored Buoy","country_iso_reporting":"US","country_sensor_provider":null}},{"type":"Feature","geometry":{"type":"Point","coordinates":[-63.403,44.502]},"properties":{"ptf_id":216150,"ptf_ref":"4400258","category":"moored_buoys","ptf_model":"Meteo mooring","wigos_ref":"0-22000-0-4400258","country_name":"CANADA","country_ship":null,"goos_networks":"MBN","ptf_family_name":"Moored Buoy","country_iso_reporting":"CA","country_sensor_provider":null}},{"type":"Feature","geometry":{"type":"Point","coordinates":[-123.727,49.34]},"properties":{"ptf_id":216176,"ptf_ref":"4600146","category":"moored_buoys","ptf_model":"Meteo mooring","wigos_ref":"0-22000-0-4600146","country_name":"CANADA","country_ship":null,"goos_networks":"MBN","ptf_family_name":"Moored Buoy","country_iso_reporting":"CA","country_sensor_provider":null}},{"type":"Feature","geometry":{"type":"Point","coordinates":[-128.831,53.833]},"properties":{"ptf_id":216178,"ptf_ref":"4600181","category":"moored_buoys","ptf_model":"Meteo mooring","wigos_ref":"0-22000-0-4600181","country_name":"CANADA","country_ship":null,"goos_networks":"MBN","ptf_family_name":"Moored Buoy","country_iso_reporting":"CA","country_sensor_provider":null}},{"type":"Feature","geometry":{"type":"Point","coordinates":[-134.323,54.185]},"properties":{"ptf_id":216183,"ptf_ref":"4600205","category":"moored_buoys","ptf_model":"Meteo mooring","wigos_ref":"0-22000-0-4600205","country_name":"CANADA","country_ship":null,"goos_networks":"MBN","ptf_family_name":"Moored Buoy","country_iso_reporting":"CA","country_sensor_provider":null}},{"type":"Feature","geometry":{"type":"Point","coordinates":[-136.095,50.93]},"properties":{"ptf_id":219668,"ptf_ref":"4600004","category":"moored_buoys","ptf_model":"Meteo mooring","wigos_ref":"0-22000-0-4600004","country_name":"CANADA","country_ship":null,"goos_networks":"MBN","ptf_family_name":"Moored Buoy","country_iso_reporting":"CA","country_sensor_provider":null}},{"type":"Feature","geometry":{"type":"Point","coordinates":[-124.985,49.906]},"properties":{"ptf_id":219670,"ptf_ref":"4600131","category":"moored_buoys","ptf_model":"Meteo mooring","wigos_ref":"0-22000-0-4600131","country_name":"CANADA","country_ship":null,"goos_networks":"MBN","ptf_family_name":"Moored Buoy","country_iso_reporting":"CA","country_sensor_provider":null}},{"type":"Feature","geometry":{"type":"Point","coordinates":[-127.882,49.771]},"properties":{"ptf_id":219671,"ptf_ref":"4600132","category":"moored_buoys","ptf_model":"Meteo mooring","wigos_ref":"0-22000-0-4600132","country_name":"CANADA","country_ship":null,"goos_networks":"MBN","ptf_family_name":"Moored Buoy","country_iso_reporting":"CA","country_sensor_provider":null}},{"type":"Feature","geometry":{"type":"Point","coordinates":[-132.444,54.366]},"properties":{"ptf_id":219672,"ptf_ref":"4600145","category":"moored_buoys","ptf_model":"Meteo mooring","wigos_ref":"0-22000-0-4600145","country_name":"CANADA","country_ship":null,"goos_networks":"MBN","ptf_family_name":"Moored Buoy","country_iso_reporting":"CA","country_sensor_provider":null}},{"type":"Feature","geometry":{"type":"Point","coordinates":[-131.2,51.8]},"properties":{"ptf_id":219673,"ptf_ref":"4600147","category":"moored_buoys","ptf_model":"Meteo mooring","wigos_ref":"0-22000-0-4600147","country_name":"CANADA","country_ship":null,"goos_networks":"MBN","ptf_family_name":"Moored Buoy","country_iso_reporting":"CA","country_sensor_provider":null}},{"type":"Feature","geometry":{"type":"Point","coordinates":[-131.1,53.6]},"properties":{"ptf_id":219674,"ptf_ref":"4600183","category":"moored_buoys","ptf_model":"Meteo mooring","wigos_ref":"0-22000-0-4600183","country_name":"CANADA","country_ship":null,"goos_networks":"MBN","ptf_family_name":"Moored Buoy","country_iso_reporting":"CA","country_sensor_provider":null}},{"type":"Feature","geometry":{"type":"Point","coordinates":[-130.087,52.528]},"properties":{"ptf_id":219676,"ptf_ref":"4600185","category":"moored_buoys","ptf_model":"Meteo mooring","wigos_ref":"0-22000-0-4600185","country_name":"CANADA","country_ship":null,"goos_networks":"MBN","ptf_family_name":"Moored Buoy","country_iso_reporting":"CA","country_sensor_provider":null}},{"type":"Feature","geometry":{"type":"Point","coordinates":[-125.998,48.835]},"properties":{"ptf_id":219678,"ptf_ref":"4600206","category":"moored_buoys","ptf_model":"Meteo mooring","wigos_ref":"0-22000-0-4600206","country_name":"CANADA","country_ship":null,"goos_networks":"MBN","ptf_family_name":"Moored Buoy","country_iso_reporting":"CA","country_sensor_provider":null}},{"type":"Feature","geometry":{"type":"Point","coordinates":[-132.693,52.515]},"properties":{"ptf_id":219680,"ptf_ref":"4600208","category":"moored_buoys","ptf_model":"Meteo mooring","wigos_ref":"0-22000-0-4600208","country_name":"CANADA","country_ship":null,"goos_networks":"MBN","ptf_family_name":"Moored Buoy","country_iso_reporting":"CA","country_sensor_provider":null}},{"type":"Feature","geometry":{"type":"Point","coordinates":[14.167,54.083]},"properties":{"ptf_id":219941,"ptf_ref":"6600022","category":"moored_buoys","ptf_model":"Other Met Moored Buoy","wigos_ref":"0-22000-0-6600022","country_name":"GERMANY","country_ship":null,"goos_networks":"MBN","ptf_family_name":"Moored Buoy","country_iso_reporting":"DE","country_sensor_provider":null}},{"type":"Feature","geometry":{"type":"Point","coordinates":[-70.7,42.3]},"properties":{"ptf_id":222507,"ptf_ref":"4400013","category":"moored_buoys","ptf_model":"Meteo mooring","wigos_ref":"0-22000-0-4400013","country_name":"USA","country_ship":null,"goos_networks":"MBN","ptf_family_name":"Moored Buoy","country_iso_reporting":"US","country_sensor_provider":null}},{"type":"Feature","geometry":{"type":"Point","coordinates":[-124.5,44.7]},"properties":{"ptf_id":223333,"ptf_ref":"4600050","category":"moored_buoys","ptf_model":"Meteo mooring","wigos_ref":"0-22000-0-4600050","country_name":"USA","country_ship":null,"goos_networks":"MBN","ptf_family_name":"Moored Buoy","country_iso_reporting":"US","country_sensor_provider":null}},{"type":"Feature","geometry":{"type":"Point","coordinates":[-124,39.2]},"properties":{"ptf_id":471947,"ptf_ref":"4600014","category":"moored_buoys","ptf_model":"Meteo mooring","wigos_ref":"0-22000-0-4600014","country_name":"USA","country_ship":null,"goos_networks":"MBN","ptf_family_name":"Moored Buoy","country_iso_reporting":"US","country_sensor_provider":null}},{"type":"Feature","geometry":{"type":"Point","coordinates":[-87.5,30.1]},"properties":{"ptf_id":471951,"ptf_ref":"4200012","category":"moored_buoys","ptf_model":"Meteo mooring","wigos_ref":"0-22000-0-4200012","country_name":"USA","country_ship":null,"goos_networks":"MBN","ptf_family_name":"Moored Buoy","country_iso_reporting":"US","country_sensor_provider":null}},{"type":"Feature","geometry":{"type":"Point","coordinates":[-85,19.8]},"properties":{"ptf_id":474168,"ptf_ref":"4200056","category":"moored_buoys","ptf_model":"Meteo mooring","wigos_ref":"0-22000-0-4200056","country_name":"USA","country_ship":null,"goos_networks":"MBN","ptf_family_name":"Moored Buoy","country_iso_reporting":"US","country_sensor_provider":null}},{"type":"Feature","geometry":{"type":"Point","coordinates":[-61.999,42.261]},"properties":{"ptf_id":482095,"ptf_ref":"4400137","category":"moored_buoys","ptf_model":"Meteo mooring","wigos_ref":"0-22000-0-4400137","country_name":"CANADA","country_ship":null,"goos_networks":"MBN","ptf_family_name":"Moored Buoy","country_iso_reporting":"CA","country_sensor_provider":null}},{"type":"Feature","geometry":{"type":"Point","coordinates":[-57.103,44.24]},"properties":{"ptf_id":482097,"ptf_ref":"4400139","category":"moored_buoys","ptf_model":"Meteo mooring","wigos_ref":"0-22000-0-4400139","country_name":"CANADA","country_ship":null,"goos_networks":"MBN","ptf_family_name":"Moored Buoy","country_iso_reporting":"CA","country_sensor_provider":null}},{"type":"Feature","geometry":{"type":"Point","coordinates":[-64.018,42.505]},"properties":{"ptf_id":482100,"ptf_ref":"4400150","category":"moored_buoys","ptf_model":"Meteo mooring","wigos_ref":"0-22000-0-4400150","country_name":"CANADA","country_ship":null,"goos_networks":"MBN","ptf_family_name":"Moored Buoy","country_iso_reporting":"CA","country_sensor_provider":null}},{"type":"Feature","geometry":{"type":"Point","coordinates":[126.02,37.24]},"properties":{"ptf_id":483175,"ptf_ref":"2200101","category":"moored_buoys","ptf_model":"Discus-3","wigos_ref":"0-22000-0-2200101","country_name":"SOUTH KOREA","country_ship":null,"goos_networks":"MBN","ptf_family_name":"Moored Buoy","country_iso_reporting":"KR","country_sensor_provider":null}},{"type":"Feature","geometry":{"type":"Point","coordinates":[125.78,34.79]},"properties":{"ptf_id":483176,"ptf_ref":"2200102","category":"moored_buoys","ptf_model":"Discus-3","wigos_ref":"0-22000-0-2200102","country_name":"SOUTH KOREA","country_ship":null,"goos_networks":"MBN","ptf_family_name":"Moored Buoy","country_iso_reporting":"KR","country_sensor_provider":null}},{"type":"Feature","geometry":{"type":"Point","coordinates":[127.5,34]},"properties":{"ptf_id":483177,"ptf_ref":"2200103","category":"moored_buoys","ptf_model":"Discus-3","wigos_ref":"0-22000-0-2200103","country_name":"SOUTH KOREA","country_ship":null,"goos_networks":"MBN","ptf_family_name":"Moored Buoy","country_iso_reporting":"KR","country_sensor_provider":null}},{"type":"Feature","geometry":{"type":"Point","coordinates":[128.9,34.77]},"properties":{"ptf_id":483178,"ptf_ref":"2200104","category":"moored_buoys","ptf_model":"Discus-3","wigos_ref":"0-22000-0-2200104","country_name":"SOUTH KOREA","country_ship":null,"goos_networks":"MBN","ptf_family_name":"Moored Buoy","country_iso_reporting":"KR","country_sensor_provider":null}},{"type":"Feature","geometry":{"type":"Point","coordinates":[130,37.54]},"properties":{"ptf_id":483179,"ptf_ref":"2200105","category":"moored_buoys","ptf_model":"Other Met Moored Buoy","wigos_ref":"0-22000-0-2200105","country_name":"SOUTH KOREA","country_ship":null,"goos_networks":"MBN","ptf_family_name":"Moored Buoy","country_iso_reporting":"KR","country_sensor_provider":null}},{"type":"Feature","geometry":{"type":"Point","coordinates":[-158.1,21.7]},"properties":{"ptf_id":485121,"ptf_ref":"5100201","category":"moored_buoys","ptf_model":"Datawell","wigos_ref":"0-22000-0-5100201","country_name":"USA","country_ship":null,"goos_networks":"MBN","ptf_family_name":"Moored Buoy","country_iso_reporting":"US","country_sensor_provider":null}},{"type":"Feature","geometry":{"type":"Point","coordinates":[-157.7,21.4]},"properties":{"ptf_id":485122,"ptf_ref":"5100202","category":"moored_buoys","ptf_model":"Datawell","wigos_ref":"0-22000-0-5100202","country_name":"USA","country_ship":null,"goos_networks":"MBN","ptf_family_name":"Moored Buoy","country_iso_reporting":"US","country_sensor_provider":null}},{"type":"Feature","geometry":{"type":"Point","coordinates":[-79.1,32.5]},"properties":{"ptf_id":488291,"ptf_ref":"4100004","category":"moored_buoys","ptf_model":"Meteo mooring","wigos_ref":"0-22000-0-4100004","country_name":"USA","country_ship":null,"goos_networks":"MBN","ptf_family_name":"Moored Buoy","country_iso_reporting":"US","country_sensor_provider":null}},{"type":"Feature","geometry":{"type":"Point","coordinates":[-53,14.6]},"properties":{"ptf_id":488300,"ptf_ref":"4100040","category":"moored_buoys","ptf_model":"Meteo mooring","wigos_ref":"0-22000-0-4100040","country_name":"USA","country_ship":null,"goos_networks":"MBN","ptf_family_name":"Moored Buoy","country_iso_reporting":"US","country_sensor_provider":null}},{"type":"Feature","geometry":{"type":"Point","coordinates":[-74.7,38.5]},"properties":{"ptf_id":488321,"ptf_ref":"4400009","category":"moored_buoys","ptf_model":"Meteo mooring","wigos_ref":"0-22000-0-4400009","country_name":"USA","country_ship":null,"goos_networks":"MBN","ptf_family_name":"Moored Buoy","country_iso_reporting":"US","country_sensor_provider":null}},{"type":"Feature","geometry":{"type":"Point","coordinates":[-86.4,45.3]},"properties":{"ptf_id":488332,"ptf_ref":"4500002","category":"moored_buoys","ptf_model":"Other Met Moored Buoy","wigos_ref":"0-22000-0-4500002","country_name":"USA","country_ship":null,"goos_networks":"MBN","ptf_family_name":"Moored Buoy","country_iso_reporting":"US","country_sensor_provider":null}},{"type":"Feature","geometry":{"type":"Point","coordinates":[-123.3,38.2]},"properties":{"ptf_id":488347,"ptf_ref":"4600013","category":"moored_buoys","ptf_model":"Meteo mooring","wigos_ref":"0-22000-0-4600013","country_name":"USA","country_ship":null,"goos_networks":"MBN","ptf_family_name":"Moored Buoy","country_iso_reporting":"US","country_sensor_provider":null}},{"type":"Feature","geometry":{"type":"Point","coordinates":[-122.8,37.8]},"properties":{"ptf_id":488353,"ptf_ref":"4600026","category":"moored_buoys","ptf_model":"Meteo mooring","wigos_ref":"0-22000-0-4600026","country_name":"USA","country_ship":null,"goos_networks":"MBN","ptf_family_name":"Moored Buoy","country_iso_reporting":"US","country_sensor_provider":null}},{"type":"Feature","geometry":{"type":"Point","coordinates":[-119.8,34.2]},"properties":{"ptf_id":488362,"ptf_ref":"4600053","category":"moored_buoys","ptf_model":"Meteo mooring","wigos_ref":"0-22000-0-4600053","country_name":"USA","country_ship":null,"goos_networks":"MBN","ptf_family_name":"Moored Buoy","country_iso_reporting":"US","country_sensor_provider":null}},{"type":"Feature","geometry":{"type":"Point","coordinates":[-120.2,33.7]},"properties":{"ptf_id":488369,"ptf_ref":"4600069","category":"moored_buoys","ptf_model":"Meteo mooring","wigos_ref":"0-22000-0-4600069","country_name":"USA","country_ship":null,"goos_networks":"MBN","ptf_family_name":"Moored Buoy","country_iso_reporting":"US","country_sensor_provider":null}},{"type":"Feature","geometry":{"type":"Point","coordinates":[-94.1,22.1]},"properties":{"ptf_id":489849,"ptf_ref":"4200055","category":"moored_buoys","ptf_model":"Meteo mooring","wigos_ref":"0-22000-0-4200055","country_name":"USA","country_ship":null,"goos_networks":"MBN","ptf_family_name":"Moored Buoy","country_iso_reporting":"US","country_sensor_provider":null}},{"type":"Feature","geometry":{"type":"Point","coordinates":[129.78,36.35]},"properties":{"ptf_id":491222,"ptf_ref":"2200106","category":"moored_buoys","ptf_model":"Other Met Moored Buoy","wigos_ref":"0-22000-0-2200106","country_name":"SOUTH KOREA","country_ship":null,"goos_networks":"MBN","ptf_family_name":"Moored Buoy","country_iso_reporting":"KR","country_sensor_provider":null}},{"type":"Feature","geometry":{"type":"Point","coordinates":[126.03,33.08]},"properties":{"ptf_id":491223,"ptf_ref":"2200107","category":"moored_buoys","ptf_model":"Other Met Moored Buoy","wigos_ref":"0-22000-0-2200107","country_name":"SOUTH KOREA","country_ship":null,"goos_networks":"MBN","ptf_family_name":"Moored Buoy","country_iso_reporting":"KR","country_sensor_provider":null}},{"type":"Feature","geometry":{"type":"Point","coordinates":[-77.4,34]},"properties":{"ptf_id":492473,"ptf_ref":"4100037","category":"moored_buoys","ptf_model":"Meteo mooring","wigos_ref":"0-22000-0-4100037","country_name":"USA","country_ship":null,"goos_networks":"MBN","ptf_family_name":"Moored Buoy","country_iso_reporting":"US","country_sensor_provider":null}},{"type":"Feature","geometry":{"type":"Point","coordinates":[-75,31.7]},"properties":{"ptf_id":492618,"ptf_ref":"4100002","category":"moored_buoys","ptf_model":"Meteo mooring","wigos_ref":"0-22000-0-4100002","country_name":"USA","country_ship":null,"goos_networks":"MBN","ptf_family_name":"Moored Buoy","country_iso_reporting":"US","country_sensor_provider":null}},{"type":"Feature","geometry":{"type":"Point","coordinates":[-80.2,28.5]},"properties":{"ptf_id":492621,"ptf_ref":"4100009","category":"moored_buoys","ptf_model":"Meteo mooring","wigos_ref":"0-22000-0-4100009","country_name":"USA","country_ship":null,"goos_networks":"MBN","ptf_family_name":"Moored Buoy","country_iso_reporting":"US","country_sensor_provider":null}},{"type":"Feature","geometry":{"type":"Point","coordinates":[-78.5,28.9]},"properties":{"ptf_id":492622,"ptf_ref":"4100010","category":"moored_buoys","ptf_model":"Meteo mooring","wigos_ref":"0-22000-0-4100010","country_name":"USA","country_ship":null,"goos_networks":"MBN","ptf_family_name":"Moored Buoy","country_iso_reporting":"US","country_sensor_provider":null}},{"type":"Feature","geometry":{"type":"Point","coordinates":[-64.9,21.1]},"properties":{"ptf_id":492629,"ptf_ref":"4100043","category":"moored_buoys","ptf_model":"Meteo mooring","wigos_ref":"0-22000-0-4100043","country_name":"USA","country_ship":null,"goos_networks":"MBN","ptf_family_name":"Moored Buoy","country_iso_reporting":"US","country_sensor_provider":null}},{"type":"Feature","geometry":{"type":"Point","coordinates":[-68.3,23.8]},"properties":{"ptf_id":492630,"ptf_ref":"4100046","category":"moored_buoys","ptf_model":"Meteo mooring","wigos_ref":"0-22000-0-4100046","country_name":"USA","country_ship":null,"goos_networks":"MBN","ptf_family_name":"Moored Buoy","country_iso_reporting":"US","country_sensor_provider":null}},{"type":"Feature","geometry":{"type":"Point","coordinates":[-93.8,26]},"properties":{"ptf_id":492632,"ptf_ref":"4200002","category":"moored_buoys","ptf_model":"Meteo mooring","wigos_ref":"0-22000-0-4200002","country_name":"USA","country_ship":null,"goos_networks":"MBN","ptf_family_name":"Moored Buoy","country_iso_reporting":"US","country_sensor_provider":null}},{"type":"Feature","geometry":{"type":"Point","coordinates":[-94.4,29.2]},"properties":{"ptf_id":492637,"ptf_ref":"4200035","category":"moored_buoys","ptf_model":"Meteo mooring","wigos_ref":"0-22000-0-4200035","country_name":"USA","country_ship":null,"goos_networks":"MBN","ptf_family_name":"Moored Buoy","country_iso_reporting":"US","country_sensor_provider":null}},{"type":"Feature","geometry":{"type":"Point","coordinates":[-75.9,14.1]},"properties":{"ptf_id":492642,"ptf_ref":"4200058","category":"moored_buoys","ptf_model":"Meteo mooring","wigos_ref":"0-22000-0-4200058","country_name":"USA","country_ship":null,"goos_networks":"MBN","ptf_family_name":"Moored Buoy","country_iso_reporting":"US","country_sensor_provider":null}},{"type":"Feature","geometry":{"type":"Point","coordinates":[-74.8,36.6]},"properties":{"ptf_id":492646,"ptf_ref":"4400014","category":"moored_buoys","ptf_model":"Meteo mooring","wigos_ref":"0-22000-0-4400014","country_name":"USA","country_ship":null,"goos_networks":"MBN","ptf_family_name":"Moored Buoy","country_iso_reporting":"US","country_sensor_provider":null}},{"type":"Feature","geometry":{"type":"Point","coordinates":[-67.3,44.3]},"properties":{"ptf_id":492650,"ptf_ref":"4400027","category":"moored_buoys","ptf_model":"Meteo mooring","wigos_ref":"0-22000-0-4400027","country_name":"USA","country_ship":null,"goos_networks":"MBN","ptf_family_name":"Moored Buoy","country_iso_reporting":"US","country_sensor_provider":null}},{"type":"Feature","geometry":{"type":"Point","coordinates":[-148,56.3]},"properties":{"ptf_id":492652,"ptf_ref":"4600001","category":"moored_buoys","ptf_model":"Meteo mooring","wigos_ref":"0-22000-0-4600001","country_name":"USA","country_ship":null,"goos_networks":"MBN","ptf_family_name":"Moored Buoy","country_iso_reporting":"US","country_sensor_provider":null}},{"type":"Feature","geometry":{"type":"Point","coordinates":[-121,34.9]},"properties":{"ptf_id":492655,"ptf_ref":"4600011","category":"moored_buoys","ptf_model":"Meteo mooring","wigos_ref":"0-22000-0-4600011","country_name":"USA","country_ship":null,"goos_networks":"MBN","ptf_family_name":"Moored Buoy","country_iso_reporting":"US","country_sensor_provider":null}},{"type":"Feature","geometry":{"type":"Point","coordinates":[-124.8,42.8]},"properties":{"ptf_id":492658,"ptf_ref":"4600015","category":"moored_buoys","ptf_model":"Meteo mooring","wigos_ref":"0-22000-0-4600015","country_name":"USA","country_ship":null,"goos_networks":"MBN","ptf_family_name":"Moored Buoy","country_iso_reporting":"US","country_sensor_provider":null}},{"type":"Feature","geometry":{"type":"Point","coordinates":[-119.1,33.8]},"properties":{"ptf_id":492660,"ptf_ref":"4600025","category":"moored_buoys","ptf_model":"Meteo mooring","wigos_ref":"0-22000-0-4600025","country_name":"USA","country_ship":null,"goos_networks":"MBN","ptf_family_name":"Moored Buoy","country_iso_reporting":"US","country_sensor_provider":null}},{"type":"Feature","geometry":{"type":"Point","coordinates":[-124.4,41.8]},"properties":{"ptf_id":492662,"ptf_ref":"4600027","category":"moored_buoys","ptf_model":"Meteo mooring","wigos_ref":"0-22000-0-4600027","country_name":"USA","country_ship":null,"goos_networks":"MBN","ptf_family_name":"Moored Buoy","country_iso_reporting":"US","country_sensor_provider":null}},{"type":"Feature","geometry":{"type":"Point","coordinates":[-121.9,35.8]},"properties":{"ptf_id":492663,"ptf_ref":"4600028","category":"moored_buoys","ptf_model":"Meteo mooring","wigos_ref":"0-22000-0-4600028","country_name":"USA","country_ship":null,"goos_networks":"MBN","ptf_family_name":"Moored Buoy","country_iso_reporting":"US","country_sensor_provider":null}},{"type":"Feature","geometry":{"type":"Point","coordinates":[-124.5,46.1]},"properties":{"ptf_id":492664,"ptf_ref":"4600029","category":"moored_buoys","ptf_model":"Meteo mooring","wigos_ref":"0-22000-0-4600029","country_name":"USA","country_ship":null,"goos_networks":"MBN","ptf_family_name":"Moored Buoy","country_iso_reporting":"US","country_sensor_provider":null}},{"type":"Feature","geometry":{"type":"Point","coordinates":[-119.5,32.4]},"properties":{"ptf_id":492667,"ptf_ref":"4600047","category":"moored_buoys","ptf_model":"Meteo mooring","wigos_ref":"0-22000-0-4600047","country_name":"USA","country_ship":null,"goos_networks":"MBN","ptf_family_name":"Moored Buoy","country_iso_reporting":"US","country_sensor_provider":null}},{"type":"Feature","geometry":{"type":"Point","coordinates":[-146.8,60.6]},"properties":{"ptf_id":492670,"ptf_ref":"4600060","category":"moored_buoys","ptf_model":"Meteo mooring","wigos_ref":"0-22000-0-4600060","country_name":"USA","country_ship":null,"goos_networks":"MBN","ptf_family_name":"Moored Buoy","country_iso_reporting":"US","country_sensor_provider":null}},{"type":"Feature","geometry":{"type":"Point","coordinates":[-146.8,60.2]},"properties":{"ptf_id":492671,"ptf_ref":"4600061","category":"moored_buoys","ptf_model":"Meteo mooring","wigos_ref":"0-22000-0-4600061","country_name":"USA","country_ship":null,"goos_networks":"MBN","ptf_family_name":"Moored Buoy","country_iso_reporting":"US","country_sensor_provider":null}},{"type":"Feature","geometry":{"type":"Point","coordinates":[-172.1,51.6]},"properties":{"ptf_id":492674,"ptf_ref":"4600072","category":"moored_buoys","ptf_model":"Meteo mooring","wigos_ref":"0-22000-0-4600072","country_name":"USA","country_ship":null,"goos_networks":"MBN","ptf_family_name":"Moored Buoy","country_iso_reporting":"US","country_sensor_provider":null}},{"type":"Feature","geometry":{"type":"Point","coordinates":[-160.8,53.9]},"properties":{"ptf_id":492676,"ptf_ref":"4600075","category":"moored_buoys","ptf_model":"Meteo mooring","wigos_ref":"0-22000-0-4600075","country_name":"USA","country_ship":null,"goos_networks":"MBN","ptf_family_name":"Moored Buoy","country_iso_reporting":"US","country_sensor_provider":null}},{"type":"Feature","geometry":{"type":"Point","coordinates":[1.6,60.6]},"properties":{"ptf_id":493309,"ptf_ref":"6300055","category":"moored_buoys","ptf_model":"Other Fixed Platform","wigos_ref":"0-22000-0-6300055","country_name":"UK","country_ship":null,"goos_networks":"MBN","ptf_family_name":"Other Fixed Station","country_iso_reporting":"GB","country_sensor_provider":null}},{"type":"Feature","geometry":{"type":"Point","coordinates":[-70.3,41.5]},"properties":{"ptf_id":493663,"ptf_ref":"4400020","category":"moored_buoys","ptf_model":"Meteo mooring","wigos_ref":"0-22000-0-4400020","country_name":"USA","country_ship":null,"goos_networks":"MBN","ptf_family_name":"Moored Buoy","country_iso_reporting":"US","country_sensor_provider":null}},{"type":"Feature","geometry":{"type":"Point","coordinates":[1.5,53.6]},"properties":{"ptf_id":493943,"ptf_ref":"6200148","category":"moored_buoys","ptf_model":"Other Fixed Platform","wigos_ref":"0-22000-0-6200148","country_name":"UK","country_ship":null,"goos_networks":"MBN","ptf_family_name":"Other Fixed Station","country_iso_reporting":"GB","country_sensor_provider":null}},{"type":"Feature","geometry":{"type":"Point","coordinates":[-162.1,24.3]},"properties":{"ptf_id":494735,"ptf_ref":"5100101","category":"moored_buoys","ptf_model":"Meteo mooring","wigos_ref":"0-22000-0-5100101","country_name":"USA","country_ship":null,"goos_networks":"MBN","ptf_family_name":"Moored Buoy","country_iso_reporting":"US","country_sensor_provider":null}},{"type":"Feature","geometry":{"type":"Point","coordinates":[-160.6,19.2]},"properties":{"ptf_id":494738,"ptf_ref":"5100003","category":"moored_buoys","ptf_model":"Meteo mooring","wigos_ref":"0-22000-0-5100003","country_name":"USA","country_ship":null,"goos_networks":"MBN","ptf_family_name":"Moored Buoy","country_iso_reporting":"US","country_sensor_provider":null}},{"type":"Feature","geometry":{"type":"Point","coordinates":[-153.8,23.5]},"properties":{"ptf_id":494739,"ptf_ref":"5100000","category":"moored_buoys","ptf_model":"Meteo mooring","wigos_ref":"0-22000-0-5100000","country_name":"USA","country_ship":null,"goos_networks":"MBN","ptf_family_name":"Moored Buoy","country_iso_reporting":"US","country_sensor_provider":null}},{"type":"Feature","geometry":{"type":"Point","coordinates":[-63.2,16.4]},"properties":{"ptf_id":494743,"ptf_ref":"4200060","category":"moored_buoys","ptf_model":"Meteo mooring","wigos_ref":"0-22000-0-4200060","country_name":"USA","country_ship":null,"goos_networks":"MBN","ptf_family_name":"Moored Buoy","country_iso_reporting":"US","country_sensor_provider":null}},{"type":"Feature","geometry":{"type":"Point","coordinates":[-148,59.5]},"properties":{"ptf_id":494745,"ptf_ref":"4600076","category":"moored_buoys","ptf_model":"Meteo mooring","wigos_ref":"0-22000-0-4600076","country_name":"USA","country_ship":null,"goos_networks":"MBN","ptf_family_name":"Moored Buoy","country_iso_reporting":"US","country_sensor_provider":null}},{"type":"Feature","geometry":{"type":"Point","coordinates":[-58.6,21.6]},"properties":{"ptf_id":494805,"ptf_ref":"4100044","category":"moored_buoys","ptf_model":"Meteo mooring","wigos_ref":"0-22000-0-4100044","country_name":"USA","country_ship":null,"goos_networks":"MBN","ptf_family_name":"Moored Buoy","country_iso_reporting":"US","country_sensor_provider":null}},{"type":"Feature","geometry":{"type":"Point","coordinates":[-62.3,27.5]},"properties":{"ptf_id":494806,"ptf_ref":"4100049","category":"moored_buoys","ptf_model":"Meteo mooring","wigos_ref":"0-22000-0-4100049","country_name":"USA","country_ship":null,"goos_networks":"MBN","ptf_family_name":"Moored Buoy","country_iso_reporting":"US","country_sensor_provider":null}},{"type":"Feature","geometry":{"type":"Point","coordinates":[-84.5,28.5]},"properties":{"ptf_id":494807,"ptf_ref":"4200036","category":"moored_buoys","ptf_model":"Meteo mooring","wigos_ref":"0-22000-0-4200036","country_name":"USA","country_ship":null,"goos_networks":"MBN","ptf_family_name":"Moored Buoy","country_iso_reporting":"US","country_sensor_provider":null}},{"type":"Feature","geometry":{"type":"Point","coordinates":[-120.5,34.3]},"properties":{"ptf_id":494813,"ptf_ref":"4600054","category":"moored_buoys","ptf_model":"Meteo mooring","wigos_ref":"0-22000-0-4600054","country_name":"USA","country_ship":null,"goos_networks":"MBN","ptf_family_name":"Moored Buoy","country_iso_reporting":"US","country_sensor_provider":null}},{"type":"Feature","geometry":{"type":"Point","coordinates":[-69.4,43.7]},"properties":{"ptf_id":495398,"ptf_ref":"4400032","category":"moored_buoys","ptf_model":"Meteo mooring","wigos_ref":"0-22000-0-4400032","country_name":"USA","country_ship":null,"goos_networks":"MBN","ptf_family_name":"Moored Buoy","country_iso_reporting":"US","country_sensor_provider":null}},{"type":"Feature","geometry":{"type":"Point","coordinates":[-69,44.1]},"properties":{"ptf_id":495399,"ptf_ref":"4400033","category":"moored_buoys","ptf_model":"Meteo mooring","wigos_ref":"0-22000-0-4400033","country_name":"USA","country_ship":null,"goos_networks":"MBN","ptf_family_name":"Moored Buoy","country_iso_reporting":"US","country_sensor_provider":null}},{"type":"Feature","geometry":{"type":"Point","coordinates":[-68.1,44.1]},"properties":{"ptf_id":495400,"ptf_ref":"4400034","category":"moored_buoys","ptf_model":"Meteo mooring","wigos_ref":"0-22000-0-4400034","country_name":"USA","country_ship":null,"goos_networks":"MBN","ptf_family_name":"Moored Buoy","country_iso_reporting":"US","country_sensor_provider":null}},{"type":"Feature","geometry":{"type":"Point","coordinates":[-76.3,38]},"properties":{"ptf_id":495403,"ptf_ref":"4400042","category":"moored_buoys","ptf_model":"Meteo mooring","wigos_ref":"0-22000-0-4400042","country_name":"USA","country_ship":null,"goos_networks":"MBN","ptf_family_name":"Moored Buoy","country_iso_reporting":"US","country_sensor_provider":null}},{"type":"Feature","geometry":{"type":"Point","coordinates":[-75.7,36.2]},"properties":{"ptf_id":495406,"ptf_ref":"4400056","category":"moored_buoys","ptf_model":"Meteo mooring","wigos_ref":"0-22000-0-4400056","country_name":"USA","country_ship":null,"goos_networks":"MBN","ptf_family_name":"Moored Buoy","country_iso_reporting":"US","country_sensor_provider":null}},{"type":"Feature","geometry":{"type":"Point","coordinates":[-76.3,37.6]},"properties":{"ptf_id":495408,"ptf_ref":"4400058","category":"moored_buoys","ptf_model":"Meteo mooring","wigos_ref":"0-22000-0-4400058","country_name":"USA","country_ship":null,"goos_networks":"MBN","ptf_family_name":"Moored Buoy","country_iso_reporting":"US","country_sensor_provider":null}},{"type":"Feature","geometry":{"type":"Point","coordinates":[-70.2,42.8]},"properties":{"ptf_id":495411,"ptf_ref":"4400098","category":"moored_buoys","ptf_model":"Meteo mooring","wigos_ref":"0-22000-0-4400098","country_name":"USA","country_ship":null,"goos_networks":"MBN","ptf_family_name":"Moored Buoy","country_iso_reporting":"US","country_sensor_provider":null}},{"type":"Feature","geometry":{"type":"Point","coordinates":[-75.7,36.9]},"properties":{"ptf_id":495412,"ptf_ref":"4400099","category":"moored_buoys","ptf_model":"Meteo mooring","wigos_ref":"0-22000-0-4400099","country_name":"USA","country_ship":null,"goos_networks":"MBN","ptf_family_name":"Moored Buoy","country_iso_reporting":"US","country_sensor_provider":null}},{"type":"Feature","geometry":{"type":"Point","coordinates":[-138.85,53.915]},"properties":{"ptf_id":495433,"ptf_ref":"4600184","category":"moored_buoys","ptf_model":"Meteo mooring","wigos_ref":"0-22000-0-4600184","country_name":"USA","country_ship":null,"goos_networks":"MBN","ptf_family_name":"Moored Buoy","country_iso_reporting":"US","country_sensor_provider":null}},{"type":"Feature","geometry":{"type":"Point","coordinates":[-124.2,46.9]},"properties":{"ptf_id":495434,"ptf_ref":"4600211","category":"moored_buoys","ptf_model":"Meteo mooring","wigos_ref":"0-22000-0-4600211","country_name":"USA","country_ship":null,"goos_networks":"MBN","ptf_family_name":"Moored Buoy","country_iso_reporting":"US","country_sensor_provider":null}},{"type":"Feature","geometry":{"type":"Point","coordinates":[-124.7,40.3]},"properties":{"ptf_id":495436,"ptf_ref":"4600213","category":"moored_buoys","ptf_model":"Meteo mooring","wigos_ref":"0-22000-0-4600213","country_name":"USA","country_ship":null,"goos_networks":"MBN","ptf_family_name":"Moored Buoy","country_iso_reporting":"US","country_sensor_provider":null}},{"type":"Feature","geometry":{"type":"Point","coordinates":[-123.5,37.9]},"properties":{"ptf_id":495437,"ptf_ref":"4600214","category":"moored_buoys","ptf_model":"Meteo mooring","wigos_ref":"0-22000-0-4600214","country_name":"USA","country_ship":null,"goos_networks":"MBN","ptf_family_name":"Moored Buoy","country_iso_reporting":"US","country_sensor_provider":null}},{"type":"Feature","geometry":{"type":"Point","coordinates":[-120.9,35.2]},"properties":{"ptf_id":495438,"ptf_ref":"4600215","category":"moored_buoys","ptf_model":"Meteo mooring","wigos_ref":"0-22000-0-4600215","country_name":"USA","country_ship":null,"goos_networks":"MBN","ptf_family_name":"Moored Buoy","country_iso_reporting":"US","country_sensor_provider":null}},{"type":"Feature","geometry":{"type":"Point","coordinates":[-120.8,34.5]},"properties":{"ptf_id":495441,"ptf_ref":"4600218","category":"moored_buoys","ptf_model":"Meteo mooring","wigos_ref":"0-22000-0-4600218","country_name":"USA","country_ship":null,"goos_networks":"MBN","ptf_family_name":"Moored Buoy","country_iso_reporting":"US","country_sensor_provider":null}},{"type":"Feature","geometry":{"type":"Point","coordinates":[-118.6,33.9]},"properties":{"ptf_id":495442,"ptf_ref":"4600221","category":"moored_buoys","ptf_model":"Meteo mooring","wigos_ref":"0-22000-0-4600221","country_name":"USA","country_ship":null,"goos_networks":"MBN","ptf_family_name":"Moored Buoy","country_iso_reporting":"US","country_sensor_provider":null}},{"type":"Feature","geometry":{"type":"Point","coordinates":[-118.3,33.6]},"properties":{"ptf_id":495443,"ptf_ref":"4600222","category":"moored_buoys","ptf_model":"Meteo mooring","wigos_ref":"0-22000-0-4600222","country_name":"USA","country_ship":null,"goos_networks":"MBN","ptf_family_name":"Moored Buoy","country_iso_reporting":"US","country_sensor_provider":null}},{"type":"Feature","geometry":{"type":"Point","coordinates":[-117.5,33.2]},"properties":{"ptf_id":495445,"ptf_ref":"4600224","category":"moored_buoys","ptf_model":"Meteo mooring","wigos_ref":"0-22000-0-4600224","country_name":"USA","country_ship":null,"goos_networks":"MBN","ptf_family_name":"Moored Buoy","country_iso_reporting":"US","country_sensor_provider":null}},{"type":"Feature","geometry":{"type":"Point","coordinates":[-117.4,32.9]},"properties":{"ptf_id":495446,"ptf_ref":"4600225","category":"moored_buoys","ptf_model":"Meteo mooring","wigos_ref":"0-22000-0-4600225","country_name":"USA","country_ship":null,"goos_networks":"MBN","ptf_family_name":"Moored Buoy","country_iso_reporting":"US","country_sensor_provider":null}},{"type":"Feature","geometry":{"type":"Point","coordinates":[-124.6,43.8]},"properties":{"ptf_id":495447,"ptf_ref":"4600229","category":"moored_buoys","ptf_model":"Meteo mooring","wigos_ref":"0-22000-0-4600229","country_name":"USA","country_ship":null,"goos_networks":"MBN","ptf_family_name":"Moored Buoy","country_iso_reporting":"US","country_sensor_provider":null}},{"type":"Feature","geometry":{"type":"Point","coordinates":[-117.4,32.5]},"properties":{"ptf_id":495449,"ptf_ref":"4600232","category":"moored_buoys","ptf_model":"Meteo mooring","wigos_ref":"0-22000-0-4600232","country_name":"USA","country_ship":null,"goos_networks":"MBN","ptf_family_name":"Moored Buoy","country_iso_reporting":"US","country_sensor_provider":null}},{"type":"Feature","geometry":{"type":"Point","coordinates":[-122.1,36.3]},"properties":{"ptf_id":495454,"ptf_ref":"4600239","category":"moored_buoys","ptf_model":"Meteo mooring","wigos_ref":"0-22000-0-4600239","country_name":"USA","country_ship":null,"goos_networks":"MBN","ptf_family_name":"Moored Buoy","country_iso_reporting":"US","country_sensor_provider":null}},{"type":"Feature","geometry":{"type":"Point","coordinates":[0,58.3]},"properties":{"ptf_id":495460,"ptf_ref":"6200114","category":"moored_buoys","ptf_model":"Other Fixed Platform","wigos_ref":"0-22000-0-6200114","country_name":"UK","country_ship":null,"goos_networks":"MBN","ptf_family_name":"Other Fixed Station","country_iso_reporting":"GB","country_sensor_provider":null}},{"type":"Feature","geometry":{"type":"Point","coordinates":[1.1,57.6]},"properties":{"ptf_id":495461,"ptf_ref":"6200116","category":"moored_buoys","ptf_model":"Other Fixed Platform","wigos_ref":"0-22000-0-6200116","country_name":"UK","country_ship":null,"goos_networks":"MBN","ptf_family_name":"Other Fixed Station","country_iso_reporting":"GB","country_sensor_provider":null}},{"type":"Feature","geometry":{"type":"Point","coordinates":[0.9,57.7]},"properties":{"ptf_id":495463,"ptf_ref":"6200118","category":"moored_buoys","ptf_model":"Other Fixed Platform","wigos_ref":"0-22000-0-6200118","country_name":"UK","country_ship":null,"goos_networks":"MBN","ptf_family_name":"Other Fixed Station","country_iso_reporting":"GB","country_sensor_provider":null}},{"type":"Feature","geometry":{"type":"Point","coordinates":[1.9,57]},"properties":{"ptf_id":495464,"ptf_ref":"6200119","category":"moored_buoys","ptf_model":"Other Fixed Platform","wigos_ref":"0-22000-0-6200119","country_name":"UK","country_ship":null,"goos_networks":"MBN","ptf_family_name":"Other Fixed Station","country_iso_reporting":"GB","country_sensor_provider":null}},{"type":"Feature","geometry":{"type":"Point","coordinates":[2.1,56.4]},"properties":{"ptf_id":495465,"ptf_ref":"6200120","category":"moored_buoys","ptf_model":"Other Fixed Platform","wigos_ref":"0-22000-0-6200120","country_name":"UK","country_ship":null,"goos_networks":"MBN","ptf_family_name":"Other Fixed Station","country_iso_reporting":"GB","country_sensor_provider":null}},{"type":"Feature","geometry":{"type":"Point","coordinates":[2.7,53.5]},"properties":{"ptf_id":495466,"ptf_ref":"6200121","category":"moored_buoys","ptf_model":"Other Fixed Platform","wigos_ref":"0-22000-0-6200121","country_name":"UK","country_ship":null,"goos_networks":"MBN","ptf_family_name":"Other Fixed Station","country_iso_reporting":"GB","country_sensor_provider":null}},{"type":"Feature","geometry":{"type":"Point","coordinates":[0.9,57.1]},"properties":{"ptf_id":495471,"ptf_ref":"6200133","category":"moored_buoys","ptf_model":"Other Fixed Platform","wigos_ref":"0-22000-0-6200133","country_name":"UK","country_ship":null,"goos_networks":"MBN","ptf_family_name":"Other Fixed Station","country_iso_reporting":"GB","country_sensor_provider":null}},{"type":"Feature","geometry":{"type":"Point","coordinates":[1.4,58]},"properties":{"ptf_id":495472,"ptf_ref":"6200134","category":"moored_buoys","ptf_model":"Other Fixed Platform","wigos_ref":"0-22000-0-6200134","country_name":"UK","country_ship":null,"goos_networks":"MBN","ptf_family_name":"Other Fixed Station","country_iso_reporting":"GB","country_sensor_provider":null}},{"type":"Feature","geometry":{"type":"Point","coordinates":[0,57.9]},"properties":{"ptf_id":495476,"ptf_ref":"6200141","category":"moored_buoys","ptf_model":"Other Fixed Platform","wigos_ref":"0-22000-0-6200141","country_name":"UK","country_ship":null,"goos_networks":"MBN","ptf_family_name":"Other Fixed Station","country_iso_reporting":"GB","country_sensor_provider":null}},{"type":"Feature","geometry":{"type":"Point","coordinates":[1.8,57.7]},"properties":{"ptf_id":495478,"ptf_ref":"6200143","category":"moored_buoys","ptf_model":"Other Fixed Platform","wigos_ref":"0-22000-0-6200143","country_name":"UK","country_ship":null,"goos_networks":"MBN","ptf_family_name":"Other Fixed Station","country_iso_reporting":"GB","country_sensor_provider":null}},{"type":"Feature","geometry":{"type":"Point","coordinates":[1.7,53.4]},"properties":{"ptf_id":495479,"ptf_ref":"6200144","category":"moored_buoys","ptf_model":"Other Fixed Platform","wigos_ref":"0-22000-0-6200144","country_name":"UK","country_ship":null,"goos_networks":"MBN","ptf_family_name":"Other Fixed Station","country_iso_reporting":"GB","country_sensor_provider":null}},{"type":"Feature","geometry":{"type":"Point","coordinates":[-124.4,40.9]},"properties":{"ptf_id":497878,"ptf_ref":"4600244","category":"moored_buoys","ptf_model":"WAVEBUOY","wigos_ref":"0-22000-0-4600244","country_name":"USA","country_ship":null,"goos_networks":"MBN","ptf_family_name":"Moored Buoy","country_iso_reporting":"US","country_sensor_provider":null}},{"type":"Feature","geometry":{"type":"Point","coordinates":[0.7,53.6]},"properties":{"ptf_id":505088,"ptf_ref":"6200150","category":"moored_buoys","ptf_model":"Other Fixed Platform","wigos_ref":"0-22000-0-6200150","country_name":"UK","country_ship":null,"goos_networks":"MBN","ptf_family_name":"Other Fixed Station","country_iso_reporting":"GB","country_sensor_provider":null}},{"type":"Feature","geometry":{"type":"Point","coordinates":[2,57.3]},"properties":{"ptf_id":505089,"ptf_ref":"6200153","category":"moored_buoys","ptf_model":"Other Fixed Platform","wigos_ref":"0-22000-0-6200153","country_name":"UK","country_ship":null,"goos_networks":"MBN","ptf_family_name":"Other Fixed Station","country_iso_reporting":"GB","country_sensor_provider":null}},{"type":"Feature","geometry":{"type":"Point","coordinates":[2.2,56.4]},"properties":{"ptf_id":505090,"ptf_ref":"6200154","category":"moored_buoys","ptf_model":"Other Fixed Platform","wigos_ref":"0-22000-0-6200154","country_name":"UK","country_ship":null,"goos_networks":"MBN","ptf_family_name":"Other Fixed Station","country_iso_reporting":"GB","country_sensor_provider":null}},{"type":"Feature","geometry":{"type":"Point","coordinates":[0.7,57.7]},"properties":{"ptf_id":505091,"ptf_ref":"6200155","category":"moored_buoys","ptf_model":"Other Fixed Platform","wigos_ref":"0-22000-0-6200155","country_name":"UK","country_ship":null,"goos_networks":"MBN","ptf_family_name":"Other Fixed Station","country_iso_reporting":"GB","country_sensor_provider":null}},{"type":"Feature","geometry":{"type":"Point","coordinates":[-2.5,60.6]},"properties":{"ptf_id":505135,"ptf_ref":"6400041","category":"moored_buoys","ptf_model":"Other Fixed Platform","wigos_ref":"0-22000-0-6400041","country_name":"UK","country_ship":null,"goos_networks":"MBN","ptf_family_name":"Other Fixed Station","country_iso_reporting":"GB","country_sensor_provider":null}},{"type":"Feature","geometry":{"type":"Point","coordinates":[-119.9,33.2]},"properties":{"ptf_id":505145,"ptf_ref":"4600219","category":"moored_buoys","ptf_model":"WAVEBUOY","wigos_ref":"0-22000-0-4600219","country_name":"USA","country_ship":null,"goos_networks":"MBN","ptf_family_name":"Moored Buoy","country_iso_reporting":"US","country_sensor_provider":null}},{"type":"Feature","geometry":{"type":"Point","coordinates":[1.5,59.6]},"properties":{"ptf_id":506644,"ptf_ref":"6300109","category":"moored_buoys","ptf_model":"Other Fixed Platform","wigos_ref":"0-22000-0-6300109","country_name":"UK","country_ship":null,"goos_networks":"MBN","ptf_family_name":"Other Fixed Station","country_iso_reporting":"GB","country_sensor_provider":null}},{"type":"Feature","geometry":{"type":"Point","coordinates":[6.205,42.967]},"properties":{"ptf_id":511558,"ptf_ref":"6100021","category":"moored_buoys","ptf_model":"Datawell Directional Waverider MkIII","wigos_ref":"0-22000-0-6100021","country_name":"FRANCE","country_ship":null,"goos_networks":"MBN","ptf_family_name":"Moored Buoy","country_iso_reporting":"FR","country_sensor_provider":null}},{"type":"Feature","geometry":{"type":"Point","coordinates":[9.643,42.262]},"properties":{"ptf_id":511559,"ptf_ref":"6100295","category":"moored_buoys","ptf_model":"Datawell Directional Waverider MkIII","wigos_ref":"0-22000-0-6100295","country_name":"FRANCE","country_ship":null,"goos_networks":"MBN","ptf_family_name":"Moored Buoy","country_iso_reporting":"FR","country_sensor_provider":null}},{"type":"Feature","geometry":{"type":"Point","coordinates":[126.14,33.79]},"properties":{"ptf_id":512544,"ptf_ref":"2200184","category":"moored_buoys","ptf_model":"Discus-3","wigos_ref":"0-22000-0-2200184","country_name":"SOUTH KOREA","country_ship":null,"goos_networks":"MBN","ptf_family_name":"Moored Buoy","country_iso_reporting":"KR","country_sensor_provider":null}},{"type":"Feature","geometry":{"type":"Point","coordinates":[-3.6,53.6]},"properties":{"ptf_id":512549,"ptf_ref":"6200124","category":"moored_buoys","ptf_model":"Other Fixed Platform","wigos_ref":"0-22000-0-6200124","country_name":"UK","country_ship":null,"goos_networks":"MBN","ptf_family_name":"Other Fixed Station","country_iso_reporting":"GB","country_sensor_provider":null}},{"type":"Feature","geometry":{"type":"Point","coordinates":[1.2,58.6]},"properties":{"ptf_id":512550,"ptf_ref":"6200130","category":"moored_buoys","ptf_model":"Other Fixed Platform","wigos_ref":"0-22000-0-6200130","country_name":"UK","country_ship":null,"goos_networks":"MBN","ptf_family_name":"Other Fixed Station","country_iso_reporting":"GB","country_sensor_provider":null}},{"type":"Feature","geometry":{"type":"Point","coordinates":[1.6,54.2]},"properties":{"ptf_id":512551,"ptf_ref":"6200135","category":"moored_buoys","ptf_model":"Other Fixed Platform","wigos_ref":"0-22000-0-6200135","country_name":"UK","country_ship":null,"goos_networks":"MBN","ptf_family_name":"Other Fixed Station","country_iso_reporting":"GB","country_sensor_provider":null}},{"type":"Feature","geometry":{"type":"Point","coordinates":[-4,57.6]},"properties":{"ptf_id":512552,"ptf_ref":"6200137","category":"moored_buoys","ptf_model":"Other Fixed Platform","wigos_ref":"0-22000-0-6200137","country_name":"UK","country_ship":null,"goos_networks":"MBN","ptf_family_name":"Other Fixed Station","country_iso_reporting":"GB","country_sensor_provider":null}},{"type":"Feature","geometry":{"type":"Point","coordinates":[0.4,53.8]},"properties":{"ptf_id":512553,"ptf_ref":"6200138","category":"moored_buoys","ptf_model":"Other Fixed Platform","wigos_ref":"0-22000-0-6200138","country_name":"UK","country_ship":null,"goos_networks":"MBN","ptf_family_name":"Other Fixed Station","country_iso_reporting":"GB","country_sensor_provider":null}},{"type":"Feature","geometry":{"type":"Point","coordinates":[2.4,54.4]},"properties":{"ptf_id":512554,"ptf_ref":"6200158","category":"moored_buoys","ptf_model":"Other Fixed Platform","wigos_ref":"0-22000-0-6200158","country_name":"UK","country_ship":null,"goos_networks":"MBN","ptf_family_name":"Other Fixed Station","country_iso_reporting":"GB","country_sensor_provider":null}},{"type":"Feature","geometry":{"type":"Point","coordinates":[2.5,53]},"properties":{"ptf_id":512555,"ptf_ref":"6200166","category":"moored_buoys","ptf_model":"Other Fixed Platform","wigos_ref":"0-22000-0-6200166","country_name":"UK","country_ship":null,"goos_networks":"MBN","ptf_family_name":"Other Fixed Station","country_iso_reporting":"GB","country_sensor_provider":null}},{"type":"Feature","geometry":{"type":"Point","coordinates":[-0.9,57.8]},"properties":{"ptf_id":512559,"ptf_ref":"6300059","category":"moored_buoys","ptf_model":"Other Fixed Platform","wigos_ref":"0-22000-0-6300059","country_name":"UK","country_ship":null,"goos_networks":"MBN","ptf_family_name":"Other Fixed Station","country_iso_reporting":"GB","country_sensor_provider":null}},{"type":"Feature","geometry":{"type":"Point","coordinates":[2.1,53]},"properties":{"ptf_id":512560,"ptf_ref":"6300058","category":"moored_buoys","ptf_model":"Other Fixed Platform","wigos_ref":"0-22000-0-6300058","country_name":"UK","country_ship":null,"goos_networks":"MBN","ptf_family_name":"Other Fixed Station","country_iso_reporting":"GB","country_sensor_provider":null}},{"type":"Feature","geometry":{"type":"Point","coordinates":[1.5,61.3]},"properties":{"ptf_id":512561,"ptf_ref":"6300111","category":"moored_buoys","ptf_model":"Other Fixed Platform","wigos_ref":"0-22000-0-6300111","country_name":"UK","country_ship":null,"goos_networks":"MBN","ptf_family_name":"Other Fixed Station","country_iso_reporting":"GB","country_sensor_provider":null}},{"type":"Feature","geometry":{"type":"Point","coordinates":[-67.3,18.4]},"properties":{"ptf_id":514034,"ptf_ref":"4100115","category":"moored_buoys","ptf_model":"WAVEBUOY","wigos_ref":"0-22000-0-4100115","country_name":"USA","country_ship":null,"goos_networks":"MBN","ptf_family_name":"Moored Buoy","country_iso_reporting":"US","country_sensor_provider":null}},{"type":"Feature","geometry":{"type":"Point","coordinates":[-177.5,57]},"properties":{"ptf_id":514316,"ptf_ref":"4600035","category":"moored_buoys","ptf_model":"Meteo mooring","wigos_ref":"0-22000-0-4600035","country_name":"USA","country_ship":null,"goos_networks":"MBN","ptf_family_name":"Moored Buoy","country_iso_reporting":"US","country_sensor_provider":null}},{"type":"Feature","geometry":{"type":"Point","coordinates":[-171.9,55]},"properties":{"ptf_id":514317,"ptf_ref":"4600073","category":"moored_buoys","ptf_model":"Meteo mooring","wigos_ref":"0-22000-0-4600073","country_name":"USA","country_ship":null,"goos_networks":"MBN","ptf_family_name":"Moored Buoy","country_iso_reporting":"US","country_sensor_provider":null}},{"type":"Feature","geometry":{"type":"Point","coordinates":[-150.1,57.9]},"properties":{"ptf_id":514318,"ptf_ref":"4600080","category":"moored_buoys","ptf_model":"Meteo mooring","wigos_ref":"0-22000-0-4600080","country_name":"USA","country_ship":null,"goos_networks":"MBN","ptf_family_name":"Moored Buoy","country_iso_reporting":"US","country_sensor_provider":null}},{"type":"Feature","geometry":{"type":"Point","coordinates":[-143.4,59.7]},"properties":{"ptf_id":514319,"ptf_ref":"4600082","category":"moored_buoys","ptf_model":"Meteo mooring","wigos_ref":"0-22000-0-4600082","country_name":"USA","country_ship":null,"goos_networks":"MBN","ptf_family_name":"Moored Buoy","country_iso_reporting":"US","country_sensor_provider":null}},{"type":"Feature","geometry":{"type":"Point","coordinates":[-142.9,55.8]},"properties":{"ptf_id":514320,"ptf_ref":"4600085","category":"moored_buoys","ptf_model":"Meteo mooring","wigos_ref":"0-22000-0-4600085","country_name":"USA","country_ship":null,"goos_networks":"MBN","ptf_family_name":"Moored Buoy","country_iso_reporting":"US","country_sensor_provider":null}},{"type":"Feature","geometry":{"type":"Point","coordinates":[-69.3,40.5]},"properties":{"ptf_id":1004710,"ptf_ref":"4400008","category":"moored_buoys","ptf_model":"Other Met Moored Buoy","wigos_ref":"0-22000-0-4400008","country_name":"USA","country_ship":null,"goos_networks":"MBN","ptf_family_name":"Moored Buoy","country_iso_reporting":"US","country_sensor_provider":null}},{"type":"Feature","geometry":{"type":"Point","coordinates":[-148.3,60.8]},"properties":{"ptf_id":1004724,"ptf_ref":"4600081","category":"moored_buoys","ptf_model":"Other Met Moored Buoy","wigos_ref":"0-22000-0-4600081","country_name":"USA","country_ship":null,"goos_networks":"MBN","ptf_family_name":"Moored Buoy","country_iso_reporting":"US","country_sensor_provider":null}},{"type":"Feature","geometry":{"type":"Point","coordinates":[-124.6,46.1]},"properties":{"ptf_id":1004726,"ptf_ref":"4600248","category":"moored_buoys","ptf_model":"Other Met Moored Buoy","wigos_ref":"0-22000-0-4600248","country_name":"USA","country_ship":null,"goos_networks":"MBN","ptf_family_name":"Moored Buoy","country_iso_reporting":"US","country_sensor_provider":null}},{"type":"Feature","geometry":{"type":"Point","coordinates":[-118.2,33.6]},"properties":{"ptf_id":1004728,"ptf_ref":"4600253","category":"moored_buoys","ptf_model":"Other Met Moored Buoy","wigos_ref":"0-22000-0-4600253","country_name":"USA","country_ship":null,"goos_networks":"MBN","ptf_family_name":"Moored Buoy","country_iso_reporting":"US","country_sensor_provider":null}},{"type":"Feature","geometry":{"type":"Point","coordinates":[-117.3,32.9]},"properties":{"ptf_id":1004729,"ptf_ref":"4600254","category":"moored_buoys","ptf_model":"Other Met Moored Buoy","wigos_ref":"0-22000-0-4600254","country_name":"USA","country_ship":null,"goos_networks":"MBN","ptf_family_name":"Moored Buoy","country_iso_reporting":"US","country_sensor_provider":null}},{"type":"Feature","geometry":{"type":"Point","coordinates":[-124.7,47.4]},"properties":{"ptf_id":1004743,"ptf_ref":"4600041","category":"moored_buoys","ptf_model":"Other Met Moored Buoy","wigos_ref":"0-22000-0-4600041","country_name":"USA","country_ship":null,"goos_networks":"MBN","ptf_family_name":"Moored Buoy","country_iso_reporting":"US","country_sensor_provider":null}},{"type":"Feature","geometry":{"type":"Point","coordinates":[-157.8,17.1]},"properties":{"ptf_id":1004760,"ptf_ref":"5100002","category":"moored_buoys","ptf_model":"Other Met Moored Buoy","wigos_ref":"0-22000-0-5100002","country_name":"USA","country_ship":null,"goos_networks":"MBN","ptf_family_name":"Moored Buoy","country_iso_reporting":"US","country_sensor_provider":null}},{"type":"Feature","geometry":{"type":"Point","coordinates":[-159.57,22.28]},"properties":{"ptf_id":1004769,"ptf_ref":"5100208","category":"moored_buoys","ptf_model":"Datawell","wigos_ref":"0-22000-0-5100208","country_name":"USA","country_ship":null,"goos_networks":"MBN","ptf_family_name":"Moored Buoy","country_iso_reporting":"US","country_sensor_provider":null}},{"type":"Feature","geometry":{"type":"Point","coordinates":[-170.5,-14.3]},"properties":{"ptf_id":1004770,"ptf_ref":"5100209","category":"moored_buoys","ptf_model":"Datawell","wigos_ref":"0-22000-0-5100209","country_name":"USA","country_ship":null,"goos_networks":"MBN","ptf_family_name":"Moored Buoy","country_iso_reporting":"US","country_sensor_provider":null}},{"type":"Feature","geometry":{"type":"Point","coordinates":[-81.216,42.463]},"properties":{"ptf_id":1005132,"ptf_ref":"4500132","category":"moored_buoys","ptf_model":"Meteo mooring","wigos_ref":"0-22000-0-4500132","country_name":"CANADA","country_ship":null,"goos_networks":"MBN","ptf_family_name":"Moored Buoy","country_iso_reporting":"CA","country_sensor_provider":null}},{"type":"Feature","geometry":{"type":"Point","coordinates":[-76.868,43.784]},"properties":{"ptf_id":1005133,"ptf_ref":"4500135","category":"moored_buoys","ptf_model":"Meteo mooring","wigos_ref":"0-22000-0-4500135","country_name":"CANADA","country_ship":null,"goos_networks":"MBN","ptf_family_name":"Moored Buoy","country_iso_reporting":"CA","country_sensor_provider":null}},{"type":"Feature","geometry":{"type":"Point","coordinates":[-86.953,48.535]},"properties":{"ptf_id":1005134,"ptf_ref":"4500136","category":"moored_buoys","ptf_model":"Meteo mooring","wigos_ref":"0-22000-0-4500136","country_name":"CANADA","country_ship":null,"goos_networks":"MBN","ptf_family_name":"Moored Buoy","country_iso_reporting":"CA","country_sensor_provider":null}},{"type":"Feature","geometry":{"type":"Point","coordinates":[-81.015,45.544]},"properties":{"ptf_id":1005135,"ptf_ref":"4500137","category":"moored_buoys","ptf_model":"Meteo mooring","wigos_ref":"0-22000-0-4500137","country_name":"CANADA","country_ship":null,"goos_networks":"MBN","ptf_family_name":"Moored Buoy","country_iso_reporting":"CA","country_sensor_provider":null}},{"type":"Feature","geometry":{"type":"Point","coordinates":[-79.534,43.251]},"properties":{"ptf_id":1005137,"ptf_ref":"4500139","category":"moored_buoys","ptf_model":"Meteo mooring","wigos_ref":"0-22000-0-4500139","country_name":"CANADA","country_ship":null,"goos_networks":"MBN","ptf_family_name":"Moored Buoy","country_iso_reporting":"CA","country_sensor_provider":null}},{"type":"Feature","geometry":{"type":"Point","coordinates":[-96.733,50.794]},"properties":{"ptf_id":1005138,"ptf_ref":"4500140","category":"moored_buoys","ptf_model":"Meteo mooring","wigos_ref":"0-22000-0-4500140","country_name":"CANADA","country_ship":null,"goos_networks":"MBN","ptf_family_name":"Moored Buoy","country_iso_reporting":"CA","country_sensor_provider":null}},{"type":"Feature","geometry":{"type":"Point","coordinates":[-79.29,42.737]},"properties":{"ptf_id":1005140,"ptf_ref":"4500142","category":"moored_buoys","ptf_model":"Meteo mooring","wigos_ref":"0-22000-0-4500142","country_name":"CANADA","country_ship":null,"goos_networks":"MBN","ptf_family_name":"Moored Buoy","country_iso_reporting":"CA","country_sensor_provider":null}},{"type":"Feature","geometry":{"type":"Point","coordinates":[-80.627,44.945]},"properties":{"ptf_id":1005141,"ptf_ref":"4500143","category":"moored_buoys","ptf_model":"Meteo mooring","wigos_ref":"0-22000-0-4500143","country_name":"CANADA","country_ship":null,"goos_networks":"MBN","ptf_family_name":"Moored Buoy","country_iso_reporting":"CA","country_sensor_provider":null}},{"type":"Feature","geometry":{"type":"Point","coordinates":[-96.967,51.867]},"properties":{"ptf_id":1005143,"ptf_ref":"4500145","category":"moored_buoys","ptf_model":"Meteo mooring","wigos_ref":"0-22000-0-4500145","country_name":"CANADA","country_ship":null,"goos_networks":"MBN","ptf_family_name":"Moored Buoy","country_iso_reporting":"CA","country_sensor_provider":null}},{"type":"Feature","geometry":{"type":"Point","coordinates":[-82.683,42.43]},"properties":{"ptf_id":1005144,"ptf_ref":"4500147","category":"moored_buoys","ptf_model":"Meteo mooring","wigos_ref":"0-22000-0-4500147","country_name":"CANADA","country_ship":null,"goos_networks":"MBN","ptf_family_name":"Moored Buoy","country_iso_reporting":"CA","country_sensor_provider":null}},{"type":"Feature","geometry":{"type":"Point","coordinates":[-94.502,49.651]},"properties":{"ptf_id":1005145,"ptf_ref":"4500148","category":"moored_buoys","ptf_model":"Meteo mooring","wigos_ref":"0-22000-0-4500148","country_name":"CANADA","country_ship":null,"goos_networks":"MBN","ptf_family_name":"Moored Buoy","country_iso_reporting":"CA","country_sensor_provider":null}},{"type":"Feature","geometry":{"type":"Point","coordinates":[-82.075,43.542]},"properties":{"ptf_id":1005146,"ptf_ref":"4500149","category":"moored_buoys","ptf_model":"Meteo mooring","wigos_ref":"0-22000-0-4500149","country_name":"CANADA","country_ship":null,"goos_networks":"MBN","ptf_family_name":"Moored Buoy","country_iso_reporting":"CA","country_sensor_provider":null}},{"type":"Feature","geometry":{"type":"Point","coordinates":[-79.367,44.5]},"properties":{"ptf_id":1005148,"ptf_ref":"4500151","category":"moored_buoys","ptf_model":"Meteo mooring","wigos_ref":"0-22000-0-4500151","country_name":"CANADA","country_ship":null,"goos_networks":"MBN","ptf_family_name":"Moored Buoy","country_iso_reporting":"CA","country_sensor_provider":null}},{"type":"Feature","geometry":{"type":"Point","coordinates":[-79.716,46.233]},"properties":{"ptf_id":1005149,"ptf_ref":"4500152","category":"moored_buoys","ptf_model":"Meteo mooring","wigos_ref":"0-22000-0-4500152","country_name":"CANADA","country_ship":null,"goos_networks":"MBN","ptf_family_name":"Moored Buoy","country_iso_reporting":"CA","country_sensor_provider":null}},{"type":"Feature","geometry":{"type":"Point","coordinates":[-82.637,46.051]},"properties":{"ptf_id":1005150,"ptf_ref":"4500154","category":"moored_buoys","ptf_model":"Meteo mooring","wigos_ref":"0-22000-0-4500154","country_name":"CANADA","country_ship":null,"goos_networks":"MBN","ptf_family_name":"Moored Buoy","country_iso_reporting":"CA","country_sensor_provider":null}},{"type":"Feature","geometry":{"type":"Point","coordinates":[-78.984,43.767]},"properties":{"ptf_id":1005153,"ptf_ref":"4500159","category":"moored_buoys","ptf_model":"Meteo mooring","wigos_ref":"0-22000-0-4500159","country_name":"CANADA","country_ship":null,"goos_networks":"MBN","ptf_family_name":"Moored Buoy","country_iso_reporting":"CA","country_sensor_provider":null}},{"type":"Feature","geometry":{"type":"Point","coordinates":[-133.938,48.355]},"properties":{"ptf_id":1005154,"ptf_ref":"4600036","category":"moored_buoys","ptf_model":"Meteo mooring","wigos_ref":"0-22000-0-4600036","country_name":"CANADA","country_ship":null,"goos_networks":"MBN","ptf_family_name":"Moored Buoy","country_iso_reporting":"CA","country_sensor_provider":null}},{"type":"Feature","geometry":{"type":"Point","coordinates":[-128.685,51.404]},"properties":{"ptf_id":1005155,"ptf_ref":"4600204","category":"moored_buoys","ptf_model":"Other Met Moored Buoy","wigos_ref":"0-22000-0-4600204","country_name":"CANADA","country_ship":null,"goos_networks":"MBN","ptf_family_name":"Moored Buoy","country_iso_reporting":"CA","country_sensor_provider":null}},{"type":"Feature","geometry":{"type":"Point","coordinates":[6.583,54]},"properties":{"ptf_id":1005157,"ptf_ref":"6201065","category":"moored_buoys","ptf_model":"Other Fixed Platform","wigos_ref":"0-22000-100-6201065","country_name":"GERMANY","country_ship":null,"goos_networks":"MBN","ptf_family_name":"Other Fixed Station","country_iso_reporting":"DE","country_sensor_provider":null}},{"type":"Feature","geometry":{"type":"Point","coordinates":[-82.9,27.6]},"properties":{"ptf_id":1017017,"ptf_ref":"4200098","category":"moored_buoys","ptf_model":"WAVEBUOY","wigos_ref":"0-22000-0-4200098","country_name":"USA","country_ship":null,"goos_networks":"MBN","ptf_family_name":"Moored Buoy","country_iso_reporting":"US","country_sensor_provider":null}},{"type":"Feature","geometry":{"type":"Point","coordinates":[-119.6,33.8]},"properties":{"ptf_id":1017027,"ptf_ref":"4600251","category":"moored_buoys","ptf_model":"WAVEBUOY","wigos_ref":"0-22000-0-4600251","country_name":"USA","country_ship":null,"goos_networks":"MBN","ptf_family_name":"Moored Buoy","country_iso_reporting":"US","country_sensor_provider":null}},{"type":"Feature","geometry":{"type":"Point","coordinates":[-118.2,33.7]},"properties":{"ptf_id":1017029,"ptf_ref":"4600256","category":"moored_buoys","ptf_model":"WAVEBUOY","wigos_ref":"0-22000-0-4600256","country_name":"USA","country_ship":null,"goos_networks":"MBN","ptf_family_name":"Moored Buoy","country_iso_reporting":"US","country_sensor_provider":null}},{"type":"Feature","geometry":{"type":"Point","coordinates":[114.92,-30.3]},"properties":{"ptf_id":1017037,"ptf_ref":"5600004","category":"moored_buoys","ptf_model":"Datawell","wigos_ref":"0-22000-0-5600004","country_name":"AUSTRALIA","country_ship":null,"goos_networks":"MBN","ptf_family_name":"Moored Buoy","country_iso_reporting":"AU","country_sensor_provider":null}},{"type":"Feature","geometry":{"type":"Point","coordinates":[114.77,-33.53]},"properties":{"ptf_id":1017038,"ptf_ref":"5600006","category":"moored_buoys","ptf_model":"Datawell","wigos_ref":"0-22000-0-5600006","country_name":"AUSTRALIA","country_ship":null,"goos_networks":"MBN","ptf_family_name":"Moored Buoy","country_iso_reporting":"AU","country_sensor_provider":null}},{"type":"Feature","geometry":{"type":"Point","coordinates":[115.68,-31.98]},"properties":{"ptf_id":1017039,"ptf_ref":"5600008","category":"moored_buoys","ptf_model":"Datawell","wigos_ref":"0-22000-0-5600008","country_name":"AUSTRALIA","country_ship":null,"goos_networks":"MBN","ptf_family_name":"Moored Buoy","country_iso_reporting":"AU","country_sensor_provider":null}},{"type":"Feature","geometry":{"type":"Point","coordinates":[115.4,-32.1]},"properties":{"ptf_id":1017040,"ptf_ref":"5600005","category":"moored_buoys","ptf_model":"Datawell","wigos_ref":"0-22000-0-5600005","country_name":"AUSTRALIA","country_ship":null,"goos_networks":"MBN","ptf_family_name":"Moored Buoy","country_iso_reporting":"AU","country_sensor_provider":null}},{"type":"Feature","geometry":{"type":"Point","coordinates":[121.9,-34]},"properties":{"ptf_id":1017041,"ptf_ref":"5600010","category":"moored_buoys","ptf_model":"Datawell","wigos_ref":"0-22000-0-5600010","country_name":"AUSTRALIA","country_ship":null,"goos_networks":"MBN","ptf_family_name":"Moored Buoy","country_iso_reporting":"AU","country_sensor_provider":null}},{"type":"Feature","geometry":{"type":"Point","coordinates":[117.72,-35.2]},"properties":{"ptf_id":1017042,"ptf_ref":"5600011","category":"moored_buoys","ptf_model":"Datawell","wigos_ref":"0-22000-0-5600011","country_name":"AUSTRALIA","country_ship":null,"goos_networks":"MBN","ptf_family_name":"Moored Buoy","country_iso_reporting":"AU","country_sensor_provider":null}},{"type":"Feature","geometry":{"type":"Point","coordinates":[124.06,36.13]},"properties":{"ptf_id":1127177,"ptf_ref":"2200191","category":"moored_buoys","ptf_model":"Discus-10","wigos_ref":"0-22000-0-2200191","country_name":"SOUTH KOREA","country_ship":null,"goos_networks":"MBN","ptf_family_name":"Moored Buoy","country_iso_reporting":"KR","country_sensor_provider":null}},{"type":"Feature","geometry":{"type":"Point","coordinates":[123.26,34]},"properties":{"ptf_id":1127178,"ptf_ref":"2200192","category":"moored_buoys","ptf_model":"Discus-10","wigos_ref":"0-22000-0-2200192","country_name":"SOUTH KOREA","country_ship":null,"goos_networks":"MBN","ptf_family_name":"Moored Buoy","country_iso_reporting":"KR","country_sensor_provider":null}},{"type":"Feature","geometry":{"type":"Point","coordinates":[125.21,34.03]},"properties":{"ptf_id":1127179,"ptf_ref":"2200297","category":"moored_buoys","ptf_model":"Discus-3","wigos_ref":"0-22000-0-2200297","country_name":"SOUTH KOREA","country_ship":null,"goos_networks":"MBN","ptf_family_name":"Moored Buoy","country_iso_reporting":"KR","country_sensor_provider":null}},{"type":"Feature","geometry":{"type":"Point","coordinates":[125.25,34.75]},"properties":{"ptf_id":1127180,"ptf_ref":"2200298","category":"moored_buoys","ptf_model":"Discus-3","wigos_ref":"0-22000-0-2200298","country_name":"SOUTH KOREA","country_ship":null,"goos_networks":"MBN","ptf_family_name":"Moored Buoy","country_iso_reporting":"KR","country_sensor_provider":null}},{"type":"Feature","geometry":{"type":"Point","coordinates":[-76.1,37]},"properties":{"ptf_id":1135608,"ptf_ref":"4400087","category":"moored_buoys","ptf_model":"Other Met Moored Buoy","wigos_ref":"0-22000-0-4400087","country_name":"USA","country_ship":null,"goos_networks":"MBN","ptf_family_name":"Moored Buoy","country_iso_reporting":"US","country_sensor_provider":null}},{"type":"Feature","geometry":{"type":"Point","coordinates":[-70.3,41.8]},"properties":{"ptf_id":1135610,"ptf_ref":"4400090","category":"moored_buoys","ptf_model":"Other Met Moored Buoy","wigos_ref":"0-22000-0-4400090","country_name":"USA","country_ship":null,"goos_networks":"MBN","ptf_family_name":"Moored Buoy","country_iso_reporting":"US","country_sensor_provider":null}},{"type":"Feature","geometry":{"type":"Point","coordinates":[-83.3,45]},"properties":{"ptf_id":1135611,"ptf_ref":"4500162","category":"moored_buoys","ptf_model":"Other Met Moored Buoy","wigos_ref":"0-22000-0-4500162","country_name":"USA","country_ship":null,"goos_networks":"MBN","ptf_family_name":"Moored Buoy","country_iso_reporting":"US","country_sensor_provider":null}},{"type":"Feature","geometry":{"type":"Point","coordinates":[-86.3,42.4]},"properties":{"ptf_id":1135613,"ptf_ref":"4500168","category":"moored_buoys","ptf_model":"Other Met Moored Buoy","wigos_ref":"0-22000-0-4500168","country_name":"USA","country_ship":null,"goos_networks":"MBN","ptf_family_name":"Moored Buoy","country_iso_reporting":"US","country_sensor_provider":null}},{"type":"Feature","geometry":{"type":"Point","coordinates":[-87.7,42.1]},"properties":{"ptf_id":1135614,"ptf_ref":"4500174","category":"moored_buoys","ptf_model":"Other Met Moored Buoy","wigos_ref":"0-22000-0-4500174","country_name":"USA","country_ship":null,"goos_networks":"MBN","ptf_family_name":"Moored Buoy","country_iso_reporting":"US","country_sensor_provider":null}},{"type":"Feature","geometry":{"type":"Point","coordinates":[-84.8,45.8]},"properties":{"ptf_id":1135615,"ptf_ref":"4500175","category":"moored_buoys","ptf_model":"Other Met Moored Buoy","wigos_ref":"0-22000-0-4500175","country_name":"USA","country_ship":null,"goos_networks":"MBN","ptf_family_name":"Moored Buoy","country_iso_reporting":"US","country_sensor_provider":null}},{"type":"Feature","geometry":{"type":"Point","coordinates":[-87.8,42.5]},"properties":{"ptf_id":1135616,"ptf_ref":"4500187","category":"moored_buoys","ptf_model":"Other Met Moored Buoy","wigos_ref":"0-22000-0-4500187","country_name":"USA","country_ship":null,"goos_networks":"MBN","ptf_family_name":"Moored Buoy","country_iso_reporting":"US","country_sensor_provider":null}},{"type":"Feature","geometry":{"type":"Point","coordinates":[-84.8,45.8]},"properties":{"ptf_id":1135617,"ptf_ref":"4500194","category":"moored_buoys","ptf_model":"Other Met Moored Buoy","wigos_ref":"0-22000-0-4500194","country_name":"USA","country_ship":null,"goos_networks":"MBN","ptf_family_name":"Moored Buoy","country_iso_reporting":"US","country_sensor_provider":null}},{"type":"Feature","geometry":{"type":"Point","coordinates":[-124.5,43.3]},"properties":{"ptf_id":1135621,"ptf_ref":"4600128","category":"moored_buoys","ptf_model":"Other Met Moored Buoy","wigos_ref":"0-22000-0-4600128","country_name":"USA","country_ship":null,"goos_networks":"MBN","ptf_family_name":"Moored Buoy","country_iso_reporting":"US","country_sensor_provider":null}},{"type":"Feature","geometry":{"type":"Point","coordinates":[-117.5,32.7]},"properties":{"ptf_id":1135622,"ptf_ref":"4600258","category":"moored_buoys","ptf_model":"WAVEBUOY","wigos_ref":"0-22000-0-4600258","country_name":"USA","country_ship":null,"goos_networks":"MBN","ptf_family_name":"Moored Buoy","country_iso_reporting":"US","country_sensor_provider":null}},{"type":"Feature","geometry":{"type":"Point","coordinates":[-121.5,34.8]},"properties":{"ptf_id":1135623,"ptf_ref":"4600259","category":"moored_buoys","ptf_model":"WAVEBUOY","wigos_ref":"0-22000-0-4600259","country_name":"USA","country_ship":null,"goos_networks":"MBN","ptf_family_name":"Moored Buoy","country_iso_reporting":"US","country_sensor_provider":null}},{"type":"Feature","geometry":{"type":"Point","coordinates":[-117.3,33]},"properties":{"ptf_id":1135625,"ptf_ref":"4600266","category":"moored_buoys","ptf_model":"WAVEBUOY","wigos_ref":"0-22000-0-4600266","country_name":"USA","country_ship":null,"goos_networks":"MBN","ptf_family_name":"Moored Buoy","country_iso_reporting":"US","country_sensor_provider":null}},{"type":"Feature","geometry":{"type":"Point","coordinates":[-118.6,34]},"properties":{"ptf_id":1135626,"ptf_ref":"4600268","category":"moored_buoys","ptf_model":"Other Met Moored Buoy","wigos_ref":"0-22000-0-4600268","country_name":"USA","country_ship":null,"goos_networks":"MBN","ptf_family_name":"Moored Buoy","country_iso_reporting":"US","country_sensor_provider":null}},{"type":"Feature","geometry":{"type":"Point","coordinates":[94.036,10.536]},"properties":{"ptf_id":1152529,"ptf_ref":"2300095_010","category":"moored_buoys","ptf_model":"Other Met Moored Buoy","wigos_ref":"0-22000-10-2300095","country_name":"INDIA","country_ship":"INDIA","goos_networks":"MBN","ptf_family_name":"Moored Buoy","country_iso_reporting":"IN","country_sensor_provider":null}},{"type":"Feature","geometry":{"type":"Point","coordinates":[73.287,8.072]},"properties":{"ptf_id":1155452,"ptf_ref":"2300453_012","category":"moored_buoys","ptf_model":"WAVEBUOY","wigos_ref":"0-22000-12-2300453","country_name":"INDIA","country_ship":"INDIA","goos_networks":"MBN","ptf_family_name":"Moored Buoy","country_iso_reporting":"IN","country_sensor_provider":null}},{"type":"Feature","geometry":{"type":"Point","coordinates":[69.058,14.918]},"properties":{"ptf_id":1155454,"ptf_ref":"2300451_013","category":"moored_buoys","ptf_model":"WAVEBUOY","wigos_ref":"0-22000-13-2300451","country_name":"INDIA","country_ship":"INDIA","goos_networks":"MBN, OceanSITES","ptf_family_name":"Moored Buoy","country_iso_reporting":"IN","country_sensor_provider":null}},{"type":"Feature","geometry":{"type":"Point","coordinates":[68.174,12.328]},"properties":{"ptf_id":1155455,"ptf_ref":"2300452_012","category":"moored_buoys","ptf_model":"WAVEBUOY","wigos_ref":"0-22000-12-2300452","country_name":"INDIA","country_ship":"INDIA","goos_networks":"MBN","ptf_family_name":"Moored Buoy","country_iso_reporting":"IN","country_sensor_provider":null}},{"type":"Feature","geometry":{"type":"Point","coordinates":[72.595,10.306]},"properties":{"ptf_id":1155456,"ptf_ref":"2300454_012","category":"moored_buoys","ptf_model":"WAVEBUOY","wigos_ref":"0-22000-12-2300454","country_name":"INDIA","country_ship":"INDIA","goos_networks":"MBN","ptf_family_name":"Moored Buoy","country_iso_reporting":"IN","country_sensor_provider":null}},{"type":"Feature","geometry":{"type":"Point","coordinates":[72.27,10.59]},"properties":{"ptf_id":1155460,"ptf_ref":"2300497_012","category":"moored_buoys","ptf_model":"WAVEBUOY","wigos_ref":"0-22000-12-2300497","country_name":"INDIA","country_ship":"INDIA","goos_networks":"MBN","ptf_family_name":"Moored Buoy","country_iso_reporting":"IN","country_sensor_provider":null}},{"type":"Feature","geometry":{"type":"Point","coordinates":[80.307,13.093]},"properties":{"ptf_id":1155462,"ptf_ref":"2300099_010","category":"moored_buoys","ptf_model":"WAVEBUOY","wigos_ref":"0-22000-10-2300099","country_name":"INDIA","country_ship":"INDIA","goos_networks":"MBN","ptf_family_name":"Moored Buoy","country_iso_reporting":"IN","country_sensor_provider":null}},{"type":"Feature","geometry":{"type":"Point","coordinates":[84.162,13.476]},"properties":{"ptf_id":1164397,"ptf_ref":"2300094_017","category":"moored_buoys","ptf_model":"WAVEBUOY","wigos_ref":"0-22000-17-2300094","country_name":"INDIA","country_ship":"INDIA","goos_networks":"MBN","ptf_family_name":"Moored Buoy","country_iso_reporting":"IN","country_sensor_provider":null}},{"type":"Feature","geometry":{"type":"Point","coordinates":[87.066,13.934]},"properties":{"ptf_id":1164417,"ptf_ref":"2300459_017","category":"moored_buoys","ptf_model":"OTHER_TROPICAL","wigos_ref":"0-22000-17-2300459","country_name":"INDIA","country_ship":"INDIA","goos_networks":"MBN","ptf_family_name":"Moored Buoy","country_iso_reporting":"IN","country_sensor_provider":null}},{"type":"Feature","geometry":{"type":"Point","coordinates":[88.349,6.575]},"properties":{"ptf_id":1164437,"ptf_ref":"2300460_018","category":"moored_buoys","ptf_model":"WAVEBUOY","wigos_ref":"0-22000-18-2300460","country_name":"INDIA","country_ship":"INDIA","goos_networks":"MBN","ptf_family_name":"Moored Buoy","country_iso_reporting":"IN","country_sensor_provider":null}},{"type":"Feature","geometry":{"type":"Point","coordinates":[-170,8]},"properties":{"ptf_id":1364057,"ptf_ref":"5100309_036","category":"moored_buoys","ptf_model":"TAO_RECAP","wigos_ref":"0-22000-36-5100309","country_name":"USA","country_ship":null,"goos_networks":"MBN, OceanSITES","ptf_family_name":"Moored Buoy","country_iso_reporting":"US","country_sensor_provider":null}},{"type":"Feature","geometry":{"type":"Point","coordinates":[6.72,40.49]},"properties":{"ptf_id":1200817,"ptf_ref":"6101035","category":"moored_buoys","ptf_model":"MOBILIS","wigos_ref":"0-22000-0-6101035","country_name":"FRANCE","country_ship":null,"goos_networks":"MBN","ptf_family_name":"Moored Buoy","country_iso_reporting":"FR","country_sensor_provider":null}},{"type":"Feature","geometry":{"type":"Point","coordinates":[5.5,41.58]},"properties":{"ptf_id":1200837,"ptf_ref":"6101034","category":"moored_buoys","ptf_model":"MOBILIS","wigos_ref":"0-22000-0-6101034","country_name":"FRANCE","country_ship":null,"goos_networks":"MBN","ptf_family_name":"Moored Buoy","country_iso_reporting":"FR","country_sensor_provider":null}},{"type":"Feature","geometry":{"type":"Point","coordinates":[8.4,42.8]},"properties":{"ptf_id":1214677,"ptf_ref":"6101033","category":"moored_buoys","ptf_model":"MOBILIS","wigos_ref":"0-22000-0-6101033","country_name":"FRANCE","country_ship":null,"goos_networks":"MBN","ptf_family_name":"Moored Buoy","country_iso_reporting":"FR","country_sensor_provider":null}},{"type":"Feature","geometry":{"type":"Point","coordinates":[3.086,43.01]},"properties":{"ptf_id":1227937,"ptf_ref":"6100025","category":"moored_buoys","ptf_model":"Datawell","wigos_ref":"0-22000-0-6100025","country_name":"FRANCE","country_ship":null,"goos_networks":"MBN","ptf_family_name":"Moored Buoy","country_iso_reporting":"FR","country_sensor_provider":null}},{"type":"Feature","geometry":{"type":"Point","coordinates":[-94.9,8]},"properties":{"ptf_id":1231477,"ptf_ref":"4300301_039","category":"moored_buoys","ptf_model":"TAO_REFRESH","wigos_ref":"0-22000-39-4300301","country_name":"USA","country_ship":null,"goos_networks":"MBN, OceanSITES","ptf_family_name":"Moored Buoy","country_iso_reporting":"US","country_sensor_provider":null}},{"type":"Feature","geometry":{"type":"Point","coordinates":[-95,5.1]},"properties":{"ptf_id":1231497,"ptf_ref":"3200303_041","category":"moored_buoys","ptf_model":"TAO_REFRESH","wigos_ref":"0-22000-41-3200303","country_name":"USA","country_ship":null,"goos_networks":"MBN, OceanSITES","ptf_family_name":"Moored Buoy","country_iso_reporting":"US","country_sensor_provider":null}},{"type":"Feature","geometry":{"type":"Point","coordinates":[-95.5,1.9]},"properties":{"ptf_id":1231557,"ptf_ref":"3200320_046","category":"moored_buoys","ptf_model":"TAO_REFRESH","wigos_ref":"0-22000-46-3200320","country_name":"USA","country_ship":null,"goos_networks":"MBN, OceanSITES","ptf_family_name":"Moored Buoy","country_iso_reporting":"US","country_sensor_provider":null}},{"type":"Feature","geometry":{"type":"Point","coordinates":[-95.5,0.1]},"properties":{"ptf_id":1231577,"ptf_ref":"3200321_048","category":"moored_buoys","ptf_model":"TAO_REFRESH","wigos_ref":"0-22000-48-3200321","country_name":"USA","country_ship":null,"goos_networks":"MBN, OceanSITES","ptf_family_name":"Moored Buoy","country_iso_reporting":"US","country_sensor_provider":null}},{"type":"Feature","geometry":{"type":"Point","coordinates":[-95.1,-2]},"properties":{"ptf_id":1231597,"ptf_ref":"3200322_044","category":"moored_buoys","ptf_model":"TAO_REFRESH","wigos_ref":"0-22000-44-3200322","country_name":"USA","country_ship":null,"goos_networks":"MBN, OceanSITES","ptf_family_name":"Moored Buoy","country_iso_reporting":"US","country_sensor_provider":null}},{"type":"Feature","geometry":{"type":"Point","coordinates":[124.73,32.83]},"properties":{"ptf_id":1233577,"ptf_ref":"2200300","category":"moored_buoys","ptf_model":"Discus-10","wigos_ref":"0-22000-0-2200300","country_name":"SOUTH KOREA","country_ship":null,"goos_networks":"MBN","ptf_family_name":"Moored Buoy","country_iso_reporting":"KR","country_sensor_provider":null}},{"type":"Feature","geometry":{"type":"Point","coordinates":[126.4,31.67]},"properties":{"ptf_id":1233597,"ptf_ref":"2200301","category":"moored_buoys","ptf_model":"Discus-10","wigos_ref":"0-22000-0-2200301","country_name":"SOUTH KOREA","country_ship":null,"goos_networks":"MBN","ptf_family_name":"Moored Buoy","country_iso_reporting":"KR","country_sensor_provider":null}},{"type":"Feature","geometry":{"type":"Point","coordinates":[130.52,36.97]},"properties":{"ptf_id":1233617,"ptf_ref":"2200302","category":"moored_buoys","ptf_model":"Discus-10","wigos_ref":"0-22000-0-2200302","country_name":"SOUTH KOREA","country_ship":null,"goos_networks":"MBN","ptf_family_name":"Moored Buoy","country_iso_reporting":"KR","country_sensor_provider":null}},{"type":"Feature","geometry":{"type":"Point","coordinates":[126.41,37.16]},"properties":{"ptf_id":1233637,"ptf_ref":"2200303","category":"moored_buoys","ptf_model":"Discus-3","wigos_ref":"0-22000-0-2200303","country_name":"SOUTH KOREA","country_ship":null,"goos_networks":"MBN","ptf_family_name":"Moored Buoy","country_iso_reporting":"KR","country_sensor_provider":null}},{"type":"Feature","geometry":{"type":"Point","coordinates":[127.27,32.72]},"properties":{"ptf_id":1233657,"ptf_ref":"2200304","category":"moored_buoys","ptf_model":"Discus-10","wigos_ref":"0-22000-0-2200304","country_name":"SOUTH KOREA","country_ship":null,"goos_networks":"MBN","ptf_family_name":"Moored Buoy","country_iso_reporting":"KR","country_sensor_provider":null}},{"type":"Feature","geometry":{"type":"Point","coordinates":[129.6,38.37]},"properties":{"ptf_id":1233677,"ptf_ref":"2200305","category":"moored_buoys","ptf_model":"Discus-10","wigos_ref":"0-22000-0-2200305","country_name":"SOUTH KOREA","country_ship":null,"goos_networks":"MBN","ptf_family_name":"Moored Buoy","country_iso_reporting":"KR","country_sensor_provider":null}},{"type":"Feature","geometry":{"type":"Point","coordinates":[128.38,33.78]},"properties":{"ptf_id":1233697,"ptf_ref":"2200309","category":"moored_buoys","ptf_model":"Discus-10","wigos_ref":"0-22000-0-2200309","country_name":"SOUTH KOREA","country_ship":null,"goos_networks":"MBN","ptf_family_name":"Moored Buoy","country_iso_reporting":"KR","country_sensor_provider":null}},{"type":"Feature","geometry":{"type":"Point","coordinates":[128.64,38.32]},"properties":{"ptf_id":1233717,"ptf_ref":"2200310","category":"moored_buoys","ptf_model":"Other Met Moored Buoy","wigos_ref":"0-22000-0-2200310","country_name":"SOUTH KOREA","country_ship":null,"goos_networks":"MBN","ptf_family_name":"Moored Buoy","country_iso_reporting":"KR","country_sensor_provider":null}},{"type":"Feature","geometry":{"type":"Point","coordinates":[129.318,37.464]},"properties":{"ptf_id":1233737,"ptf_ref":"2200311","category":"moored_buoys","ptf_model":"Discus-3","wigos_ref":"0-22000-0-2200311","country_name":"SOUTH KOREA","country_ship":null,"goos_networks":"MBN","ptf_family_name":"Moored Buoy","country_iso_reporting":"KR","country_sensor_provider":null}},{"type":"Feature","geometry":{"type":"Point","coordinates":[7.58,41.75]},"properties":{"ptf_id":1251697,"ptf_ref":"6101031_001","category":"moored_buoys","ptf_model":"MOBILIS","wigos_ref":"0-22000-1-6101031","country_name":"FRANCE","country_ship":null,"goos_networks":"MBN","ptf_family_name":"Moored Buoy","country_iso_reporting":"FR","country_sensor_provider":null}},{"type":"Feature","geometry":{"type":"Point","coordinates":[-5.02,45.24]},"properties":{"ptf_id":1251717,"ptf_ref":"6200001_001","category":"moored_buoys","ptf_model":"MOBILIS","wigos_ref":"0-22000-1-6200001","country_name":"FRANCE","country_ship":null,"goos_networks":"MBN","ptf_family_name":"Moored Buoy","country_iso_reporting":"FR","country_sensor_provider":null}},{"type":"Feature","geometry":{"type":"Point","coordinates":[4.66,42.07]},"properties":{"ptf_id":1258017,"ptf_ref":"6100002_017","category":"moored_buoys","ptf_model":"MOBILIS","wigos_ref":"0-22000-17-6100002","country_name":"FRANCE","country_ship":null,"goos_networks":"MBN","ptf_family_name":"Moored Buoy","country_iso_reporting":"FR","country_sensor_provider":null}},{"type":"Feature","geometry":{"type":"Point","coordinates":[153.48,-28.1]},"properties":{"ptf_id":1259197,"ptf_ref":"5500050","category":"moored_buoys","ptf_model":"Datawell","wigos_ref":"0-22000-0-5500050","country_name":"AUSTRALIA","country_ship":null,"goos_networks":"MBN","ptf_family_name":"Moored Buoy","country_iso_reporting":"AU","country_sensor_provider":null}},{"type":"Feature","geometry":{"type":"Point","coordinates":[149.2425,-21.1126]},"properties":{"ptf_id":1259217,"ptf_ref":"5500051","category":"moored_buoys","ptf_model":"TRIAXYS","wigos_ref":"0-22000-0-5500051","country_name":"AUSTRALIA","country_ship":null,"goos_networks":"MBN","ptf_family_name":"Moored Buoy","country_iso_reporting":"AU","country_sensor_provider":null}},{"type":"Feature","geometry":{"type":"Point","coordinates":[153.2,-25.767]},"properties":{"ptf_id":1259297,"ptf_ref":"5500056","category":"moored_buoys","ptf_model":"Datawell","wigos_ref":"0-22000-0-5500056","country_name":"AUSTRALIA","country_ship":null,"goos_networks":"MBN","ptf_family_name":"Moored Buoy","country_iso_reporting":"AU","country_sensor_provider":null}},{"type":"Feature","geometry":{"type":"Point","coordinates":[153.68,-28.22]},"properties":{"ptf_id":1259317,"ptf_ref":"5500057","category":"moored_buoys","ptf_model":"Datawell","wigos_ref":"0-22000-0-5500057","country_name":"AUSTRALIA","country_ship":null,"goos_networks":"MBN","ptf_family_name":"Moored Buoy","country_iso_reporting":"AU","country_sensor_provider":null}},{"type":"Feature","geometry":{"type":"Point","coordinates":[6.69,42.34]},"properties":{"ptf_id":1268897,"ptf_ref":"6101036","category":"moored_buoys","ptf_model":"MOBILIS","wigos_ref":"0-22000-0-6101036","country_name":"FRANCE","country_ship":"FRANCE","goos_networks":"MBN","ptf_family_name":"Moored Buoy","country_iso_reporting":"FR","country_sensor_provider":null}},{"type":"Feature","geometry":{"type":"Point","coordinates":[7.83,43.37]},"properties":{"ptf_id":1274137,"ptf_ref":"6100001_017","category":"moored_buoys","ptf_model":"MOBILIS","wigos_ref":"0-22000-17-6100001","country_name":"FRANCE","country_ship":null,"goos_networks":"MBN","ptf_family_name":"Moored Buoy","country_iso_reporting":"FR","country_sensor_provider":null}},{"type":"Feature","geometry":{"type":"Point","coordinates":[-5.416,53.469]},"properties":{"ptf_id":1294177,"ptf_ref":"6200091_004","category":"moored_buoys","ptf_model":"Other Met Moored Buoy","wigos_ref":"0-22000-4-6200091","country_name":"IRELAND","country_ship":null,"goos_networks":"MBN","ptf_family_name":"Moored Buoy","country_iso_reporting":"IE","country_sensor_provider":null}},{"type":"Feature","geometry":{"type":"Point","coordinates":[-10.549,51.217]},"properties":{"ptf_id":1294257,"ptf_ref":"6200092_004","category":"moored_buoys","ptf_model":"Other Met Moored Buoy","wigos_ref":"0-22000-4-6200092","country_name":"IRELAND","country_ship":null,"goos_networks":"MBN","ptf_family_name":"Moored Buoy","country_iso_reporting":"IE","country_sensor_provider":null}},{"type":"Feature","geometry":{"type":"Point","coordinates":[-6.7,51.69]},"properties":{"ptf_id":1294357,"ptf_ref":"6200094_004","category":"moored_buoys","ptf_model":"Other Met Moored Buoy","wigos_ref":"0-22000-4-6200094","country_name":"IRELAND","country_ship":null,"goos_networks":"MBN","ptf_family_name":"Moored Buoy","country_iso_reporting":"IE","country_sensor_provider":null}},{"type":"Feature","geometry":{"type":"Point","coordinates":[-15.899,53.027]},"properties":{"ptf_id":1294477,"ptf_ref":"6200095_007","category":"moored_buoys","ptf_model":"Other Met Moored Buoy","wigos_ref":"0-22000-7-6200095","country_name":"IRELAND","country_ship":"IRELAND","goos_networks":"MBN","ptf_family_name":"Moored Buoy","country_iso_reporting":"IE","country_sensor_provider":null}},{"type":"Feature","geometry":{"type":"Point","coordinates":[-124.8,-2.1]},"properties":{"ptf_id":1340457,"ptf_ref":"5100017_038","category":"moored_buoys","ptf_model":"TAO_REFRESH","wigos_ref":"0-22000-38-5100017","country_name":"USA","country_ship":null,"goos_networks":"MBN, OceanSITES","ptf_family_name":"Moored Buoy","country_iso_reporting":"US","country_sensor_provider":null}},{"type":"Feature","geometry":{"type":"Point","coordinates":[-124.4,-0.2]},"properties":{"ptf_id":1340477,"ptf_ref":"5100011_053","category":"moored_buoys","ptf_model":"TAO_REFRESH","wigos_ref":"0-22000-53-5100011","country_name":"USA","country_ship":null,"goos_networks":"MBN, OceanSITES","ptf_family_name":"Moored Buoy","country_iso_reporting":"US","country_sensor_provider":null}},{"type":"Feature","geometry":{"type":"Point","coordinates":[-125.1,2]},"properties":{"ptf_id":1340497,"ptf_ref":"5100016_034","category":"moored_buoys","ptf_model":"TAO_REFRESH","wigos_ref":"0-22000-34-5100016","country_name":"USA","country_ship":null,"goos_networks":"MBN, OceanSITES","ptf_family_name":"Moored Buoy","country_iso_reporting":"US","country_sensor_provider":null}},{"type":"Feature","geometry":{"type":"Point","coordinates":[-139.9,-5]},"properties":{"ptf_id":1340597,"ptf_ref":"5100014_033","category":"moored_buoys","ptf_model":"TAO_REFRESH","wigos_ref":"0-22000-33-5100014","country_name":"USA","country_ship":null,"goos_networks":"MBN, OceanSITES","ptf_family_name":"Moored Buoy","country_iso_reporting":"US","country_sensor_provider":null}},{"type":"Feature","geometry":{"type":"Point","coordinates":[-140.2,9]},"properties":{"ptf_id":1340617,"ptf_ref":"5100006_046","category":"moored_buoys","ptf_model":"TAO_REFRESH","wigos_ref":"0-22000-46-5100006","country_name":"USA","country_ship":null,"goos_networks":"MBN, OceanSITES","ptf_family_name":"Moored Buoy","country_iso_reporting":"US","country_sensor_provider":null}},{"type":"Feature","geometry":{"type":"Point","coordinates":[-140,2]},"properties":{"ptf_id":1340637,"ptf_ref":"5100008_048","category":"moored_buoys","ptf_model":"TAO_REFRESH","wigos_ref":"0-22000-48-5100008","country_name":"USA","country_ship":null,"goos_networks":"MBN, OceanSITES","ptf_family_name":"Moored Buoy","country_iso_reporting":"US","country_sensor_provider":null}},{"type":"Feature","geometry":{"type":"Point","coordinates":[-140,-2]},"properties":{"ptf_id":1340657,"ptf_ref":"5100009_044","category":"moored_buoys","ptf_model":"TAO_REFRESH","wigos_ref":"0-22000-44-5100009","country_name":"USA","country_ship":null,"goos_networks":"MBN, OceanSITES","ptf_family_name":"Moored Buoy","country_iso_reporting":"US","country_sensor_provider":null}},{"type":"Feature","geometry":{"type":"Point","coordinates":[-139.8,-0.1]},"properties":{"ptf_id":1340677,"ptf_ref":"5100311_038","category":"moored_buoys","ptf_model":"TAO_REFRESH","wigos_ref":"0-22000-38-5100311","country_name":"USA","country_ship":null,"goos_networks":"MBN, OceanSITES","ptf_family_name":"Moored Buoy","country_iso_reporting":"US","country_sensor_provider":null}},{"type":"Feature","geometry":{"type":"Point","coordinates":[-140,5]},"properties":{"ptf_id":1340697,"ptf_ref":"5100007_060","category":"moored_buoys","ptf_model":"TAO_REFRESH","wigos_ref":"0-22000-60-5100007","country_name":"USA","country_ship":null,"goos_networks":"MBN, OceanSITES","ptf_family_name":"Moored Buoy","country_iso_reporting":"US","country_sensor_provider":null}},{"type":"Feature","geometry":{"type":"Point","coordinates":[-2.723,0.01]},"properties":{"ptf_id":1340717,"ptf_ref":"1500009_005","category":"moored_buoys","ptf_model":"ATLAS_NEXT","wigos_ref":"0-22000-5-1500009","country_name":"USA","country_ship":"FRANCE","goos_networks":"MBN, OceanSITES","ptf_family_name":"Moored Buoy","country_iso_reporting":"US","country_sensor_provider":null}},{"type":"Feature","geometry":{"type":"Point","coordinates":[-9.984,-9.911]},"properties":{"ptf_id":1340737,"ptf_ref":"1500001_028","category":"moored_buoys","ptf_model":"T_FLEX","wigos_ref":"0-22000-28-1500001","country_name":"USA","country_ship":"FRANCE","goos_networks":"MBN, OceanSITES","ptf_family_name":"Moored Buoy","country_iso_reporting":"US","country_sensor_provider":null}},{"type":"Feature","geometry":{"type":"Point","coordinates":[-16.4,48.9]},"properties":{"ptf_id":1348597,"ptf_ref":"6200442_018","category":"moored_buoys","ptf_model":"Other Met Moored Buoy","wigos_ref":"0-22000-18-6200442","country_name":"UK","country_ship":null,"goos_networks":"MBN","ptf_family_name":"Moored Buoy","country_iso_reporting":"GB","country_sensor_provider":null}},{"type":"Feature","geometry":{"type":"Point","coordinates":[-2.881,49.911]},"properties":{"ptf_id":1348617,"ptf_ref":"6200103_005","category":"moored_buoys","ptf_model":"Other Met Moored Buoy","wigos_ref":"0-22000-5-6200103","country_name":"UK","country_ship":null,"goos_networks":"MBN","ptf_family_name":"Moored Buoy","country_iso_reporting":"GB","country_sensor_provider":null}},{"type":"Feature","geometry":{"type":"Point","coordinates":[-13.283,51.057]},"properties":{"ptf_id":1348637,"ptf_ref":"6200081_020","category":"moored_buoys","ptf_model":"Other Met Moored Buoy","wigos_ref":"0-22000-20-6200081","country_name":"UK","country_ship":null,"goos_networks":"MBN","ptf_family_name":"Moored Buoy","country_iso_reporting":"GB","country_sensor_provider":"UK"}},{"type":"Feature","geometry":{"type":"Point","coordinates":[-12.465,48.766]},"properties":{"ptf_id":1348657,"ptf_ref":"6200029_021","category":"moored_buoys","ptf_model":"Other Met Moored Buoy","wigos_ref":"0-22000-21-6200029","country_name":"UK","country_ship":null,"goos_networks":"MBN","ptf_family_name":"Moored Buoy","country_iso_reporting":"GB","country_sensor_provider":"UK"}},{"type":"Feature","geometry":{"type":"Point","coordinates":[-8.459,47.5]},"properties":{"ptf_id":1348677,"ptf_ref":"6200163_004","category":"moored_buoys","ptf_model":"Other Met Moored Buoy","wigos_ref":"0-22000-4-6200163","country_name":"UK","country_ship":null,"goos_networks":"MBN","ptf_family_name":"Moored Buoy","country_iso_reporting":"GB","country_sensor_provider":null}},{"type":"Feature","geometry":{"type":"Point","coordinates":[1.467,40.684]},"properties":{"ptf_id":1357237,"ptf_ref":"6100280_071","category":"moored_buoys","ptf_model":"SEAWATCH","wigos_ref":"0-22000-71-6100280","country_name":"SPAIN","country_ship":"SPAIN","goos_networks":"MBN","ptf_family_name":"Moored Buoy","country_iso_reporting":"ES","country_sensor_provider":null}},{"type":"Feature","geometry":{"type":"Point","coordinates":[3.65,41.913]},"properties":{"ptf_id":1357257,"ptf_ref":"6100196_065","category":"moored_buoys","ptf_model":"WAVESCAN","wigos_ref":"0-22000-65-6100196","country_name":"SPAIN","country_ship":"SPAIN","goos_networks":"MBN","ptf_family_name":"Moored Buoy","country_iso_reporting":"ES","country_sensor_provider":null}},{"type":"Feature","geometry":{"type":"Point","coordinates":[4.42,39.71]},"properties":{"ptf_id":1357277,"ptf_ref":"6100197_064","category":"moored_buoys","ptf_model":"WAVESCAN","wigos_ref":"0-22000-64-6100197","country_name":"SPAIN","country_ship":"SPAIN","goos_networks":"MBN","ptf_family_name":"Moored Buoy","country_iso_reporting":"ES","country_sensor_provider":null}},{"type":"Feature","geometry":{"type":"Point","coordinates":[2.11,39.562]},"properties":{"ptf_id":1357297,"ptf_ref":"6100430_065","category":"moored_buoys","ptf_model":"WAVESCAN","wigos_ref":"0-22000-65-6100430","country_name":"SPAIN","country_ship":"SPAIN","goos_networks":"MBN","ptf_family_name":"Moored Buoy","country_iso_reporting":"ES","country_sensor_provider":null}},{"type":"Feature","geometry":{"type":"Point","coordinates":[-12.71,55.247]},"properties":{"ptf_id":1357617,"ptf_ref":"6200105_017","category":"moored_buoys","ptf_model":"Other Met Moored Buoy","wigos_ref":"0-22000-17-6200105","country_name":"UK","country_ship":null,"goos_networks":"MBN","ptf_family_name":"Moored Buoy","country_iso_reporting":"GB","country_sensor_provider":null}},{"type":"Feature","geometry":{"type":"Point","coordinates":[-11.722,59.115]},"properties":{"ptf_id":1357637,"ptf_ref":"6400045_019","category":"moored_buoys","ptf_model":"Other Met Moored Buoy","wigos_ref":"0-22000-19-6400045","country_name":"UK","country_ship":null,"goos_networks":"MBN","ptf_family_name":"Moored Buoy","country_iso_reporting":"GB","country_sensor_provider":"UK"}},{"type":"Feature","geometry":{"type":"Point","coordinates":[-170,5]},"properties":{"ptf_id":1364077,"ptf_ref":"5100303_043","category":"moored_buoys","ptf_model":"TAO_RECAP","wigos_ref":"0-22000-43-5100303","country_name":"USA","country_ship":null,"goos_networks":"MBN, OceanSITES","ptf_family_name":"Moored Buoy","country_iso_reporting":"US","country_sensor_provider":null}},{"type":"Feature","geometry":{"type":"Point","coordinates":[-170,2]},"properties":{"ptf_id":1364117,"ptf_ref":"5100305_044","category":"moored_buoys","ptf_model":"TAO_REFRESH","wigos_ref":"0-22000-44-5100305","country_name":"USA","country_ship":null,"goos_networks":"MBN, OceanSITES","ptf_family_name":"Moored Buoy","country_iso_reporting":"US","country_sensor_provider":null}},{"type":"Feature","geometry":{"type":"Point","coordinates":[-169.8,0.1]},"properties":{"ptf_id":1364137,"ptf_ref":"5100010_045","category":"moored_buoys","ptf_model":"TAO_RECAP","wigos_ref":"0-22000-45-5100010","country_name":"USA","country_ship":null,"goos_networks":"MBN, OceanSITES","ptf_family_name":"Moored Buoy","country_iso_reporting":"US","country_sensor_provider":null}},{"type":"Feature","geometry":{"type":"Point","coordinates":[-168,-1.6]},"properties":{"ptf_id":1364157,"ptf_ref":"5100306_042","category":"moored_buoys","ptf_model":"TAO_RECAP","wigos_ref":"0-22000-42-5100306","country_name":"USA","country_ship":null,"goos_networks":"MBN, OceanSITES","ptf_family_name":"Moored Buoy","country_iso_reporting":"US","country_sensor_provider":null}},{"type":"Feature","geometry":{"type":"Point","coordinates":[-167.5,-5]},"properties":{"ptf_id":1364177,"ptf_ref":"5100304_033","category":"moored_buoys","ptf_model":"TAO_RECAP","wigos_ref":"0-22000-33-5100304","country_name":"USA","country_ship":null,"goos_networks":"MBN, OceanSITES","ptf_family_name":"Moored Buoy","country_iso_reporting":"US","country_sensor_provider":null}},{"type":"Feature","geometry":{"type":"Point","coordinates":[-170,-8]},"properties":{"ptf_id":1364197,"ptf_ref":"5100310_032","category":"moored_buoys","ptf_model":"TAO_RECAP","wigos_ref":"0-22000-32-5100310","country_name":"USA","country_ship":null,"goos_networks":"MBN, OceanSITES","ptf_family_name":"Moored Buoy","country_iso_reporting":"US","country_sensor_provider":null}},{"type":"Feature","geometry":{"type":"Point","coordinates":[-153.7,2]},"properties":{"ptf_id":1364217,"ptf_ref":"5100021_036","category":"moored_buoys","ptf_model":"TAO_RECAP","wigos_ref":"0-22000-36-5100021","country_name":"USA","country_ship":null,"goos_networks":"MBN, OceanSITES","ptf_family_name":"Moored Buoy","country_iso_reporting":"US","country_sensor_provider":null}},{"type":"Feature","geometry":{"type":"Point","coordinates":[-153.3,0.2]},"properties":{"ptf_id":1364237,"ptf_ref":"5100023_049","category":"moored_buoys","ptf_model":"TAO_RECAP","wigos_ref":"0-22000-49-5100023","country_name":"USA","country_ship":null,"goos_networks":"MBN, OceanSITES","ptf_family_name":"Moored Buoy","country_iso_reporting":"US","country_sensor_provider":null}},{"type":"Feature","geometry":{"type":"Point","coordinates":[-152.1,-2]},"properties":{"ptf_id":1364257,"ptf_ref":"5100022_039","category":"moored_buoys","ptf_model":"TAO_RECAP","wigos_ref":"0-22000-39-5100022","country_name":"USA","country_ship":null,"goos_networks":"MBN, OceanSITES","ptf_family_name":"Moored Buoy","country_iso_reporting":"US","country_sensor_provider":null}},{"type":"Feature","geometry":{"type":"Point","coordinates":[-109.8,10.1]},"properties":{"ptf_id":1364277,"ptf_ref":"4300013","category":"moored_buoys","ptf_model":"TAO_RECAP","wigos_ref":"0-22000-0-4300013","country_name":"USA","country_ship":null,"goos_networks":"MBN, OceanSITES","ptf_family_name":"Moored Buoy","country_iso_reporting":"US","country_sensor_provider":null}}]}
