{"type":"FeatureCollection","features":[{"type":"Feature","geometry":{"type":"Point","coordinates":[-22.988,11.485]},"properties":{"wmo":"1300001","ptf_id":1156858,"ptf_ref":"1300001_016","category":"oceansites","depl_date":"2025-09-23","ptf_model":"T_FLEX","country_name":"USA","country_ship":"USA","country_iso_reporting":"US","country_sensor_provider":null}},{"type":"Feature","geometry":{"type":"Point","coordinates":[-23.129,20.465]},"properties":{"wmo":"1300002","ptf_id":1156859,"ptf_ref":"1300002_014","category":"oceansites","depl_date":"2026-07-08","ptf_model":"T_FLEX","country_name":"USA","country_ship":"USA","country_iso_reporting":"US","country_sensor_provider":null}},{"type":"Feature","geometry":{"type":"Point","coordinates":[-37.992,15.002]},"properties":{"wmo":"1300008","ptf_id":1156860,"ptf_ref":"1300008_019","category":"oceansites","depl_date":"2026-06-13","ptf_model":"T_FLEX","country_name":"USA","country_ship":null,"country_iso_reporting":"US","country_sensor_provider":null}},{"type":"Feature","geometry":{"type":"Point","coordinates":[-38.016,7.957]},"properties":{"wmo":"1300009","ptf_id":1156855,"ptf_ref":"1300009_019","category":"oceansites","depl_date":"2024-11-27","ptf_model":"ATLAS_NEXT","country_name":"USA","country_ship":null,"country_iso_reporting":"US","country_sensor_provider":null}},{"type":"Feature","geometry":{"type":"Point","coordinates":[0.008,0.019]},"properties":{"wmo":"1300010","ptf_id":1128555,"ptf_ref":"1300010_022","category":"oceansites","depl_date":"2021-02-28","ptf_model":"ATLAS_NEXT","country_name":"USA","country_ship":"FRANCE","country_iso_reporting":"US","country_sensor_provider":null}},{"type":"Feature","geometry":{"type":"Point","coordinates":[-15.5,29]},"properties":{"wmo":"1300471","ptf_id":1027987,"ptf_ref":"1300471","category":"oceansites","depl_date":"2010-10-28","ptf_model":"Other Met Moored Buoy","country_name":"SPAIN","country_ship":null,"country_iso_reporting":"ES","country_sensor_provider":null}},{"type":"Feature","geometry":{"type":"Point","coordinates":[66.869,-8.036]},"properties":{"wmo":"1400040","ptf_id":1141678,"ptf_ref":"1400040_008","category":"oceansites","depl_date":"2022-09-20","ptf_model":"T_FLEX","country_name":"USA","country_ship":"SOUTH KOREA","country_iso_reporting":"US","country_sensor_provider":null}},{"type":"Feature","geometry":{"type":"Point","coordinates":[51.991,-9.3]},"properties":{"wmo":"1400041","ptf_id":1128536,"ptf_ref":"1400041_006","category":"oceansites","depl_date":"2021-09-03","ptf_model":"ATLAS_NEXT","country_name":"USA","country_ship":null,"country_iso_reporting":"US","country_sensor_provider":null}},{"type":"Feature","geometry":{"type":"Point","coordinates":[54.9617,-12.0433]},"properties":{"wmo":"1400042","ptf_id":1015196,"ptf_ref":"1400042","category":"oceansites","depl_date":"2010-06-01","ptf_model":"OTHER_TROPICAL","country_name":"INDIA","country_ship":null,"country_iso_reporting":"IN","country_sensor_provider":null}},{"type":"Feature","geometry":{"type":"Point","coordinates":[67.089,-12.187]},"properties":{"wmo":"1400043","ptf_id":1141677,"ptf_ref":"1400043_007","category":"oceansites","depl_date":"2023-05-09","ptf_model":"T_FLEX","country_name":"USA","country_ship":"SOUTH KOREA","country_iso_reporting":"US","country_sensor_provider":null}},{"type":"Feature","geometry":{"type":"Point","coordinates":[55.01,-16.0617]},"properties":{"wmo":"1400046","ptf_id":1004467,"ptf_ref":"1400046","category":"oceansites","depl_date":"2014-09-26","ptf_model":"OTHER_TROPICAL","country_name":"INDIA","country_ship":null,"country_iso_reporting":"IN","country_sensor_provider":null}},{"type":"Feature","geometry":{"type":"Point","coordinates":[57.174,-4.12]},"properties":{"wmo":"1400047","ptf_id":1126821,"ptf_ref":"1400047_003","category":"oceansites","depl_date":"2021-06-21","ptf_model":"ATLAS_NEXT","country_name":"USA","country_ship":null,"country_iso_reporting":"US","country_sensor_provider":null}},{"type":"Feature","geometry":{"type":"Point","coordinates":[64.976,-8.128]},"properties":{"wmo":"1400048","ptf_id":1231837,"ptf_ref":"1400048_002","category":"oceansites","depl_date":"2025-08-05","ptf_model":"T_FLEX","country_name":"USA","country_ship":null,"country_iso_reporting":"US","country_sensor_provider":null}},{"type":"Feature","geometry":{"type":"Point","coordinates":[64.959,-12.018]},"properties":{"wmo":"1400049","ptf_id":1231857,"ptf_ref":"1400049_002","category":"oceansites","depl_date":"2026-09-02","ptf_model":"T_FLEX","country_name":"USA","country_ship":null,"country_iso_reporting":"US","country_sensor_provider":null}},{"type":"Feature","geometry":{"type":"Point","coordinates":[-9.983,-9.909]},"properties":{"wmo":"1500001","ptf_id":1340737,"ptf_ref":"1500001_028","category":"oceansites","depl_date":"2026-09-08","ptf_model":"T_FLEX","country_name":"USA","country_ship":"FRANCE","country_iso_reporting":"US","country_sensor_provider":null}},{"type":"Feature","geometry":{"type":"Point","coordinates":[-15.862,3.579]},"properties":{"wmo":"1500002","ptf_id":1340317,"ptf_ref":"1500002_028","category":"oceansites","depl_date":"2026-08-10","ptf_model":"ATLAS_NEXT","country_name":"USA","country_ship":"FRANCE","country_iso_reporting":"US","country_sensor_provider":null}},{"type":"Feature","geometry":{"type":"Point","coordinates":[-10.007,-6.033]},"properties":{"wmo":"1500006","ptf_id":1340337,"ptf_ref":"1500006_026","category":"oceansites","depl_date":"2026-09-08","ptf_model":"T_FLEX","country_name":"USA","country_ship":"FRANCE","country_iso_reporting":"US","country_sensor_provider":null}},{"type":"Feature","geometry":{"type":"Point","coordinates":[7.98,-5.875]},"properties":{"wmo":"1500007","ptf_id":1128540,"ptf_ref":"1500007_007","category":"oceansites","depl_date":"2019-08-08","ptf_model":"T_FLEX","country_name":"USA","country_ship":null,"country_iso_reporting":"US","country_sensor_provider":null}},{"type":"Feature","geometry":{"type":"Point","coordinates":[-9.979,-19.933]},"properties":{"wmo":"1500008","ptf_id":1156324,"ptf_ref":"1500008_004","category":"oceansites","depl_date":"2025-03-17","ptf_model":"T_FLEX","country_name":"USA","country_ship":"FRANCE","country_iso_reporting":"US","country_sensor_provider":null}},{"type":"Feature","geometry":{"type":"Point","coordinates":[-2.696,0.014]},"properties":{"wmo":"1500009","ptf_id":1340717,"ptf_ref":"1500009_005","category":"oceansites","depl_date":"2026-09-08","ptf_model":"ATLAS_NEXT","country_name":"USA","country_ship":"FRANCE","country_iso_reporting":"US","country_sensor_provider":null}},{"type":"Feature","geometry":{"type":"Point","coordinates":[13,-10.834]},"properties":{"wmo":"1501857","ptf_id":1347044,"ptf_ref":"1501857","category":"oceansites","depl_date":"2013-07-23","ptf_model":"Subsurface Mooring Custom","country_name":"GERMANY","country_ship":"GERMANY","country_iso_reporting":"DE","country_sensor_provider":null}},{"type":"Feature","geometry":{"type":"Point","coordinates":[-24.25,17.6067]},"properties":{"wmo":"1800475","ptf_id":1206977,"ptf_ref":"1800475_011","category":"oceansites","depl_date":"2023-06-09","ptf_model":"Subsurface Mooring Custom","country_name":"GERMANY","country_ship":"GERMANY","country_iso_reporting":"DE","country_sensor_provider":null}},{"type":"Feature","geometry":{"type":"Point","coordinates":[-22,33]},"properties":{"wmo":"1800478","ptf_id":1027971,"ptf_ref":"1800478","category":"oceansites","depl_date":"2011-04-21","ptf_model":"Other Met Moored Buoy","country_name":"GERMANY","country_ship":null,"country_iso_reporting":"DE","country_sensor_provider":null}},{"type":"Feature","geometry":{"type":"Point","coordinates":[0.15,-59.05]},"properties":{"wmo":"1801000","ptf_id":1027959,"ptf_ref":"1801000_014","category":"oceansites","depl_date":"2018-12-31","ptf_model":"Other Met Moored Buoy","country_name":"GERMANY","country_ship":"GERMANY","country_iso_reporting":"DE","country_sensor_provider":null}},{"type":"Feature","geometry":{"type":"Point","coordinates":[-24.1608,23.7575]},"properties":{"wmo":"1801001","ptf_id":1131544,"ptf_ref":"1801001_015","category":"oceansites","depl_date":"2020-03-17","ptf_model":"Other Met Moored Buoy","country_name":"UK","country_ship":"UK","country_iso_reporting":"GB","country_sensor_provider":null}},{"type":"Feature","geometry":{"type":"Point","coordinates":[-15.4215,27.2217]},"properties":{"wmo":"1801002","ptf_id":1131542,"ptf_ref":"1801002_013","category":"oceansites","depl_date":"2020-03-13","ptf_model":"Other Met Moored Buoy","country_name":"UK","country_ship":"UK","country_iso_reporting":"GB","country_sensor_provider":null}},{"type":"Feature","geometry":{"type":"Point","coordinates":[-13.7472,27.808]},"properties":{"wmo":"1801003","ptf_id":1131540,"ptf_ref":"1801003_013","category":"oceansites","depl_date":"2020-03-10","ptf_model":"Other Met Moored Buoy","country_name":"UK","country_ship":"UK","country_iso_reporting":"GB","country_sensor_provider":null}},{"type":"Feature","geometry":{"type":"Point","coordinates":[-14.2127,27.6148]},"properties":{"wmo":"1801004","ptf_id":1131541,"ptf_ref":"1801004_013","category":"oceansites","depl_date":"2020-03-12","ptf_model":"Other Met Moored Buoy","country_name":"UK","country_ship":"UK","country_iso_reporting":"GB","country_sensor_provider":null}},{"type":"Feature","geometry":{"type":"Point","coordinates":[-21.2655,24.9345]},"properties":{"wmo":"1801005","ptf_id":1131543,"ptf_ref":"1801005_013","category":"oceansites","depl_date":"2020-03-15","ptf_model":"Other Met Moored Buoy","country_name":"UK","country_ship":"UK","country_iso_reporting":"GB","country_sensor_provider":null}},{"type":"Feature","geometry":{"type":"Point","coordinates":[-13.54,27.85]},"properties":{"wmo":"1801006","ptf_id":1131539,"ptf_ref":"1801006_014","category":"oceansites","depl_date":"2020-03-11","ptf_model":"Other Met Moored Buoy","country_name":"UK","country_ship":"UK","country_iso_reporting":"GB","country_sensor_provider":null}},{"type":"Feature","geometry":{"type":"Point","coordinates":[-22.9999,5.0134]},"properties":{"wmo":"1801010","ptf_id":1131245,"ptf_ref":"1801010_007","category":"oceansites","depl_date":"2016-09-11","ptf_model":"Subsurface Mooring Custom","country_name":"GERMANY","country_ship":"GERMANY","country_iso_reporting":"DE","country_sensor_provider":null}},{"type":"Feature","geometry":{"type":"Point","coordinates":[-22.416,4.5333]},"properties":{"wmo":"1801011","ptf_id":1131246,"ptf_ref":"1801011","category":"oceansites","depl_date":"2012-11-01","ptf_model":"Subsurface Mooring Custom","country_name":"GERMANY","country_ship":"GERMANY","country_iso_reporting":"DE","country_sensor_provider":null}},{"type":"Feature","geometry":{"type":"Point","coordinates":[-23.416,4.6]},"properties":{"wmo":"1801012","ptf_id":1131247,"ptf_ref":"1801012","category":"oceansites","depl_date":"2012-10-31","ptf_model":"Subsurface Mooring Custom","country_name":"GERMANY","country_ship":"GERMANY","country_iso_reporting":"DE","country_sensor_provider":null}},{"type":"Feature","geometry":{"type":"Point","coordinates":[-22.983,8.0178]},"properties":{"wmo":"1801013","ptf_id":1131254,"ptf_ref":"1801013_002","category":"oceansites","depl_date":"2011-05-14","ptf_model":"Subsurface Mooring Custom","country_name":"GERMANY","country_ship":"GERMANY","country_iso_reporting":"DE","country_sensor_provider":null}},{"type":"Feature","geometry":{"type":"Point","coordinates":[-21.2213,11.0371]},"properties":{"wmo":"1801014","ptf_id":1131258,"ptf_ref":"1801014_003","category":"oceansites","depl_date":"2016-09-08","ptf_model":"Subsurface Mooring Custom","country_name":"GERMANY","country_ship":"GERMANY","country_iso_reporting":"DE","country_sensor_provider":null}},{"type":"Feature","geometry":{"type":"Point","coordinates":[-24.3137,17.6045]},"properties":{"wmo":"1801015","ptf_id":1129721,"ptf_ref":"1801015","category":"oceansites","depl_date":"2015-09-09","ptf_model":"Subsurface Mooring Custom","country_name":"GERMANY","country_ship":"GERMANY","country_iso_reporting":"DE","country_sensor_provider":null}},{"type":"Feature","geometry":{"type":"Point","coordinates":[-15.4217,27.2033]},"properties":{"wmo":"1801020","ptf_id":1133089,"ptf_ref":"1801020_007","category":"oceansites","depl_date":"2020-03-13","ptf_model":"Other Met Moored Buoy","country_name":"UK","country_ship":"UK","country_iso_reporting":"GB","country_sensor_provider":null}},{"type":"Feature","geometry":{"type":"Point","coordinates":[-15.4328,27.217]},"properties":{"wmo":"1801021","ptf_id":1133088,"ptf_ref":"1801021_006","category":"oceansites","depl_date":"2018-10-25","ptf_model":"Other Met Moored Buoy","country_name":"UK","country_ship":"UK","country_iso_reporting":"GB","country_sensor_provider":null}},{"type":"Feature","geometry":{"type":"Point","coordinates":[-13.5142,27.8667]},"properties":{"wmo":"1801022","ptf_id":1133074,"ptf_ref":"1801022_004","category":"oceansites","depl_date":"2020-03-11","ptf_model":"Other Met Moored Buoy","country_name":"UK","country_ship":"UK","country_iso_reporting":"GB","country_sensor_provider":null}},{"type":"Feature","geometry":{"type":"Point","coordinates":[-13.5122,27.8778]},"properties":{"wmo":"1801023","ptf_id":1133073,"ptf_ref":"1801023_003","category":"oceansites","depl_date":"2018-10-23","ptf_model":"Other Met Moored Buoy","country_name":"UK","country_ship":"UK","country_iso_reporting":"GB","country_sensor_provider":null}},{"type":"Feature","geometry":{"type":"Point","coordinates":[-24.1292,23.7985]},"properties":{"wmo":"1801024","ptf_id":1133104,"ptf_ref":"1801024_006","category":"oceansites","depl_date":"2018-10-29","ptf_model":"Other Met Moored Buoy","country_name":"UK","country_ship":"UK","country_iso_reporting":"GB","country_sensor_provider":null}},{"type":"Feature","geometry":{"type":"Point","coordinates":[-24.144,23.7978]},"properties":{"wmo":"1801025","ptf_id":1133105,"ptf_ref":"1801025_006","category":"oceansites","depl_date":"2020-03-17","ptf_model":"Other Met Moored Buoy","country_name":"UK","country_ship":"UK","country_iso_reporting":"GB","country_sensor_provider":null}},{"type":"Feature","geometry":{"type":"Point","coordinates":[149.637,38.989]},"properties":{"wmo":"2102645","ptf_id":1152757,"ptf_ref":"2102645_003","category":"oceansites","depl_date":"2022-07-06","ptf_model":"Other Met Moored Buoy","country_name":"CHINA","country_ship":"CHINA","country_iso_reporting":"CN","country_sensor_provider":null}},{"type":"Feature","geometry":{"type":"Point","coordinates":[80.433,0.193]},"properties":{"wmo":"2300001","ptf_id":1167457,"ptf_ref":"2300001_014","category":"oceansites","depl_date":"2025-07-18","ptf_model":"ATLAS","country_name":"USA","country_ship":null,"country_iso_reporting":"US","country_sensor_provider":null}},{"type":"Feature","geometry":{"type":"Point","coordinates":[80.5,1.5]},"properties":{"wmo":"2300002","ptf_id":488521,"ptf_ref":"2300002","category":"oceansites","depl_date":"2009-08-31","ptf_model":"OTHER_TROPICAL","country_name":"INDIA","country_ship":null,"country_iso_reporting":"IN","country_sensor_provider":null}},{"type":"Feature","geometry":{"type":"Point","coordinates":[80.715,-1.415]},"properties":{"wmo":"2300003","ptf_id":1167437,"ptf_ref":"2300003_013","category":"oceansites","depl_date":"2025-12-20","ptf_model":"ATLAS_NEXT","country_name":"USA","country_ship":null,"country_iso_reporting":"US","country_sensor_provider":null}},{"type":"Feature","geometry":{"type":"Point","coordinates":[90,0]},"properties":{"wmo":"2300004","ptf_id":1130704,"ptf_ref":"2300004_013","category":"oceansites","depl_date":"2020-08-20","ptf_model":"ATLAS_NEXT","country_name":"USA","country_ship":null,"country_iso_reporting":"US","country_sensor_provider":null}},{"type":"Feature","geometry":{"type":"Point","coordinates":[90,2]},"properties":{"wmo":"2300005","ptf_id":1015198,"ptf_ref":"2300005","category":"oceansites","depl_date":"2010-06-01","ptf_model":"OTHER_TROPICAL","country_name":"INDIA","country_ship":null,"country_iso_reporting":"IN","country_sensor_provider":null}},{"type":"Feature","geometry":{"type":"Point","coordinates":[90,4]},"properties":{"wmo":"2300006","ptf_id":1119212,"ptf_ref":"2300006_009","category":"oceansites","depl_date":"2018-06-03","ptf_model":"ATLAS_NEXT","country_name":"USA","country_ship":"INDONESIA","country_iso_reporting":"US","country_sensor_provider":null}},{"type":"Feature","geometry":{"type":"Point","coordinates":[88.918,8.043]},"properties":{"wmo":"2300007","ptf_id":1227957,"ptf_ref":"2300007_011","category":"oceansites","depl_date":"2025-09-13","ptf_model":"ATLAS_NEXT","country_name":"USA","country_ship":null,"country_iso_reporting":"US","country_sensor_provider":null}},{"type":"Feature","geometry":{"type":"Point","coordinates":[88.445,12.138]},"properties":{"wmo":"2300008","ptf_id":1227977,"ptf_ref":"2300008_011","category":"oceansites","depl_date":"2026-01-24","ptf_model":"OTHER_TROPICAL","country_name":"USA","country_ship":null,"country_iso_reporting":"US","country_sensor_provider":null}},{"type":"Feature","geometry":{"type":"Point","coordinates":[89.018,15.031]},"properties":{"wmo":"2300009","ptf_id":1222657,"ptf_ref":"2300009_012","category":"oceansites","depl_date":"2026-08-19","ptf_model":"ATLAS_NEXT","country_name":"USA","country_ship":null,"country_iso_reporting":"US","country_sensor_provider":null}},{"type":"Feature","geometry":{"type":"Point","coordinates":[80.509,-4.073]},"properties":{"wmo":"2300010","ptf_id":1228037,"ptf_ref":"2300010_013","category":"oceansites","depl_date":"2026-06-13","ptf_model":"T_FLEX","country_name":"USA","country_ship":null,"country_iso_reporting":"US","country_sensor_provider":null}},{"type":"Feature","geometry":{"type":"Point","coordinates":[65.104,15.268]},"properties":{"wmo":"2300011","ptf_id":1126837,"ptf_ref":"2300011_001","category":"oceansites","depl_date":"2020-10-21","ptf_model":"T_FLEX","country_name":"USA","country_ship":"INDIA","country_iso_reporting":"US","country_sensor_provider":null}},{"type":"Feature","geometry":{"type":"Point","coordinates":[73.497,4.733]},"properties":{"wmo":"2300012","ptf_id":1173577,"ptf_ref":"2300012_002","category":"oceansites","depl_date":"2026-04-10","ptf_model":"ATLAS_NEXT","country_name":"USA","country_ship":null,"country_iso_reporting":"US","country_sensor_provider":null}},{"type":"Feature","geometry":{"type":"Point","coordinates":[66.999,3.983]},"properties":{"wmo":"2300013","ptf_id":1173597,"ptf_ref":"2300013_002","category":"oceansites","depl_date":"2025-05-06","ptf_model":"ATLAS_NEXT","country_name":"USA","country_ship":null,"country_iso_reporting":"US","country_sensor_provider":null}},{"type":"Feature","geometry":{"type":"Point","coordinates":[66.711,1.718]},"properties":{"wmo":"2300014","ptf_id":1173617,"ptf_ref":"2300014_004","category":"oceansites","depl_date":"2026-06-11","ptf_model":"ATLAS_NEXT","country_name":"USA","country_ship":null,"country_iso_reporting":"US","country_sensor_provider":null}},{"type":"Feature","geometry":{"type":"Point","coordinates":[89.422,-0.091]},"properties":{"wmo":"2300015","ptf_id":1173637,"ptf_ref":"2300015_006","category":"oceansites","depl_date":"2025-03-25","ptf_model":"ATLAS_NEXT","country_name":"USA","country_ship":null,"country_iso_reporting":"US","country_sensor_provider":null}},{"type":"Feature","geometry":{"type":"Point","coordinates":[66.998,-1.577]},"properties":{"wmo":"2300016","ptf_id":1173657,"ptf_ref":"2300016_007","category":"oceansites","depl_date":"2026-01-04","ptf_model":"OTHER_TROPICAL","country_name":"USA","country_ship":null,"country_iso_reporting":"US","country_sensor_provider":null}},{"type":"Feature","geometry":{"type":"Point","coordinates":[67.208,-3.885]},"properties":{"wmo":"2300017","ptf_id":1128547,"ptf_ref":"2300017_008","category":"oceansites","depl_date":"2021-09-07","ptf_model":"T_FLEX","country_name":"USA","country_ship":"INDIA","country_iso_reporting":"US","country_sensor_provider":null}},{"type":"Feature","geometry":{"type":"Point","coordinates":[64.971,-3.912]},"properties":{"wmo":"2300019","ptf_id":1231877,"ptf_ref":"2300019_002","category":"oceansites","depl_date":"2026-09-08","ptf_model":"T_FLEX","country_name":"USA","country_ship":null,"country_iso_reporting":"US","country_sensor_provider":null}},{"type":"Feature","geometry":{"type":"Point","coordinates":[89.214,17.827]},"properties":{"wmo":"2300091","ptf_id":1126243,"ptf_ref":"2300091_011","category":"oceansites","depl_date":"2021-04-27","ptf_model":"WAVESCAN","country_name":"INDIA","country_ship":"INDIA","country_iso_reporting":"IN","country_sensor_provider":null}},{"type":"Feature","geometry":{"type":"Point","coordinates":[89.123,17.506]},"properties":{"wmo":"2300092","ptf_id":1126244,"ptf_ref":"2300092_009","category":"oceansites","depl_date":"2021-04-27","ptf_model":"WAVESCAN","country_name":"INDIA","country_ship":"INDIA","country_iso_reporting":"IN","country_sensor_provider":null}},{"type":"Feature","geometry":{"type":"Point","coordinates":[87.973,16.304]},"properties":{"wmo":"2300093","ptf_id":1126245,"ptf_ref":"2300093_011","category":"oceansites","depl_date":"2021-04-27","ptf_model":"OTHER_TROPICAL","country_name":"INDIA","country_ship":"INDIA","country_iso_reporting":"IN","country_sensor_provider":null}},{"type":"Feature","geometry":{"type":"Point","coordinates":[84.137,13.377]},"properties":{"wmo":"2300094","ptf_id":1148577,"ptf_ref":"2300094_014","category":"oceansites","depl_date":"2022-11-01","ptf_model":"WAVEBUOY","country_name":"INDIA","country_ship":"INDIA","country_iso_reporting":"IN","country_sensor_provider":null}},{"type":"Feature","geometry":{"type":"Point","coordinates":[94.102,10.532]},"properties":{"wmo":"2300095","ptf_id":1126247,"ptf_ref":"2300095_009","category":"oceansites","depl_date":"2020-05-19","ptf_model":"Other Met Moored Buoy","country_name":"INDIA","country_ship":"INDIA","country_iso_reporting":"IN","country_sensor_provider":null}},{"type":"Feature","geometry":{"type":"Point","coordinates":[69.27,15.5]},"properties":{"wmo":"2300097","ptf_id":466003,"ptf_ref":"2300097","category":"oceansites","depl_date":"2009-05-31","ptf_model":"WAVESCAN","country_name":"INDIA","country_ship":null,"country_iso_reporting":"IN","country_sensor_provider":null}},{"type":"Feature","geometry":{"type":"Point","coordinates":[80.189,13.06]},"properties":{"wmo":"2300099","ptf_id":1127825,"ptf_ref":"2300099_006","category":"oceansites","depl_date":"2020-05-15","ptf_model":"WAVESCAN","country_name":"INDIA","country_ship":null,"country_iso_reporting":"IN","country_sensor_provider":null}},{"type":"Feature","geometry":{"type":"Point","coordinates":[87.586,18.443]},"properties":{"wmo":"2300100","ptf_id":1089774,"ptf_ref":"2300100","category":"oceansites","depl_date":"2010-11-10","ptf_model":"WAVESCAN","country_name":"INDIA","country_ship":null,"country_iso_reporting":"IN","country_sensor_provider":null}},{"type":"Feature","geometry":{"type":"Point","coordinates":[73.752,15.405]},"properties":{"wmo":"2300170","ptf_id":1127824,"ptf_ref":"2300170_010","category":"oceansites","depl_date":"2020-05-03","ptf_model":"WAVESCAN","country_name":"INDIA","country_ship":"INDIA","country_iso_reporting":"IN","country_sensor_provider":null}},{"type":"Feature","geometry":{"type":"Point","coordinates":[66.75,19.05]},"properties":{"wmo":"2300173","ptf_id":1090003,"ptf_ref":"2300173","category":"oceansites","depl_date":"2009-06-02","ptf_model":"WAVESCAN","country_name":"INDIA","country_ship":null,"country_iso_reporting":"IN","country_sensor_provider":null}},{"type":"Feature","geometry":{"type":"Point","coordinates":[69.049,14.903]},"properties":{"wmo":"2300451","ptf_id":1155454,"ptf_ref":"2300451_013","category":"oceansites","depl_date":"2026-09-08","ptf_model":"WAVEBUOY","country_name":"INDIA","country_ship":"INDIA","country_iso_reporting":"IN","country_sensor_provider":null}},{"type":"Feature","geometry":{"type":"Point","coordinates":[68.616,12.078]},"properties":{"wmo":"2300452","ptf_id":1126251,"ptf_ref":"2300452_009","category":"oceansites","depl_date":"2021-01-20","ptf_model":"OTHER_TROPICAL","country_name":"INDIA","country_ship":"INDIA","country_iso_reporting":"IN","country_sensor_provider":null}},{"type":"Feature","geometry":{"type":"Point","coordinates":[73.231,8.171]},"properties":{"wmo":"2300453","ptf_id":1126252,"ptf_ref":"2300453_009","category":"oceansites","depl_date":"2021-01-20","ptf_model":"Other Met Moored Buoy","country_name":"INDIA","country_ship":"INDIA","country_iso_reporting":"IN","country_sensor_provider":null}},{"type":"Feature","geometry":{"type":"Point","coordinates":[72.591,10.311]},"properties":{"wmo":"2300454","ptf_id":1126253,"ptf_ref":"2300454_009","category":"oceansites","depl_date":"2021-01-20","ptf_model":"Other Met Moored Buoy","country_name":"INDIA","country_ship":"INDIA","country_iso_reporting":"IN","country_sensor_provider":null}},{"type":"Feature","geometry":{"type":"Point","coordinates":[67.456,18.42]},"properties":{"wmo":"2300456","ptf_id":1126249,"ptf_ref":"2300456_008","category":"oceansites","depl_date":"2020-12-16","ptf_model":"WAVESCAN","country_name":"INDIA","country_ship":"INDIA","country_iso_reporting":"IN","country_sensor_provider":null}},{"type":"Feature","geometry":{"type":"Point","coordinates":[87.007,13.949]},"properties":{"wmo":"2300459","ptf_id":1126248,"ptf_ref":"2300459_014","category":"oceansites","depl_date":"2021-04-27","ptf_model":"OTHER_TROPICAL","country_name":"INDIA","country_ship":"INDIA","country_iso_reporting":"IN","country_sensor_provider":null}},{"type":"Feature","geometry":{"type":"Point","coordinates":[88.377,6.565]},"properties":{"wmo":"2300460","ptf_id":1126260,"ptf_ref":"2300460_014","category":"oceansites","depl_date":"2020-10-01","ptf_model":"WAVESCAN","country_name":"INDIA","country_ship":"INDIA","country_iso_reporting":"IN","country_sensor_provider":null}},{"type":"Feature","geometry":{"type":"Point","coordinates":[92.596,11.589]},"properties":{"wmo":"2300491","ptf_id":1127822,"ptf_ref":"2300491_009","category":"oceansites","depl_date":"2020-02-18","ptf_model":"Other Met Moored Buoy","country_name":"INDIA","country_ship":null,"country_iso_reporting":"IN","country_sensor_provider":null}},{"type":"Feature","geometry":{"type":"Point","coordinates":[72.21,10.874]},"properties":{"wmo":"2300492","ptf_id":1127823,"ptf_ref":"2300492_011","category":"oceansites","depl_date":"2021-01-20","ptf_model":"Other Met Moored Buoy","country_name":"INDIA","country_ship":"INDIA","country_iso_reporting":"IN","country_sensor_provider":null}},{"type":"Feature","geometry":{"type":"Point","coordinates":[73.02,8.5]},"properties":{"wmo":"2300494","ptf_id":489748,"ptf_ref":"2300494","category":"oceansites","depl_date":"2009-05-27","ptf_model":"WAVESCAN","country_name":"INDIA","country_ship":null,"country_iso_reporting":"IN","country_sensor_provider":null}},{"type":"Feature","geometry":{"type":"Point","coordinates":[72.281,10.609]},"properties":{"wmo":"2300497","ptf_id":1127821,"ptf_ref":"2300497_009","category":"oceansites","depl_date":"2021-01-20","ptf_model":"WAVESCAN","country_name":"INDIA","country_ship":"INDIA","country_iso_reporting":"IN","country_sensor_provider":null}},{"type":"Feature","geometry":{"type":"Point","coordinates":[144.66,32.283]},"properties":{"wmo":"2800401","ptf_id":1252677,"ptf_ref":"2800401_018","category":"oceansites","depl_date":"2025-03-28","ptf_model":"Other Met Moored Buoy","country_name":"USA","country_ship":null,"country_iso_reporting":"US","country_sensor_provider":null}},{"type":"Feature","geometry":{"type":"Point","coordinates":[131.37,37.34]},"properties":{"wmo":"2801000","ptf_id":1128593,"ptf_ref":"2801000_022","category":"oceansites","depl_date":"2019-12-09","ptf_model":"Subsurface Mooring Custom","country_name":"SOUTH KOREA","country_ship":null,"country_iso_reporting":"KR","country_sensor_provider":null}},{"type":"Feature","geometry":{"type":"Point","coordinates":[-34.996,0.01]},"properties":{"wmo":"3100001","ptf_id":1156856,"ptf_ref":"3100001_021","category":"oceansites","depl_date":"2024-09-24","ptf_model":"ATLAS_NEXT","country_name":"USA","country_ship":null,"country_iso_reporting":"US","country_sensor_provider":null}},{"type":"Feature","geometry":{"type":"Point","coordinates":[-37.936,4.009]},"properties":{"wmo":"3100002","ptf_id":1156857,"ptf_ref":"3100002_019","category":"oceansites","depl_date":"2024-10-01","ptf_model":"ATLAS_NEXT","country_name":"USA","country_ship":"USA","country_iso_reporting":"US","country_sensor_provider":null}},{"type":"Feature","geometry":{"type":"Point","coordinates":[-30.631,-8.004]},"properties":{"wmo":"3100003","ptf_id":1156861,"ptf_ref":"3100003_013","category":"oceansites","depl_date":"2026-09-08","ptf_model":"T_FLEX","country_name":"USA","country_ship":"USA","country_iso_reporting":"US","country_sensor_provider":null}},{"type":"Feature","geometry":{"type":"Point","coordinates":[-32.595,-13.522]},"properties":{"wmo":"3100004","ptf_id":1154161,"ptf_ref":"3100004_013","category":"oceansites","depl_date":"2026-01-18","ptf_model":"ATLAS_NEXT","country_name":"USA","country_ship":null,"country_iso_reporting":"US","country_sensor_provider":null}},{"type":"Feature","geometry":{"type":"Point","coordinates":[-34.661,-18.861]},"properties":{"wmo":"3100005","ptf_id":1154116,"ptf_ref":"3100005_015","category":"oceansites","depl_date":"2025-04-14","ptf_model":"ATLAS_NEXT","country_name":"USA","country_ship":null,"country_iso_reporting":"US","country_sensor_provider":null}},{"type":"Feature","geometry":{"type":"Point","coordinates":[-22.987,4.056]},"properties":{"wmo":"3100006","ptf_id":1156862,"ptf_ref":"3100006_016","category":"oceansites","depl_date":"2026-09-08","ptf_model":"T_FLEX","country_name":"USA","country_ship":"USA","country_iso_reporting":"US","country_sensor_provider":null}},{"type":"Feature","geometry":{"type":"Point","coordinates":[-22.992,0.007]},"properties":{"wmo":"3100007","ptf_id":1340357,"ptf_ref":"3100007_028","category":"oceansites","depl_date":"2026-09-08","ptf_model":"T_FLEX","country_name":"USA","country_ship":"FRANCE","country_iso_reporting":"US","country_sensor_provider":null}},{"type":"Feature","geometry":{"type":"Point","coordinates":[-44.02,-28.49]},"properties":{"wmo":"3100376","ptf_id":1028012,"ptf_ref":"3100376","category":"oceansites","depl_date":"2013-04-20","ptf_model":"Other Met Moored Buoy","country_name":"BRAZIL","country_ship":null,"country_iso_reporting":"BR","country_sensor_provider":null}},{"type":"Feature","geometry":{"type":"Point","coordinates":[-95,5.1]},"properties":{"wmo":"3200303","ptf_id":1231497,"ptf_ref":"3200303_041","category":"oceansites","depl_date":"2026-09-08","ptf_model":"TAO_REFRESH","country_name":"USA","country_ship":null,"country_iso_reporting":"US","country_sensor_provider":null}},{"type":"Feature","geometry":{"type":"Point","coordinates":[-95,-5]},"properties":{"wmo":"3200304","ptf_id":1231677,"ptf_ref":"3200304_037","category":"oceansites","depl_date":"2025-07-13","ptf_model":"TAO_REFRESH","country_name":"USA","country_ship":null,"country_iso_reporting":"US","country_sensor_provider":null}},{"type":"Feature","geometry":{"type":"Point","coordinates":[-95.2,-7.9]},"properties":{"wmo":"3200305","ptf_id":1235977,"ptf_ref":"3200305_033","category":"oceansites","depl_date":"2026-09-08","ptf_model":"TAO_REFRESH","country_name":"USA","country_ship":null,"country_iso_reporting":"US","country_sensor_provider":null}},{"type":"Feature","geometry":{"type":"Point","coordinates":[-110,5]},"properties":{"wmo":"3200315","ptf_id":1236077,"ptf_ref":"3200315_048","category":"oceansites","depl_date":"2026-09-08","ptf_model":"TAO_REFRESH","country_name":"USA","country_ship":null,"country_iso_reporting":"US","country_sensor_provider":null}},{"type":"Feature","geometry":{"type":"Point","coordinates":[-110,2]},"properties":{"wmo":"3200316","ptf_id":1236097,"ptf_ref":"3200316_052","category":"oceansites","depl_date":"2026-09-08","ptf_model":"TAO_REFRESH","country_name":"USA","country_ship":null,"country_iso_reporting":"US","country_sensor_provider":null}},{"type":"Feature","geometry":{"type":"Point","coordinates":[-110,-2]},"properties":{"wmo":"3200317","ptf_id":1236137,"ptf_ref":"3200317_049","category":"oceansites","depl_date":"2026-09-08","ptf_model":"TAO_REFRESH","country_name":"USA","country_ship":null,"country_iso_reporting":"US","country_sensor_provider":null}},{"type":"Feature","geometry":{"type":"Point","coordinates":[-110,-5]},"properties":{"wmo":"3200318","ptf_id":1236157,"ptf_ref":"3200318_049","category":"oceansites","depl_date":"2026-09-08","ptf_model":"TAO_REFRESH","country_name":"USA","country_ship":null,"country_iso_reporting":"US","country_sensor_provider":null}},{"type":"Feature","geometry":{"type":"Point","coordinates":[-110.1,-8]},"properties":{"wmo":"3200319","ptf_id":1236177,"ptf_ref":"3200319_035","category":"oceansites","depl_date":"2026-09-08","ptf_model":"TAO_REFRESH","country_name":"USA","country_ship":null,"country_iso_reporting":"US","country_sensor_provider":null}},{"type":"Feature","geometry":{"type":"Point","coordinates":[-95.5,1.9]},"properties":{"wmo":"3200320","ptf_id":1231557,"ptf_ref":"3200320_046","category":"oceansites","depl_date":"2026-09-08","ptf_model":"TAO_REFRESH","country_name":"USA","country_ship":null,"country_iso_reporting":"US","country_sensor_provider":null}},{"type":"Feature","geometry":{"type":"Point","coordinates":[-95.5,0.1]},"properties":{"wmo":"3200321","ptf_id":1231577,"ptf_ref":"3200321_048","category":"oceansites","depl_date":"2026-09-08","ptf_model":"TAO_REFRESH","country_name":"USA","country_ship":null,"country_iso_reporting":"US","country_sensor_provider":null}},{"type":"Feature","geometry":{"type":"Point","coordinates":[-95.1,-2]},"properties":{"wmo":"3200322","ptf_id":1231597,"ptf_ref":"3200322_044","category":"oceansites","depl_date":"2026-09-08","ptf_model":"TAO_REFRESH","country_name":"USA","country_ship":null,"country_iso_reporting":"US","country_sensor_provider":null}},{"type":"Feature","geometry":{"type":"Point","coordinates":[-109.9,0]},"properties":{"wmo":"3200323","ptf_id":1236117,"ptf_ref":"3200323_039","category":"oceansites","depl_date":"2026-09-08","ptf_model":"TAO_REFRESH","country_name":"USA","country_ship":null,"country_iso_reporting":"US","country_sensor_provider":null}},{"type":"Feature","geometry":{"type":"Point","coordinates":[-42.9223,-42.5193]},"properties":{"wmo":"3301751","ptf_id":1028095,"ptf_ref":"3301751","category":"oceansites","depl_date":"2015-03-15","ptf_model":"Other Met Moored Buoy","country_name":"USA","country_ship":"USA","country_iso_reporting":"US","country_sensor_provider":null}},{"type":"Feature","geometry":{"type":"Point","coordinates":[-89.2796,-54.4068]},"properties":{"wmo":"3401722","ptf_id":1028098,"ptf_ref":"3401722","category":"oceansites","depl_date":"2015-02-18","ptf_model":"Other Met Moored Buoy","country_name":"USA","country_ship":"USA","country_iso_reporting":"US","country_sensor_provider":null}},{"type":"Feature","geometry":{"type":"Point","coordinates":[-85.8,-22.5]},"properties":{"wmo":"3800400","ptf_id":1252657,"ptf_ref":"3800400_022","category":"oceansites","depl_date":"2025-03-15","ptf_model":"Other Met Moored Buoy","country_name":"USA","country_ship":"CHILE","country_iso_reporting":"US","country_sensor_provider":null}},{"type":"Feature","geometry":{"type":"Point","coordinates":[-35.8607,-10.2665]},"properties":{"wmo":"3801001","ptf_id":1131119,"ptf_ref":"3801001_008","category":"oceansites","depl_date":"2019-10-30","ptf_model":"Subsurface Mooring Custom","country_name":"GERMANY","country_ship":"GERMANY","country_iso_reporting":"DE","country_sensor_provider":null}},{"type":"Feature","geometry":{"type":"Point","coordinates":[-35.6785,-10.3798]},"properties":{"wmo":"3801002","ptf_id":1131130,"ptf_ref":"3801002_009","category":"oceansites","depl_date":"2019-10-31","ptf_model":"Subsurface Mooring Custom","country_name":"GERMANY","country_ship":"GERMANY","country_iso_reporting":"DE","country_sensor_provider":null}},{"type":"Feature","geometry":{"type":"Point","coordinates":[-35.389,-10.6082]},"properties":{"wmo":"3801003","ptf_id":1131139,"ptf_ref":"3801003_008","category":"oceansites","depl_date":"2019-11-01","ptf_model":"Subsurface Mooring Custom","country_name":"GERMANY","country_ship":"GERMANY","country_iso_reporting":"DE","country_sensor_provider":null}},{"type":"Feature","geometry":{"type":"Point","coordinates":[-34.9902,-10.9412]},"properties":{"wmo":"3801004","ptf_id":1131149,"ptf_ref":"3801004_009","category":"oceansites","depl_date":"2019-11-02","ptf_model":"Subsurface Mooring Custom","country_name":"GERMANY","country_ship":"GERMANY","country_iso_reporting":"DE","country_sensor_provider":null}},{"type":"Feature","geometry":{"type":"Point","coordinates":[-34.215,-11.47]},"properties":{"wmo":"3801005","ptf_id":1131155,"ptf_ref":"3801005","category":"oceansites","depl_date":"2000-03-21","ptf_model":"Subsurface Mooring Custom","country_name":"GERMANY","country_ship":"GERMANY","country_iso_reporting":"DE","country_sensor_provider":null}},{"type":"Feature","geometry":{"type":"Point","coordinates":[-23.1133,0]},"properties":{"wmo":"3801011","ptf_id":1131173,"ptf_ref":"3801011_012","category":"oceansites","depl_date":"2019-10-12","ptf_model":"Subsurface Mooring Custom","country_name":"GERMANY","country_ship":"GERMANY","country_iso_reporting":"DE","country_sensor_provider":null}},{"type":"Feature","geometry":{"type":"Point","coordinates":[-22.988,0.7522]},"properties":{"wmo":"3801012","ptf_id":1131225,"ptf_ref":"3801012_002","category":"oceansites","depl_date":"2009-11-03","ptf_model":"Subsurface Mooring Custom","country_name":"GERMANY","country_ship":"GERMANY","country_iso_reporting":"DE","country_sensor_provider":null}},{"type":"Feature","geometry":{"type":"Point","coordinates":[-22.9957,-0.7492]},"properties":{"wmo":"3801013","ptf_id":1131227,"ptf_ref":"3801013_002","category":"oceansites","depl_date":"2009-11-12","ptf_model":"Subsurface Mooring Custom","country_name":"GERMANY","country_ship":"GERMANY","country_iso_reporting":"DE","country_sensor_provider":null}},{"type":"Feature","geometry":{"type":"Point","coordinates":[-23.023,2.0478]},"properties":{"wmo":"3801014","ptf_id":1131230,"ptf_ref":"3801014_001","category":"oceansites","depl_date":"2009-11-02","ptf_model":"Subsurface Mooring Custom","country_name":"GERMANY","country_ship":"GERMANY","country_iso_reporting":"DE","country_sensor_provider":null}},{"type":"Feature","geometry":{"type":"Point","coordinates":[-22.9996,-2.0006]},"properties":{"wmo":"3801015","ptf_id":1131231,"ptf_ref":"3801015_001","category":"oceansites","depl_date":"2009-11-11","ptf_model":"Subsurface Mooring Custom","country_name":"GERMANY","country_ship":"GERMANY","country_iso_reporting":"DE","country_sensor_provider":null}},{"type":"Feature","geometry":{"type":"Point","coordinates":[-21.5,0]},"properties":{"wmo":"3801016","ptf_id":1131233,"ptf_ref":"3801016","category":"oceansites","depl_date":"2006-06-21","ptf_model":"Subsurface Mooring Custom","country_name":"GERMANY","country_ship":"GERMANY","country_iso_reporting":"DE","country_sensor_provider":null}},{"type":"Feature","geometry":{"type":"Point","coordinates":[-51.5,-34.5]},"properties":{"wmo":"3801021","ptf_id":1130713,"ptf_ref":"3801021_003","category":"oceansites","depl_date":"2019-06-23","ptf_model":"Other Met Moored Buoy","country_name":"USA","country_ship":"BRAZIL","country_iso_reporting":"US","country_sensor_provider":null}},{"type":"Feature","geometry":{"type":"Point","coordinates":[-49.5,-34.5]},"properties":{"wmo":"3801022","ptf_id":1130717,"ptf_ref":"3801022_003","category":"oceansites","depl_date":"2018-04-27","ptf_model":"Other Met Moored Buoy","country_name":"USA","country_ship":"BRAZIL","country_iso_reporting":"US","country_sensor_provider":null}},{"type":"Feature","geometry":{"type":"Point","coordinates":[-47.5,-34.5]},"properties":{"wmo":"3801023","ptf_id":1130721,"ptf_ref":"3801023_003","category":"oceansites","depl_date":"2019-06-27","ptf_model":"Other Met Moored Buoy","country_name":"USA","country_ship":"BRAZIL","country_iso_reporting":"US","country_sensor_provider":null}},{"type":"Feature","geometry":{"type":"Point","coordinates":[-44.5,-34.5]},"properties":{"wmo":"3801024","ptf_id":1130725,"ptf_ref":"3801024_003","category":"oceansites","depl_date":"2018-04-30","ptf_model":"Other Met Moored Buoy","country_name":"USA","country_ship":"BRAZIL","country_iso_reporting":"US","country_sensor_provider":null}},{"type":"Feature","geometry":{"type":"Point","coordinates":[-40.1145,-52.8075]},"properties":{"wmo":"3801028","ptf_id":1139934,"ptf_ref":"3801028_012","category":"oceansites","depl_date":"2021-02-12","ptf_model":"Other Met Moored Buoy","country_name":"UK","country_ship":"UK","country_iso_reporting":"GB","country_sensor_provider":null}},{"type":"Feature","geometry":{"type":"Point","coordinates":[-37.8859,-53.7982]},"properties":{"wmo":"3801029","ptf_id":1140060,"ptf_ref":"3801029_023","category":"oceansites","depl_date":"2021-02-09","ptf_model":"Other Met Moored Buoy","country_name":"UK","country_ship":"UK","country_iso_reporting":"GB","country_sensor_provider":null}},{"type":"Feature","geometry":{"type":"Point","coordinates":[-38.002,12.006]},"properties":{"wmo":"4100026","ptf_id":1145141,"ptf_ref":"4100026_017","category":"oceansites","depl_date":"2024-04-20","ptf_model":"ATLAS_NEXT","country_name":"USA","country_ship":null,"country_iso_reporting":"US","country_sensor_provider":null}},{"type":"Feature","geometry":{"type":"Point","coordinates":[-37.847,20.025]},"properties":{"wmo":"4100139","ptf_id":1156863,"ptf_ref":"4100139_014","category":"oceansites","depl_date":"2024-11-08","ptf_model":"T_FLEX","country_name":"USA","country_ship":"USA","country_iso_reporting":"US","country_sensor_provider":null}},{"type":"Feature","geometry":{"type":"Point","coordinates":[-110.1,8]},"properties":{"wmo":"4300001","ptf_id":1236057,"ptf_ref":"4300001_040","category":"oceansites","depl_date":"2026-09-08","ptf_model":"TAO_REFRESH","country_name":"USA","country_ship":null,"country_iso_reporting":"US","country_sensor_provider":null}},{"type":"Feature","geometry":{"type":"Point","coordinates":[-95,8]},"properties":{"wmo":"4300301","ptf_id":1231477,"ptf_ref":"4300301_039","category":"oceansites","depl_date":"2026-09-08","ptf_model":"TAO_REFRESH","country_name":"USA","country_ship":null,"country_iso_reporting":"US","country_sensor_provider":null}},{"type":"Feature","geometry":{"type":"Point","coordinates":[-39.783,59.5304]},"properties":{"wmo":"4400478","ptf_id":1130930,"ptf_ref":"4400478_015","category":"oceansites","depl_date":"2016-05-30","ptf_model":"Subsurface Mooring Custom","country_name":"GERMANY","country_ship":"GERMANY","country_iso_reporting":"DE","country_sensor_provider":null}},{"type":"Feature","geometry":{"type":"Point","coordinates":[-52.6723,56.575]},"properties":{"wmo":"4400479","ptf_id":1206897,"ptf_ref":"4400479_019","category":"oceansites","depl_date":"2024-06-25","ptf_model":"Subsurface Mooring Custom","country_name":"GERMANY","country_ship":"GERMANY","country_iso_reporting":"DE","country_sensor_provider":null}},{"type":"Feature","geometry":{"type":"Point","coordinates":[-144.88,50.056]},"properties":{"wmo":"4800400","ptf_id":1203117,"ptf_ref":"4800400_017","category":"oceansites","depl_date":"2024-12-11","ptf_model":"T_FLEX","country_name":"USA","country_ship":null,"country_iso_reporting":"US","country_sensor_provider":null}},{"type":"Feature","geometry":{"type":"Point","coordinates":[-50.9367,14.7483]},"properties":{"wmo":"4800401","ptf_id":1140415,"ptf_ref":"4800401_019","category":"oceansites","depl_date":"2021-11-12","ptf_model":"Other Met Moored Buoy","country_name":"USA","country_ship":"USA","country_iso_reporting":"US","country_sensor_provider":null}},{"type":"Feature","geometry":{"type":"Point","coordinates":[-122.5,33.5]},"properties":{"wmo":"4801002","ptf_id":1160237,"ptf_ref":"4801002_016","category":"oceansites","depl_date":"2024-04-02","ptf_model":"Other Met Moored Buoy","country_name":"USA","country_ship":null,"country_iso_reporting":"US","country_sensor_provider":"USA"}},{"type":"Feature","geometry":{"type":"Point","coordinates":[-120.8023,34.3037]},"properties":{"wmo":"4801003","ptf_id":1361917,"ptf_ref":"4801003_018","category":"oceansites","depl_date":"2026-04-12","ptf_model":"Other Met Moored Buoy","country_name":"USA","country_ship":"USA","country_iso_reporting":"US","country_sensor_provider":null}},{"type":"Feature","geometry":{"type":"Point","coordinates":[-41.09,23.87]},"properties":{"wmo":"4801004","ptf_id":1028042,"ptf_ref":"4801004_012","category":"oceansites","depl_date":"2018-11-04","ptf_model":"Other Met Moored Buoy","country_name":"UK","country_ship":"UK","country_iso_reporting":"GB","country_sensor_provider":null}},{"type":"Feature","geometry":{"type":"Point","coordinates":[-49.73,24.18]},"properties":{"wmo":"4801005","ptf_id":1028040,"ptf_ref":"4801005_012","category":"oceansites","depl_date":"2018-11-08","ptf_model":"Other Met Moored Buoy","country_name":"UK","country_ship":"UK","country_iso_reporting":"GB","country_sensor_provider":null}},{"type":"Feature","geometry":{"type":"Point","coordinates":[-70.52,26.5]},"properties":{"wmo":"4801006","ptf_id":1028051,"ptf_ref":"4801006_010","category":"oceansites","depl_date":"2018-11-14","ptf_model":"Other Met Moored Buoy","country_name":"UK","country_ship":"UK","country_iso_reporting":"GB","country_sensor_provider":null}},{"type":"Feature","geometry":{"type":"Point","coordinates":[-52.021,25.1447]},"properties":{"wmo":"4801007","ptf_id":1028039,"ptf_ref":"4801007_009","category":"oceansites","depl_date":"2018-11-09","ptf_model":"Other Met Moored Buoy","country_name":"UK","country_ship":"UK","country_iso_reporting":"GB","country_sensor_provider":null}},{"type":"Feature","geometry":{"type":"Point","coordinates":[-75.7257,26.4507]},"properties":{"wmo":"4801008","ptf_id":1136802,"ptf_ref":"4801008_014","category":"oceansites","depl_date":"2021-01-02","ptf_model":"Other Met Moored Buoy","country_name":"UK","country_ship":"UK","country_iso_reporting":"GB","country_sensor_provider":null}},{"type":"Feature","geometry":{"type":"Point","coordinates":[-76.6268,26.4798]},"properties":{"wmo":"4801009","ptf_id":1136807,"ptf_ref":"4801009_011","category":"oceansites","depl_date":"2021-01-03","ptf_model":"Other Met Moored Buoy","country_name":"UK","country_ship":"UK","country_iso_reporting":"GB","country_sensor_provider":null}},{"type":"Feature","geometry":{"type":"Point","coordinates":[-76.774,26.5167]},"properties":{"wmo":"4801010","ptf_id":1136804,"ptf_ref":"4801010_015","category":"oceansites","depl_date":"2021-01-05","ptf_model":"Other Met Moored Buoy","country_name":"UK","country_ship":"UK","country_iso_reporting":"GB","country_sensor_provider":null}},{"type":"Feature","geometry":{"type":"Point","coordinates":[-76.8675,26.53]},"properties":{"wmo":"4801011","ptf_id":1136806,"ptf_ref":"4801011_014","category":"oceansites","depl_date":"2021-01-06","ptf_model":"Other Met Moored Buoy","country_name":"UK","country_ship":"UK","country_iso_reporting":"GB","country_sensor_provider":null}},{"type":"Feature","geometry":{"type":"Point","coordinates":[-76.842,26.509]},"properties":{"wmo":"4801012","ptf_id":1129714,"ptf_ref":"4801012_010","category":"oceansites","depl_date":"2018-11-30","ptf_model":"Other Met Moored Buoy","country_name":"USA","country_ship":"USA","country_iso_reporting":"US","country_sensor_provider":null}},{"type":"Feature","geometry":{"type":"Point","coordinates":[-76.5011,26.4953]},"properties":{"wmo":"4801013","ptf_id":1129724,"ptf_ref":"4801013_010","category":"oceansites","depl_date":"2018-11-29","ptf_model":"Other Met Moored Buoy","country_name":"USA","country_ship":"USA","country_iso_reporting":"US","country_sensor_provider":null}},{"type":"Feature","geometry":{"type":"Point","coordinates":[-71.9765,26.5002]},"properties":{"wmo":"4801014","ptf_id":1128265,"ptf_ref":"4801014_006","category":"oceansites","depl_date":"2012-10-03","ptf_model":"Other Met Moored Buoy","country_name":"USA","country_ship":"USA","country_iso_reporting":"US","country_sensor_provider":null}},{"type":"Feature","geometry":{"type":"Point","coordinates":[-76.1073,26.5117]},"properties":{"wmo":"4801016","ptf_id":1129731,"ptf_ref":"4801016_003","category":"oceansites","depl_date":"2018-11-27","ptf_model":"Other Met Moored Buoy","country_name":"USA","country_ship":"USA","country_iso_reporting":"US","country_sensor_provider":null}},{"type":"Feature","geometry":{"type":"Point","coordinates":[-168.9468,65.8695]},"properties":{"wmo":"4801020","ptf_id":1128895,"ptf_ref":"4801020","category":"oceansites","depl_date":"2011-07-15","ptf_model":"Other Met Moored Buoy","country_name":"USA","country_ship":null,"country_iso_reporting":"US","country_sensor_provider":null}},{"type":"Feature","geometry":{"type":"Point","coordinates":[-169.433,65.9]},"properties":{"wmo":"4801021","ptf_id":1128804,"ptf_ref":"4801021_009","category":"oceansites","depl_date":"2010-08-03","ptf_model":"Other Met Moored Buoy","country_name":"USA","country_ship":null,"country_iso_reporting":"US","country_sensor_provider":null}},{"type":"Feature","geometry":{"type":"Point","coordinates":[-168.57,65.78]},"properties":{"wmo":"4801022","ptf_id":1231777,"ptf_ref":"4801022_033","category":"oceansites","depl_date":"2024-09-11","ptf_model":"Other Met Moored Buoy","country_name":"USA","country_ship":"USA","country_iso_reporting":"US","country_sensor_provider":null}},{"type":"Feature","geometry":{"type":"Point","coordinates":[-168.95,66.33]},"properties":{"wmo":"4801023","ptf_id":1231797,"ptf_ref":"4801023_029","category":"oceansites","depl_date":"2024-09-11","ptf_model":"Other Met Moored Buoy","country_name":"USA","country_ship":"USA","country_iso_reporting":"US","country_sensor_provider":null}},{"type":"Feature","geometry":{"type":"Point","coordinates":[-168.26,65.75]},"properties":{"wmo":"4801024","ptf_id":1231817,"ptf_ref":"4801024_023","category":"oceansites","depl_date":"2024-09-11","ptf_model":"Other Met Moored Buoy","country_name":"USA","country_ship":"USA","country_iso_reporting":"US","country_sensor_provider":null}},{"type":"Feature","geometry":{"type":"Point","coordinates":[-168.1847,65.74]},"properties":{"wmo":"4801025","ptf_id":1128885,"ptf_ref":"4801025","category":"oceansites","depl_date":"2011-07-15","ptf_model":"Other Met Moored Buoy","country_name":"USA","country_ship":null,"country_iso_reporting":"US","country_sensor_provider":null}},{"type":"Feature","geometry":{"type":"Point","coordinates":[-169.617,65.934]},"properties":{"wmo":"4801026","ptf_id":1128816,"ptf_ref":"4801026_005","category":"oceansites","depl_date":"2010-08-03","ptf_model":"Other Met Moored Buoy","country_name":"USA","country_ship":null,"country_iso_reporting":"US","country_sensor_provider":null}},{"type":"Feature","geometry":{"type":"Point","coordinates":[-169.283,65.867]},"properties":{"wmo":"4801027","ptf_id":1128810,"ptf_ref":"4801027_005","category":"oceansites","depl_date":"2010-08-03","ptf_model":"Other Met Moored Buoy","country_name":"USA","country_ship":null,"country_iso_reporting":"US","country_sensor_provider":null}},{"type":"Feature","geometry":{"type":"Point","coordinates":[-168.801,65.8005]},"properties":{"wmo":"4801028","ptf_id":1129101,"ptf_ref":"4801028_005","category":"oceansites","depl_date":"2012-07-13","ptf_model":"Other Met Moored Buoy","country_name":"USA","country_ship":null,"country_iso_reporting":"US","country_sensor_provider":null}},{"type":"Feature","geometry":{"type":"Point","coordinates":[-168.4677,65.7708]},"properties":{"wmo":"4801029","ptf_id":1129095,"ptf_ref":"4801029","category":"oceansites","depl_date":"2011-07-15","ptf_model":"Other Met Moored Buoy","country_name":"USA","country_ship":null,"country_iso_reporting":"US","country_sensor_provider":null}},{"type":"Feature","geometry":{"type":"Point","coordinates":[-168.9725,68.17]},"properties":{"wmo":"4801030","ptf_id":1128826,"ptf_ref":"4801030_002","category":"oceansites","depl_date":"1994-09-01","ptf_model":"Other Met Moored Buoy","country_name":"USA","country_ship":null,"country_iso_reporting":"US","country_sensor_provider":null}},{"type":"Feature","geometry":{"type":"Point","coordinates":[-168.3658,65.757]},"properties":{"wmo":"4801031","ptf_id":1128884,"ptf_ref":"4801031_004","category":"oceansites","depl_date":"2012-07-12","ptf_model":"Other Met Moored Buoy","country_name":"USA","country_ship":null,"country_iso_reporting":"US","country_sensor_provider":null}},{"type":"Feature","geometry":{"type":"Point","coordinates":[-41.7933,59.6537]},"properties":{"wmo":"4801032","ptf_id":1132231,"ptf_ref":"4801032","category":"oceansites","depl_date":"2004-06-13","ptf_model":"Other Met Moored Buoy","country_name":"FRANCE","country_ship":"FRANCE","country_iso_reporting":"FR","country_sensor_provider":null}},{"type":"Feature","geometry":{"type":"Point","coordinates":[-42.1242,59.7535]},"properties":{"wmo":"4801033","ptf_id":1132232,"ptf_ref":"4801033","category":"oceansites","depl_date":"2004-06-13","ptf_model":"Other Met Moored Buoy","country_name":"FRANCE","country_ship":"FRANCE","country_iso_reporting":"FR","country_sensor_provider":null}},{"type":"Feature","geometry":{"type":"Point","coordinates":[-42.269,59.7947]},"properties":{"wmo":"4801034","ptf_id":1132236,"ptf_ref":"4801034_001","category":"oceansites","depl_date":"2005-09-18","ptf_model":"Other Met Moored Buoy","country_name":"FRANCE","country_ship":null,"country_iso_reporting":"FR","country_sensor_provider":null}},{"type":"Feature","geometry":{"type":"Point","coordinates":[-42.3187,59.8158]},"properties":{"wmo":"4801035","ptf_id":1132234,"ptf_ref":"4801035","category":"oceansites","depl_date":"2004-06-11","ptf_model":"Other Met Moored Buoy","country_name":"FRANCE","country_ship":"FRANCE","country_iso_reporting":"FR","country_sensor_provider":null}},{"type":"Feature","geometry":{"type":"Point","coordinates":[-42.9683,59.9313]},"properties":{"wmo":"4801036","ptf_id":1132237,"ptf_ref":"4801036_001","category":"oceansites","depl_date":"2005-09-18","ptf_model":"Other Met Moored Buoy","country_name":"FRANCE","country_ship":null,"country_iso_reporting":"FR","country_sensor_provider":null}},{"type":"Feature","geometry":{"type":"Point","coordinates":[-51.0795,53.0475]},"properties":{"wmo":"4801041","ptf_id":1131079,"ptf_ref":"4801041_005","category":"oceansites","depl_date":"2018-05-30","ptf_model":"Subsurface Mooring Custom","country_name":"GERMANY","country_ship":"GERMANY","country_iso_reporting":"DE","country_sensor_provider":null}},{"type":"Feature","geometry":{"type":"Point","coordinates":[-50.5542,53.2567]},"properties":{"wmo":"4801042","ptf_id":1131091,"ptf_ref":"4801042_005","category":"oceansites","depl_date":"2018-05-31","ptf_model":"Subsurface Mooring Custom","country_name":"GERMANY","country_ship":"GERMANY","country_iso_reporting":"DE","country_sensor_provider":null}},{"type":"Feature","geometry":{"type":"Point","coordinates":[-47.5645,59.0072]},"properties":{"wmo":"4801043","ptf_id":1131100,"ptf_ref":"4801043_002","category":"oceansites","depl_date":"2018-06-09","ptf_model":"Subsurface Mooring Custom","country_name":"GERMANY","country_ship":"GERMANY","country_iso_reporting":"DE","country_sensor_provider":null}},{"type":"Feature","geometry":{"type":"Point","coordinates":[-47.079,59.2168]},"properties":{"wmo":"4801044","ptf_id":1207037,"ptf_ref":"4801044_006","category":"oceansites","depl_date":"2024-06-23","ptf_model":"Subsurface Mooring Custom","country_name":"GERMANY","country_ship":"GERMANY","country_iso_reporting":"DE","country_sensor_provider":null}},{"type":"Feature","geometry":{"type":"Point","coordinates":[-49.7828,53.5927]},"properties":{"wmo":"4801045","ptf_id":1131107,"ptf_ref":"4801045_004","category":"oceansites","depl_date":"2018-05-28","ptf_model":"Subsurface Mooring Custom","country_name":"GERMANY","country_ship":"GERMANY","country_iso_reporting":"DE","country_sensor_provider":null}},{"type":"Feature","geometry":{"type":"Point","coordinates":[-48.1668,58.7333]},"properties":{"wmo":"4801046","ptf_id":1131109,"ptf_ref":"4801046","category":"oceansites","depl_date":"2018-06-10","ptf_model":"Subsurface Mooring Custom","country_name":"GERMANY","country_ship":"GERMANY","country_iso_reporting":"DE","country_sensor_provider":null}},{"type":"Feature","geometry":{"type":"Point","coordinates":[-51.5469,52.8331]},"properties":{"wmo":"4801047","ptf_id":1356317,"ptf_ref":"4801047_007","category":"oceansites","depl_date":"2024-06-15","ptf_model":"Subsurface Mooring Custom","country_name":"GERMANY","country_ship":null,"country_iso_reporting":"DE","country_sensor_provider":null}},{"type":"Feature","geometry":{"type":"Point","coordinates":[-51.3102,52.9557]},"properties":{"wmo":"4801048","ptf_id":1131050,"ptf_ref":"4801048_008","category":"oceansites","depl_date":"2018-05-30","ptf_model":"Subsurface Mooring Custom","country_name":"GERMANY","country_ship":"GERMANY","country_iso_reporting":"DE","country_sensor_provider":null}},{"type":"Feature","geometry":{"type":"Point","coordinates":[-50.87,53.13]},"properties":{"wmo":"4801049","ptf_id":1131064,"ptf_ref":"4801049_013","category":"oceansites","depl_date":"2018-05-31","ptf_model":"Subsurface Mooring Custom","country_name":"GERMANY","country_ship":"GERMANY","country_iso_reporting":"DE","country_sensor_provider":null}},{"type":"Feature","geometry":{"type":"Point","coordinates":[-50.2547,53.3873]},"properties":{"wmo":"4801050","ptf_id":1131074,"ptf_ref":"4801050_009","category":"oceansites","depl_date":"2018-05-28","ptf_model":"Subsurface Mooring Custom","country_name":"GERMANY","country_ship":"GERMANY","country_iso_reporting":"DE","country_sensor_provider":null}},{"type":"Feature","geometry":{"type":"Point","coordinates":[-51.5037,15.449]},"properties":{"wmo":"4801051","ptf_id":1133841,"ptf_ref":"4801051_013","category":"oceansites","depl_date":"2020-12-09","ptf_model":"Other Met Moored Buoy","country_name":"USA","country_ship":"USA","country_iso_reporting":"US","country_sensor_provider":null}},{"type":"Feature","geometry":{"type":"Point","coordinates":[-60.4998,16.3348]},"properties":{"wmo":"4801053","ptf_id":1133842,"ptf_ref":"4801053_013","category":"oceansites","depl_date":"2020-12-13","ptf_model":"Other Met Moored Buoy","country_name":"USA","country_ship":"USA","country_iso_reporting":"US","country_sensor_provider":null}},{"type":"Feature","geometry":{"type":"Point","coordinates":[-60.6058,16.3318]},"properties":{"wmo":"4801054","ptf_id":1133840,"ptf_ref":"4801054_013","category":"oceansites","depl_date":"2020-12-06","ptf_model":"Other Met Moored Buoy","country_name":"USA","country_ship":"USA","country_iso_reporting":"US","country_sensor_provider":null}},{"type":"Feature","geometry":{"type":"Point","coordinates":[-49.7327,24.1988]},"properties":{"wmo":"4801060","ptf_id":1133004,"ptf_ref":"4801060_005","category":"oceansites","depl_date":"2017-03-18","ptf_model":"Other Met Moored Buoy","country_name":"UK","country_ship":"UK","country_iso_reporting":"GB","country_sensor_provider":null}},{"type":"Feature","geometry":{"type":"Point","coordinates":[-49.7328,24.1828]},"properties":{"wmo":"4801061","ptf_id":1133005,"ptf_ref":"4801061_005","category":"oceansites","depl_date":"2018-11-06","ptf_model":"Other Met Moored Buoy","country_name":"UK","country_ship":"UK","country_iso_reporting":"GB","country_sensor_provider":null}},{"type":"Feature","geometry":{"type":"Point","coordinates":[-41.098,23.8623]},"properties":{"wmo":"4801062","ptf_id":1133016,"ptf_ref":"4801062_005","category":"oceansites","depl_date":"2017-03-15","ptf_model":"Other Met Moored Buoy","country_name":"UK","country_ship":"UK","country_iso_reporting":"GB","country_sensor_provider":null}},{"type":"Feature","geometry":{"type":"Point","coordinates":[-41.0893,23.8587]},"properties":{"wmo":"4801063","ptf_id":1133017,"ptf_ref":"4801063_005","category":"oceansites","depl_date":"2018-11-04","ptf_model":"Other Met Moored Buoy","country_name":"UK","country_ship":"UK","country_iso_reporting":"GB","country_sensor_provider":null}},{"type":"Feature","geometry":{"type":"Point","coordinates":[-76.7462,26.5047]},"properties":{"wmo":"4801064","ptf_id":1133032,"ptf_ref":"4801064_006","category":"oceansites","depl_date":"2018-11-22","ptf_model":"Other Met Moored Buoy","country_name":"UK","country_ship":"UK","country_iso_reporting":"GB","country_sensor_provider":null}},{"type":"Feature","geometry":{"type":"Point","coordinates":[-76.7437,26.5035]},"properties":{"wmo":"4801065","ptf_id":1136810,"ptf_ref":"4801065_006","category":"oceansites","depl_date":"2021-01-04","ptf_model":"Other Met Moored Buoy","country_name":"UK","country_ship":"UK","country_iso_reporting":"GB","country_sensor_provider":null}},{"type":"Feature","geometry":{"type":"Point","coordinates":[-75.7135,26.4745]},"properties":{"wmo":"4801066","ptf_id":1136808,"ptf_ref":"4801066_006","category":"oceansites","depl_date":"2021-01-01","ptf_model":"Other Met Moored Buoy","country_name":"UK","country_ship":"UK","country_iso_reporting":"GB","country_sensor_provider":null}},{"type":"Feature","geometry":{"type":"Point","coordinates":[-75.7257,26.4792]},"properties":{"wmo":"4801067","ptf_id":1133045,"ptf_ref":"4801067_006","category":"oceansites","depl_date":"2018-11-18","ptf_model":"Other Met Moored Buoy","country_name":"UK","country_ship":"UK","country_iso_reporting":"GB","country_sensor_provider":null}},{"type":"Feature","geometry":{"type":"Point","coordinates":[-76.8663,26.5382]},"properties":{"wmo":"4801068","ptf_id":1136809,"ptf_ref":"4801068_004","category":"oceansites","depl_date":"2021-01-06","ptf_model":"Other Met Moored Buoy","country_name":"UK","country_ship":"UK","country_iso_reporting":"GB","country_sensor_provider":null}},{"type":"Feature","geometry":{"type":"Point","coordinates":[-76.8667,26.5243]},"properties":{"wmo":"4801069","ptf_id":1133053,"ptf_ref":"4801069_003","category":"oceansites","depl_date":"2018-11-19","ptf_model":"Other Met Moored Buoy","country_name":"UK","country_ship":"UK","country_iso_reporting":"GB","country_sensor_provider":null}},{"type":"Feature","geometry":{"type":"Point","coordinates":[-76.8155,26.4975]},"properties":{"wmo":"4801070","ptf_id":1136805,"ptf_ref":"4801070_014","category":"oceansites","depl_date":"2021-01-07","ptf_model":"Other Met Moored Buoy","country_name":"UK","country_ship":"UK","country_iso_reporting":"GB","country_sensor_provider":null}},{"type":"Feature","geometry":{"type":"Point","coordinates":[-41.1118,59.9045]},"properties":{"wmo":"4801071","ptf_id":1130910,"ptf_ref":"4801071_003","category":"oceansites","depl_date":"2018-06-17","ptf_model":"Subsurface Mooring Custom","country_name":"USA","country_ship":"USA","country_iso_reporting":"US","country_sensor_provider":null}},{"type":"Feature","geometry":{"type":"Point","coordinates":[-40.6885,59.8606]},"properties":{"wmo":"4801072","ptf_id":1130911,"ptf_ref":"4801072_003","category":"oceansites","depl_date":"2018-06-18","ptf_model":"Subsurface Mooring Custom","country_name":"USA","country_ship":"USA","country_iso_reporting":"US","country_sensor_provider":null}},{"type":"Feature","geometry":{"type":"Point","coordinates":[-40.2822,59.8136]},"properties":{"wmo":"4801073","ptf_id":1130912,"ptf_ref":"4801073_003","category":"oceansites","depl_date":"2018-06-19","ptf_model":"Subsurface Mooring Custom","country_name":"USA","country_ship":"USA","country_iso_reporting":"US","country_sensor_provider":null}},{"type":"Feature","geometry":{"type":"Point","coordinates":[-38.568,59.6803]},"properties":{"wmo":"4801074","ptf_id":1130913,"ptf_ref":"4801074_003","category":"oceansites","depl_date":"2018-06-13","ptf_model":"Subsurface Mooring Custom","country_name":"USA","country_ship":"USA","country_iso_reporting":"US","country_sensor_provider":null}},{"type":"Feature","geometry":{"type":"Point","coordinates":[-37.7942,59.578]},"properties":{"wmo":"4801075","ptf_id":1132358,"ptf_ref":"4801075_002","category":"oceansites","depl_date":"2016-08-05","ptf_model":"Subsurface Mooring Custom","country_name":"UK","country_ship":"UK","country_iso_reporting":"GB","country_sensor_provider":null}},{"type":"Feature","geometry":{"type":"Point","coordinates":[-140.2,9]},"properties":{"wmo":"5100006","ptf_id":1340617,"ptf_ref":"5100006_046","category":"oceansites","depl_date":"2026-09-08","ptf_model":"TAO_REFRESH","country_name":"USA","country_ship":null,"country_iso_reporting":"US","country_sensor_provider":null}},{"type":"Feature","geometry":{"type":"Point","coordinates":[-140,5.1]},"properties":{"wmo":"5100007","ptf_id":1340697,"ptf_ref":"5100007_060","category":"oceansites","depl_date":"2026-09-08","ptf_model":"TAO_REFRESH","country_name":"USA","country_ship":null,"country_iso_reporting":"US","country_sensor_provider":null}},{"type":"Feature","geometry":{"type":"Point","coordinates":[-140,2]},"properties":{"wmo":"5100008","ptf_id":1340637,"ptf_ref":"5100008_048","category":"oceansites","depl_date":"2026-09-08","ptf_model":"TAO_REFRESH","country_name":"USA","country_ship":null,"country_iso_reporting":"US","country_sensor_provider":null}},{"type":"Feature","geometry":{"type":"Point","coordinates":[-140,-2]},"properties":{"wmo":"5100009","ptf_id":1340657,"ptf_ref":"5100009_044","category":"oceansites","depl_date":"2026-09-08","ptf_model":"TAO_REFRESH","country_name":"USA","country_ship":null,"country_iso_reporting":"US","country_sensor_provider":null}},{"type":"Feature","geometry":{"type":"Point","coordinates":[-169.7,0.1]},"properties":{"wmo":"5100010","ptf_id":1259597,"ptf_ref":"5100010_044","category":"oceansites","depl_date":"2026-09-08","ptf_model":"TAO_REFRESH","country_name":"USA","country_ship":null,"country_iso_reporting":"US","country_sensor_provider":null}},{"type":"Feature","geometry":{"type":"Point","coordinates":[-124.4,-0.2]},"properties":{"wmo":"5100011","ptf_id":1340477,"ptf_ref":"5100011_053","category":"oceansites","depl_date":"2026-09-08","ptf_model":"TAO_REFRESH","country_name":"USA","country_ship":null,"country_iso_reporting":"US","country_sensor_provider":null}},{"type":"Feature","geometry":{"type":"Point","coordinates":[-139.9,-5]},"properties":{"wmo":"5100014","ptf_id":1340597,"ptf_ref":"5100014_033","category":"oceansites","depl_date":"2026-09-08","ptf_model":"TAO_REFRESH","country_name":"USA","country_ship":null,"country_iso_reporting":"US","country_sensor_provider":null}},{"type":"Feature","geometry":{"type":"Point","coordinates":[-124.9,5.2]},"properties":{"wmo":"5100015","ptf_id":1151543,"ptf_ref":"5100015_050","category":"oceansites","depl_date":"2024-09-26","ptf_model":"TAO_REFRESH","country_name":"USA","country_ship":null,"country_iso_reporting":"US","country_sensor_provider":null}},{"type":"Feature","geometry":{"type":"Point","coordinates":[-125,2]},"properties":{"wmo":"5100016","ptf_id":1340497,"ptf_ref":"5100016_034","category":"oceansites","depl_date":"2026-09-08","ptf_model":"TAO_REFRESH","country_name":"USA","country_ship":null,"country_iso_reporting":"US","country_sensor_provider":null}},{"type":"Feature","geometry":{"type":"Point","coordinates":[-124.8,-2]},"properties":{"wmo":"5100017","ptf_id":1340457,"ptf_ref":"5100017_038","category":"oceansites","depl_date":"2026-09-08","ptf_model":"TAO_REFRESH","country_name":"USA","country_ship":null,"country_iso_reporting":"US","country_sensor_provider":null}},{"type":"Feature","geometry":{"type":"Point","coordinates":[-124.9,-5]},"properties":{"wmo":"5100018","ptf_id":1142680,"ptf_ref":"5100018_031","category":"oceansites","depl_date":"2024-10-01","ptf_model":"TAO_REFRESH","country_name":"USA","country_ship":null,"country_iso_reporting":"US","country_sensor_provider":null}},{"type":"Feature","geometry":{"type":"Point","coordinates":[-154.9,-5]},"properties":{"wmo":"5100019","ptf_id":1147262,"ptf_ref":"5100019_035","category":"oceansites","depl_date":"2025-10-02","ptf_model":"TAO_REFRESH","country_name":"USA","country_ship":null,"country_iso_reporting":"US","country_sensor_provider":null}},{"type":"Feature","geometry":{"type":"Point","coordinates":[-154.9,5]},"properties":{"wmo":"5100020","ptf_id":1147263,"ptf_ref":"5100020_038","category":"oceansites","depl_date":"2023-10-07","ptf_model":"TAO_REFRESH","country_name":"USA","country_ship":null,"country_iso_reporting":"US","country_sensor_provider":null}},{"type":"Feature","geometry":{"type":"Point","coordinates":[-153.7,2]},"properties":{"wmo":"5100021","ptf_id":1268257,"ptf_ref":"5100021_035","category":"oceansites","depl_date":"2026-09-08","ptf_model":"TAO_REFRESH","country_name":"USA","country_ship":null,"country_iso_reporting":"US","country_sensor_provider":null}},{"type":"Feature","geometry":{"type":"Point","coordinates":[-152.1,-2]},"properties":{"wmo":"5100022","ptf_id":1267857,"ptf_ref":"5100022_038","category":"oceansites","depl_date":"2026-09-08","ptf_model":"TAO_REFRESH","country_name":"USA","country_ship":null,"country_iso_reporting":"US","country_sensor_provider":null}},{"type":"Feature","geometry":{"type":"Point","coordinates":[-153.3,0.1]},"properties":{"wmo":"5100023","ptf_id":1267877,"ptf_ref":"5100023_048","category":"oceansites","depl_date":"2026-09-08","ptf_model":"TAO_REFRESH","country_name":"USA","country_ship":null,"country_iso_reporting":"US","country_sensor_provider":null}},{"type":"Feature","geometry":{"type":"Point","coordinates":[-158.01,22.74]},"properties":{"wmo":"5100275","ptf_id":1028006,"ptf_ref":"5100275","category":"oceansites","depl_date":"2015-06-30","ptf_model":"Benthic Mooring Custom","country_name":"USA","country_ship":null,"country_iso_reporting":"US","country_sensor_provider":null}},{"type":"Feature","geometry":{"type":"Point","coordinates":[-155,7.9]},"properties":{"wmo":"5100301","ptf_id":1147264,"ptf_ref":"5100301_034","category":"oceansites","depl_date":"2023-10-08","ptf_model":"TAO_REFRESH","country_name":"USA","country_ship":null,"country_iso_reporting":"US","country_sensor_provider":null}},{"type":"Feature","geometry":{"type":"Point","coordinates":[-155,-8.3]},"properties":{"wmo":"5100302","ptf_id":1147748,"ptf_ref":"5100302_031","category":"oceansites","depl_date":"2025-10-01","ptf_model":"TAO_REFRESH","country_name":"USA","country_ship":null,"country_iso_reporting":"US","country_sensor_provider":null}},{"type":"Feature","geometry":{"type":"Point","coordinates":[-170,5]},"properties":{"wmo":"5100303","ptf_id":1262057,"ptf_ref":"5100303_042","category":"oceansites","depl_date":"2026-09-08","ptf_model":"TAO_REFRESH","country_name":"USA","country_ship":null,"country_iso_reporting":"US","country_sensor_provider":null}},{"type":"Feature","geometry":{"type":"Point","coordinates":[-167.5,-5]},"properties":{"wmo":"5100304","ptf_id":1259497,"ptf_ref":"5100304_032","category":"oceansites","depl_date":"2026-09-08","ptf_model":"TAO_REFRESH","country_name":"USA","country_ship":null,"country_iso_reporting":"US","country_sensor_provider":null}},{"type":"Feature","geometry":{"type":"Point","coordinates":[-170,2]},"properties":{"wmo":"5100305","ptf_id":1259617,"ptf_ref":"5100305_043","category":"oceansites","depl_date":"2026-09-08","ptf_model":"TAO_REFRESH","country_name":"USA","country_ship":null,"country_iso_reporting":"US","country_sensor_provider":null}},{"type":"Feature","geometry":{"type":"Point","coordinates":[-167.9,-1.6]},"properties":{"wmo":"5100306","ptf_id":1259577,"ptf_ref":"5100306_041","category":"oceansites","depl_date":"2026-09-08","ptf_model":"TAO_REFRESH","country_name":"USA","country_ship":null,"country_iso_reporting":"US","country_sensor_provider":null}},{"type":"Feature","geometry":{"type":"Point","coordinates":[-125.1,8]},"properties":{"wmo":"5100307","ptf_id":1142681,"ptf_ref":"5100307_038","category":"oceansites","depl_date":"2023-04-15","ptf_model":"TAO_REFRESH","country_name":"USA","country_ship":null,"country_iso_reporting":"US","country_sensor_provider":null}},{"type":"Feature","geometry":{"type":"Point","coordinates":[-125,-8]},"properties":{"wmo":"5100308","ptf_id":1142683,"ptf_ref":"5100308_032","category":"oceansites","depl_date":"2022-03-27","ptf_model":"TAO_REFRESH","country_name":"USA","country_ship":null,"country_iso_reporting":"US","country_sensor_provider":null}},{"type":"Feature","geometry":{"type":"Point","coordinates":[-170,8]},"properties":{"wmo":"5100309","ptf_id":1262077,"ptf_ref":"5100309_035","category":"oceansites","depl_date":"2026-09-08","ptf_model":"TAO_REFRESH","country_name":"USA","country_ship":null,"country_iso_reporting":"US","country_sensor_provider":null}},{"type":"Feature","geometry":{"type":"Point","coordinates":[-170,-8]},"properties":{"wmo":"5100310","ptf_id":1259477,"ptf_ref":"5100310_031","category":"oceansites","depl_date":"2026-09-08","ptf_model":"TAO_REFRESH","country_name":"USA","country_ship":null,"country_iso_reporting":"US","country_sensor_provider":null}},{"type":"Feature","geometry":{"type":"Point","coordinates":[-139.9,0]},"properties":{"wmo":"5100311","ptf_id":1340677,"ptf_ref":"5100311_038","category":"oceansites","depl_date":"2026-09-08","ptf_model":"TAO_REFRESH","country_name":"USA","country_ship":null,"country_iso_reporting":"US","country_sensor_provider":null}},{"type":"Feature","geometry":{"type":"Point","coordinates":[-157.95,22.6667]},"properties":{"wmo":"5100400","ptf_id":1160157,"ptf_ref":"5100400_019","category":"oceansites","depl_date":"2024-06-02","ptf_model":"Other Met Moored Buoy","country_name":"USA","country_ship":"USA","country_iso_reporting":"US","country_sensor_provider":"USA"}},{"type":"Feature","geometry":{"type":"Point","coordinates":[164.4,2]},"properties":{"wmo":"5200001","ptf_id":1254777,"ptf_ref":"5200001_051","category":"oceansites","depl_date":"2026-09-08","ptf_model":"TAO_REFRESH","country_name":"USA","country_ship":null,"country_iso_reporting":"US","country_sensor_provider":null}},{"type":"Feature","geometry":{"type":"Point","coordinates":[163.5,-2]},"properties":{"wmo":"5200002","ptf_id":1254837,"ptf_ref":"5200002_055","category":"oceansites","depl_date":"2026-09-08","ptf_model":"TAO_REFRESH","country_name":"USA","country_ship":null,"country_iso_reporting":"US","country_sensor_provider":null}},{"type":"Feature","geometry":{"type":"Point","coordinates":[165,5.1]},"properties":{"wmo":"5200003","ptf_id":1254737,"ptf_ref":"5200003_047","category":"oceansites","depl_date":"2026-09-08","ptf_model":"TAO_REFRESH","country_name":"USA","country_ship":null,"country_iso_reporting":"US","country_sensor_provider":null}},{"type":"Feature","geometry":{"type":"Point","coordinates":[165.2,-5]},"properties":{"wmo":"5200004","ptf_id":1254877,"ptf_ref":"5200004_050","category":"oceansites","depl_date":"2026-09-08","ptf_model":"TAO_REFRESH","country_name":"USA","country_ship":null,"country_iso_reporting":"US","country_sensor_provider":null}},{"type":"Feature","geometry":{"type":"Point","coordinates":[165.1,8]},"properties":{"wmo":"5200006","ptf_id":1254757,"ptf_ref":"5200006_044","category":"oceansites","depl_date":"2026-09-08","ptf_model":"TAO_REFRESH","country_name":"USA","country_ship":null,"country_iso_reporting":"US","country_sensor_provider":null}},{"type":"Feature","geometry":{"type":"Point","coordinates":[169.9,-7.7]},"properties":{"wmo":"5200007","ptf_id":1254997,"ptf_ref":"5200007_038","category":"oceansites","depl_date":"2026-09-08","ptf_model":"TAO_REFRESH","country_name":"USA","country_ship":null,"country_iso_reporting":"US","country_sensor_provider":null}},{"type":"Feature","geometry":{"type":"Point","coordinates":[165,10.2]},"properties":{"wmo":"5200013","ptf_id":1259037,"ptf_ref":"5200013","category":"oceansites","depl_date":"2026-09-08","ptf_model":"TAO_REFRESH","country_name":"USA","country_ship":null,"country_iso_reporting":"US","country_sensor_provider":null}},{"type":"Feature","geometry":{"type":"Point","coordinates":[137,5]},"properties":{"wmo":"5200073","ptf_id":1120046,"ptf_ref":"5200073_011","category":"oceansites","depl_date":"2015-01-14","ptf_model":"OTHER_TROPICAL","country_name":"JAPAN","country_ship":"JAPAN","country_iso_reporting":"JP","country_sensor_provider":null}},{"type":"Feature","geometry":{"type":"Point","coordinates":[130,5]},"properties":{"wmo":"5200074","ptf_id":1120047,"ptf_ref":"5200074","category":"oceansites","depl_date":"2002-07-13","ptf_model":"OTHER_TROPICAL","country_name":"JAPAN","country_ship":"JAPAN","country_iso_reporting":"JP","country_sensor_provider":null}},{"type":"Feature","geometry":{"type":"Point","coordinates":[130,8]},"properties":{"wmo":"5200075","ptf_id":1120056,"ptf_ref":"5200075_008","category":"oceansites","depl_date":"2011-09-07","ptf_model":"OTHER_TROPICAL","country_name":"JAPAN","country_ship":"JAPAN","country_iso_reporting":"JP","country_sensor_provider":null}},{"type":"Feature","geometry":{"type":"Point","coordinates":[130,2]},"properties":{"wmo":"5200076","ptf_id":1120066,"ptf_ref":"5200076_009","category":"oceansites","depl_date":"2011-09-04","ptf_model":"OTHER_TROPICAL","country_name":"JAPAN","country_ship":"JAPAN","country_iso_reporting":"JP","country_sensor_provider":null}},{"type":"Feature","geometry":{"type":"Point","coordinates":[147,2]},"properties":{"wmo":"5200077","ptf_id":1120079,"ptf_ref":"5200077_012","category":"oceansites","depl_date":"2015-01-06","ptf_model":"OTHER_TROPICAL","country_name":"JAPAN","country_ship":"JAPAN","country_iso_reporting":"JP","country_sensor_provider":null}},{"type":"Feature","geometry":{"type":"Point","coordinates":[147,5]},"properties":{"wmo":"5200078","ptf_id":1120090,"ptf_ref":"5200078_010","category":"oceansites","depl_date":"2012-07-25","ptf_model":"OTHER_TROPICAL","country_name":"JAPAN","country_ship":"JAPAN","country_iso_reporting":"JP","country_sensor_provider":null}},{"type":"Feature","geometry":{"type":"Point","coordinates":[147,0]},"properties":{"wmo":"5200079","ptf_id":1120103,"ptf_ref":"5200079_012","category":"oceansites","depl_date":"2015-01-08","ptf_model":"OTHER_TROPICAL","country_name":"JAPAN","country_ship":"JAPAN","country_iso_reporting":"JP","country_sensor_provider":null}},{"type":"Feature","geometry":{"type":"Point","coordinates":[138,2]},"properties":{"wmo":"5200080","ptf_id":1120117,"ptf_ref":"5200080_013","category":"oceansites","depl_date":"2015-01-12","ptf_model":"OTHER_TROPICAL","country_name":"JAPAN","country_ship":"JAPAN","country_iso_reporting":"JP","country_sensor_provider":null}},{"type":"Feature","geometry":{"type":"Point","coordinates":[138,0]},"properties":{"wmo":"5200081","ptf_id":1120129,"ptf_ref":"5200081_011","category":"oceansites","depl_date":"2011-08-30","ptf_model":"OTHER_TROPICAL","country_name":"JAPAN","country_ship":"JAPAN","country_iso_reporting":"JP","country_sensor_provider":null}},{"type":"Feature","geometry":{"type":"Point","coordinates":[156,2]},"properties":{"wmo":"5200082","ptf_id":1120143,"ptf_ref":"5200082_013","category":"oceansites","depl_date":"2014-12-30","ptf_model":"OTHER_TROPICAL","country_name":"JAPAN","country_ship":"JAPAN","country_iso_reporting":"JP","country_sensor_provider":null}},{"type":"Feature","geometry":{"type":"Point","coordinates":[156,8]},"properties":{"wmo":"5200083","ptf_id":1120155,"ptf_ref":"5200083_011","category":"oceansites","depl_date":"2012-08-21","ptf_model":"OTHER_TROPICAL","country_name":"JAPAN","country_ship":"JAPAN","country_iso_reporting":"JP","country_sensor_provider":null}},{"type":"Feature","geometry":{"type":"Point","coordinates":[156,5]},"properties":{"wmo":"5200084","ptf_id":1120167,"ptf_ref":"5200084_012","category":"oceansites","depl_date":"2014-03-10","ptf_model":"OTHER_TROPICAL","country_name":"JAPAN","country_ship":"JAPAN","country_iso_reporting":"JP","country_sensor_provider":null}},{"type":"Feature","geometry":{"type":"Point","coordinates":[155.956,0.018]},"properties":{"wmo":"5200085","ptf_id":1131550,"ptf_ref":"5200085_016","category":"oceansites","depl_date":"2021-06-03","ptf_model":"OTHER_TROPICAL","country_name":"JAPAN","country_ship":"JAPAN","country_iso_reporting":"JP","country_sensor_provider":null}},{"type":"Feature","geometry":{"type":"Point","coordinates":[156,-5]},"properties":{"wmo":"5200086","ptf_id":1120197,"ptf_ref":"5200086_012","category":"oceansites","depl_date":"2014-02-27","ptf_model":"OTHER_TROPICAL","country_name":"JAPAN","country_ship":"JAPAN","country_iso_reporting":"JP","country_sensor_provider":null}},{"type":"Feature","geometry":{"type":"Point","coordinates":[136.485,7.868]},"properties":{"wmo":"5200087","ptf_id":1131551,"ptf_ref":"5200087_014","category":"oceansites","depl_date":"2021-06-10","ptf_model":"OTHER_TROPICAL","country_name":"JAPAN","country_ship":"JAPAN","country_iso_reporting":"JP","country_sensor_provider":null}},{"type":"Feature","geometry":{"type":"Point","coordinates":[156,-2]},"properties":{"wmo":"5200088","ptf_id":1120225,"ptf_ref":"5200088_013","category":"oceansites","depl_date":"2014-12-26","ptf_model":"OTHER_TROPICAL","country_name":"JAPAN","country_ship":"JAPAN","country_iso_reporting":"JP","country_sensor_provider":null}},{"type":"Feature","geometry":{"type":"Point","coordinates":[-179.9,5]},"properties":{"wmo":"5200309","ptf_id":1146185,"ptf_ref":"5200309_030","category":"oceansites","depl_date":"2023-08-31","ptf_model":"TAO_REFRESH","country_name":"USA","country_ship":null,"country_iso_reporting":"US","country_sensor_provider":null}},{"type":"Feature","geometry":{"type":"Point","coordinates":[-179.8,2]},"properties":{"wmo":"5200310","ptf_id":1257437,"ptf_ref":"5200310_042","category":"oceansites","depl_date":"2026-09-08","ptf_model":"TAO_REFRESH","country_name":"USA","country_ship":null,"country_iso_reporting":"US","country_sensor_provider":null}},{"type":"Feature","geometry":{"type":"Point","coordinates":[-179.9,0]},"properties":{"wmo":"5200311","ptf_id":1257417,"ptf_ref":"5200311_038","category":"oceansites","depl_date":"2026-09-08","ptf_model":"TAO_REFRESH","country_name":"USA","country_ship":null,"country_iso_reporting":"US","country_sensor_provider":null}},{"type":"Feature","geometry":{"type":"Point","coordinates":[-179.8,-1.9]},"properties":{"wmo":"5200312","ptf_id":1257397,"ptf_ref":"5200312_036","category":"oceansites","depl_date":"2026-09-08","ptf_model":"TAO_REFRESH","country_name":"USA","country_ship":null,"country_iso_reporting":"US","country_sensor_provider":null}},{"type":"Feature","geometry":{"type":"Point","coordinates":[-179.9,-5]},"properties":{"wmo":"5200313","ptf_id":1146188,"ptf_ref":"5200313_036","category":"oceansites","depl_date":"2023-09-04","ptf_model":"TAO_REFRESH","country_name":"USA","country_ship":null,"country_iso_reporting":"US","country_sensor_provider":null}},{"type":"Feature","geometry":{"type":"Point","coordinates":[-179.9,8]},"properties":{"wmo":"5200315","ptf_id":1155990,"ptf_ref":"5200315_040","category":"oceansites","depl_date":"2024-08-01","ptf_model":"TAO_REFRESH","country_name":"USA","country_ship":null,"country_iso_reporting":"US","country_sensor_provider":null}},{"type":"Feature","geometry":{"type":"Point","coordinates":[179.9,-8]},"properties":{"wmo":"5200316","ptf_id":1146187,"ptf_ref":"5200316_033","category":"oceansites","depl_date":"2023-09-05","ptf_model":"TAO_REFRESH","country_name":"USA","country_ship":null,"country_iso_reporting":"US","country_sensor_provider":null}},{"type":"Feature","geometry":{"type":"Point","coordinates":[163.3,0]},"properties":{"wmo":"5200321","ptf_id":1254817,"ptf_ref":"5200321_039","category":"oceansites","depl_date":"2026-09-08","ptf_model":"TAO_REFRESH","country_name":"USA","country_ship":null,"country_iso_reporting":"US","country_sensor_provider":null}},{"type":"Feature","geometry":{"type":"Point","coordinates":[137,13]},"properties":{"wmo":"5202509","ptf_id":1347697,"ptf_ref":"5202509_005","category":"oceansites","depl_date":"2025-10-22","ptf_model":"Other Met Moored Buoy","country_name":"JAPAN","country_ship":"JAPAN","country_iso_reporting":"JP","country_sensor_provider":null}},{"type":"Feature","geometry":{"type":"Point","coordinates":[80.496,-7.992]},"properties":{"wmo":"5300005","ptf_id":1228057,"ptf_ref":"5300005_010","category":"oceansites","depl_date":"2026-06-13","ptf_model":"T_FLEX","country_name":"USA","country_ship":null,"country_iso_reporting":"US","country_sensor_provider":null}},{"type":"Feature","geometry":{"type":"Point","coordinates":[80.314,-11.842]},"properties":{"wmo":"5300006","ptf_id":1128738,"ptf_ref":"5300006_007","category":"oceansites","depl_date":"2022-07-16","ptf_model":"T_FLEX","country_name":"USA","country_ship":"INDIA","country_iso_reporting":"US","country_sensor_provider":null}},{"type":"Feature","geometry":{"type":"Point","coordinates":[70.332,-7.073]},"properties":{"wmo":"5300009","ptf_id":1015199,"ptf_ref":"5300009","category":"oceansites","depl_date":"2017-08-15","ptf_model":"OTHER_TROPICAL","country_name":"INDIA","country_ship":null,"country_iso_reporting":"IN","country_sensor_provider":null}},{"type":"Feature","geometry":{"type":"Point","coordinates":[95,-8]},"properties":{"wmo":"5300040","ptf_id":1120000,"ptf_ref":"5300040_005","category":"oceansites","depl_date":"2016-11-21","ptf_model":"OTHER_TROPICAL","country_name":"JAPAN","country_ship":"INDONESIA","country_iso_reporting":"JP","country_sensor_provider":null}},{"type":"Feature","geometry":{"type":"Point","coordinates":[99.94,-8.063]},"properties":{"wmo":"5300041","ptf_id":1119245,"ptf_ref":"5300041","category":"oceansites","depl_date":"2021-01-09","ptf_model":"Bailong","country_name":"CHINA","country_ship":null,"country_iso_reporting":"CN","country_sensor_provider":null}},{"type":"Feature","geometry":{"type":"Point","coordinates":[95.01,-4.973]},"properties":{"wmo":"5300056","ptf_id":1120013,"ptf_ref":"5300056_008","category":"oceansites","depl_date":"2024-09-21","ptf_model":"Other Met Moored Buoy","country_name":"JAPAN","country_ship":"JAPAN","country_iso_reporting":"JP","country_sensor_provider":null}},{"type":"Feature","geometry":{"type":"Point","coordinates":[90,-1.5]},"properties":{"wmo":"5300057","ptf_id":1120022,"ptf_ref":"5300057_007","category":"oceansites","depl_date":"2015-02-07","ptf_model":"OTHER_TROPICAL","country_name":"JAPAN","country_ship":"JAPAN","country_iso_reporting":"JP","country_sensor_provider":null}},{"type":"Feature","geometry":{"type":"Point","coordinates":[80.46,-16.01]},"properties":{"wmo":"5600053","ptf_id":504629,"ptf_ref":"5600053","category":"oceansites","depl_date":"2011-06-01","ptf_model":"OTHER_TROPICAL","country_name":"INDIA","country_ship":null,"country_iso_reporting":"IN","country_sensor_provider":null}},{"type":"Feature","geometry":{"type":"Point","coordinates":[100,-25]},"properties":{"wmo":"5600055","ptf_id":1015200,"ptf_ref":"5600055","category":"oceansites","depl_date":"2014-01-01","ptf_model":"OTHER_TROPICAL","country_name":"INDIA","country_ship":null,"country_iso_reporting":"IN","country_sensor_provider":null}},{"type":"Feature","geometry":{"type":"Point","coordinates":[141.2561,-47.1695]},"properties":{"wmo":"5800450","ptf_id":1155069,"ptf_ref":"5800450_013","category":"oceansites","depl_date":"2023-05-17","ptf_model":"Other Met Moored Buoy","country_name":"AUSTRALIA","country_ship":null,"country_iso_reporting":"AU","country_sensor_provider":"USA"}},{"type":"Feature","geometry":{"type":"Point","coordinates":[141.6923,-46.9088]},"properties":{"wmo":"5801003","ptf_id":1155070,"ptf_ref":"5801003_023","category":"oceansites","depl_date":"2023-05-18","ptf_model":"Other Met Moored Buoy","country_name":"AUSTRALIA","country_ship":null,"country_iso_reporting":"AU","country_sensor_provider":null}},{"type":"Feature","geometry":{"type":"Point","coordinates":[153.9,-27.3256]},"properties":{"wmo":"5801008","ptf_id":1140165,"ptf_ref":"5801008_004","category":"oceansites","depl_date":"2021-06-01","ptf_model":"Subsurface Mooring Custom","country_name":"AUSTRALIA","country_ship":"AUSTRALIA","country_iso_reporting":"AU","country_sensor_provider":null}},{"type":"Feature","geometry":{"type":"Point","coordinates":[154.002,-27.3126]},"properties":{"wmo":"5801009","ptf_id":1140166,"ptf_ref":"5801009_004","category":"oceansites","depl_date":"2021-06-02","ptf_model":"Subsurface Mooring Custom","country_name":"AUSTRALIA","country_ship":"AUSTRALIA","country_iso_reporting":"AU","country_sensor_provider":null}},{"type":"Feature","geometry":{"type":"Point","coordinates":[154.135,-27.2811]},"properties":{"wmo":"5801010","ptf_id":1140167,"ptf_ref":"5801010_004","category":"oceansites","depl_date":"2021-05-27","ptf_model":"Subsurface Mooring Custom","country_name":"AUSTRALIA","country_ship":"AUSTRALIA","country_iso_reporting":"AU","country_sensor_provider":null}},{"type":"Feature","geometry":{"type":"Point","coordinates":[154.286,-27.2478]},"properties":{"wmo":"5801011","ptf_id":1140168,"ptf_ref":"5801011_004","category":"oceansites","depl_date":"2021-05-24","ptf_model":"Subsurface Mooring Custom","country_name":"AUSTRALIA","country_ship":"AUSTRALIA","country_iso_reporting":"AU","country_sensor_provider":null}},{"type":"Feature","geometry":{"type":"Point","coordinates":[154.639,-27.2015]},"properties":{"wmo":"5801012","ptf_id":1140169,"ptf_ref":"5801012_004","category":"oceansites","depl_date":"2021-05-20","ptf_model":"Subsurface Mooring Custom","country_name":"AUSTRALIA","country_ship":"AUSTRALIA","country_iso_reporting":"AU","country_sensor_provider":null}},{"type":"Feature","geometry":{"type":"Point","coordinates":[155.306,-27.1026]},"properties":{"wmo":"5801013","ptf_id":1140170,"ptf_ref":"5801013_004","category":"oceansites","depl_date":"2021-05-17","ptf_model":"Subsurface Mooring Custom","country_name":"AUSTRALIA","country_ship":"AUSTRALIA","country_iso_reporting":"AU","country_sensor_provider":null}},{"type":"Feature","geometry":{"type":"Point","coordinates":[125.0618,-8.5302]},"properties":{"wmo":"5801014","ptf_id":1027965,"ptf_ref":"5801014_002","category":"oceansites","depl_date":"2014-04-23","ptf_model":"Other Met Moored Buoy","country_name":"AUSTRALIA","country_ship":"AUSTRALIA","country_iso_reporting":"AU","country_sensor_provider":null}},{"type":"Feature","geometry":{"type":"Point","coordinates":[127.2538,-9.0019]},"properties":{"wmo":"5801015","ptf_id":1027966,"ptf_ref":"5801015_002","category":"oceansites","depl_date":"2014-04-18","ptf_model":"Other Met Moored Buoy","country_name":"AUSTRALIA","country_ship":"AUSTRALIA","country_iso_reporting":"AU","country_sensor_provider":null}},{"type":"Feature","geometry":{"type":"Point","coordinates":[127.3644,-9.2744]},"properties":{"wmo":"5801016","ptf_id":1027967,"ptf_ref":"5801016_002","category":"oceansites","depl_date":"2014-04-12","ptf_model":"Other Met Moored Buoy","country_name":"AUSTRALIA","country_ship":"AUSTRALIA","country_iso_reporting":"AU","country_sensor_provider":null}},{"type":"Feature","geometry":{"type":"Point","coordinates":[153.969,-27.3126]},"properties":{"wmo":"5801017","ptf_id":1128653,"ptf_ref":"5801017","category":"oceansites","depl_date":"2012-04-22","ptf_model":"Other Met Moored Buoy","country_name":"AUSTRALIA","country_ship":"AUSTRALIA","country_iso_reporting":"AU","country_sensor_provider":null}},{"type":"Feature","geometry":{"type":"Point","coordinates":[153.9921,-27.3064]},"properties":{"wmo":"5801018","ptf_id":1128654,"ptf_ref":"5801018","category":"oceansites","depl_date":"2012-04-23","ptf_model":"Other Met Moored Buoy","country_name":"AUSTRALIA","country_ship":"AUSTRALIA","country_iso_reporting":"AU","country_sensor_provider":null}},{"type":"Feature","geometry":{"type":"Point","coordinates":[154.2904,-27.2518]},"properties":{"wmo":"5801019","ptf_id":1128655,"ptf_ref":"5801019","category":"oceansites","depl_date":"2012-04-24","ptf_model":"Other Met Moored Buoy","country_name":"AUSTRALIA","country_ship":"AUSTRALIA","country_iso_reporting":"AU","country_sensor_provider":null}},{"type":"Feature","geometry":{"type":"Point","coordinates":[154.6471,-27.2086]},"properties":{"wmo":"5801020","ptf_id":1128656,"ptf_ref":"5801020","category":"oceansites","depl_date":"2012-04-26","ptf_model":"Other Met Moored Buoy","country_name":"AUSTRALIA","country_ship":"AUSTRALIA","country_iso_reporting":"AU","country_sensor_provider":null}},{"type":"Feature","geometry":{"type":"Point","coordinates":[155.2993,-27.102]},"properties":{"wmo":"5801021","ptf_id":1128657,"ptf_ref":"5801021","category":"oceansites","depl_date":"2012-04-26","ptf_model":"Other Met Moored Buoy","country_name":"AUSTRALIA","country_ship":"AUSTRALIA","country_iso_reporting":"AU","country_sensor_provider":null}},{"type":"Feature","geometry":{"type":"Point","coordinates":[24.91,35.79]},"properties":{"wmo":"6100277","ptf_id":1027949,"ptf_ref":"6100277","category":"oceansites","depl_date":"2016-07-20","ptf_model":"Other Met Moored Buoy","country_name":"GREECE","country_ship":null,"country_iso_reporting":"GR","country_sensor_provider":null}},{"type":"Feature","geometry":{"type":"Point","coordinates":[18.065,41.5361]},"properties":{"wmo":"6100278","ptf_id":1148566,"ptf_ref":"6100278_016","category":"oceansites","depl_date":"2021-11-13","ptf_model":"Meteo mooring","country_name":"ITALY","country_ship":"ITALY","country_iso_reporting":"IT","country_sensor_provider":null}},{"type":"Feature","geometry":{"type":"Point","coordinates":[21.6,36.8]},"properties":{"wmo":"6101008","ptf_id":499590,"ptf_ref":"6101008","category":"oceansites","depl_date":"2024-03-09","ptf_model":"WAVESCAN","country_name":"GREECE","country_ship":"GREECE","country_iso_reporting":"GR","country_sensor_provider":null}},{"type":"Feature","geometry":{"type":"Point","coordinates":[11.5929,37.379]},"properties":{"wmo":"6101021","ptf_id":1202377,"ptf_ref":"6101021_016","category":"oceansites","depl_date":"2024-03-21","ptf_model":"Subsurface Mooring Custom","country_name":"ITALY","country_ship":"ITALY","country_iso_reporting":"IT","country_sensor_provider":null}},{"type":"Feature","geometry":{"type":"Point","coordinates":[11.4819,37.2863]},"properties":{"wmo":"6101022","ptf_id":1202337,"ptf_ref":"6101022_004","category":"oceansites","depl_date":"2023-04-07","ptf_model":"Subsurface Mooring Custom","country_name":"ITALY","country_ship":"ITALY","country_iso_reporting":"IT","country_sensor_provider":null}},{"type":"Feature","geometry":{"type":"Point","coordinates":[5.1943,43.0257]},"properties":{"wmo":"6101023","ptf_id":1191857,"ptf_ref":"6101023_018","category":"oceansites","depl_date":"2024-07-05","ptf_model":"Other Met Moored Buoy","country_name":"FRANCE","country_ship":"FRANCE","country_iso_reporting":"FR","country_sensor_provider":null}},{"type":"Feature","geometry":{"type":"Point","coordinates":[3.5451,42.429]},"properties":{"wmo":"6101024","ptf_id":1191837,"ptf_ref":"6101024_021","category":"oceansites","depl_date":"2024-07-13","ptf_model":"Other Met Moored Buoy","country_name":"FRANCE","country_ship":"FRANCE","country_iso_reporting":"FR","country_sensor_provider":null}},{"type":"Feature","geometry":{"type":"Point","coordinates":[1.7518,41.1814]},"properties":{"wmo":"6103565","ptf_id":1148554,"ptf_ref":"6103565","category":"oceansites","depl_date":"2009-03-14","ptf_model":"Meteo mooring","country_name":"SPAIN","country_ship":"SPAIN","country_iso_reporting":"ES","country_sensor_provider":null}},{"type":"Feature","geometry":{"type":"Point","coordinates":[9.118,43.834]},"properties":{"wmo":"6103675","ptf_id":1198797,"ptf_ref":"6103675_021","category":"oceansites","depl_date":"2024-07-29","ptf_model":"Other Met Moored Buoy","country_name":"ITALY","country_ship":null,"country_iso_reporting":"IT","country_sensor_provider":null}},{"type":"Feature","geometry":{"type":"Point","coordinates":[12.48,36.54]},"properties":{"wmo":"6103683","ptf_id":1346657,"ptf_ref":"6103683_002","category":"oceansites","depl_date":"2025-10-30","ptf_model":"Subsurface Mooring Custom","country_name":"ITALY","country_ship":"ITALY","country_iso_reporting":"IT","country_sensor_provider":null}},{"type":"Feature","geometry":{"type":"Point","coordinates":[-16.3,49]},"properties":{"wmo":"6200442","ptf_id":1148906,"ptf_ref":"6200442_011","category":"oceansites","depl_date":"2019-06-25","ptf_model":"Other Met Moored Buoy","country_name":"UK","country_ship":"UK","country_iso_reporting":"GB","country_sensor_provider":null}},{"type":"Feature","geometry":{"type":"Point","coordinates":[-3.767,43.845]},"properties":{"wmo":"6201030","ptf_id":1149739,"ptf_ref":"6201030_037","category":"oceansites","depl_date":"2023-10-30","ptf_model":"SEAWATCH","country_name":"SPAIN","country_ship":"SPAIN","country_iso_reporting":"ES","country_sensor_provider":null}},{"type":"Feature","geometry":{"type":"Point","coordinates":[-5.97,35.8612]},"properties":{"wmo":"6202100","ptf_id":1206117,"ptf_ref":"6202100_043","category":"oceansites","depl_date":"2023-11-29","ptf_model":"Subsurface Mooring Custom","country_name":"SPAIN","country_ship":null,"country_iso_reporting":"ES","country_sensor_provider":null}},{"type":"Feature","geometry":{"type":"Point","coordinates":[2,66]},"properties":{"wmo":"6301862","ptf_id":1290337,"ptf_ref":"6301862_009","category":"oceansites","depl_date":"2020-08-25","ptf_model":"Other Met Moored Buoy","country_name":"NORWAY","country_ship":"NORWAY","country_iso_reporting":"NO","country_sensor_provider":null}},{"type":"Feature","geometry":{"type":"Point","coordinates":[2,66]},"properties":{"wmo":"6301863","ptf_id":1290217,"ptf_ref":"6301863_012","category":"oceansites","depl_date":"2025-07-30","ptf_model":"Subsurface Mooring Custom","country_name":"NORWAY","country_ship":"NORWAY","country_iso_reporting":"NO","country_sensor_provider":null}},{"type":"Feature","geometry":{"type":"Point","coordinates":[7.9024,43.438]},"properties":{"wmo":"6800418","ptf_id":1191797,"ptf_ref":"6800418_028","category":"oceansites","depl_date":"2024-06-30","ptf_model":"Other Met Moored Buoy","country_name":"FRANCE","country_ship":"FRANCE","country_iso_reporting":"FR","country_sensor_provider":null}},{"type":"Feature","geometry":{"type":"Point","coordinates":[21.6,36.8]},"properties":{"wmo":"6800422","ptf_id":1107958,"ptf_ref":"6800422_007","category":"oceansites","depl_date":"2016-03-23","ptf_model":"WAVESCAN","country_name":"GREECE","country_ship":null,"country_iso_reporting":"GR","country_sensor_provider":null}},{"type":"Feature","geometry":{"type":"Point","coordinates":[6.17,42.8]},"properties":{"wmo":"6801000","ptf_id":1109942,"ptf_ref":"6801000_007","category":"oceansites","depl_date":"2013-10-23","ptf_model":"Other Met Moored Buoy","country_name":"FRANCE","country_ship":null,"country_iso_reporting":"FR","country_sensor_provider":null}},{"type":"Feature","geometry":{"type":"Point","coordinates":[-12.705,57.4707]},"properties":{"wmo":"6801001","ptf_id":1113694,"ptf_ref":"6801001_004","category":"oceansites","depl_date":"2018-07-06","ptf_model":"Other Met Moored Buoy","country_name":"UK","country_ship":"USA","country_iso_reporting":"GB","country_sensor_provider":null}},{"type":"Feature","geometry":{"type":"Point","coordinates":[-12.31,57.47]},"properties":{"wmo":"6801002","ptf_id":1113696,"ptf_ref":"6801002_004","category":"oceansites","depl_date":"2018-07-09","ptf_model":"Subsurface Mooring Custom","country_name":"UK","country_ship":"USA","country_iso_reporting":"GB","country_sensor_provider":null}},{"type":"Feature","geometry":{"type":"Point","coordinates":[-9.5632,57.0997]},"properties":{"wmo":"6801003","ptf_id":1132414,"ptf_ref":"6801003_004","category":"oceansites","depl_date":"2018-07-08","ptf_model":"Subsurface Mooring Custom","country_name":"UK","country_ship":"USA","country_iso_reporting":"GB","country_sensor_provider":null}},{"type":"Feature","geometry":{"type":"Point","coordinates":[-9.3378,57.1028]},"properties":{"wmo":"6801004","ptf_id":1132412,"ptf_ref":"6801004_001","category":"oceansites","depl_date":"2015-06-20","ptf_model":"Benthic Mooring Custom","country_name":"UK","country_ship":"NETHERLANDS","country_iso_reporting":"GB","country_sensor_provider":null}},{"type":"Feature","geometry":{"type":"Point","coordinates":[-6.0828,62.916]},"properties":{"wmo":"6801005","ptf_id":1211437,"ptf_ref":"6801005_030","category":"oceansites","depl_date":"2024-06-10","ptf_model":"Subsurface Mooring Custom","country_name":"DENMARK","country_ship":"FAROE IS.","country_iso_reporting":"DK","country_sensor_provider":null}},{"type":"Feature","geometry":{"type":"Point","coordinates":[-8.286,61.4187]},"properties":{"wmo":"6801006","ptf_id":1211417,"ptf_ref":"6801006_031","category":"oceansites","depl_date":"2024-06-08","ptf_model":"Subsurface Mooring Custom","country_name":"DENMARK","country_ship":"FAROE IS.","country_iso_reporting":"DK","country_sensor_provider":null}},{"type":"Feature","geometry":{"type":"Point","coordinates":[-8.3156,61.3916]},"properties":{"wmo":"6801007","ptf_id":1211357,"ptf_ref":"6801007_024","category":"oceansites","depl_date":"2024-06-08","ptf_model":"Subsurface Mooring Custom","country_name":"DENMARK","country_ship":"FAROE IS.","country_iso_reporting":"DK","country_sensor_provider":null}},{"type":"Feature","geometry":{"type":"Point","coordinates":[-16.424,48.984]},"properties":{"wmo":"6801011","ptf_id":1109964,"ptf_ref":"6801011_000","category":"oceansites","depl_date":"2002-10-08","ptf_model":"Other Met Moored Buoy","country_name":"UK","country_ship":null,"country_iso_reporting":"GB","country_sensor_provider":null}},{"type":"Feature","geometry":{"type":"Point","coordinates":[6,42.8]},"properties":{"wmo":"6801014","ptf_id":1239217,"ptf_ref":"6801014_009","category":"oceansites","depl_date":"2025-05-30","ptf_model":"Other Met Moored Buoy","country_name":"FRANCE","country_ship":"FRANCE","country_iso_reporting":"FR","country_sensor_provider":null}},{"type":"Feature","geometry":{"type":"Point","coordinates":[4.6837,42.0362]},"properties":{"wmo":"6801015","ptf_id":1191817,"ptf_ref":"6801015_018","category":"oceansites","depl_date":"2024-06-26","ptf_model":"Meteo mooring","country_name":"FRANCE","country_ship":"FRANCE","country_iso_reporting":"FR","country_sensor_provider":null}},{"type":"Feature","geometry":{"type":"Point","coordinates":[8.5423,79]},"properties":{"wmo":"6801020","ptf_id":1124080,"ptf_ref":"6801020_016","category":"oceansites","depl_date":"2018-09-07","ptf_model":"Other Met Moored Buoy","country_name":"GERMANY","country_ship":"GERMANY","country_iso_reporting":"DE","country_sensor_provider":null}},{"type":"Feature","geometry":{"type":"Point","coordinates":[8.3288,78.9999]},"properties":{"wmo":"6801021","ptf_id":1124082,"ptf_ref":"6801021_018","category":"oceansites","depl_date":"2018-09-07","ptf_model":"Other Met Moored Buoy","country_name":"GERMANY","country_ship":"GERMANY","country_iso_reporting":"DE","country_sensor_provider":null}},{"type":"Feature","geometry":{"type":"Point","coordinates":[7.9953,78.9998]},"properties":{"wmo":"6801022","ptf_id":1124083,"ptf_ref":"6801022_017","category":"oceansites","depl_date":"2018-09-09","ptf_model":"Other Met Moored Buoy","country_name":"GERMANY","country_ship":"GERMANY","country_iso_reporting":"DE","country_sensor_provider":null}},{"type":"Feature","geometry":{"type":"Point","coordinates":[6.9997,78.9997]},"properties":{"wmo":"6801023","ptf_id":1127835,"ptf_ref":"6801023_018","category":"oceansites","depl_date":"2019-08-22","ptf_model":"Other Met Moored Buoy","country_name":"GERMANY","country_ship":"GERMANY","country_iso_reporting":"DE","country_sensor_provider":null}},{"type":"Feature","geometry":{"type":"Point","coordinates":[5.668,78.9997]},"properties":{"wmo":"6801024","ptf_id":1124085,"ptf_ref":"6801024_017","category":"oceansites","depl_date":"2018-09-08","ptf_model":"Other Met Moored Buoy","country_name":"GERMANY","country_ship":"GERMANY","country_iso_reporting":"DE","country_sensor_provider":null}},{"type":"Feature","geometry":{"type":"Point","coordinates":[4.641,78.8453]},"properties":{"wmo":"6801025","ptf_id":1124086,"ptf_ref":"6801025_016","category":"oceansites","depl_date":"2015-10-04","ptf_model":"Other Met Moored Buoy","country_name":"GERMANY","country_ship":"GERMANY","country_iso_reporting":"DE","country_sensor_provider":null}},{"type":"Feature","geometry":{"type":"Point","coordinates":[4.0085,78.8287]},"properties":{"wmo":"6801026","ptf_id":1124087,"ptf_ref":"6801026_011","category":"oceansites","depl_date":"2012-06-25","ptf_model":"Other Met Moored Buoy","country_name":"GERMANY","country_ship":"GERMANY","country_iso_reporting":"DE","country_sensor_provider":null}},{"type":"Feature","geometry":{"type":"Point","coordinates":[2.7555,78.8228]},"properties":{"wmo":"6801027","ptf_id":1124088,"ptf_ref":"6801027_012","category":"oceansites","depl_date":"2012-06-27","ptf_model":"Other Met Moored Buoy","country_name":"GERMANY","country_ship":"GERMANY","country_iso_reporting":"DE","country_sensor_provider":null}},{"type":"Feature","geometry":{"type":"Point","coordinates":[-0.821,78.8533]},"properties":{"wmo":"6801028","ptf_id":1124089,"ptf_ref":"6801028_011","category":"oceansites","depl_date":"2014-06-27","ptf_model":"Other Met Moored Buoy","country_name":"GERMANY","country_ship":"GERMANY","country_iso_reporting":"DE","country_sensor_provider":null}},{"type":"Feature","geometry":{"type":"Point","coordinates":[-1.9843,78.8287]},"properties":{"wmo":"6801029","ptf_id":1124090,"ptf_ref":"6801029_012","category":"oceansites","depl_date":"2014-06-24","ptf_model":"Other Met Moored Buoy","country_name":"GERMANY","country_ship":"GERMANY","country_iso_reporting":"DE","country_sensor_provider":null}},{"type":"Feature","geometry":{"type":"Point","coordinates":[1.5847,78.8353]},"properties":{"wmo":"6801030","ptf_id":1124091,"ptf_ref":"6801030_008","category":"oceansites","depl_date":"2012-06-27","ptf_model":"Other Met Moored Buoy","country_name":"GERMANY","country_ship":"GERMANY","country_iso_reporting":"DE","country_sensor_provider":null}},{"type":"Feature","geometry":{"type":"Point","coordinates":[0.4295,78.8293]},"properties":{"wmo":"6801031","ptf_id":1124092,"ptf_ref":"6801031_008","category":"oceansites","depl_date":"2012-06-28","ptf_model":"Other Met Moored Buoy","country_name":"GERMANY","country_ship":"GERMANY","country_iso_reporting":"DE","country_sensor_provider":null}},{"type":"Feature","geometry":{"type":"Point","coordinates":[4.3327,79.0003]},"properties":{"wmo":"6801032","ptf_id":1124093,"ptf_ref":"6801032_100","category":"oceansites","depl_date":"2018-07-17","ptf_model":"Other Met Moored Buoy","country_name":"GERMANY","country_ship":"GERMANY","country_iso_reporting":"DE","country_sensor_provider":null}},{"type":"Feature","geometry":{"type":"Point","coordinates":[4.5227,79.7414]},"properties":{"wmo":"6801033","ptf_id":1124094,"ptf_ref":"6801033_100","category":"oceansites","depl_date":"2018-07-22","ptf_model":"Other Met Moored Buoy","country_name":"GERMANY","country_ship":"GERMANY","country_iso_reporting":"DE","country_sensor_provider":null}},{"type":"Feature","geometry":{"type":"Point","coordinates":[-5.394,78.9954]},"properties":{"wmo":"6801034","ptf_id":1124095,"ptf_ref":"6801034_100","category":"oceansites","depl_date":"2018-07-27","ptf_model":"Other Met Moored Buoy","country_name":"GERMANY","country_ship":"GERMANY","country_iso_reporting":"DE","country_sensor_provider":null}},{"type":"Feature","geometry":{"type":"Point","coordinates":[4.1129,79.0801]},"properties":{"wmo":"6801035","ptf_id":1124096,"ptf_ref":"6801035_100","category":"oceansites","depl_date":"2018-09-27","ptf_model":"Other Met Moored Buoy","country_name":"GERMANY","country_ship":"GERMANY","country_iso_reporting":"DE","country_sensor_provider":null}},{"type":"Feature","geometry":{"type":"Point","coordinates":[0.0007,78.1702]},"properties":{"wmo":"6801036","ptf_id":1124097,"ptf_ref":"6801036_000","category":"oceansites","depl_date":"2016-08-09","ptf_model":"Other Met Moored Buoy","country_name":"GERMANY","country_ship":"GERMANY","country_iso_reporting":"DE","country_sensor_provider":null}},{"type":"Feature","geometry":{"type":"Point","coordinates":[0.0015,78.8335]},"properties":{"wmo":"6801037","ptf_id":1124098,"ptf_ref":"6801037_000","category":"oceansites","depl_date":"2016-07-27","ptf_model":"Other Met Moored Buoy","country_name":"GERMANY","country_ship":"GERMANY","country_iso_reporting":"DE","country_sensor_provider":null}},{"type":"Feature","geometry":{"type":"Point","coordinates":[-0.0005,79.5]},"properties":{"wmo":"6801038","ptf_id":1124099,"ptf_ref":"6801038_000","category":"oceansites","depl_date":"2016-07-28","ptf_model":"Other Met Moored Buoy","country_name":"GERMANY","country_ship":"GERMANY","country_iso_reporting":"DE","country_sensor_provider":null}},{"type":"Feature","geometry":{"type":"Point","coordinates":[0.1698,80.1625]},"properties":{"wmo":"6801039","ptf_id":1124100,"ptf_ref":"6801039_000","category":"oceansites","depl_date":"2016-07-29","ptf_model":"Other Met Moored Buoy","country_name":"GERMANY","country_ship":"GERMANY","country_iso_reporting":"DE","country_sensor_provider":null}},{"type":"Feature","geometry":{"type":"Point","coordinates":[-0.1205,80.853]},"properties":{"wmo":"6801040","ptf_id":1124101,"ptf_ref":"6801040_000","category":"oceansites","depl_date":"2016-07-31","ptf_model":"Other Met Moored Buoy","country_name":"GERMANY","country_ship":"GERMANY","country_iso_reporting":"DE","country_sensor_provider":null}},{"type":"Feature","geometry":{"type":"Point","coordinates":[-0.01,-64.1]},"properties":{"wmo":"7801000","ptf_id":1122658,"ptf_ref":"7801000_013","category":"oceansites","depl_date":"2019-01-01","ptf_model":"Other Met Moored Buoy","country_name":"GERMANY","country_ship":"GERMANY","country_iso_reporting":"DE","country_sensor_provider":null}},{"type":"Feature","geometry":{"type":"Point","coordinates":[-0.07,-66.5]},"properties":{"wmo":"7801001","ptf_id":1122659,"ptf_ref":"7801001_012","category":"oceansites","depl_date":"2018-12-27","ptf_model":"Other Met Moored Buoy","country_name":"GERMANY","country_ship":"GERMANY","country_iso_reporting":"DE","country_sensor_provider":null}},{"type":"Feature","geometry":{"type":"Point","coordinates":[-50.81,-63.65]},"properties":{"wmo":"7801002","ptf_id":1028115,"ptf_ref":"7801002_010","category":"oceansites","depl_date":"2019-01-29","ptf_model":"Other Met Moored Buoy","country_name":"GERMANY","country_ship":"GERMANY","country_iso_reporting":"DE","country_sensor_provider":null}},{"type":"Feature","geometry":{"type":"Point","coordinates":[-36.68,-65.69]},"properties":{"wmo":"7801003","ptf_id":1028116,"ptf_ref":"7801003_008","category":"oceansites","depl_date":"2019-01-23","ptf_model":"Other Met Moored Buoy","country_name":"GERMANY","country_ship":"GERMANY","country_iso_reporting":"DE","country_sensor_provider":null}},{"type":"Feature","geometry":{"type":"Point","coordinates":[-7.03,-69]},"properties":{"wmo":"7801004","ptf_id":1028120,"ptf_ref":"7801004_005","category":"oceansites","depl_date":"2019-01-05","ptf_model":"Other Met Moored Buoy","country_name":"GERMANY","country_ship":"GERMANY","country_iso_reporting":"DE","country_sensor_provider":null}},{"type":"Feature","geometry":{"type":"Point","coordinates":[-17.39,-69.07]},"properties":{"wmo":"7801005","ptf_id":1028121,"ptf_ref":"7801005_004","category":"oceansites","depl_date":"2019-01-08","ptf_model":"Other Met Moored Buoy","country_name":"GERMANY","country_ship":"GERMANY","country_iso_reporting":"DE","country_sensor_provider":null}},{"type":"Feature","geometry":{"type":"Point","coordinates":[-12.23,-65.97]},"properties":{"wmo":"7801006","ptf_id":1127140,"ptf_ref":"7801006_002","category":"oceansites","depl_date":"2019-01-07","ptf_model":"Other Met Moored Buoy","country_name":"GERMANY","country_ship":"GERMANY","country_iso_reporting":"DE","country_sensor_provider":null}},{"type":"Feature","geometry":{"type":"Point","coordinates":[-28.95,-70.89]},"properties":{"wmo":"7801007","ptf_id":1127143,"ptf_ref":"7801007_002","category":"oceansites","depl_date":"2019-01-20","ptf_model":"Other Met Moored Buoy","country_name":"GERMANY","country_ship":"GERMANY","country_iso_reporting":"DE","country_sensor_provider":null}},{"type":"Feature","geometry":{"type":"Point","coordinates":[-44.1,-68.48]},"properties":{"wmo":"7801008","ptf_id":1127146,"ptf_ref":"7801008_002","category":"oceansites","depl_date":"2019-01-24","ptf_model":"Other Met Moored Buoy","country_name":"GERMANY","country_ship":"GERMANY","country_iso_reporting":"DE","country_sensor_provider":null}},{"type":"Feature","geometry":{"type":"Point","coordinates":[-55.98,-61.02]},"properties":{"wmo":"7801009","ptf_id":1127150,"ptf_ref":"7801009_002","category":"oceansites","depl_date":"2019-02-01","ptf_model":"Other Met Moored Buoy","country_name":"GERMANY","country_ship":"GERMANY","country_iso_reporting":"DE","country_sensor_provider":null}},{"type":"Feature","geometry":{"type":"Point","coordinates":[-47.49,-64.22]},"properties":{"wmo":"7801010","ptf_id":1127148,"ptf_ref":"7801010_001","category":"oceansites","depl_date":"2019-01-27","ptf_model":"Other Met Moored Buoy","country_name":"GERMANY","country_ship":"GERMANY","country_iso_reporting":"DE","country_sensor_provider":null}}]}
