{"type":"FeatureCollection","features":[{"type":"Feature","geometry":{"type":"Point","coordinates":[-90.7,27.9]},"properties":{"ptf_id":1135436,"ptf_ref":"VXDBBFT","category":"ship_based_meteorological_sot_vos","ptf_model":"GENERIC MANUAL","wigos_ref":"0-22000-0-VXDBBFT","country_name":"USA","country_ship":null,"goos_networks":"VOS","ptf_family_name":"Ship Weather Station","country_iso_reporting":"US","country_sensor_provider":null}},{"type":"Feature","geometry":{"type":"Point","coordinates":[-76.7,29.6]},"properties":{"ptf_id":1012066,"ptf_ref":"EAP62ZH","category":"ship_based_meteorological_sot_vos","ptf_model":"TURBOWIN+ AUTO","wigos_ref":"0-22000-0-EAP62ZH","country_name":"AUSTRALIA","country_ship":null,"goos_networks":"VOS","ptf_family_name":"Ship Weather Station","country_iso_reporting":"AU","country_sensor_provider":null}},{"type":"Feature","geometry":{"type":"Point","coordinates":[142.8,-11]},"properties":{"ptf_id":1012077,"ptf_ref":"4HND7BN","category":"ship_based_meteorological_sot_vos","ptf_model":"TURBOWIN+ MANUAL","wigos_ref":"0-22000-0-4HND7BN","country_name":"AUSTRALIA","country_ship":null,"goos_networks":"VOS","ptf_family_name":"Ship Weather Station","country_iso_reporting":"AU","country_sensor_provider":null}},{"type":"Feature","geometry":{"type":"Point","coordinates":[-92.3,21.5]},"properties":{"ptf_id":1012118,"ptf_ref":"EKYKSJY","category":"ship_based_meteorological_sot_vos","ptf_model":"TURBOWIN+ MANUAL","wigos_ref":"0-22000-0-EKYKSJY","country_name":"GERMANY","country_ship":null,"goos_networks":"VOS","ptf_family_name":"Ship Weather Station","country_iso_reporting":"DE","country_sensor_provider":null}},{"type":"Feature","geometry":{"type":"Point","coordinates":[-71.7,-31.7]},"properties":{"ptf_id":1012156,"ptf_ref":"3JTLAJJ","category":"ship_based_meteorological_sot_vos","ptf_model":"C5-SAM","wigos_ref":"0-22000-0-3JTLAJJ","country_name":"CHILE","country_ship":null,"goos_networks":"VOS","ptf_family_name":"Ship Weather Station","country_iso_reporting":"CL","country_sensor_provider":null}},{"type":"Feature","geometry":{"type":"Point","coordinates":[124.3,31.5]},"properties":{"ptf_id":1012209,"ptf_ref":"EDU53ER","category":"ship_based_meteorological_sot_vos","ptf_model":"TURBOWIN+ MANUAL","wigos_ref":"0-22000-0-EDU53ER","country_name":"GERMANY","country_ship":null,"goos_networks":"VOS","ptf_family_name":"Ship Weather Station","country_iso_reporting":"DE","country_sensor_provider":null}},{"type":"Feature","geometry":{"type":"Point","coordinates":[-7,49.2]},"properties":{"ptf_id":1012210,"ptf_ref":"9SCUKEL","category":"ship_based_meteorological_sot_vos","ptf_model":"TURBOWIN+ MANUAL","wigos_ref":"0-22000-0-9SCUKEL","country_name":"GERMANY","country_ship":null,"goos_networks":"VOS","ptf_family_name":"Ship Weather Station","country_iso_reporting":"DE","country_sensor_provider":null}},{"type":"Feature","geometry":{"type":"Point","coordinates":[13.9,54.4]},"properties":{"ptf_id":1012248,"ptf_ref":"GSLLW8Y","category":"ship_based_meteorological_sot_vos","ptf_model":"TURBOWIN+ MANUAL","wigos_ref":"0-22000-0-GSLLW8Y","country_name":"GERMANY","country_ship":null,"goos_networks":"VOS","ptf_family_name":"Ship Weather Station","country_iso_reporting":"DE","country_sensor_provider":null}},{"type":"Feature","geometry":{"type":"Point","coordinates":[135.1,39]},"properties":{"ptf_id":1012286,"ptf_ref":"USS8SCM","category":"ship_based_meteorological_sot_vos","ptf_model":"TURBOWIN+ MANUAL","wigos_ref":"0-22000-0-USS8SCM","country_name":"GERMANY","country_ship":null,"goos_networks":"VOS","ptf_family_name":"Ship Weather Station","country_iso_reporting":"DE","country_sensor_provider":null}},{"type":"Feature","geometry":{"type":"Point","coordinates":[132.4,31.1]},"properties":{"ptf_id":1012288,"ptf_ref":"6QZJ45L","category":"ship_based_meteorological_sot_vos","ptf_model":"TURBOWIN+ MANUAL","wigos_ref":"0-22000-0-6QZJ45L","country_name":"GERMANY","country_ship":null,"goos_networks":"VOS","ptf_family_name":"Ship Weather Station","country_iso_reporting":"DE","country_sensor_provider":null}},{"type":"Feature","geometry":{"type":"Point","coordinates":[11.4,54.2]},"properties":{"ptf_id":1012306,"ptf_ref":"NGDAHHQ","category":"ship_based_meteorological_sot_vos","ptf_model":"TURBOWIN","wigos_ref":"0-22000-0-NGDAHHQ","country_name":"GERMANY","country_ship":null,"goos_networks":"VOS","ptf_family_name":"Ship Weather Station","country_iso_reporting":"DE","country_sensor_provider":null}},{"type":"Feature","geometry":{"type":"Point","coordinates":[-51.88,62.33]},"properties":{"ptf_id":1012325,"ptf_ref":"5SRJ82U","category":"ship_based_meteorological_sot_vos","ptf_model":"EUCAWS/NEPTUNE","wigos_ref":"0-22000-0-5SRJ82U","country_name":"GERMANY","country_ship":null,"goos_networks":"VOS","ptf_family_name":"Ship Weather Station","country_iso_reporting":"DE","country_sensor_provider":null}},{"type":"Feature","geometry":{"type":"Point","coordinates":[133.3,82.6]},"properties":{"ptf_id":1012333,"ptf_ref":"JKFA7QZ","category":"ship_based_meteorological_sot_vos","ptf_model":"POLARSTERN SYSTEM","wigos_ref":"0-22000-0-JKFA7QZ","country_name":"GERMANY","country_ship":null,"goos_networks":"VOS","ptf_family_name":"Ship Weather Station","country_iso_reporting":"DE","country_sensor_provider":null}},{"type":"Feature","geometry":{"type":"Point","coordinates":[-55.2,27.7]},"properties":{"ptf_id":1012347,"ptf_ref":"UHJ57CR","category":"ship_based_meteorological_sot_vos","ptf_model":"TURBOWIN+ MANUAL","wigos_ref":"0-22000-0-UHJ57CR","country_name":"GERMANY","country_ship":null,"goos_networks":"VOS","ptf_family_name":"Ship Weather Station","country_iso_reporting":"DE","country_sensor_provider":null}},{"type":"Feature","geometry":{"type":"Point","coordinates":[16.6,54.7]},"properties":{"ptf_id":1012427,"ptf_ref":"RZQVX8Q","category":"ship_based_meteorological_sot_vos","ptf_model":"TURBOWIN+ MANUAL","wigos_ref":"0-22000-0-RZQVX8Q","country_name":"GERMANY","country_ship":null,"goos_networks":"VOS","ptf_family_name":"Ship Weather Station","country_iso_reporting":"DE","country_sensor_provider":null}},{"type":"Feature","geometry":{"type":"Point","coordinates":[-122.6,37.1]},"properties":{"ptf_id":1012444,"ptf_ref":"HJXQBFB","category":"ship_based_meteorological_sot_vos","ptf_model":"TURBOWIN+ MANUAL","wigos_ref":"0-22000-0-HJXQBFB","country_name":"GERMANY","country_ship":null,"goos_networks":"VOS","ptf_family_name":"Ship Weather Station","country_iso_reporting":"DE","country_sensor_provider":null}},{"type":"Feature","geometry":{"type":"Point","coordinates":[123,28.3]},"properties":{"ptf_id":1012445,"ptf_ref":"WGH4CKB","category":"ship_based_meteorological_sot_vos","ptf_model":"TURBOWIN+ MANUAL","wigos_ref":"0-22000-0-WGH4CKB","country_name":"GERMANY","country_ship":null,"goos_networks":"VOS","ptf_family_name":"Ship Weather Station","country_iso_reporting":"DE","country_sensor_provider":null}},{"type":"Feature","geometry":{"type":"Point","coordinates":[-179.4,41]},"properties":{"ptf_id":1012454,"ptf_ref":"2ZMV8HB","category":"ship_based_meteorological_sot_vos","ptf_model":"TURBOWIN+ MANUAL","wigos_ref":"0-22000-0-2ZMV8HB","country_name":"GERMANY","country_ship":null,"goos_networks":"VOS","ptf_family_name":"Ship Weather Station","country_iso_reporting":"DE","country_sensor_provider":null}},{"type":"Feature","geometry":{"type":"Point","coordinates":[-79.4,8.8]},"properties":{"ptf_id":1012478,"ptf_ref":"WWY5NFD","category":"ship_based_meteorological_sot_vos","ptf_model":"TURBOWIN+ MANUAL","wigos_ref":"0-22000-0-WWY5NFD","country_name":"GERMANY","country_ship":null,"goos_networks":"VOS","ptf_family_name":"Ship Weather Station","country_iso_reporting":"DE","country_sensor_provider":null}},{"type":"Feature","geometry":{"type":"Point","coordinates":[13.19,54.74]},"properties":{"ptf_id":1012484,"ptf_ref":"DBHNUYD","category":"ship_based_meteorological_sot_vos","ptf_model":"EUCAWS/NEPTUNE","wigos_ref":"0-22000-0-DBHNUYD","country_name":"GERMANY","country_ship":null,"goos_networks":"VOS","ptf_family_name":"Ship Weather Station","country_iso_reporting":"DE","country_sensor_provider":null}},{"type":"Feature","geometry":{"type":"Point","coordinates":[-39.9,36.6]},"properties":{"ptf_id":1012534,"ptf_ref":"3URHFMG","category":"ship_based_meteorological_sot_vos","ptf_model":"TURBOWIN+ MANUAL","wigos_ref":"0-22000-0-3URHFMG","country_name":"GERMANY","country_ship":null,"goos_networks":"VOS","ptf_family_name":"Ship Weather Station","country_iso_reporting":"DE","country_sensor_provider":null}},{"type":"Feature","geometry":{"type":"Point","coordinates":[-171.9,43]},"properties":{"ptf_id":1012552,"ptf_ref":"4GBE3YQ","category":"ship_based_meteorological_sot_vos","ptf_model":"TURBOWIN+ MANUAL","wigos_ref":"0-22000-0-4GBE3YQ","country_name":"GERMANY","country_ship":null,"goos_networks":"VOS","ptf_family_name":"Ship Weather Station","country_iso_reporting":"DE","country_sensor_provider":null}},{"type":"Feature","geometry":{"type":"Point","coordinates":[8.57,53.55]},"properties":{"ptf_id":1012558,"ptf_ref":"DXUNUAB","category":"ship_based_meteorological_sot_vos","ptf_model":"EUCAWS/NEPTUNE","wigos_ref":"0-22000-0-DXUNUAB","country_name":"GERMANY","country_ship":null,"goos_networks":"VOS","ptf_family_name":"Ship Weather Station","country_iso_reporting":"DE","country_sensor_provider":null}},{"type":"Feature","geometry":{"type":"Point","coordinates":[-67.7,38.4]},"properties":{"ptf_id":1012563,"ptf_ref":"9BPEC7P","category":"ship_based_meteorological_sot_vos","ptf_model":"TURBOWIN+ MANUAL","wigos_ref":"0-22000-0-9BPEC7P","country_name":"GERMANY","country_ship":null,"goos_networks":"VOS","ptf_family_name":"Ship Weather Station","country_iso_reporting":"DE","country_sensor_provider":null}},{"type":"Feature","geometry":{"type":"Point","coordinates":[5.3,43.3]},"properties":{"ptf_id":1012586,"ptf_ref":"DVM9F4Z","category":"ship_based_meteorological_sot_vos","ptf_model":"BATOS","wigos_ref":"0-22000-0-DVM9F4Z","country_name":"FRANCE","country_ship":null,"goos_networks":"VOS","ptf_family_name":"Ship Weather Station","country_iso_reporting":"FR","country_sensor_provider":null}},{"type":"Feature","geometry":{"type":"Point","coordinates":[-4.7,49.08]},"properties":{"ptf_id":1012597,"ptf_ref":"PYGF6DG","category":"ship_based_meteorological_sot_vos","ptf_model":"MERCURY","wigos_ref":"0-22000-0-PYGF6DG","country_name":"FRANCE","country_ship":null,"goos_networks":"VOS","ptf_family_name":"Ship Weather Station","country_iso_reporting":"FR","country_sensor_provider":null}},{"type":"Feature","geometry":{"type":"Point","coordinates":[147.1,39.8]},"properties":{"ptf_id":1012602,"ptf_ref":"4CJK57Y","category":"ship_based_meteorological_sot_vos","ptf_model":"TURBOWIN+ MANUAL","wigos_ref":"0-22000-0-4CJK57Y","country_name":"GERMANY","country_ship":null,"goos_networks":"VOS","ptf_family_name":"Ship Weather Station","country_iso_reporting":"DE","country_sensor_provider":null}},{"type":"Feature","geometry":{"type":"Point","coordinates":[109.3,3.5]},"properties":{"ptf_id":1012608,"ptf_ref":"8VBJFPE","category":"ship_based_meteorological_sot_vos","ptf_model":"TURBOWIN+ MANUAL","wigos_ref":"0-22000-0-8VBJFPE","country_name":"GERMANY","country_ship":null,"goos_networks":"VOS","ptf_family_name":"Ship Weather Station","country_iso_reporting":"DE","country_sensor_provider":null}},{"type":"Feature","geometry":{"type":"Point","coordinates":[6.9,53.3]},"properties":{"ptf_id":1012614,"ptf_ref":"XQMVB8K","category":"ship_based_meteorological_sot_vos","ptf_model":"TURBOWIN+ MANUAL","wigos_ref":"0-22000-0-XQMVB8K","country_name":"GERMANY","country_ship":null,"goos_networks":"VOS","ptf_family_name":"Ship Weather Station","country_iso_reporting":"DE","country_sensor_provider":null}},{"type":"Feature","geometry":{"type":"Point","coordinates":[-73.5,39.6]},"properties":{"ptf_id":1012619,"ptf_ref":"HLK889V","category":"ship_based_meteorological_sot_vos","ptf_model":"TURBOWIN+ MANUAL","wigos_ref":"0-22000-0-HLK889V","country_name":"GERMANY","country_ship":null,"goos_networks":"VOS","ptf_family_name":"Ship Weather Station","country_iso_reporting":"DE","country_sensor_provider":null}},{"type":"Feature","geometry":{"type":"Point","coordinates":[-29.8,7.7]},"properties":{"ptf_id":1012624,"ptf_ref":"RLJY5YZ","category":"ship_based_meteorological_sot_vos","ptf_model":"TURBOWIN+ MANUAL","wigos_ref":"0-22000-0-RLJY5YZ","country_name":"GERMANY","country_ship":null,"goos_networks":"VOS","ptf_family_name":"Ship Weather Station","country_iso_reporting":"DE","country_sensor_provider":null}},{"type":"Feature","geometry":{"type":"Point","coordinates":[111,16.6]},"properties":{"ptf_id":1012679,"ptf_ref":"RVTQ89S","category":"ship_based_meteorological_sot_vos","ptf_model":"TURBOWIN+ MANUAL","wigos_ref":"0-22000-0-RVTQ89S","country_name":"GERMANY","country_ship":null,"goos_networks":"VOS","ptf_family_name":"Ship Weather Station","country_iso_reporting":"DE","country_sensor_provider":null}},{"type":"Feature","geometry":{"type":"Point","coordinates":[84.9,5.6]},"properties":{"ptf_id":1012693,"ptf_ref":"TBW25ML","category":"ship_based_meteorological_sot_vos","ptf_model":"TURBOWIN+ MANUAL","wigos_ref":"0-22000-0-TBW25ML","country_name":"GERMANY","country_ship":null,"goos_networks":"VOS","ptf_family_name":"Ship Weather Station","country_iso_reporting":"DE","country_sensor_provider":null}},{"type":"Feature","geometry":{"type":"Point","coordinates":[70.5,-10.5]},"properties":{"ptf_id":1012695,"ptf_ref":"GGJP2GK","category":"ship_based_meteorological_sot_vos","ptf_model":"TURBOWIN+ MANUAL","wigos_ref":"0-22000-0-GGJP2GK","country_name":"GERMANY","country_ship":null,"goos_networks":"VOS","ptf_family_name":"Ship Weather Station","country_iso_reporting":"DE","country_sensor_provider":null}},{"type":"Feature","geometry":{"type":"Point","coordinates":[121.7,31.3]},"properties":{"ptf_id":1012709,"ptf_ref":"YCLKQRK","category":"ship_based_meteorological_sot_vos","ptf_model":"EUCAWS/NEPTUNE","wigos_ref":"0-22000-0-YCLKQRK","country_name":"GERMANY","country_ship":null,"goos_networks":"VOS","ptf_family_name":"Ship Weather Station","country_iso_reporting":"DE","country_sensor_provider":null}},{"type":"Feature","geometry":{"type":"Point","coordinates":[105,1.6]},"properties":{"ptf_id":1012740,"ptf_ref":"LVGC33T","category":"ship_based_meteorological_sot_vos","ptf_model":"TURBOWIN+ MANUAL","wigos_ref":"0-22000-0-LVGC33T","country_name":"GERMANY","country_ship":null,"goos_networks":"VOS","ptf_family_name":"Ship Weather Station","country_iso_reporting":"DE","country_sensor_provider":null}},{"type":"Feature","geometry":{"type":"Point","coordinates":[105.8,4]},"properties":{"ptf_id":1012743,"ptf_ref":"REDQSGE","category":"ship_based_meteorological_sot_vos","ptf_model":"TURBOWIN","wigos_ref":"0-22000-0-REDQSGE","country_name":"GERMANY","country_ship":null,"goos_networks":"VOS","ptf_family_name":"Ship Weather Station","country_iso_reporting":"DE","country_sensor_provider":null}},{"type":"Feature","geometry":{"type":"Point","coordinates":[98.1,6.1]},"properties":{"ptf_id":1012744,"ptf_ref":"ZFTKQCT","category":"ship_based_meteorological_sot_vos","ptf_model":"TURBOWIN+ MANUAL","wigos_ref":"0-22000-0-ZFTKQCT","country_name":"GERMANY","country_ship":null,"goos_networks":"VOS","ptf_family_name":"Ship Weather Station","country_iso_reporting":"DE","country_sensor_provider":null}},{"type":"Feature","geometry":{"type":"Point","coordinates":[-1.6,36.6]},"properties":{"ptf_id":1012751,"ptf_ref":"5EHMT7Y","category":"ship_based_meteorological_sot_vos","ptf_model":"TURBOWIN+ MANUAL","wigos_ref":"0-22000-0-5EHMT7Y","country_name":"GERMANY","country_ship":null,"goos_networks":"VOS","ptf_family_name":"Ship Weather Station","country_iso_reporting":"DE","country_sensor_provider":null}},{"type":"Feature","geometry":{"type":"Point","coordinates":[-5.3,46.6]},"properties":{"ptf_id":1012754,"ptf_ref":"9GWYY4R","category":"ship_based_meteorological_sot_vos","ptf_model":"MAWS 410","wigos_ref":"0-22000-0-9GWYY4R","country_name":"SPAIN","country_ship":null,"goos_networks":"VOS","ptf_family_name":"Ship Weather Station","country_iso_reporting":"ES","country_sensor_provider":null}},{"type":"Feature","geometry":{"type":"Point","coordinates":[-121.3,35.3]},"properties":{"ptf_id":1012781,"ptf_ref":"XYKWGQR","category":"ship_based_meteorological_sot_vos","ptf_model":"TURBOWIN+ MANUAL","wigos_ref":"0-22000-0-XYKWGQR","country_name":"UK","country_ship":null,"goos_networks":"VOS","ptf_family_name":"Ship Weather Station","country_iso_reporting":"GB","country_sensor_provider":null}},{"type":"Feature","geometry":{"type":"Point","coordinates":[-5.8,51]},"properties":{"ptf_id":1012784,"ptf_ref":"GDMDCPN","category":"ship_based_meteorological_sot_vos","ptf_model":"TURBOWIN","wigos_ref":"0-22000-0-GDMDCPN","country_name":"UK","country_ship":null,"goos_networks":"VOS","ptf_family_name":"Ship Weather Station","country_iso_reporting":"GB","country_sensor_provider":null}},{"type":"Feature","geometry":{"type":"Point","coordinates":[104.5,1.9]},"properties":{"ptf_id":1012789,"ptf_ref":"5MGXH3D","category":"ship_based_meteorological_sot_vos","ptf_model":"TURBOWIN+ MANUAL","wigos_ref":"0-22000-0-5MGXH3D","country_name":"UK","country_ship":null,"goos_networks":"VOS","ptf_family_name":"Ship Weather Station","country_iso_reporting":"GB","country_sensor_provider":null}},{"type":"Feature","geometry":{"type":"Point","coordinates":[-79.3,7.7]},"properties":{"ptf_id":1012798,"ptf_ref":"ZUBGK4P","category":"ship_based_meteorological_sot_vos","ptf_model":"TURBOWIN+ MANUAL","wigos_ref":"0-22000-0-ZUBGK4P","country_name":"UK","country_ship":null,"goos_networks":"VOS","ptf_family_name":"Ship Weather Station","country_iso_reporting":"GB","country_sensor_provider":null}},{"type":"Feature","geometry":{"type":"Point","coordinates":[-122.2,32.8]},"properties":{"ptf_id":1012799,"ptf_ref":"GDQMGEU","category":"ship_based_meteorological_sot_vos","ptf_model":"TURBOWIN+ MANUAL","wigos_ref":"0-22000-0-GDQMGEU","country_name":"UK","country_ship":null,"goos_networks":"VOS","ptf_family_name":"Ship Weather Station","country_iso_reporting":"GB","country_sensor_provider":null}},{"type":"Feature","geometry":{"type":"Point","coordinates":[1.6,53.7]},"properties":{"ptf_id":1012800,"ptf_ref":"5SZ5KPT","category":"ship_based_meteorological_sot_vos","ptf_model":"AMOS2X","wigos_ref":"0-22000-0-5SZ5KPT","country_name":"UK","country_ship":null,"goos_networks":"VOS","ptf_family_name":"Ship Weather Station","country_iso_reporting":"GB","country_sensor_provider":null}},{"type":"Feature","geometry":{"type":"Point","coordinates":[31.4,-29.6]},"properties":{"ptf_id":1012801,"ptf_ref":"4NFT98V","category":"ship_based_meteorological_sot_vos","ptf_model":"TURBOWIN+ MANUAL","wigos_ref":"0-22000-0-4NFT98V","country_name":"UK","country_ship":null,"goos_networks":"VOS","ptf_family_name":"Ship Weather Station","country_iso_reporting":"GB","country_sensor_provider":null}},{"type":"Feature","geometry":{"type":"Point","coordinates":[-29.3,33.6]},"properties":{"ptf_id":1012802,"ptf_ref":"AHYF3PB","category":"ship_based_meteorological_sot_vos","ptf_model":"TURBOWIN+ MANUAL","wigos_ref":"0-22000-0-AHYF3PB","country_name":"UK","country_ship":null,"goos_networks":"VOS","ptf_family_name":"Ship Weather Station","country_iso_reporting":"GB","country_sensor_provider":null}},{"type":"Feature","geometry":{"type":"Point","coordinates":[69.57,-14.93]},"properties":{"ptf_id":1012804,"ptf_ref":"QNZLUHE","category":"ship_based_meteorological_sot_vos","ptf_model":"TURBOWIN+ MANUAL","wigos_ref":"0-22000-0-QNZLUHE","country_name":"UK","country_ship":null,"goos_networks":"VOS","ptf_family_name":"Ship Weather Station","country_iso_reporting":"GB","country_sensor_provider":null}},{"type":"Feature","geometry":{"type":"Point","coordinates":[106.9,5.7]},"properties":{"ptf_id":1012807,"ptf_ref":"JDWV7LP","category":"ship_based_meteorological_sot_vos","ptf_model":"TURBOWIN+ MANUAL","wigos_ref":"0-22000-0-JDWV7LP","country_name":"UK","country_ship":null,"goos_networks":"VOS","ptf_family_name":"Ship Weather Station","country_iso_reporting":"GB","country_sensor_provider":null}},{"type":"Feature","geometry":{"type":"Point","coordinates":[7.71,43.06]},"properties":{"ptf_id":1012816,"ptf_ref":"YKY5BSG","category":"ship_based_meteorological_sot_vos","ptf_model":"EUCAWS/NEPTUNE","wigos_ref":"0-22000-0-YKY5BSG","country_name":"FRANCE","country_ship":null,"goos_networks":"VOS","ptf_family_name":"Ship Weather Station","country_iso_reporting":"FR","country_sensor_provider":null}},{"type":"Feature","geometry":{"type":"Point","coordinates":[45.44,-12.82]},"properties":{"ptf_id":1012819,"ptf_ref":"6LU8FAM","category":"ship_based_meteorological_sot_vos","ptf_model":"MERCURY","wigos_ref":"0-22000-0-6LU8FAM","country_name":"FRANCE","country_ship":null,"goos_networks":"VOS","ptf_family_name":"Ship Weather Station","country_iso_reporting":"FR","country_sensor_provider":null}},{"type":"Feature","geometry":{"type":"Point","coordinates":[-0.35,49.59]},"properties":{"ptf_id":1012820,"ptf_ref":"GVP6FDQ","category":"ship_based_meteorological_sot_vos","ptf_model":"EUCAWS/NEPTUNE","wigos_ref":"0-22000-0-GVP6FDQ","country_name":"FRANCE","country_ship":null,"goos_networks":"VOS","ptf_family_name":"Ship Weather Station","country_iso_reporting":"FR","country_sensor_provider":null}},{"type":"Feature","geometry":{"type":"Point","coordinates":[-5.79,49.82]},"properties":{"ptf_id":1012822,"ptf_ref":"ZBFF95V","category":"ship_based_meteorological_sot_vos","ptf_model":"EUCAWS/NEPTUNE","wigos_ref":"0-22000-0-ZBFF95V","country_name":"FRANCE","country_ship":null,"goos_networks":"VOS","ptf_family_name":"Ship Weather Station","country_iso_reporting":"FR","country_sensor_provider":null}},{"type":"Feature","geometry":{"type":"Point","coordinates":[158.46,-20.82]},"properties":{"ptf_id":1012823,"ptf_ref":"RJTULSH","category":"ship_based_meteorological_sot_vos","ptf_model":"MERCURY","wigos_ref":"0-22000-0-RJTULSH","country_name":"FRANCE","country_ship":null,"goos_networks":"VOS","ptf_family_name":"Ship Weather Station","country_iso_reporting":"FR","country_sensor_provider":null}},{"type":"Feature","geometry":{"type":"Point","coordinates":[10.5,-5.7]},"properties":{"ptf_id":1012824,"ptf_ref":"WJCLU8C","category":"ship_based_meteorological_sot_vos","ptf_model":"BATOS","wigos_ref":"0-22000-0-WJCLU8C","country_name":"FRANCE","country_ship":null,"goos_networks":"VOS","ptf_family_name":"Ship Weather Station","country_iso_reporting":"FR","country_sensor_provider":null}},{"type":"Feature","geometry":{"type":"Point","coordinates":[-4.18,50.25]},"properties":{"ptf_id":1012845,"ptf_ref":"GBG59RK","category":"ship_based_meteorological_sot_vos","ptf_model":"EUCAWS/NEPTUNE","wigos_ref":"0-22000-0-GBG59RK","country_name":"FRANCE","country_ship":null,"goos_networks":"VOS","ptf_family_name":"Ship Weather Station","country_iso_reporting":"FR","country_sensor_provider":null}},{"type":"Feature","geometry":{"type":"Point","coordinates":[161.7,44.7]},"properties":{"ptf_id":1012868,"ptf_ref":"ERFU9CD","category":"ship_based_meteorological_sot_vos","ptf_model":"TURBOWIN+ MANUAL","wigos_ref":"0-22000-0-ERFU9CD","country_name":"UK","country_ship":null,"goos_networks":"VOS","ptf_family_name":"Ship Weather Station","country_iso_reporting":"GB","country_sensor_provider":null}},{"type":"Feature","geometry":{"type":"Point","coordinates":[125.2,30.1]},"properties":{"ptf_id":1012869,"ptf_ref":"NRTA86U","category":"ship_based_meteorological_sot_vos","ptf_model":"TURBOWIN+ MANUAL","wigos_ref":"0-22000-0-NRTA86U","country_name":"UK","country_ship":null,"goos_networks":"VOS","ptf_family_name":"Ship Weather Station","country_iso_reporting":"GB","country_sensor_provider":null}},{"type":"Feature","geometry":{"type":"Point","coordinates":[-46.53,7.4]},"properties":{"ptf_id":1012882,"ptf_ref":"KJN7K2P","category":"ship_based_meteorological_sot_vos","ptf_model":"TURBOWIN+ MANUAL","wigos_ref":"0-22000-0-KJN7K2P","country_name":"UK","country_ship":null,"goos_networks":"VOS","ptf_family_name":"Ship Weather Station","country_iso_reporting":"GB","country_sensor_provider":null}},{"type":"Feature","geometry":{"type":"Point","coordinates":[134,19.68]},"properties":{"ptf_id":1012883,"ptf_ref":"8QZLQRG","category":"ship_based_meteorological_sot_vos","ptf_model":"TURBOWIN+ MANUAL","wigos_ref":"0-22000-0-8QZLQRG","country_name":"UK","country_ship":null,"goos_networks":"VOS","ptf_family_name":"Ship Weather Station","country_iso_reporting":"GB","country_sensor_provider":null}},{"type":"Feature","geometry":{"type":"Point","coordinates":[-73.4,40.4]},"properties":{"ptf_id":1012889,"ptf_ref":"HWQ33VU","category":"ship_based_meteorological_sot_vos","ptf_model":"TURBOWIN+ MANUAL","wigos_ref":"0-22000-0-HWQ33VU","country_name":"UK","country_ship":null,"goos_networks":"VOS","ptf_family_name":"Ship Weather Station","country_iso_reporting":"GB","country_sensor_provider":null}},{"type":"Feature","geometry":{"type":"Point","coordinates":[25.9,39.9]},"properties":{"ptf_id":1012890,"ptf_ref":"3GFKKCC","category":"ship_based_meteorological_sot_vos","ptf_model":"TURBOWIN+ MANUAL","wigos_ref":"0-22000-0-3GFKKCC","country_name":"UK","country_ship":null,"goos_networks":"VOS","ptf_family_name":"Ship Weather Station","country_iso_reporting":"GB","country_sensor_provider":null}},{"type":"Feature","geometry":{"type":"Point","coordinates":[-124.2,38.4]},"properties":{"ptf_id":1012891,"ptf_ref":"XSPQWLM","category":"ship_based_meteorological_sot_vos","ptf_model":"TURBOWIN+ MANUAL","wigos_ref":"0-22000-0-XSPQWLM","country_name":"UK","country_ship":null,"goos_networks":"VOS","ptf_family_name":"Ship Weather Station","country_iso_reporting":"GB","country_sensor_provider":null}},{"type":"Feature","geometry":{"type":"Point","coordinates":[-15.7,9]},"properties":{"ptf_id":1012925,"ptf_ref":"XDEPLRT","category":"ship_based_meteorological_sot_vos","ptf_model":"TURBOWIN+ MANUAL","wigos_ref":"0-22000-0-XDEPLRT","country_name":"UK","country_ship":null,"goos_networks":"VOS","ptf_family_name":"Ship Weather Station","country_iso_reporting":"GB","country_sensor_provider":null}},{"type":"Feature","geometry":{"type":"Point","coordinates":[116.8,19.9]},"properties":{"ptf_id":1012926,"ptf_ref":"ZBZA5GS","category":"ship_based_meteorological_sot_vos","ptf_model":"TURBOWIN+ MANUAL","wigos_ref":"0-22000-0-ZBZA5GS","country_name":"UK","country_ship":null,"goos_networks":"VOS","ptf_family_name":"Ship Weather Station","country_iso_reporting":"GB","country_sensor_provider":null}},{"type":"Feature","geometry":{"type":"Point","coordinates":[55.1,10.8]},"properties":{"ptf_id":1012927,"ptf_ref":"QPMLKFB","category":"ship_based_meteorological_sot_vos","ptf_model":"TURBOWIN+ MANUAL","wigos_ref":"0-22000-0-QPMLKFB","country_name":"UK","country_ship":null,"goos_networks":"VOS","ptf_family_name":"Ship Weather Station","country_iso_reporting":"GB","country_sensor_provider":null}},{"type":"Feature","geometry":{"type":"Point","coordinates":[54.1,16.9]},"properties":{"ptf_id":1012933,"ptf_ref":"RYPU8UL","category":"ship_based_meteorological_sot_vos","ptf_model":"TURBOWIN+ MANUAL","wigos_ref":"0-22000-0-RYPU8UL","country_name":"UK","country_ship":null,"goos_networks":"VOS","ptf_family_name":"Ship Weather Station","country_iso_reporting":"GB","country_sensor_provider":null}},{"type":"Feature","geometry":{"type":"Point","coordinates":[-76.4,15.7]},"properties":{"ptf_id":1012934,"ptf_ref":"DQQNGXU","category":"ship_based_meteorological_sot_vos","ptf_model":"TURBOWIN+ MANUAL","wigos_ref":"0-22000-0-DQQNGXU","country_name":"UK","country_ship":null,"goos_networks":"VOS","ptf_family_name":"Ship Weather Station","country_iso_reporting":"GB","country_sensor_provider":null}},{"type":"Feature","geometry":{"type":"Point","coordinates":[-80.8,-2.7]},"properties":{"ptf_id":1012938,"ptf_ref":"ATR9M5U","category":"ship_based_meteorological_sot_vos","ptf_model":"TURBOWIN+ MANUAL","wigos_ref":"0-22000-0-ATR9M5U","country_name":"UK","country_ship":null,"goos_networks":"VOS","ptf_family_name":"Ship Weather Station","country_iso_reporting":"GB","country_sensor_provider":null}},{"type":"Feature","geometry":{"type":"Point","coordinates":[-0.3,55]},"properties":{"ptf_id":1012939,"ptf_ref":"GNJ2FHW","category":"ship_based_meteorological_sot_vos","ptf_model":"TURBOWIN+ MANUAL","wigos_ref":"0-22000-0-GNJ2FHW","country_name":"UK","country_ship":null,"goos_networks":"VOS","ptf_family_name":"Ship Weather Station","country_iso_reporting":"GB","country_sensor_provider":null}},{"type":"Feature","geometry":{"type":"Point","coordinates":[-1.4,58.6]},"properties":{"ptf_id":1012942,"ptf_ref":"RRMZ88Q","category":"ship_based_meteorological_sot_vos","ptf_model":"AMOS2X","wigos_ref":"0-22000-0-RRMZ88Q","country_name":"UK","country_ship":null,"goos_networks":"VOS","ptf_family_name":"Ship Weather Station","country_iso_reporting":"GB","country_sensor_provider":null}},{"type":"Feature","geometry":{"type":"Point","coordinates":[-5.4,56.4]},"properties":{"ptf_id":1012943,"ptf_ref":"MRLD4CV","category":"ship_based_meteorological_sot_vos","ptf_model":"AMOS2X","wigos_ref":"0-22000-0-MRLD4CV","country_name":"UK","country_ship":null,"goos_networks":"VOS","ptf_family_name":"Ship Weather Station","country_iso_reporting":"GB","country_sensor_provider":null}},{"type":"Feature","geometry":{"type":"Point","coordinates":[-0.2,58]},"properties":{"ptf_id":1012946,"ptf_ref":"7FBCBNQ","category":"ship_based_meteorological_sot_vos","ptf_model":"AMOS2X","wigos_ref":"0-22000-0-7FBCBNQ","country_name":"UK","country_ship":null,"goos_networks":"VOS","ptf_family_name":"Ship Weather Station","country_iso_reporting":"GB","country_sensor_provider":null}},{"type":"Feature","geometry":{"type":"Point","coordinates":[-6.8,57.9]},"properties":{"ptf_id":1012948,"ptf_ref":"9XSLPBA","category":"ship_based_meteorological_sot_vos","ptf_model":"AMOS2X","wigos_ref":"0-22000-0-9XSLPBA","country_name":"UK","country_ship":null,"goos_networks":"VOS","ptf_family_name":"Ship Weather Station","country_iso_reporting":"GB","country_sensor_provider":null}},{"type":"Feature","geometry":{"type":"Point","coordinates":[-6,55.8]},"properties":{"ptf_id":1012949,"ptf_ref":"XCPNZNM","category":"ship_based_meteorological_sot_vos","ptf_model":"AMOS2X","wigos_ref":"0-22000-0-XCPNZNM","country_name":"UK","country_ship":null,"goos_networks":"VOS","ptf_family_name":"Ship Weather Station","country_iso_reporting":"GB","country_sensor_provider":null}},{"type":"Feature","geometry":{"type":"Point","coordinates":[-6.5,55.3]},"properties":{"ptf_id":1012950,"ptf_ref":"2VWGPGZ","category":"ship_based_meteorological_sot_vos","ptf_model":"AMOS2X","wigos_ref":"0-22000-0-2VWGPGZ","country_name":"UK","country_ship":null,"goos_networks":"VOS","ptf_family_name":"Ship Weather Station","country_iso_reporting":"GB","country_sensor_provider":null}},{"type":"Feature","geometry":{"type":"Point","coordinates":[11.7,-4.7]},"properties":{"ptf_id":1012952,"ptf_ref":"5LRUZ9T","category":"ship_based_meteorological_sot_vos","ptf_model":"TURBOWIN+ MANUAL","wigos_ref":"0-22000-0-5LRUZ9T","country_name":"UK","country_ship":null,"goos_networks":"VOS","ptf_family_name":"Ship Weather Station","country_iso_reporting":"GB","country_sensor_provider":null}},{"type":"Feature","geometry":{"type":"Point","coordinates":[-6.2,53.3]},"properties":{"ptf_id":1012953,"ptf_ref":"TWASNPY","category":"ship_based_meteorological_sot_vos","ptf_model":"AMOS2X","wigos_ref":"0-22000-0-TWASNPY","country_name":"UK","country_ship":null,"goos_networks":"VOS","ptf_family_name":"Ship Weather Station","country_iso_reporting":"GB","country_sensor_provider":null}},{"type":"Feature","geometry":{"type":"Point","coordinates":[-4.9,46.2]},"properties":{"ptf_id":1012954,"ptf_ref":"ENA9WHE","category":"ship_based_meteorological_sot_vos","ptf_model":"AMOS2X","wigos_ref":"0-22000-0-ENA9WHE","country_name":"UK","country_ship":null,"goos_networks":"VOS","ptf_family_name":"Ship Weather Station","country_iso_reporting":"GB","country_sensor_provider":null}},{"type":"Feature","geometry":{"type":"Point","coordinates":[5.9,55.2]},"properties":{"ptf_id":1012955,"ptf_ref":"6AZCQND","category":"ship_based_meteorological_sot_vos","ptf_model":"TURBOWIN+ MANUAL","wigos_ref":"0-22000-0-6AZCQND","country_name":"UK","country_ship":null,"goos_networks":"VOS","ptf_family_name":"Ship Weather Station","country_iso_reporting":"GB","country_sensor_provider":null}},{"type":"Feature","geometry":{"type":"Point","coordinates":[-1,50.4]},"properties":{"ptf_id":1012956,"ptf_ref":"8BVMQRP","category":"ship_based_meteorological_sot_vos","ptf_model":"TURBOWIN+ MANUAL","wigos_ref":"0-22000-0-8BVMQRP","country_name":"UK","country_ship":null,"goos_networks":"VOS","ptf_family_name":"Ship Weather Station","country_iso_reporting":"GB","country_sensor_provider":null}},{"type":"Feature","geometry":{"type":"Point","coordinates":[105.1,2.9]},"properties":{"ptf_id":1012963,"ptf_ref":"BQMJEGA","category":"ship_based_meteorological_sot_vos","ptf_model":"TURBOWIN","wigos_ref":"0-22000-0-BQMJEGA","country_name":"UK","country_ship":null,"goos_networks":"VOS","ptf_family_name":"Ship Weather Station","country_iso_reporting":"GB","country_sensor_provider":null}},{"type":"Feature","geometry":{"type":"Point","coordinates":[-118.1,33.4]},"properties":{"ptf_id":1012973,"ptf_ref":"8JC9EXU","category":"ship_based_meteorological_sot_vos","ptf_model":"TURBOWIN+ MANUAL","wigos_ref":"0-22000-0-8JC9EXU","country_name":"UK","country_ship":null,"goos_networks":"VOS","ptf_family_name":"Ship Weather Station","country_iso_reporting":"GB","country_sensor_provider":null}},{"type":"Feature","geometry":{"type":"Point","coordinates":[-122.9,37.6]},"properties":{"ptf_id":1012985,"ptf_ref":"7AL72XF","category":"ship_based_meteorological_sot_vos","ptf_model":"TURBOWIN+ MANUAL","wigos_ref":"0-22000-0-7AL72XF","country_name":"UK","country_ship":null,"goos_networks":"VOS","ptf_family_name":"Ship Weather Station","country_iso_reporting":"GB","country_sensor_provider":null}},{"type":"Feature","geometry":{"type":"Point","coordinates":[123.5,26.3]},"properties":{"ptf_id":1012986,"ptf_ref":"XJL6M6W","category":"ship_based_meteorological_sot_vos","ptf_model":"TURBOWIN+ MANUAL","wigos_ref":"0-22000-0-XJL6M6W","country_name":"UK","country_ship":null,"goos_networks":"VOS","ptf_family_name":"Ship Weather Station","country_iso_reporting":"GB","country_sensor_provider":null}},{"type":"Feature","geometry":{"type":"Point","coordinates":[-99.1,16.2]},"properties":{"ptf_id":1012988,"ptf_ref":"KZAMFKY","category":"ship_based_meteorological_sot_vos","ptf_model":"TURBOWIN+ MANUAL","wigos_ref":"0-22000-0-KZAMFKY","country_name":"UK","country_ship":null,"goos_networks":"VOS","ptf_family_name":"Ship Weather Station","country_iso_reporting":"GB","country_sensor_provider":null}},{"type":"Feature","geometry":{"type":"Point","coordinates":[-75.9,25.2]},"properties":{"ptf_id":1012989,"ptf_ref":"5UEVFZQ","category":"ship_based_meteorological_sot_vos","ptf_model":"TURBOWIN+ MANUAL","wigos_ref":"0-22000-0-5UEVFZQ","country_name":"UK","country_ship":null,"goos_networks":"VOS","ptf_family_name":"Ship Weather Station","country_iso_reporting":"GB","country_sensor_provider":null}},{"type":"Feature","geometry":{"type":"Point","coordinates":[-10.5,-4]},"properties":{"ptf_id":1012991,"ptf_ref":"2KGEW3Q","category":"ship_based_meteorological_sot_vos","ptf_model":"TURBOWIN","wigos_ref":"0-22000-0-2KGEW3Q","country_name":"UK","country_ship":null,"goos_networks":"VOS","ptf_family_name":"Ship Weather Station","country_iso_reporting":"GB","country_sensor_provider":null}},{"type":"Feature","geometry":{"type":"Point","coordinates":[-150.1,-16.3]},"properties":{"ptf_id":1012992,"ptf_ref":"8FRVR2C","category":"ship_based_meteorological_sot_vos","ptf_model":"TURBOWIN+ MANUAL","wigos_ref":"0-22000-0-8FRVR2C","country_name":"UK","country_ship":null,"goos_networks":"VOS","ptf_family_name":"Ship Weather Station","country_iso_reporting":"GB","country_sensor_provider":null}},{"type":"Feature","geometry":{"type":"Point","coordinates":[-3.1,36.2]},"properties":{"ptf_id":1012993,"ptf_ref":"DUUFU3N","category":"ship_based_meteorological_sot_vos","ptf_model":"TURBOWIN","wigos_ref":"0-22000-0-DUUFU3N","country_name":"UK","country_ship":null,"goos_networks":"VOS","ptf_family_name":"Ship Weather Station","country_iso_reporting":"GB","country_sensor_provider":null}},{"type":"Feature","geometry":{"type":"Point","coordinates":[-49.7,46.7]},"properties":{"ptf_id":1012994,"ptf_ref":"EAJ3GDS","category":"ship_based_meteorological_sot_vos","ptf_model":"TURBOWIN+ MANUAL","wigos_ref":"0-22000-0-EAJ3GDS","country_name":"UK","country_ship":null,"goos_networks":"VOS","ptf_family_name":"Ship Weather Station","country_iso_reporting":"GB","country_sensor_provider":null}},{"type":"Feature","geometry":{"type":"Point","coordinates":[-125.5,48.6]},"properties":{"ptf_id":1012996,"ptf_ref":"SAJJBQR","category":"ship_based_meteorological_sot_vos","ptf_model":"TURBOWIN+ MANUAL","wigos_ref":"0-22000-0-SAJJBQR","country_name":"UK","country_ship":null,"goos_networks":"VOS","ptf_family_name":"Ship Weather Station","country_iso_reporting":"GB","country_sensor_provider":null}},{"type":"Feature","geometry":{"type":"Point","coordinates":[30,35]},"properties":{"ptf_id":1013000,"ptf_ref":"2WDQB3E","category":"ship_based_meteorological_sot_vos","ptf_model":"TURBOWIN+ MANUAL","wigos_ref":"0-22000-0-2WDQB3E","country_name":"UK","country_ship":null,"goos_networks":"VOS","ptf_family_name":"Ship Weather Station","country_iso_reporting":"GB","country_sensor_provider":null}},{"type":"Feature","geometry":{"type":"Point","coordinates":[20.5,58.2]},"properties":{"ptf_id":1013004,"ptf_ref":"RULLM7N","category":"ship_based_meteorological_sot_vos","ptf_model":"TURBOWIN","wigos_ref":"0-22000-0-RULLM7N","country_name":"UK","country_ship":null,"goos_networks":"VOS","ptf_family_name":"Ship Weather Station","country_iso_reporting":"GB","country_sensor_provider":null}},{"type":"Feature","geometry":{"type":"Point","coordinates":[-6.7,35.7]},"properties":{"ptf_id":1013006,"ptf_ref":"ABR9RDM","category":"ship_based_meteorological_sot_vos","ptf_model":"TURBOWIN+ MANUAL","wigos_ref":"0-22000-0-ABR9RDM","country_name":"UK","country_ship":null,"goos_networks":"VOS","ptf_family_name":"Ship Weather Station","country_iso_reporting":"GB","country_sensor_provider":null}},{"type":"Feature","geometry":{"type":"Point","coordinates":[58,12.7]},"properties":{"ptf_id":1013012,"ptf_ref":"AHXS2YR","category":"ship_based_meteorological_sot_vos","ptf_model":"TURBOWIN+ MANUAL","wigos_ref":"0-22000-0-AHXS2YR","country_name":"UK","country_ship":null,"goos_networks":"VOS","ptf_family_name":"Ship Weather Station","country_iso_reporting":"GB","country_sensor_provider":null}},{"type":"Feature","geometry":{"type":"Point","coordinates":[-2.4,50]},"properties":{"ptf_id":1013014,"ptf_ref":"3VR2YKH","category":"ship_based_meteorological_sot_vos","ptf_model":"TURBOWIN+ MANUAL","wigos_ref":"0-22000-0-3VR2YKH","country_name":"UK","country_ship":null,"goos_networks":"VOS","ptf_family_name":"Ship Weather Station","country_iso_reporting":"GB","country_sensor_provider":null}},{"type":"Feature","geometry":{"type":"Point","coordinates":[-147.4,23.9]},"properties":{"ptf_id":1013019,"ptf_ref":"DZKHWHF","category":"ship_based_meteorological_sot_vos","ptf_model":"TURBOWIN+ MANUAL","wigos_ref":"0-22000-0-DZKHWHF","country_name":"UK","country_ship":null,"goos_networks":"VOS","ptf_family_name":"Ship Weather Station","country_iso_reporting":"GB","country_sensor_provider":null}},{"type":"Feature","geometry":{"type":"Point","coordinates":[-18.1,20.3]},"properties":{"ptf_id":1013022,"ptf_ref":"MVNXQEB","category":"ship_based_meteorological_sot_vos","ptf_model":"TURBOWIN+ MANUAL","wigos_ref":"0-22000-0-MVNXQEB","country_name":"UK","country_ship":null,"goos_networks":"VOS","ptf_family_name":"Ship Weather Station","country_iso_reporting":"GB","country_sensor_provider":null}},{"type":"Feature","geometry":{"type":"Point","coordinates":[1.5,40.3]},"properties":{"ptf_id":1013023,"ptf_ref":"7WFBSAS","category":"ship_based_meteorological_sot_vos","ptf_model":"TURBOWIN","wigos_ref":"0-22000-0-7WFBSAS","country_name":"UK","country_ship":null,"goos_networks":"VOS","ptf_family_name":"Ship Weather Station","country_iso_reporting":"GB","country_sensor_provider":null}},{"type":"Feature","geometry":{"type":"Point","coordinates":[62.82,22.6]},"properties":{"ptf_id":1013032,"ptf_ref":"RPLH4DL","category":"ship_based_meteorological_sot_vos","ptf_model":"TURBOWIN+ MANUAL","wigos_ref":"0-22000-0-RPLH4DL","country_name":"UK","country_ship":null,"goos_networks":"VOS","ptf_family_name":"Ship Weather Station","country_iso_reporting":"GB","country_sensor_provider":null}},{"type":"Feature","geometry":{"type":"Point","coordinates":[-45.5,-24.4]},"properties":{"ptf_id":1013033,"ptf_ref":"QJLVJFW","category":"ship_based_meteorological_sot_vos","ptf_model":"TURBOWIN+ MANUAL","wigos_ref":"0-22000-0-QJLVJFW","country_name":"UK","country_ship":null,"goos_networks":"VOS","ptf_family_name":"Ship Weather Station","country_iso_reporting":"GB","country_sensor_provider":null}},{"type":"Feature","geometry":{"type":"Point","coordinates":[88.33,8.98]},"properties":{"ptf_id":1013034,"ptf_ref":"3KNJUWA","category":"ship_based_meteorological_sot_vos","ptf_model":"TURBOWIN+ MANUAL","wigos_ref":"0-22000-0-3KNJUWA","country_name":"UK","country_ship":null,"goos_networks":"VOS","ptf_family_name":"Ship Weather Station","country_iso_reporting":"GB","country_sensor_provider":null}},{"type":"Feature","geometry":{"type":"Point","coordinates":[121.7,40.2]},"properties":{"ptf_id":1013036,"ptf_ref":"VTHYFYA","category":"ship_based_meteorological_sot_vos","ptf_model":"TURBOWIN+ MANUAL","wigos_ref":"0-22000-0-VTHYFYA","country_name":"UK","country_ship":null,"goos_networks":"VOS","ptf_family_name":"Ship Weather Station","country_iso_reporting":"GB","country_sensor_provider":null}},{"type":"Feature","geometry":{"type":"Point","coordinates":[80.88,5.58]},"properties":{"ptf_id":1013037,"ptf_ref":"SDRRFMA","category":"ship_based_meteorological_sot_vos","ptf_model":"TURBOWIN+ MANUAL","wigos_ref":"0-22000-0-SDRRFMA","country_name":"UK","country_ship":null,"goos_networks":"VOS","ptf_family_name":"Ship Weather Station","country_iso_reporting":"GB","country_sensor_provider":null}},{"type":"Feature","geometry":{"type":"Point","coordinates":[119.9,32.1]},"properties":{"ptf_id":1013041,"ptf_ref":"6YDVKBY","category":"ship_based_meteorological_sot_vos","ptf_model":"TURBOWIN+ MANUAL","wigos_ref":"0-22000-0-6YDVKBY","country_name":"UK","country_ship":null,"goos_networks":"VOS","ptf_family_name":"Ship Weather Station","country_iso_reporting":"GB","country_sensor_provider":null}},{"type":"Feature","geometry":{"type":"Point","coordinates":[33,34.6]},"properties":{"ptf_id":1013042,"ptf_ref":"AHSBERV","category":"ship_based_meteorological_sot_vos","ptf_model":"TURBOWIN+ MANUAL","wigos_ref":"0-22000-0-AHSBERV","country_name":"UK","country_ship":null,"goos_networks":"VOS","ptf_family_name":"Ship Weather Station","country_iso_reporting":"GB","country_sensor_provider":null}},{"type":"Feature","geometry":{"type":"Point","coordinates":[-71.8,13.1]},"properties":{"ptf_id":1013043,"ptf_ref":"JWR4PHH","category":"ship_based_meteorological_sot_vos","ptf_model":"TURBOWIN+ MANUAL","wigos_ref":"0-22000-0-JWR4PHH","country_name":"UK","country_ship":null,"goos_networks":"VOS","ptf_family_name":"Ship Weather Station","country_iso_reporting":"GB","country_sensor_provider":null}},{"type":"Feature","geometry":{"type":"Point","coordinates":[51.9,25.77]},"properties":{"ptf_id":1013045,"ptf_ref":"CYL9ERY","category":"ship_based_meteorological_sot_vos","ptf_model":"TURBOWIN+ MANUAL","wigos_ref":"0-22000-0-CYL9ERY","country_name":"UK","country_ship":null,"goos_networks":"VOS","ptf_family_name":"Ship Weather Station","country_iso_reporting":"GB","country_sensor_provider":null}},{"type":"Feature","geometry":{"type":"Point","coordinates":[1.4,53.1]},"properties":{"ptf_id":1013047,"ptf_ref":"2CSUZMA","category":"ship_based_meteorological_sot_vos","ptf_model":"AMOS2X","wigos_ref":"0-22000-0-2CSUZMA","country_name":"UK","country_ship":null,"goos_networks":"VOS","ptf_family_name":"Ship Weather Station","country_iso_reporting":"GB","country_sensor_provider":null}},{"type":"Feature","geometry":{"type":"Point","coordinates":[-82.47,19.55]},"properties":{"ptf_id":1013051,"ptf_ref":"RVJZZZD","category":"ship_based_meteorological_sot_vos","ptf_model":"TURBOWIN+ MANUAL","wigos_ref":"0-22000-0-RVJZZZD","country_name":"UK","country_ship":null,"goos_networks":"VOS","ptf_family_name":"Ship Weather Station","country_iso_reporting":"GB","country_sensor_provider":null}},{"type":"Feature","geometry":{"type":"Point","coordinates":[32.3,31.5]},"properties":{"ptf_id":1013052,"ptf_ref":"7ZT64PA","category":"ship_based_meteorological_sot_vos","ptf_model":"TURBOWIN+ MANUAL","wigos_ref":"0-22000-0-7ZT64PA","country_name":"UK","country_ship":null,"goos_networks":"VOS","ptf_family_name":"Ship Weather Station","country_iso_reporting":"GB","country_sensor_provider":null}},{"type":"Feature","geometry":{"type":"Point","coordinates":[-5.1,53.4]},"properties":{"ptf_id":1013054,"ptf_ref":"AGUUBJB","category":"ship_based_meteorological_sot_vos","ptf_model":"AMOS2X","wigos_ref":"0-22000-0-AGUUBJB","country_name":"UK","country_ship":null,"goos_networks":"VOS","ptf_family_name":"Ship Weather Station","country_iso_reporting":"GB","country_sensor_provider":null}},{"type":"Feature","geometry":{"type":"Point","coordinates":[-5.4,53.3]},"properties":{"ptf_id":1013059,"ptf_ref":"AGNWMFW","category":"ship_based_meteorological_sot_vos","ptf_model":"AMOS2X","wigos_ref":"0-22000-0-AGNWMFW","country_name":"UK","country_ship":null,"goos_networks":"VOS","ptf_family_name":"Ship Weather Station","country_iso_reporting":"GB","country_sensor_provider":null}},{"type":"Feature","geometry":{"type":"Point","coordinates":[17.9,41.2]},"properties":{"ptf_id":1013060,"ptf_ref":"MYUCXDW","category":"ship_based_meteorological_sot_vos","ptf_model":"TURBOWIN+ MANUAL","wigos_ref":"0-22000-0-MYUCXDW","country_name":"UK","country_ship":null,"goos_networks":"VOS","ptf_family_name":"Ship Weather Station","country_iso_reporting":"GB","country_sensor_provider":null}},{"type":"Feature","geometry":{"type":"Point","coordinates":[-17.2,22.7]},"properties":{"ptf_id":1013061,"ptf_ref":"5EXMSZP","category":"ship_based_meteorological_sot_vos","ptf_model":"TURBOWIN+ MANUAL","wigos_ref":"0-22000-0-5EXMSZP","country_name":"UK","country_ship":null,"goos_networks":"VOS","ptf_family_name":"Ship Weather Station","country_iso_reporting":"GB","country_sensor_provider":null}},{"type":"Feature","geometry":{"type":"Point","coordinates":[-2.5,60.7]},"properties":{"ptf_id":1013063,"ptf_ref":"DWEFBFY","category":"ship_based_meteorological_sot_vos","ptf_model":"TURBOWIN","wigos_ref":"0-22000-0-DWEFBFY","country_name":"UK","country_ship":null,"goos_networks":"VOS","ptf_family_name":"Ship Weather Station","country_iso_reporting":"GB","country_sensor_provider":null}},{"type":"Feature","geometry":{"type":"Point","coordinates":[1.2,51.9]},"properties":{"ptf_id":1013065,"ptf_ref":"6TCMCEV","category":"ship_based_meteorological_sot_vos","ptf_model":"AMOS2X","wigos_ref":"0-22000-0-6TCMCEV","country_name":"UK","country_ship":null,"goos_networks":"VOS","ptf_family_name":"Ship Weather Station","country_iso_reporting":"GB","country_sensor_provider":null}},{"type":"Feature","geometry":{"type":"Point","coordinates":[0.5,53.3]},"properties":{"ptf_id":1013066,"ptf_ref":"DPVMZPV","category":"ship_based_meteorological_sot_vos","ptf_model":"AMOS2X","wigos_ref":"0-22000-0-DPVMZPV","country_name":"UK","country_ship":null,"goos_networks":"VOS","ptf_family_name":"Ship Weather Station","country_iso_reporting":"GB","country_sensor_provider":null}},{"type":"Feature","geometry":{"type":"Point","coordinates":[27.4,35.3]},"properties":{"ptf_id":1013111,"ptf_ref":"GXDFFHB","category":"ship_based_meteorological_sot_vos","ptf_model":"TURBOWIN+ MANUAL","wigos_ref":"0-22000-0-GXDFFHB","country_name":"UK","country_ship":null,"goos_networks":"VOS","ptf_family_name":"Ship Weather Station","country_iso_reporting":"GB","country_sensor_provider":null}},{"type":"Feature","geometry":{"type":"Point","coordinates":[64.22,20.68]},"properties":{"ptf_id":1013112,"ptf_ref":"8ZMBQGS","category":"ship_based_meteorological_sot_vos","ptf_model":"TURBOWIN+ MANUAL","wigos_ref":"0-22000-0-8ZMBQGS","country_name":"UK","country_ship":null,"goos_networks":"VOS","ptf_family_name":"Ship Weather Station","country_iso_reporting":"GB","country_sensor_provider":null}},{"type":"Feature","geometry":{"type":"Point","coordinates":[63.92,18.95]},"properties":{"ptf_id":1013113,"ptf_ref":"PWNLHBZ","category":"ship_based_meteorological_sot_vos","ptf_model":"TURBOWIN+ MANUAL","wigos_ref":"0-22000-0-PWNLHBZ","country_name":"UK","country_ship":null,"goos_networks":"VOS","ptf_family_name":"Ship Weather Station","country_iso_reporting":"GB","country_sensor_provider":null}},{"type":"Feature","geometry":{"type":"Point","coordinates":[-30.5,-3.7]},"properties":{"ptf_id":1013115,"ptf_ref":"ERDNLZH","category":"ship_based_meteorological_sot_vos","ptf_model":"TURBOWIN+ MANUAL","wigos_ref":"0-22000-0-ERDNLZH","country_name":"UK","country_ship":null,"goos_networks":"VOS","ptf_family_name":"Ship Weather Station","country_iso_reporting":"GB","country_sensor_provider":null}},{"type":"Feature","geometry":{"type":"Point","coordinates":[65.35,20.38]},"properties":{"ptf_id":1013116,"ptf_ref":"DBUXMBJ","category":"ship_based_meteorological_sot_vos","ptf_model":"TURBOWIN+ MANUAL","wigos_ref":"0-22000-0-DBUXMBJ","country_name":"UK","country_ship":null,"goos_networks":"VOS","ptf_family_name":"Ship Weather Station","country_iso_reporting":"GB","country_sensor_provider":null}},{"type":"Feature","geometry":{"type":"Point","coordinates":[-55.7,-35]},"properties":{"ptf_id":1013117,"ptf_ref":"YBP552U","category":"ship_based_meteorological_sot_vos","ptf_model":"TURBOWIN+ MANUAL","wigos_ref":"0-22000-0-YBP552U","country_name":"UK","country_ship":null,"goos_networks":"VOS","ptf_family_name":"Ship Weather Station","country_iso_reporting":"GB","country_sensor_provider":null}},{"type":"Feature","geometry":{"type":"Point","coordinates":[155.3,45.1]},"properties":{"ptf_id":1013118,"ptf_ref":"TNVXRHV","category":"ship_based_meteorological_sot_vos","ptf_model":"TURBOWIN+ MANUAL","wigos_ref":"0-22000-0-TNVXRHV","country_name":"UK","country_ship":null,"goos_networks":"VOS","ptf_family_name":"Ship Weather Station","country_iso_reporting":"GB","country_sensor_provider":null}},{"type":"Feature","geometry":{"type":"Point","coordinates":[48.55,28.73]},"properties":{"ptf_id":1013119,"ptf_ref":"HLTDM3H","category":"ship_based_meteorological_sot_vos","ptf_model":"TURBOWIN+ MANUAL","wigos_ref":"0-22000-0-HLTDM3H","country_name":"UK","country_ship":null,"goos_networks":"VOS","ptf_family_name":"Ship Weather Station","country_iso_reporting":"GB","country_sensor_provider":null}},{"type":"Feature","geometry":{"type":"Point","coordinates":[-7.3,57.1]},"properties":{"ptf_id":1013121,"ptf_ref":"ZYM76PW","category":"ship_based_meteorological_sot_vos","ptf_model":"AMOS2X","wigos_ref":"0-22000-0-ZYM76PW","country_name":"UK","country_ship":null,"goos_networks":"VOS","ptf_family_name":"Ship Weather Station","country_iso_reporting":"GB","country_sensor_provider":null}},{"type":"Feature","geometry":{"type":"Point","coordinates":[-5.4,56.4]},"properties":{"ptf_id":1013123,"ptf_ref":"SVU6JPQ","category":"ship_based_meteorological_sot_vos","ptf_model":"AMOS2X","wigos_ref":"0-22000-0-SVU6JPQ","country_name":"UK","country_ship":null,"goos_networks":"VOS","ptf_family_name":"Ship Weather Station","country_iso_reporting":"GB","country_sensor_provider":null}},{"type":"Feature","geometry":{"type":"Point","coordinates":[93.52,6.12]},"properties":{"ptf_id":1013124,"ptf_ref":"FNSLEAC","category":"ship_based_meteorological_sot_vos","ptf_model":"TURBOWIN+ MANUAL","wigos_ref":"0-22000-0-FNSLEAC","country_name":"UK","country_ship":null,"goos_networks":"VOS","ptf_family_name":"Ship Weather Station","country_iso_reporting":"GB","country_sensor_provider":null}},{"type":"Feature","geometry":{"type":"Point","coordinates":[126.17,37.07]},"properties":{"ptf_id":1013125,"ptf_ref":"YUTPB4M","category":"ship_based_meteorological_sot_vos","ptf_model":"TURBOWIN+ MANUAL","wigos_ref":"0-22000-0-YUTPB4M","country_name":"UK","country_ship":null,"goos_networks":"VOS","ptf_family_name":"Ship Weather Station","country_iso_reporting":"GB","country_sensor_provider":null}},{"type":"Feature","geometry":{"type":"Point","coordinates":[-49.7,-30.3]},"properties":{"ptf_id":1013129,"ptf_ref":"ZQV7WFU","category":"ship_based_meteorological_sot_vos","ptf_model":"TURBOWIN+ MANUAL","wigos_ref":"0-22000-0-ZQV7WFU","country_name":"UK","country_ship":null,"goos_networks":"VOS","ptf_family_name":"Ship Weather Station","country_iso_reporting":"GB","country_sensor_provider":null}},{"type":"Feature","geometry":{"type":"Point","coordinates":[-38.5,-12.9]},"properties":{"ptf_id":1013131,"ptf_ref":"9FH9R4Q","category":"ship_based_meteorological_sot_vos","ptf_model":"TURBOWIN+ MANUAL","wigos_ref":"0-22000-0-9FH9R4Q","country_name":"UK","country_ship":null,"goos_networks":"VOS","ptf_family_name":"Ship Weather Station","country_iso_reporting":"GB","country_sensor_provider":null}},{"type":"Feature","geometry":{"type":"Point","coordinates":[-157.3,55.2]},"properties":{"ptf_id":1013132,"ptf_ref":"8HK3C4K","category":"ship_based_meteorological_sot_vos","ptf_model":"TURBOWIN+ MANUAL","wigos_ref":"0-22000-0-8HK3C4K","country_name":"UK","country_ship":null,"goos_networks":"VOS","ptf_family_name":"Ship Weather Station","country_iso_reporting":"GB","country_sensor_provider":null}},{"type":"Feature","geometry":{"type":"Point","coordinates":[123.1,30.1]},"properties":{"ptf_id":1013134,"ptf_ref":"VQVKBYS","category":"ship_based_meteorological_sot_vos","ptf_model":"TURBOWIN+ MANUAL","wigos_ref":"0-22000-0-VQVKBYS","country_name":"UK","country_ship":null,"goos_networks":"VOS","ptf_family_name":"Ship Weather Station","country_iso_reporting":"GB","country_sensor_provider":null}},{"type":"Feature","geometry":{"type":"Point","coordinates":[-3.9,53.9]},"properties":{"ptf_id":1013135,"ptf_ref":"8SYCDWX","category":"ship_based_meteorological_sot_vos","ptf_model":"AMOS2X","wigos_ref":"0-22000-0-8SYCDWX","country_name":"UK","country_ship":null,"goos_networks":"VOS","ptf_family_name":"Ship Weather Station","country_iso_reporting":"GB","country_sensor_provider":null}},{"type":"Feature","geometry":{"type":"Point","coordinates":[-4,53.5]},"properties":{"ptf_id":1013136,"ptf_ref":"WYKNYXP","category":"ship_based_meteorological_sot_vos","ptf_model":"AMOS2X","wigos_ref":"0-22000-0-WYKNYXP","country_name":"UK","country_ship":null,"goos_networks":"VOS","ptf_family_name":"Ship Weather Station","country_iso_reporting":"GB","country_sensor_provider":null}},{"type":"Feature","geometry":{"type":"Point","coordinates":[-29.5,40.6]},"properties":{"ptf_id":1013138,"ptf_ref":"KXAUKPW","category":"ship_based_meteorological_sot_vos","ptf_model":"TURBOWIN+ MANUAL","wigos_ref":"0-22000-0-KXAUKPW","country_name":"UK","country_ship":null,"goos_networks":"VOS","ptf_family_name":"Ship Weather Station","country_iso_reporting":"GB","country_sensor_provider":null}},{"type":"Feature","geometry":{"type":"Point","coordinates":[-20.2,45.5]},"properties":{"ptf_id":1013139,"ptf_ref":"UUZCFPA","category":"ship_based_meteorological_sot_vos","ptf_model":"TURBOWIN+ MANUAL","wigos_ref":"0-22000-0-UUZCFPA","country_name":"UK","country_ship":null,"goos_networks":"VOS","ptf_family_name":"Ship Weather Station","country_iso_reporting":"GB","country_sensor_provider":null}},{"type":"Feature","geometry":{"type":"Point","coordinates":[147.9,-38.7]},"properties":{"ptf_id":1013141,"ptf_ref":"AZAN2YQ","category":"ship_based_meteorological_sot_vos","ptf_model":"TURBOWIN+ MANUAL","wigos_ref":"0-22000-0-AZAN2YQ","country_name":"UK","country_ship":null,"goos_networks":"VOS","ptf_family_name":"Ship Weather Station","country_iso_reporting":"GB","country_sensor_provider":null}},{"type":"Feature","geometry":{"type":"Point","coordinates":[114.1,22.3]},"properties":{"ptf_id":1013145,"ptf_ref":"2PN7YZN","category":"ship_based_meteorological_sot_vos","ptf_model":"TURBOWIN+ MANUAL","wigos_ref":"0-22000-0-2PN7YZN","country_name":"UK","country_ship":null,"goos_networks":"VOS","ptf_family_name":"Ship Weather Station","country_iso_reporting":"GB","country_sensor_provider":null}},{"type":"Feature","geometry":{"type":"Point","coordinates":[-82,-6.8]},"properties":{"ptf_id":1013146,"ptf_ref":"7GBN9QD","category":"ship_based_meteorological_sot_vos","ptf_model":"TURBOWIN+ MANUAL","wigos_ref":"0-22000-0-7GBN9QD","country_name":"UK","country_ship":null,"goos_networks":"VOS","ptf_family_name":"Ship Weather Station","country_iso_reporting":"GB","country_sensor_provider":null}},{"type":"Feature","geometry":{"type":"Point","coordinates":[113.5,17.5]},"properties":{"ptf_id":1013148,"ptf_ref":"YEADUPA","category":"ship_based_meteorological_sot_vos","ptf_model":"TURBOWIN+ MANUAL","wigos_ref":"0-22000-0-YEADUPA","country_name":"UK","country_ship":null,"goos_networks":"VOS","ptf_family_name":"Ship Weather Station","country_iso_reporting":"GB","country_sensor_provider":null}},{"type":"Feature","geometry":{"type":"Point","coordinates":[1,57.3]},"properties":{"ptf_id":1013149,"ptf_ref":"PFBRGQH","category":"ship_based_meteorological_sot_vos","ptf_model":"TURBOWIN","wigos_ref":"0-22000-0-PFBRGQH","country_name":"UK","country_ship":null,"goos_networks":"VOS","ptf_family_name":"Ship Weather Station","country_iso_reporting":"GB","country_sensor_provider":null}},{"type":"Feature","geometry":{"type":"Point","coordinates":[-65.1,43.4]},"properties":{"ptf_id":1013150,"ptf_ref":"4VKYNVK","category":"ship_based_meteorological_sot_vos","ptf_model":"TURBOWIN+ MANUAL","wigos_ref":"0-22000-0-4VKYNVK","country_name":"UK","country_ship":null,"goos_networks":"VOS","ptf_family_name":"Ship Weather Station","country_iso_reporting":"GB","country_sensor_provider":null}},{"type":"Feature","geometry":{"type":"Point","coordinates":[-20.9,45.4]},"properties":{"ptf_id":1013154,"ptf_ref":"GDQFZQB","category":"ship_based_meteorological_sot_vos","ptf_model":"AMOS2X","wigos_ref":"0-22000-0-GDQFZQB","country_name":"UK","country_ship":null,"goos_networks":"VOS","ptf_family_name":"Ship Weather Station","country_iso_reporting":"GB","country_sensor_provider":null}},{"type":"Feature","geometry":{"type":"Point","coordinates":[56.82,25.3]},"properties":{"ptf_id":1013157,"ptf_ref":"HNQN49W","category":"ship_based_meteorological_sot_vos","ptf_model":"TURBOWIN+ MANUAL","wigos_ref":"0-22000-0-HNQN49W","country_name":"UK","country_ship":null,"goos_networks":"VOS","ptf_family_name":"Ship Weather Station","country_iso_reporting":"GB","country_sensor_provider":null}},{"type":"Feature","geometry":{"type":"Point","coordinates":[72.52,19.12]},"properties":{"ptf_id":1013161,"ptf_ref":"WZU9GCQ","category":"ship_based_meteorological_sot_vos","ptf_model":"TURBOWIN+ MANUAL","wigos_ref":"0-22000-0-WZU9GCQ","country_name":"UK","country_ship":null,"goos_networks":"VOS","ptf_family_name":"Ship Weather Station","country_iso_reporting":"GB","country_sensor_provider":null}},{"type":"Feature","geometry":{"type":"Point","coordinates":[-79,26.1]},"properties":{"ptf_id":1013163,"ptf_ref":"GLLU3AN","category":"ship_based_meteorological_sot_vos","ptf_model":"TURBOWIN+ MANUAL","wigos_ref":"0-22000-0-GLLU3AN","country_name":"UK","country_ship":null,"goos_networks":"VOS","ptf_family_name":"Ship Weather Station","country_iso_reporting":"GB","country_sensor_provider":null}},{"type":"Feature","geometry":{"type":"Point","coordinates":[72.53,19.05]},"properties":{"ptf_id":1013164,"ptf_ref":"DLXM4SN","category":"ship_based_meteorological_sot_vos","ptf_model":"TURBOWIN+ MANUAL","wigos_ref":"0-22000-0-DLXM4SN","country_name":"UK","country_ship":null,"goos_networks":"VOS","ptf_family_name":"Ship Weather Station","country_iso_reporting":"GB","country_sensor_provider":null}},{"type":"Feature","geometry":{"type":"Point","coordinates":[79.9,5.9]},"properties":{"ptf_id":1013166,"ptf_ref":"BJKUBKR","category":"ship_based_meteorological_sot_vos","ptf_model":"TURBOWIN","wigos_ref":"0-22000-0-BJKUBKR","country_name":"UK","country_ship":null,"goos_networks":"VOS","ptf_family_name":"Ship Weather Station","country_iso_reporting":"GB","country_sensor_provider":null}},{"type":"Feature","geometry":{"type":"Point","coordinates":[72.52,19.13]},"properties":{"ptf_id":1013167,"ptf_ref":"TZK8KDX","category":"ship_based_meteorological_sot_vos","ptf_model":"TURBOWIN+ MANUAL","wigos_ref":"0-22000-0-TZK8KDX","country_name":"UK","country_ship":null,"goos_networks":"VOS","ptf_family_name":"Ship Weather Station","country_iso_reporting":"GB","country_sensor_provider":null}},{"type":"Feature","geometry":{"type":"Point","coordinates":[4.4,57.2]},"properties":{"ptf_id":1013169,"ptf_ref":"3UHJSQE","category":"ship_based_meteorological_sot_vos","ptf_model":"TURBOWIN+ MANUAL","wigos_ref":"0-22000-0-3UHJSQE","country_name":"UK","country_ship":null,"goos_networks":"VOS","ptf_family_name":"Ship Weather Station","country_iso_reporting":"GB","country_sensor_provider":null}},{"type":"Feature","geometry":{"type":"Point","coordinates":[-5.5,54.7]},"properties":{"ptf_id":1013170,"ptf_ref":"LTZCCTE","category":"ship_based_meteorological_sot_vos","ptf_model":"AMOS2X","wigos_ref":"0-22000-0-LTZCCTE","country_name":"UK","country_ship":null,"goos_networks":"VOS","ptf_family_name":"Ship Weather Station","country_iso_reporting":"GB","country_sensor_provider":null}},{"type":"Feature","geometry":{"type":"Point","coordinates":[-151.9,40.6]},"properties":{"ptf_id":1013171,"ptf_ref":"MRVWWQV","category":"ship_based_meteorological_sot_vos","ptf_model":"TURBOWIN+ MANUAL","wigos_ref":"0-22000-0-MRVWWQV","country_name":"UK","country_ship":null,"goos_networks":"VOS","ptf_family_name":"Ship Weather Station","country_iso_reporting":"GB","country_sensor_provider":null}},{"type":"Feature","geometry":{"type":"Point","coordinates":[72.55,19.1]},"properties":{"ptf_id":1013172,"ptf_ref":"2BRAZTM","category":"ship_based_meteorological_sot_vos","ptf_model":"TURBOWIN+ MANUAL","wigos_ref":"0-22000-0-2BRAZTM","country_name":"UK","country_ship":null,"goos_networks":"VOS","ptf_family_name":"Ship Weather Station","country_iso_reporting":"GB","country_sensor_provider":null}},{"type":"Feature","geometry":{"type":"Point","coordinates":[156.4,45.7]},"properties":{"ptf_id":1013173,"ptf_ref":"MPP7LPS","category":"ship_based_meteorological_sot_vos","ptf_model":"TURBOWIN+ MANUAL","wigos_ref":"0-22000-0-MPP7LPS","country_name":"UK","country_ship":null,"goos_networks":"VOS","ptf_family_name":"Ship Weather Station","country_iso_reporting":"GB","country_sensor_provider":null}},{"type":"Feature","geometry":{"type":"Point","coordinates":[130.3,36.6]},"properties":{"ptf_id":1013182,"ptf_ref":"ABXFLRZ","category":"ship_based_meteorological_sot_vos","ptf_model":"TURBOWIN","wigos_ref":"0-22000-0-ABXFLRZ","country_name":"CHINA","country_ship":null,"goos_networks":"VOS","ptf_family_name":"Ship Weather Station","country_iso_reporting":"CN","country_sensor_provider":null}},{"type":"Feature","geometry":{"type":"Point","coordinates":[58.3,-20.9]},"properties":{"ptf_id":1013183,"ptf_ref":"HEAYMML","category":"ship_based_meteorological_sot_vos","ptf_model":"TURBOWIN","wigos_ref":"0-22000-0-HEAYMML","country_name":"CHINA","country_ship":null,"goos_networks":"VOS","ptf_family_name":"Ship Weather Station","country_iso_reporting":"CN","country_sensor_provider":null}},{"type":"Feature","geometry":{"type":"Point","coordinates":[107.5,-4.2]},"properties":{"ptf_id":1013184,"ptf_ref":"PLZD56U","category":"ship_based_meteorological_sot_vos","ptf_model":"TURBOWIN","wigos_ref":"0-22000-0-PLZD56U","country_name":"CHINA","country_ship":null,"goos_networks":"VOS","ptf_family_name":"Ship Weather Station","country_iso_reporting":"CN","country_sensor_provider":null}},{"type":"Feature","geometry":{"type":"Point","coordinates":[114.2,21.5]},"properties":{"ptf_id":1013185,"ptf_ref":"9NHSBGD","category":"ship_based_meteorological_sot_vos","ptf_model":"TURBOWIN","wigos_ref":"0-22000-0-9NHSBGD","country_name":"CHINA","country_ship":null,"goos_networks":"VOS","ptf_family_name":"Ship Weather Station","country_iso_reporting":"CN","country_sensor_provider":null}},{"type":"Feature","geometry":{"type":"Point","coordinates":[-2.5,36.4]},"properties":{"ptf_id":1013186,"ptf_ref":"7BYUJ6M","category":"ship_based_meteorological_sot_vos","ptf_model":"GENERIC MANUAL","wigos_ref":"0-22000-0-7BYUJ6M","country_name":"CHINA","country_ship":null,"goos_networks":"VOS","ptf_family_name":"Ship Weather Station","country_iso_reporting":"CN","country_sensor_provider":null}},{"type":"Feature","geometry":{"type":"Point","coordinates":[105.9,4.2]},"properties":{"ptf_id":1013187,"ptf_ref":"ELANTKC","category":"ship_based_meteorological_sot_vos","ptf_model":"TURBOWIN","wigos_ref":"0-22000-0-ELANTKC","country_name":"CHINA","country_ship":null,"goos_networks":"VOS","ptf_family_name":"Ship Weather Station","country_iso_reporting":"CN","country_sensor_provider":null}},{"type":"Feature","geometry":{"type":"Point","coordinates":[124.2,28.7]},"properties":{"ptf_id":1013188,"ptf_ref":"WGG2TZV","category":"ship_based_meteorological_sot_vos","ptf_model":"TURBOWIN","wigos_ref":"0-22000-0-WGG2TZV","country_name":"CHINA","country_ship":null,"goos_networks":"VOS","ptf_family_name":"Ship Weather Station","country_iso_reporting":"CN","country_sensor_provider":null}},{"type":"Feature","geometry":{"type":"Point","coordinates":[106.1,-5.3]},"properties":{"ptf_id":1013189,"ptf_ref":"FLSHWHX","category":"ship_based_meteorological_sot_vos","ptf_model":"TURBOWIN","wigos_ref":"0-22000-0-FLSHWHX","country_name":"CHINA","country_ship":null,"goos_networks":"VOS","ptf_family_name":"Ship Weather Station","country_iso_reporting":"CN","country_sensor_provider":null}},{"type":"Feature","geometry":{"type":"Point","coordinates":[-169.2,46.9]},"properties":{"ptf_id":1013191,"ptf_ref":"WDXZK9R","category":"ship_based_meteorological_sot_vos","ptf_model":"TURBOWIN","wigos_ref":"0-22000-0-WDXZK9R","country_name":"CHINA","country_ship":null,"goos_networks":"VOS","ptf_family_name":"Ship Weather Station","country_iso_reporting":"CN","country_sensor_provider":null}},{"type":"Feature","geometry":{"type":"Point","coordinates":[121.9,27.4]},"properties":{"ptf_id":1013192,"ptf_ref":"BNP3S5X","category":"ship_based_meteorological_sot_vos","ptf_model":"TURBOWIN","wigos_ref":"0-22000-0-BNP3S5X","country_name":"CHINA","country_ship":null,"goos_networks":"VOS","ptf_family_name":"Ship Weather Station","country_iso_reporting":"CN","country_sensor_provider":null}},{"type":"Feature","geometry":{"type":"Point","coordinates":[124.6,30.5]},"properties":{"ptf_id":1013194,"ptf_ref":"2QYJW5M","category":"ship_based_meteorological_sot_vos","ptf_model":"TURBOWIN","wigos_ref":"0-22000-0-2QYJW5M","country_name":"CHINA","country_ship":null,"goos_networks":"VOS","ptf_family_name":"Ship Weather Station","country_iso_reporting":"CN","country_sensor_provider":null}},{"type":"Feature","geometry":{"type":"Point","coordinates":[150.9,-35.6]},"properties":{"ptf_id":1013196,"ptf_ref":"KDDMUSH","category":"ship_based_meteorological_sot_vos","ptf_model":"TURBOWIN","wigos_ref":"0-22000-0-KDDMUSH","country_name":"CHINA","country_ship":null,"goos_networks":"VOS","ptf_family_name":"Ship Weather Station","country_iso_reporting":"CN","country_sensor_provider":null}},{"type":"Feature","geometry":{"type":"Point","coordinates":[116,-6.1]},"properties":{"ptf_id":1013198,"ptf_ref":"2JJPQ7Y","category":"ship_based_meteorological_sot_vos","ptf_model":"TURBOWIN","wigos_ref":"0-22000-0-2JJPQ7Y","country_name":"CHINA","country_ship":null,"goos_networks":"VOS","ptf_family_name":"Ship Weather Station","country_iso_reporting":"CN","country_sensor_provider":null}},{"type":"Feature","geometry":{"type":"Point","coordinates":[94.9,6.9]},"properties":{"ptf_id":1013201,"ptf_ref":"3JNFMVL","category":"ship_based_meteorological_sot_vos","ptf_model":"TURBOWIN","wigos_ref":"0-22000-0-3JNFMVL","country_name":"CHINA","country_ship":null,"goos_networks":"VOS","ptf_family_name":"Ship Weather Station","country_iso_reporting":"CN","country_sensor_provider":null}},{"type":"Feature","geometry":{"type":"Point","coordinates":[121.3,27.3]},"properties":{"ptf_id":1013202,"ptf_ref":"DYH328C","category":"ship_based_meteorological_sot_vos","ptf_model":"TURBOWIN","wigos_ref":"0-22000-0-DYH328C","country_name":"CHINA","country_ship":null,"goos_networks":"VOS","ptf_family_name":"Ship Weather Station","country_iso_reporting":"CN","country_sensor_provider":null}},{"type":"Feature","geometry":{"type":"Point","coordinates":[125.9,26.3]},"properties":{"ptf_id":1013203,"ptf_ref":"MFG8HDV","category":"ship_based_meteorological_sot_vos","ptf_model":"GENERIC MANUAL","wigos_ref":"0-22000-0-MFG8HDV","country_name":"CHINA","country_ship":null,"goos_networks":"VOS","ptf_family_name":"Ship Weather Station","country_iso_reporting":"CN","country_sensor_provider":null}},{"type":"Feature","geometry":{"type":"Point","coordinates":[97.2,5.6]},"properties":{"ptf_id":1013204,"ptf_ref":"4QSMBDL","category":"ship_based_meteorological_sot_vos","ptf_model":"TURBOWIN","wigos_ref":"0-22000-0-4QSMBDL","country_name":"CHINA","country_ship":null,"goos_networks":"VOS","ptf_family_name":"Ship Weather Station","country_iso_reporting":"CN","country_sensor_provider":null}},{"type":"Feature","geometry":{"type":"Point","coordinates":[109.5,9.7]},"properties":{"ptf_id":1013205,"ptf_ref":"3NEUG2H","category":"ship_based_meteorological_sot_vos","ptf_model":"TURBOWIN","wigos_ref":"0-22000-0-3NEUG2H","country_name":"CHINA","country_ship":null,"goos_networks":"VOS","ptf_family_name":"Ship Weather Station","country_iso_reporting":"CN","country_sensor_provider":null}},{"type":"Feature","geometry":{"type":"Point","coordinates":[8,43]},"properties":{"ptf_id":1013206,"ptf_ref":"WAT946V","category":"ship_based_meteorological_sot_vos","ptf_model":"TURBOWIN","wigos_ref":"0-22000-0-WAT946V","country_name":"CHINA","country_ship":null,"goos_networks":"VOS","ptf_family_name":"Ship Weather Station","country_iso_reporting":"CN","country_sensor_provider":null}},{"type":"Feature","geometry":{"type":"Point","coordinates":[126.7,32.8]},"properties":{"ptf_id":1013207,"ptf_ref":"SCZX4UR","category":"ship_based_meteorological_sot_vos","ptf_model":"GENERIC MANUAL","wigos_ref":"0-22000-0-SCZX4UR","country_name":"CHINA","country_ship":null,"goos_networks":"VOS","ptf_family_name":"Ship Weather Station","country_iso_reporting":"CN","country_sensor_provider":null}},{"type":"Feature","geometry":{"type":"Point","coordinates":[116.5,-16.5]},"properties":{"ptf_id":1013208,"ptf_ref":"UFA749V","category":"ship_based_meteorological_sot_vos","ptf_model":"TURBOWIN","wigos_ref":"0-22000-0-UFA749V","country_name":"CHINA","country_ship":null,"goos_networks":"VOS","ptf_family_name":"Ship Weather Station","country_iso_reporting":"CN","country_sensor_provider":null}},{"type":"Feature","geometry":{"type":"Point","coordinates":[146.2,-4.1]},"properties":{"ptf_id":1013209,"ptf_ref":"9WLHGYN","category":"ship_based_meteorological_sot_vos","ptf_model":"TURBOWIN","wigos_ref":"0-22000-0-9WLHGYN","country_name":"CHINA","country_ship":null,"goos_networks":"VOS","ptf_family_name":"Ship Weather Station","country_iso_reporting":"CN","country_sensor_provider":null}},{"type":"Feature","geometry":{"type":"Point","coordinates":[125.5,21.5]},"properties":{"ptf_id":1013210,"ptf_ref":"QNL3D8N","category":"ship_based_meteorological_sot_vos","ptf_model":"TURBOWIN","wigos_ref":"0-22000-0-QNL3D8N","country_name":"CHINA","country_ship":null,"goos_networks":"VOS","ptf_family_name":"Ship Weather Station","country_iso_reporting":"CN","country_sensor_provider":null}},{"type":"Feature","geometry":{"type":"Point","coordinates":[-79.2,32.4]},"properties":{"ptf_id":1013213,"ptf_ref":"ACHC6DM","category":"ship_based_meteorological_sot_vos","ptf_model":"TURBOWIN","wigos_ref":"0-22000-0-ACHC6DM","country_name":"CHINA","country_ship":null,"goos_networks":"VOS","ptf_family_name":"Ship Weather Station","country_iso_reporting":"CN","country_sensor_provider":null}},{"type":"Feature","geometry":{"type":"Point","coordinates":[121.6,26.1]},"properties":{"ptf_id":1013214,"ptf_ref":"7ZUVP9X","category":"ship_based_meteorological_sot_vos","ptf_model":"TURBOWIN","wigos_ref":"0-22000-0-7ZUVP9X","country_name":"CHINA","country_ship":null,"goos_networks":"VOS","ptf_family_name":"Ship Weather Station","country_iso_reporting":"CN","country_sensor_provider":null}},{"type":"Feature","geometry":{"type":"Point","coordinates":[118.3,13.1]},"properties":{"ptf_id":1013216,"ptf_ref":"NVXPTHF","category":"ship_based_meteorological_sot_vos","ptf_model":"TURBOWIN","wigos_ref":"0-22000-0-NVXPTHF","country_name":"CHINA","country_ship":null,"goos_networks":"VOS","ptf_family_name":"Ship Weather Station","country_iso_reporting":"CN","country_sensor_provider":null}},{"type":"Feature","geometry":{"type":"Point","coordinates":[128.6,-1.7]},"properties":{"ptf_id":1013217,"ptf_ref":"RBV3PTP","category":"ship_based_meteorological_sot_vos","ptf_model":"TURBOWIN","wigos_ref":"0-22000-0-RBV3PTP","country_name":"CHINA","country_ship":null,"goos_networks":"VOS","ptf_family_name":"Ship Weather Station","country_iso_reporting":"CN","country_sensor_provider":null}},{"type":"Feature","geometry":{"type":"Point","coordinates":[112.6,15.5]},"properties":{"ptf_id":1013219,"ptf_ref":"QWCAZUR","category":"ship_based_meteorological_sot_vos","ptf_model":"TURBOWIN","wigos_ref":"0-22000-0-QWCAZUR","country_name":"CHINA","country_ship":null,"goos_networks":"VOS","ptf_family_name":"Ship Weather Station","country_iso_reporting":"CN","country_sensor_provider":null}},{"type":"Feature","geometry":{"type":"Point","coordinates":[57.7,-18.6]},"properties":{"ptf_id":1013221,"ptf_ref":"XSYLYFC","category":"ship_based_meteorological_sot_vos","ptf_model":"TURBOWIN","wigos_ref":"0-22000-0-XSYLYFC","country_name":"CHINA","country_ship":null,"goos_networks":"VOS","ptf_family_name":"Ship Weather Station","country_iso_reporting":"CN","country_sensor_provider":null}},{"type":"Feature","geometry":{"type":"Point","coordinates":[150.1,-7.6]},"properties":{"ptf_id":1013228,"ptf_ref":"8MJSD8M","category":"ship_based_meteorological_sot_vos","ptf_model":"TURBOWIN","wigos_ref":"0-22000-0-8MJSD8M","country_name":"CHINA","country_ship":null,"goos_networks":"VOS","ptf_family_name":"Ship Weather Station","country_iso_reporting":"CN","country_sensor_provider":null}},{"type":"Feature","geometry":{"type":"Point","coordinates":[110.7,14.8]},"properties":{"ptf_id":1013231,"ptf_ref":"YVT7LUV","category":"ship_based_meteorological_sot_vos","ptf_model":"GENERIC AUTO","wigos_ref":"0-22000-0-YVT7LUV","country_name":"CHINA","country_ship":null,"goos_networks":"VOS","ptf_family_name":"Ship Weather Station","country_iso_reporting":"CN","country_sensor_provider":null}},{"type":"Feature","geometry":{"type":"Point","coordinates":[-78.4,32.4]},"properties":{"ptf_id":1013232,"ptf_ref":"XGKPXTA","category":"ship_based_meteorological_sot_vos","ptf_model":"TURBOWIN","wigos_ref":"0-22000-0-XGKPXTA","country_name":"CHINA","country_ship":null,"goos_networks":"VOS","ptf_family_name":"Ship Weather Station","country_iso_reporting":"CN","country_sensor_provider":null}},{"type":"Feature","geometry":{"type":"Point","coordinates":[169.5,-30.2]},"properties":{"ptf_id":1013233,"ptf_ref":"RLED4NL","category":"ship_based_meteorological_sot_vos","ptf_model":"TURBOWIN","wigos_ref":"0-22000-0-RLED4NL","country_name":"CHINA","country_ship":null,"goos_networks":"VOS","ptf_family_name":"Ship Weather Station","country_iso_reporting":"CN","country_sensor_provider":null}},{"type":"Feature","geometry":{"type":"Point","coordinates":[70.7,20]},"properties":{"ptf_id":1013234,"ptf_ref":"TKBFL3Q","category":"ship_based_meteorological_sot_vos","ptf_model":"TURBOWIN","wigos_ref":"0-22000-0-TKBFL3Q","country_name":"CHINA","country_ship":null,"goos_networks":"VOS","ptf_family_name":"Ship Weather Station","country_iso_reporting":"CN","country_sensor_provider":null}},{"type":"Feature","geometry":{"type":"Point","coordinates":[178.2,47.8]},"properties":{"ptf_id":1013235,"ptf_ref":"8BFK4MV","category":"ship_based_meteorological_sot_vos","ptf_model":"TURBOWIN","wigos_ref":"0-22000-0-8BFK4MV","country_name":"CHINA","country_ship":null,"goos_networks":"VOS","ptf_family_name":"Ship Weather Station","country_iso_reporting":"CN","country_sensor_provider":null}},{"type":"Feature","geometry":{"type":"Point","coordinates":[114.1,5.1]},"properties":{"ptf_id":1013236,"ptf_ref":"BUS7B7V","category":"ship_based_meteorological_sot_vos","ptf_model":"TURBOWIN","wigos_ref":"0-22000-0-BUS7B7V","country_name":"CHINA","country_ship":null,"goos_networks":"VOS","ptf_family_name":"Ship Weather Station","country_iso_reporting":"CN","country_sensor_provider":null}},{"type":"Feature","geometry":{"type":"Point","coordinates":[123.6,26.9]},"properties":{"ptf_id":1013237,"ptf_ref":"NXBWZ3K","category":"ship_based_meteorological_sot_vos","ptf_model":"TURBOWIN","wigos_ref":"0-22000-0-NXBWZ3K","country_name":"CHINA","country_ship":null,"goos_networks":"VOS","ptf_family_name":"Ship Weather Station","country_iso_reporting":"CN","country_sensor_provider":null}},{"type":"Feature","geometry":{"type":"Point","coordinates":[70.9,18.3]},"properties":{"ptf_id":1013238,"ptf_ref":"CVJV57F","category":"ship_based_meteorological_sot_vos","ptf_model":"TURBOWIN","wigos_ref":"0-22000-0-CVJV57F","country_name":"CHINA","country_ship":null,"goos_networks":"VOS","ptf_family_name":"Ship Weather Station","country_iso_reporting":"CN","country_sensor_provider":null}},{"type":"Feature","geometry":{"type":"Point","coordinates":[152.4,31.6]},"properties":{"ptf_id":1013274,"ptf_ref":"9CTYUAN","category":"ship_based_meteorological_sot_vos","ptf_model":"GENERIC MANUAL","wigos_ref":"0-22000-0-9CTYUAN","country_name":"JAPAN","country_ship":null,"goos_networks":"VOS","ptf_family_name":"Ship Weather Station","country_iso_reporting":"JP","country_sensor_provider":null}},{"type":"Feature","geometry":{"type":"Point","coordinates":[138,34.2]},"properties":{"ptf_id":1013375,"ptf_ref":"QYVE9DH","category":"ship_based_meteorological_sot_vos","ptf_model":"GENERIC MANUAL","wigos_ref":"0-22000-0-QYVE9DH","country_name":"JAPAN","country_ship":null,"goos_networks":"VOS","ptf_family_name":"Ship Weather Station","country_iso_reporting":"JP","country_sensor_provider":null}},{"type":"Feature","geometry":{"type":"Point","coordinates":[130.3,30.2]},"properties":{"ptf_id":1013518,"ptf_ref":"VWR8WFJ","category":"ship_based_meteorological_sot_vos","ptf_model":"KOAC 7800","wigos_ref":"0-22000-0-VWR8WFJ","country_name":"JAPAN","country_ship":"JAPAN","goos_networks":"VOS","ptf_family_name":"Ship Weather Station","country_iso_reporting":"JP","country_sensor_provider":null}},{"type":"Feature","geometry":{"type":"Point","coordinates":[118.6,-17.2]},"properties":{"ptf_id":1013543,"ptf_ref":"3YCGE5K","category":"ship_based_meteorological_sot_vos","ptf_model":"TURBOWIN+ MANUAL","wigos_ref":"0-22000-0-3YCGE5K","country_name":"JAPAN","country_ship":null,"goos_networks":"VOS","ptf_family_name":"Ship Weather Station","country_iso_reporting":"JP","country_sensor_provider":null}},{"type":"Feature","geometry":{"type":"Point","coordinates":[117.7,17]},"properties":{"ptf_id":1013548,"ptf_ref":"5HPG2HZ","category":"ship_based_meteorological_sot_vos","ptf_model":"TURBOWIN","wigos_ref":"0-22000-0-5HPG2HZ","country_name":"JAPAN","country_ship":null,"goos_networks":"VOS","ptf_family_name":"Ship Weather Station","country_iso_reporting":"JP","country_sensor_provider":null}},{"type":"Feature","geometry":{"type":"Point","coordinates":[67.8,20.6]},"properties":{"ptf_id":1013669,"ptf_ref":"KYCGLAG","category":"ship_based_meteorological_sot_vos","ptf_model":"TURBOWIN+ MANUAL","wigos_ref":"0-22000-0-KYCGLAG","country_name":"JAPAN","country_ship":null,"goos_networks":"VOS","ptf_family_name":"Ship Weather Station","country_iso_reporting":"JP","country_sensor_provider":null}},{"type":"Feature","geometry":{"type":"Point","coordinates":[119.3,-1.5]},"properties":{"ptf_id":1013787,"ptf_ref":"BSTBKXC","category":"ship_based_meteorological_sot_vos","ptf_model":"TURBOWIN+ MANUAL","wigos_ref":"0-22000-0-BSTBKXC","country_name":"JAPAN","country_ship":null,"goos_networks":"VOS","ptf_family_name":"Ship Weather Station","country_iso_reporting":"JP","country_sensor_provider":null}},{"type":"Feature","geometry":{"type":"Point","coordinates":[-132.4,48.3]},"properties":{"ptf_id":1013789,"ptf_ref":"3SS4KGF","category":"ship_based_meteorological_sot_vos","ptf_model":"OBSJMA","wigos_ref":"0-22000-0-3SS4KGF","country_name":"JAPAN","country_ship":null,"goos_networks":"VOS","ptf_family_name":"Ship Weather Station","country_iso_reporting":"JP","country_sensor_provider":null}},{"type":"Feature","geometry":{"type":"Point","coordinates":[119.4,2.7]},"properties":{"ptf_id":1013792,"ptf_ref":"FDYBNVH","category":"ship_based_meteorological_sot_vos","ptf_model":"TURBOWIN+ MANUAL","wigos_ref":"0-22000-0-FDYBNVH","country_name":"JAPAN","country_ship":null,"goos_networks":"VOS","ptf_family_name":"Ship Weather Station","country_iso_reporting":"JP","country_sensor_provider":null}},{"type":"Feature","geometry":{"type":"Point","coordinates":[-176.15,-20.12]},"properties":{"ptf_id":1013835,"ptf_ref":"UZA6NPZ","category":"ship_based_meteorological_sot_vos","ptf_model":"TURBOWIN","wigos_ref":"0-22000-0-UZA6NPZ","country_name":"NETHERLANDS","country_ship":null,"goos_networks":"VOS","ptf_family_name":"Ship Weather Station","country_iso_reporting":"NL","country_sensor_provider":null}},{"type":"Feature","geometry":{"type":"Point","coordinates":[135.4,21.2]},"properties":{"ptf_id":1013900,"ptf_ref":"WEFTHCE","category":"ship_based_meteorological_sot_vos","ptf_model":"TURBOWIN+ MANUAL","wigos_ref":"0-22000-0-WEFTHCE","country_name":"JAPAN","country_ship":null,"goos_networks":"VOS","ptf_family_name":"Ship Weather Station","country_iso_reporting":"JP","country_sensor_provider":null}},{"type":"Feature","geometry":{"type":"Point","coordinates":[8.5,37.6]},"properties":{"ptf_id":1013981,"ptf_ref":"LUJK2ER","category":"ship_based_meteorological_sot_vos","ptf_model":"TURBOWIN","wigos_ref":"0-22000-0-LUJK2ER","country_name":"NETHERLANDS","country_ship":null,"goos_networks":"VOS","ptf_family_name":"Ship Weather Station","country_iso_reporting":"NL","country_sensor_provider":null}},{"type":"Feature","geometry":{"type":"Point","coordinates":[12.6,77.6]},"properties":{"ptf_id":1014004,"ptf_ref":"BHMXU4J","category":"ship_based_meteorological_sot_vos","ptf_model":"GENERIC MANUAL","wigos_ref":"0-22000-0-BHMXU4J","country_name":"RUSSIA","country_ship":null,"goos_networks":"VOS","ptf_family_name":"Ship Weather Station","country_iso_reporting":"RU","country_sensor_provider":null}},{"type":"Feature","geometry":{"type":"Point","coordinates":[62.5,-17.7]},"properties":{"ptf_id":1014031,"ptf_ref":"4WA5A6B","category":"ship_based_meteorological_sot_vos","ptf_model":"TURBOWIN","wigos_ref":"0-22000-0-4WA5A6B","country_name":"NETHERLANDS","country_ship":null,"goos_networks":"VOS","ptf_family_name":"Ship Weather Station","country_iso_reporting":"NL","country_sensor_provider":null}},{"type":"Feature","geometry":{"type":"Point","coordinates":[29.1,79.86]},"properties":{"ptf_id":1014045,"ptf_ref":"7FTKJ5Y","category":"ship_based_meteorological_sot_vos","ptf_model":"EUCAWS/NEPTUNE","wigos_ref":"0-22000-0-7FTKJ5Y","country_name":"NORWAY","country_ship":null,"goos_networks":"VOS","ptf_family_name":"Ship Weather Station","country_iso_reporting":"NO","country_sensor_provider":null}},{"type":"Feature","geometry":{"type":"Point","coordinates":[22.2,65.6]},"properties":{"ptf_id":1014112,"ptf_ref":"GADJHTY","category":"ship_based_meteorological_sot_vos","ptf_model":"GENERIC AUTO","wigos_ref":"0-22000-0-GADJHTY","country_name":"SWEDEN","country_ship":null,"goos_networks":"VOS","ptf_family_name":"Ship Weather Station","country_iso_reporting":"SE","country_sensor_provider":null}},{"type":"Feature","geometry":{"type":"Point","coordinates":[32.9,69.3]},"properties":{"ptf_id":1014133,"ptf_ref":"LVDUYGE","category":"ship_based_meteorological_sot_vos","ptf_model":"GENERIC MANUAL","wigos_ref":"0-22000-0-LVDUYGE","country_name":"RUSSIA","country_ship":null,"goos_networks":"VOS","ptf_family_name":"Ship Weather Station","country_iso_reporting":"RU","country_sensor_provider":null}},{"type":"Feature","geometry":{"type":"Point","coordinates":[-0.8,64.9]},"properties":{"ptf_id":1014141,"ptf_ref":"KZX6LVD","category":"ship_based_meteorological_sot_vos","ptf_model":"GENERIC MANUAL","wigos_ref":"0-22000-0-KZX6LVD","country_name":"RUSSIA","country_ship":null,"goos_networks":"VOS","ptf_family_name":"Ship Weather Station","country_iso_reporting":"RU","country_sensor_provider":null}},{"type":"Feature","geometry":{"type":"Point","coordinates":[141.5,47.5]},"properties":{"ptf_id":1014156,"ptf_ref":"2TJG8JX","category":"ship_based_meteorological_sot_vos","ptf_model":"GENERIC MANUAL","wigos_ref":"0-22000-0-2TJG8JX","country_name":"RUSSIA","country_ship":null,"goos_networks":"VOS","ptf_family_name":"Ship Weather Station","country_iso_reporting":"RU","country_sensor_provider":null}},{"type":"Feature","geometry":{"type":"Point","coordinates":[141.5,47.6]},"properties":{"ptf_id":1014158,"ptf_ref":"NYTTJSD","category":"ship_based_meteorological_sot_vos","ptf_model":"GENERIC MANUAL","wigos_ref":"0-22000-0-NYTTJSD","country_name":"RUSSIA","country_ship":null,"goos_networks":"VOS","ptf_family_name":"Ship Weather Station","country_iso_reporting":"RU","country_sensor_provider":null}},{"type":"Feature","geometry":{"type":"Point","coordinates":[137.4,75.8]},"properties":{"ptf_id":1014172,"ptf_ref":"5ZQCA7C","category":"ship_based_meteorological_sot_vos","ptf_model":"GENERIC MANUAL","wigos_ref":"0-22000-0-5ZQCA7C","country_name":"RUSSIA","country_ship":null,"goos_networks":"VOS","ptf_family_name":"Ship Weather Station","country_iso_reporting":"RU","country_sensor_provider":null}},{"type":"Feature","geometry":{"type":"Point","coordinates":[176,68.7]},"properties":{"ptf_id":1014192,"ptf_ref":"LPP2QBH","category":"ship_based_meteorological_sot_vos","ptf_model":"GENERIC MANUAL","wigos_ref":"0-22000-0-LPP2QBH","country_name":"RUSSIA","country_ship":null,"goos_networks":"VOS","ptf_family_name":"Ship Weather Station","country_iso_reporting":"RU","country_sensor_provider":null}},{"type":"Feature","geometry":{"type":"Point","coordinates":[52.8,69.1]},"properties":{"ptf_id":1014207,"ptf_ref":"RPFSSGW","category":"ship_based_meteorological_sot_vos","ptf_model":"GENERIC MANUAL","wigos_ref":"0-22000-0-RPFSSGW","country_name":"RUSSIA","country_ship":null,"goos_networks":"VOS","ptf_family_name":"Ship Weather Station","country_iso_reporting":"RU","country_sensor_provider":null}},{"type":"Feature","geometry":{"type":"Point","coordinates":[11.9,57.2]},"properties":{"ptf_id":1014298,"ptf_ref":"PFQBNEV","category":"ship_based_meteorological_sot_vos","ptf_model":"GENERIC AUTO","wigos_ref":"0-22000-0-PFQBNEV","country_name":"SWEDEN","country_ship":null,"goos_networks":"VOS","ptf_family_name":"Ship Weather Station","country_iso_reporting":"SE","country_sensor_provider":null}},{"type":"Feature","geometry":{"type":"Point","coordinates":[-88.5,47.5]},"properties":{"ptf_id":1014306,"ptf_ref":"THLQTMS","category":"ship_based_meteorological_sot_vos","ptf_model":"DMAWDS","wigos_ref":"0-22000-0-THLQTMS","country_name":"USA","country_ship":null,"goos_networks":"VOS","ptf_family_name":"Ship Weather Station","country_iso_reporting":"US","country_sensor_provider":null}},{"type":"Feature","geometry":{"type":"Point","coordinates":[-82,41.9]},"properties":{"ptf_id":1014308,"ptf_ref":"2LZAMSL","category":"ship_based_meteorological_sot_vos","ptf_model":"DMAWDS","wigos_ref":"0-22000-0-2LZAMSL","country_name":"USA","country_ship":null,"goos_networks":"VOS","ptf_family_name":"Ship Weather Station","country_iso_reporting":"US","country_sensor_provider":null}},{"type":"Feature","geometry":{"type":"Point","coordinates":[-138.6,59]},"properties":{"ptf_id":1014310,"ptf_ref":"2FQXGQA","category":"ship_based_meteorological_sot_vos","ptf_model":"GENERIC MANUAL","wigos_ref":"0-22000-0-2FQXGQA","country_name":"USA","country_ship":null,"goos_networks":"VOS","ptf_family_name":"Ship Weather Station","country_iso_reporting":"US","country_sensor_provider":null}},{"type":"Feature","geometry":{"type":"Point","coordinates":[-164,67.5]},"properties":{"ptf_id":1014312,"ptf_ref":"4TMH6FE","category":"ship_based_meteorological_sot_vos","ptf_model":"GENERIC MANUAL","wigos_ref":"0-22000-0-4TMH6FE","country_name":"USA","country_ship":null,"goos_networks":"VOS","ptf_family_name":"Ship Weather Station","country_iso_reporting":"US","country_sensor_provider":null}},{"type":"Feature","geometry":{"type":"Point","coordinates":[-122.4,47.2]},"properties":{"ptf_id":1014313,"ptf_ref":"QWAWGYV","category":"ship_based_meteorological_sot_vos","ptf_model":"GENERIC MANUAL","wigos_ref":"0-22000-0-QWAWGYV","country_name":"USA","country_ship":null,"goos_networks":"VOS","ptf_family_name":"Ship Weather Station","country_iso_reporting":"US","country_sensor_provider":null}},{"type":"Feature","geometry":{"type":"Point","coordinates":[-145.8,60.6]},"properties":{"ptf_id":1014315,"ptf_ref":"MLBS7AF","category":"ship_based_meteorological_sot_vos","ptf_model":"TURBOWIN","wigos_ref":"0-22000-0-MLBS7AF","country_name":"USA","country_ship":null,"goos_networks":"VOS","ptf_family_name":"Ship Weather Station","country_iso_reporting":"US","country_sensor_provider":null}},{"type":"Feature","geometry":{"type":"Point","coordinates":[-128.3,52.2]},"properties":{"ptf_id":1014316,"ptf_ref":"KYRSN6X","category":"ship_based_meteorological_sot_vos","ptf_model":"TURBOWIN","wigos_ref":"0-22000-0-KYRSN6X","country_name":"USA","country_ship":null,"goos_networks":"VOS","ptf_family_name":"Ship Weather Station","country_iso_reporting":"US","country_sensor_provider":null}},{"type":"Feature","geometry":{"type":"Point","coordinates":[-161.1,58.7]},"properties":{"ptf_id":1014317,"ptf_ref":"RBC3VBN","category":"ship_based_meteorological_sot_vos","ptf_model":"TURBOWIN","wigos_ref":"0-22000-0-RBC3VBN","country_name":"USA","country_ship":null,"goos_networks":"VOS","ptf_family_name":"Ship Weather Station","country_iso_reporting":"US","country_sensor_provider":null}},{"type":"Feature","geometry":{"type":"Point","coordinates":[-156.9,71.3]},"properties":{"ptf_id":1014319,"ptf_ref":"KUHP6AQ","category":"ship_based_meteorological_sot_vos","ptf_model":"GENERIC MANUAL","wigos_ref":"0-22000-0-KUHP6AQ","country_name":"USA","country_ship":null,"goos_networks":"VOS","ptf_family_name":"Ship Weather Station","country_iso_reporting":"US","country_sensor_provider":null}},{"type":"Feature","geometry":{"type":"Point","coordinates":[-149.4,60.1]},"properties":{"ptf_id":1014320,"ptf_ref":"RRFPPLA","category":"ship_based_meteorological_sot_vos","ptf_model":"GENERIC MANUAL","wigos_ref":"0-22000-0-RRFPPLA","country_name":"USA","country_ship":null,"goos_networks":"VOS","ptf_family_name":"Ship Weather Station","country_iso_reporting":"US","country_sensor_provider":null}},{"type":"Feature","geometry":{"type":"Point","coordinates":[-77.3,25]},"properties":{"ptf_id":1014323,"ptf_ref":"8DSMDZH","category":"ship_based_meteorological_sot_vos","ptf_model":"GENERIC MANUAL","wigos_ref":"0-22000-0-8DSMDZH","country_name":"USA","country_ship":null,"goos_networks":"VOS","ptf_family_name":"Ship Weather Station","country_iso_reporting":"US","country_sensor_provider":null}},{"type":"Feature","geometry":{"type":"Point","coordinates":[-87.4,41.8]},"properties":{"ptf_id":1014327,"ptf_ref":"WKV3UVZ","category":"ship_based_meteorological_sot_vos","ptf_model":"GENERIC MANUAL","wigos_ref":"0-22000-0-WKV3UVZ","country_name":"USA","country_ship":null,"goos_networks":"VOS","ptf_family_name":"Ship Weather Station","country_iso_reporting":"US","country_sensor_provider":null}},{"type":"Feature","geometry":{"type":"Point","coordinates":[18.7,41.6]},"properties":{"ptf_id":1014330,"ptf_ref":"WMNT2XZ","category":"ship_based_meteorological_sot_vos","ptf_model":"TURBOWIN","wigos_ref":"0-22000-0-WMNT2XZ","country_name":"USA","country_ship":null,"goos_networks":"VOS","ptf_family_name":"Ship Weather Station","country_iso_reporting":"US","country_sensor_provider":null}},{"type":"Feature","geometry":{"type":"Point","coordinates":[142.9,-0.9]},"properties":{"ptf_id":1014331,"ptf_ref":"HDWZTVM","category":"ship_based_meteorological_sot_vos","ptf_model":"TURBOWIN","wigos_ref":"0-22000-0-HDWZTVM","country_name":"USA","country_ship":null,"goos_networks":"VOS","ptf_family_name":"Ship Weather Station","country_iso_reporting":"US","country_sensor_provider":null}},{"type":"Feature","geometry":{"type":"Point","coordinates":[-139.2,58.2]},"properties":{"ptf_id":1014336,"ptf_ref":"CJZGLZR","category":"ship_based_meteorological_sot_vos","ptf_model":"TURBOWIN","wigos_ref":"0-22000-0-CJZGLZR","country_name":"USA","country_ship":null,"goos_networks":"VOS","ptf_family_name":"Ship Weather Station","country_iso_reporting":"US","country_sensor_provider":null}},{"type":"Feature","geometry":{"type":"Point","coordinates":[-86.8,21.4]},"properties":{"ptf_id":1014343,"ptf_ref":"FNZNYPQ","category":"ship_based_meteorological_sot_vos","ptf_model":"GENERIC MANUAL","wigos_ref":"0-22000-0-FNZNYPQ","country_name":"USA","country_ship":null,"goos_networks":"VOS","ptf_family_name":"Ship Weather Station","country_iso_reporting":"US","country_sensor_provider":null}},{"type":"Feature","geometry":{"type":"Point","coordinates":[-82.7,44.3]},"properties":{"ptf_id":1014352,"ptf_ref":"TCBE7WV","category":"ship_based_meteorological_sot_vos","ptf_model":"DMAWDS","wigos_ref":"0-22000-0-TCBE7WV","country_name":"USA","country_ship":null,"goos_networks":"VOS","ptf_family_name":"Ship Weather Station","country_iso_reporting":"US","country_sensor_provider":null}},{"type":"Feature","geometry":{"type":"Point","coordinates":[-135,57.8]},"properties":{"ptf_id":1014353,"ptf_ref":"5QH9ULT","category":"ship_based_meteorological_sot_vos","ptf_model":"TURBOWIN","wigos_ref":"0-22000-0-5QH9ULT","country_name":"USA","country_ship":null,"goos_networks":"VOS","ptf_family_name":"Ship Weather Station","country_iso_reporting":"US","country_sensor_provider":null}},{"type":"Feature","geometry":{"type":"Point","coordinates":[-84.9,46.8]},"properties":{"ptf_id":1014354,"ptf_ref":"7CZJWHM","category":"ship_based_meteorological_sot_vos","ptf_model":"DMAWDS","wigos_ref":"0-22000-0-7CZJWHM","country_name":"USA","country_ship":null,"goos_networks":"VOS","ptf_family_name":"Ship Weather Station","country_iso_reporting":"US","country_sensor_provider":null}},{"type":"Feature","geometry":{"type":"Point","coordinates":[-143.4,51.5]},"properties":{"ptf_id":1014360,"ptf_ref":"YHLY23H","category":"ship_based_meteorological_sot_vos","ptf_model":"TURBOWIN","wigos_ref":"0-22000-0-YHLY23H","country_name":"USA","country_ship":null,"goos_networks":"VOS","ptf_family_name":"Ship Weather Station","country_iso_reporting":"US","country_sensor_provider":null}},{"type":"Feature","geometry":{"type":"Point","coordinates":[-124.5,44.3]},"properties":{"ptf_id":1014362,"ptf_ref":"RRBLL4P","category":"ship_based_meteorological_sot_vos","ptf_model":"GENERIC MANUAL","wigos_ref":"0-22000-0-RRBLL4P","country_name":"USA","country_ship":null,"goos_networks":"VOS","ptf_family_name":"Ship Weather Station","country_iso_reporting":"US","country_sensor_provider":null}},{"type":"Feature","geometry":{"type":"Point","coordinates":[-86.9,47.4]},"properties":{"ptf_id":1014376,"ptf_ref":"LNC2DZG","category":"ship_based_meteorological_sot_vos","ptf_model":"GENERIC MANUAL","wigos_ref":"0-22000-0-LNC2DZG","country_name":"USA","country_ship":null,"goos_networks":"VOS","ptf_family_name":"Ship Weather Station","country_iso_reporting":"US","country_sensor_provider":null}},{"type":"Feature","geometry":{"type":"Point","coordinates":[-92.4,27]},"properties":{"ptf_id":1014380,"ptf_ref":"2DWVJRV","category":"ship_based_meteorological_sot_vos","ptf_model":"TURBOWIN","wigos_ref":"0-22000-0-2DWVJRV","country_name":"USA","country_ship":null,"goos_networks":"VOS","ptf_family_name":"Ship Weather Station","country_iso_reporting":"US","country_sensor_provider":null}},{"type":"Feature","geometry":{"type":"Point","coordinates":[-156.7,4.1]},"properties":{"ptf_id":1014383,"ptf_ref":"EVKLHFD","category":"ship_based_meteorological_sot_vos","ptf_model":"TURBOWIN","wigos_ref":"0-22000-0-EVKLHFD","country_name":"USA","country_ship":null,"goos_networks":"VOS","ptf_family_name":"Ship Weather Station","country_iso_reporting":"US","country_sensor_provider":null}},{"type":"Feature","geometry":{"type":"Point","coordinates":[-79.9,32.9]},"properties":{"ptf_id":1014385,"ptf_ref":"5PTF7PM","category":"ship_based_meteorological_sot_vos","ptf_model":"SEAS AUTOIMET","wigos_ref":"0-22000-0-5PTF7PM","country_name":"USA","country_ship":null,"goos_networks":"VOS","ptf_family_name":"Ship Weather Station","country_iso_reporting":"US","country_sensor_provider":null}},{"type":"Feature","geometry":{"type":"Point","coordinates":[-87.6,48.7]},"properties":{"ptf_id":1014411,"ptf_ref":"QFP7DHM","category":"ship_based_meteorological_sot_vos","ptf_model":"TURBOWIN","wigos_ref":"0-22000-0-QFP7DHM","country_name":"USA","country_ship":null,"goos_networks":"VOS","ptf_family_name":"Ship Weather Station","country_iso_reporting":"US","country_sensor_provider":null}},{"type":"Feature","geometry":{"type":"Point","coordinates":[-158,21.4]},"properties":{"ptf_id":1014420,"ptf_ref":"5CE9EYL","category":"ship_based_meteorological_sot_vos","ptf_model":"GENERIC MANUAL","wigos_ref":"0-22000-0-5CE9EYL","country_name":"USA","country_ship":null,"goos_networks":"VOS","ptf_family_name":"Ship Weather Station","country_iso_reporting":"US","country_sensor_provider":null}},{"type":"Feature","geometry":{"type":"Point","coordinates":[-86.5,29.5]},"properties":{"ptf_id":1014424,"ptf_ref":"SVGUVKZ","category":"ship_based_meteorological_sot_vos","ptf_model":"GENERIC MANUAL","wigos_ref":"0-22000-0-SVGUVKZ","country_name":"USA","country_ship":null,"goos_networks":"VOS","ptf_family_name":"Ship Weather Station","country_iso_reporting":"US","country_sensor_provider":null}},{"type":"Feature","geometry":{"type":"Point","coordinates":[-70.2,43.7]},"properties":{"ptf_id":1014432,"ptf_ref":"VQFEJ3K","category":"ship_based_meteorological_sot_vos","ptf_model":"GENERIC MANUAL","wigos_ref":"0-22000-0-VQFEJ3K","country_name":"USA","country_ship":null,"goos_networks":"VOS","ptf_family_name":"Ship Weather Station","country_iso_reporting":"US","country_sensor_provider":null}},{"type":"Feature","geometry":{"type":"Point","coordinates":[-125.3,47.5]},"properties":{"ptf_id":1014435,"ptf_ref":"DGKQDDK","category":"ship_based_meteorological_sot_vos","ptf_model":"GENERIC MANUAL","wigos_ref":"0-22000-0-DGKQDDK","country_name":"USA","country_ship":null,"goos_networks":"VOS","ptf_family_name":"Ship Weather Station","country_iso_reporting":"US","country_sensor_provider":null}},{"type":"Feature","geometry":{"type":"Point","coordinates":[-157.8,21.3]},"properties":{"ptf_id":1014436,"ptf_ref":"4KHGCVH","category":"ship_based_meteorological_sot_vos","ptf_model":"TURBOWIN","wigos_ref":"0-22000-0-4KHGCVH","country_name":"USA","country_ship":null,"goos_networks":"VOS","ptf_family_name":"Ship Weather Station","country_iso_reporting":"US","country_sensor_provider":null}},{"type":"Feature","geometry":{"type":"Point","coordinates":[-65.3,43.3]},"properties":{"ptf_id":1014445,"ptf_ref":"5CCW4UQ","category":"ship_based_meteorological_sot_vos","ptf_model":"GENERIC MANUAL","wigos_ref":"0-22000-0-5CCW4UQ","country_name":"USA","country_ship":null,"goos_networks":"VOS","ptf_family_name":"Ship Weather Station","country_iso_reporting":"US","country_sensor_provider":null}},{"type":"Feature","geometry":{"type":"Point","coordinates":[-4.5,49.3]},"properties":{"ptf_id":1014449,"ptf_ref":"TBGSD8Y","category":"ship_based_meteorological_sot_vos","ptf_model":"TURBOWIN","wigos_ref":"0-22000-0-TBGSD8Y","country_name":"USA","country_ship":null,"goos_networks":"VOS","ptf_family_name":"Ship Weather Station","country_iso_reporting":"US","country_sensor_provider":null}},{"type":"Feature","geometry":{"type":"Point","coordinates":[122.6,31.2]},"properties":{"ptf_id":1014452,"ptf_ref":"DKBM5NX","category":"ship_based_meteorological_sot_vos","ptf_model":"TURBOWIN+ AUTO","wigos_ref":"0-22000-0-DKBM5NX","country_name":"USA","country_ship":null,"goos_networks":"VOS","ptf_family_name":"Ship Weather Station","country_iso_reporting":"US","country_sensor_provider":null}},{"type":"Feature","geometry":{"type":"Point","coordinates":[-74.1,40.6]},"properties":{"ptf_id":1014454,"ptf_ref":"HQQCW6M","category":"ship_based_meteorological_sot_vos","ptf_model":"TURBOWIN+ AUTO","wigos_ref":"0-22000-0-HQQCW6M","country_name":"USA","country_ship":null,"goos_networks":"VOS","ptf_family_name":"Ship Weather Station","country_iso_reporting":"US","country_sensor_provider":null}},{"type":"Feature","geometry":{"type":"Point","coordinates":[-86.3,46.4]},"properties":{"ptf_id":1014458,"ptf_ref":"HVVL59L","category":"ship_based_meteorological_sot_vos","ptf_model":"GENERIC MANUAL","wigos_ref":"0-22000-0-HVVL59L","country_name":"USA","country_ship":null,"goos_networks":"VOS","ptf_family_name":"Ship Weather Station","country_iso_reporting":"US","country_sensor_provider":null}},{"type":"Feature","geometry":{"type":"Point","coordinates":[-89.8,47.4]},"properties":{"ptf_id":1014459,"ptf_ref":"YYEGXDH","category":"ship_based_meteorological_sot_vos","ptf_model":"GENERIC MANUAL","wigos_ref":"0-22000-0-YYEGXDH","country_name":"USA","country_ship":null,"goos_networks":"VOS","ptf_family_name":"Ship Weather Station","country_iso_reporting":"US","country_sensor_provider":null}},{"type":"Feature","geometry":{"type":"Point","coordinates":[-150.6,57.9]},"properties":{"ptf_id":1014460,"ptf_ref":"MWURWAJ","category":"ship_based_meteorological_sot_vos","ptf_model":"GENERIC MANUAL","wigos_ref":"0-22000-0-MWURWAJ","country_name":"USA","country_ship":null,"goos_networks":"VOS","ptf_family_name":"Ship Weather Station","country_iso_reporting":"US","country_sensor_provider":null}},{"type":"Feature","geometry":{"type":"Point","coordinates":[-73.9,19.7]},"properties":{"ptf_id":1014463,"ptf_ref":"BHRWD3R","category":"ship_based_meteorological_sot_vos","ptf_model":"GENERIC MANUAL","wigos_ref":"0-22000-0-BHRWD3R","country_name":"USA","country_ship":null,"goos_networks":"VOS","ptf_family_name":"Ship Weather Station","country_iso_reporting":"US","country_sensor_provider":null}},{"type":"Feature","geometry":{"type":"Point","coordinates":[174.8,-36.8]},"properties":{"ptf_id":1014489,"ptf_ref":"PXB8JAL","category":"ship_based_meteorological_sot_vos","ptf_model":"GENERIC MANUAL","wigos_ref":"0-22000-0-PXB8JAL","country_name":"USA","country_ship":null,"goos_networks":"VOS","ptf_family_name":"Ship Weather Station","country_iso_reporting":"US","country_sensor_provider":null}},{"type":"Feature","geometry":{"type":"Point","coordinates":[107.7,6]},"properties":{"ptf_id":1014491,"ptf_ref":"TCPY2QY","category":"ship_based_meteorological_sot_vos","ptf_model":"TURBOWIN","wigos_ref":"0-22000-0-TCPY2QY","country_name":"USA","country_ship":null,"goos_networks":"VOS","ptf_family_name":"Ship Weather Station","country_iso_reporting":"US","country_sensor_provider":null}},{"type":"Feature","geometry":{"type":"Point","coordinates":[58.5,-32.8]},"properties":{"ptf_id":1014493,"ptf_ref":"8ATT5HW","category":"ship_based_meteorological_sot_vos","ptf_model":"TURBOWIN","wigos_ref":"0-22000-0-8ATT5HW","country_name":"USA","country_ship":null,"goos_networks":"VOS","ptf_family_name":"Ship Weather Station","country_iso_reporting":"US","country_sensor_provider":null}},{"type":"Feature","geometry":{"type":"Point","coordinates":[-37.6,36.8]},"properties":{"ptf_id":1014494,"ptf_ref":"MKHVKMF","category":"ship_based_meteorological_sot_vos","ptf_model":"TURBOWIN","wigos_ref":"0-22000-0-MKHVKMF","country_name":"USA","country_ship":null,"goos_networks":"VOS","ptf_family_name":"Ship Weather Station","country_iso_reporting":"US","country_sensor_provider":null}},{"type":"Feature","geometry":{"type":"Point","coordinates":[11.2,41.9]},"properties":{"ptf_id":1014497,"ptf_ref":"ZMVQV9T","category":"ship_based_meteorological_sot_vos","ptf_model":"TURBOWIN","wigos_ref":"0-22000-0-ZMVQV9T","country_name":"USA","country_ship":null,"goos_networks":"VOS","ptf_family_name":"Ship Weather Station","country_iso_reporting":"US","country_sensor_provider":null}},{"type":"Feature","geometry":{"type":"Point","coordinates":[-71.3,41.5]},"properties":{"ptf_id":1014498,"ptf_ref":"WFKFPXR","category":"ship_based_meteorological_sot_vos","ptf_model":"GENERIC MANUAL","wigos_ref":"0-22000-0-WFKFPXR","country_name":"USA","country_ship":null,"goos_networks":"VOS","ptf_family_name":"Ship Weather Station","country_iso_reporting":"US","country_sensor_provider":null}},{"type":"Feature","geometry":{"type":"Point","coordinates":[24.9,37]},"properties":{"ptf_id":1014624,"ptf_ref":"EVCW4PL","category":"ship_based_meteorological_sot_vos","ptf_model":"TURBOWIN","wigos_ref":"0-22000-0-EVCW4PL","country_name":"USA","country_ship":null,"goos_networks":"VOS","ptf_family_name":"Ship Weather Station","country_iso_reporting":"US","country_sensor_provider":null}},{"type":"Feature","geometry":{"type":"Point","coordinates":[-62.2,48.5]},"properties":{"ptf_id":1014632,"ptf_ref":"JKMLE8Z","category":"ship_based_meteorological_sot_vos","ptf_model":"TURBOWIN","wigos_ref":"0-22000-0-JKMLE8Z","country_name":"USA","country_ship":null,"goos_networks":"VOS","ptf_family_name":"Ship Weather Station","country_iso_reporting":"US","country_sensor_provider":null}},{"type":"Feature","geometry":{"type":"Point","coordinates":[-158.9,22.1]},"properties":{"ptf_id":1014636,"ptf_ref":"KRHWTCE","category":"ship_based_meteorological_sot_vos","ptf_model":"GENERIC MANUAL","wigos_ref":"0-22000-0-KRHWTCE","country_name":"USA","country_ship":null,"goos_networks":"VOS","ptf_family_name":"Ship Weather Station","country_iso_reporting":"US","country_sensor_provider":null}},{"type":"Feature","geometry":{"type":"Point","coordinates":[139.7,35.6]},"properties":{"ptf_id":1014639,"ptf_ref":"SRQQX7R","category":"ship_based_meteorological_sot_vos","ptf_model":"TURBOWIN","wigos_ref":"0-22000-0-SRQQX7R","country_name":"USA","country_ship":null,"goos_networks":"VOS","ptf_family_name":"Ship Weather Station","country_iso_reporting":"US","country_sensor_provider":null}},{"type":"Feature","geometry":{"type":"Point","coordinates":[-131.6,55.3]},"properties":{"ptf_id":1014656,"ptf_ref":"JCDHYEY","category":"ship_based_meteorological_sot_vos","ptf_model":"GENERIC MANUAL","wigos_ref":"0-22000-0-JCDHYEY","country_name":"USA","country_ship":null,"goos_networks":"VOS","ptf_family_name":"Ship Weather Station","country_iso_reporting":"US","country_sensor_provider":null}},{"type":"Feature","geometry":{"type":"Point","coordinates":[155.3,38.5]},"properties":{"ptf_id":1014675,"ptf_ref":"7BRT67Z","category":"ship_based_meteorological_sot_vos","ptf_model":"GENERIC MANUAL","wigos_ref":"0-22000-0-7BRT67Z","country_name":"USA","country_ship":null,"goos_networks":"VOS","ptf_family_name":"Ship Weather Station","country_iso_reporting":"US","country_sensor_provider":null}},{"type":"Feature","geometry":{"type":"Point","coordinates":[170,51]},"properties":{"ptf_id":1014680,"ptf_ref":"QFUQXHU","category":"ship_based_meteorological_sot_vos","ptf_model":"TURBOWIN","wigos_ref":"0-22000-0-QFUQXHU","country_name":"USA","country_ship":null,"goos_networks":"VOS","ptf_family_name":"Ship Weather Station","country_iso_reporting":"US","country_sensor_provider":null}},{"type":"Feature","geometry":{"type":"Point","coordinates":[-67.1,21.2]},"properties":{"ptf_id":1014692,"ptf_ref":"6VMZT7D","category":"ship_based_meteorological_sot_vos","ptf_model":"GENERIC MANUAL","wigos_ref":"0-22000-0-6VMZT7D","country_name":"USA","country_ship":null,"goos_networks":"VOS","ptf_family_name":"Ship Weather Station","country_iso_reporting":"US","country_sensor_provider":null}},{"type":"Feature","geometry":{"type":"Point","coordinates":[142.4,41.7]},"properties":{"ptf_id":1014697,"ptf_ref":"PNF4DCX","category":"ship_based_meteorological_sot_vos","ptf_model":"TURBOWIN","wigos_ref":"0-22000-0-PNF4DCX","country_name":"USA","country_ship":null,"goos_networks":"VOS","ptf_family_name":"Ship Weather Station","country_iso_reporting":"US","country_sensor_provider":null}},{"type":"Feature","geometry":{"type":"Point","coordinates":[144,42]},"properties":{"ptf_id":1014702,"ptf_ref":"APYF9UW","category":"ship_based_meteorological_sot_vos","ptf_model":"TURBOWIN","wigos_ref":"0-22000-0-APYF9UW","country_name":"USA","country_ship":null,"goos_networks":"VOS","ptf_family_name":"Ship Weather Station","country_iso_reporting":"US","country_sensor_provider":null}},{"type":"Feature","geometry":{"type":"Point","coordinates":[-118.2,33.7]},"properties":{"ptf_id":1014712,"ptf_ref":"NUHDZTA","category":"ship_based_meteorological_sot_vos","ptf_model":"GENERIC MANUAL","wigos_ref":"0-22000-0-NUHDZTA","country_name":"USA","country_ship":null,"goos_networks":"VOS","ptf_family_name":"Ship Weather Station","country_iso_reporting":"US","country_sensor_provider":null}},{"type":"Feature","geometry":{"type":"Point","coordinates":[-122.7,35]},"properties":{"ptf_id":1014734,"ptf_ref":"3TA75TC","category":"ship_based_meteorological_sot_vos","ptf_model":"GENERIC MANUAL","wigos_ref":"0-22000-0-3TA75TC","country_name":"USA","country_ship":null,"goos_networks":"VOS","ptf_family_name":"Ship Weather Station","country_iso_reporting":"US","country_sensor_provider":null}},{"type":"Feature","geometry":{"type":"Point","coordinates":[-151.3,60.7]},"properties":{"ptf_id":1014736,"ptf_ref":"TYS2UQP","category":"ship_based_meteorological_sot_vos","ptf_model":"TURBOWIN","wigos_ref":"0-22000-0-TYS2UQP","country_name":"USA","country_ship":null,"goos_networks":"VOS","ptf_family_name":"Ship Weather Station","country_iso_reporting":"US","country_sensor_provider":null}},{"type":"Feature","geometry":{"type":"Point","coordinates":[-165.7,54.1]},"properties":{"ptf_id":1014739,"ptf_ref":"7CNNWFC","category":"ship_based_meteorological_sot_vos","ptf_model":"AMVERS/SEAS","wigos_ref":"0-22000-0-7CNNWFC","country_name":"USA","country_ship":null,"goos_networks":"VOS","ptf_family_name":"Ship Weather Station","country_iso_reporting":"US","country_sensor_provider":null}},{"type":"Feature","geometry":{"type":"Point","coordinates":[-162.5,66.9]},"properties":{"ptf_id":1014749,"ptf_ref":"YWWX5SZ","category":"ship_based_meteorological_sot_vos","ptf_model":"TURBOWIN","wigos_ref":"0-22000-0-YWWX5SZ","country_name":"USA","country_ship":null,"goos_networks":"VOS","ptf_family_name":"Ship Weather Station","country_iso_reporting":"US","country_sensor_provider":null}},{"type":"Feature","geometry":{"type":"Point","coordinates":[-134.4,56.4]},"properties":{"ptf_id":1014769,"ptf_ref":"YDM5G6Z","category":"ship_based_meteorological_sot_vos","ptf_model":"TURBOWIN","wigos_ref":"0-22000-0-YDM5G6Z","country_name":"USA","country_ship":null,"goos_networks":"VOS","ptf_family_name":"Ship Weather Station","country_iso_reporting":"US","country_sensor_provider":null}},{"type":"Feature","geometry":{"type":"Point","coordinates":[-87.4,43.4]},"properties":{"ptf_id":1014771,"ptf_ref":"LZCVSUF","category":"ship_based_meteorological_sot_vos","ptf_model":"TURBOWIN","wigos_ref":"0-22000-0-LZCVSUF","country_name":"USA","country_ship":null,"goos_networks":"VOS","ptf_family_name":"Ship Weather Station","country_iso_reporting":"US","country_sensor_provider":null}},{"type":"Feature","geometry":{"type":"Point","coordinates":[-137.4,53.9]},"properties":{"ptf_id":1014773,"ptf_ref":"FXUQG2E","category":"ship_based_meteorological_sot_vos","ptf_model":"TURBOWIN","wigos_ref":"0-22000-0-FXUQG2E","country_name":"USA","country_ship":null,"goos_networks":"VOS","ptf_family_name":"Ship Weather Station","country_iso_reporting":"US","country_sensor_provider":null}},{"type":"Feature","geometry":{"type":"Point","coordinates":[-166.9,60.2]},"properties":{"ptf_id":1014801,"ptf_ref":"AVFT4ZG","category":"ship_based_meteorological_sot_vos","ptf_model":"TURBOWIN","wigos_ref":"0-22000-0-AVFT4ZG","country_name":"USA","country_ship":null,"goos_networks":"VOS","ptf_family_name":"Ship Weather Station","country_iso_reporting":"US","country_sensor_provider":null}},{"type":"Feature","geometry":{"type":"Point","coordinates":[-125.4,40.6]},"properties":{"ptf_id":1014805,"ptf_ref":"RKCSYTX","category":"ship_based_meteorological_sot_vos","ptf_model":"TURBOWIN+ MANUAL","wigos_ref":"0-22000-0-RKCSYTX","country_name":"USA","country_ship":null,"goos_networks":"VOS","ptf_family_name":"Ship Weather Station","country_iso_reporting":"US","country_sensor_provider":null}},{"type":"Feature","geometry":{"type":"Point","coordinates":[-161.6,63.9]},"properties":{"ptf_id":1014812,"ptf_ref":"QJCBKVU","category":"ship_based_meteorological_sot_vos","ptf_model":"TURBOWIN","wigos_ref":"0-22000-0-QJCBKVU","country_name":"USA","country_ship":null,"goos_networks":"VOS","ptf_family_name":"Ship Weather Station","country_iso_reporting":"US","country_sensor_provider":null}},{"type":"Feature","geometry":{"type":"Point","coordinates":[-81.7,41.5]},"properties":{"ptf_id":1014815,"ptf_ref":"5ERXHEV","category":"ship_based_meteorological_sot_vos","ptf_model":"DMAWDS","wigos_ref":"0-22000-0-5ERXHEV","country_name":"USA","country_ship":null,"goos_networks":"VOS","ptf_family_name":"Ship Weather Station","country_iso_reporting":"US","country_sensor_provider":null}},{"type":"Feature","geometry":{"type":"Point","coordinates":[-73.9,37.5]},"properties":{"ptf_id":1014821,"ptf_ref":"4BN2PFE","category":"ship_based_meteorological_sot_vos","ptf_model":"GENERIC MANUAL","wigos_ref":"0-22000-0-4BN2PFE","country_name":"USA","country_ship":null,"goos_networks":"VOS","ptf_family_name":"Ship Weather Station","country_iso_reporting":"US","country_sensor_provider":null}},{"type":"Feature","geometry":{"type":"Point","coordinates":[-144.7,36.6]},"properties":{"ptf_id":1014828,"ptf_ref":"BYUJV6E","category":"ship_based_meteorological_sot_vos","ptf_model":"TURBOWIN","wigos_ref":"0-22000-0-BYUJV6E","country_name":"USA","country_ship":null,"goos_networks":"VOS","ptf_family_name":"Ship Weather Station","country_iso_reporting":"US","country_sensor_provider":null}},{"type":"Feature","geometry":{"type":"Point","coordinates":[128.3,32.3]},"properties":{"ptf_id":1015016,"ptf_ref":"2SV7QST","category":"ship_based_meteorological_sot_vos","ptf_model":"TURBOWIN+ MANUAL","wigos_ref":"0-22000-0-2SV7QST","country_name":"USA","country_ship":null,"goos_networks":"VOS","ptf_family_name":"Ship Weather Station","country_iso_reporting":"US","country_sensor_provider":null}},{"type":"Feature","geometry":{"type":"Point","coordinates":[-153.7,57.5]},"properties":{"ptf_id":1015021,"ptf_ref":"XYL9DXK","category":"ship_based_meteorological_sot_vos","ptf_model":"GENERIC MANUAL","wigos_ref":"0-22000-0-XYL9DXK","country_name":"USA","country_ship":null,"goos_networks":"VOS","ptf_family_name":"Ship Weather Station","country_iso_reporting":"US","country_sensor_provider":null}},{"type":"Feature","geometry":{"type":"Point","coordinates":[-91.8,28]},"properties":{"ptf_id":1015022,"ptf_ref":"WYVKN8X","category":"ship_based_meteorological_sot_vos","ptf_model":"GENERIC MANUAL","wigos_ref":"0-22000-0-WYVKN8X","country_name":"USA","country_ship":null,"goos_networks":"VOS","ptf_family_name":"Ship Weather Station","country_iso_reporting":"US","country_sensor_provider":null}},{"type":"Feature","geometry":{"type":"Point","coordinates":[-9.4,42.2]},"properties":{"ptf_id":1015036,"ptf_ref":"XYU5XHB","category":"ship_based_meteorological_sot_vos","ptf_model":"GENERIC MANUAL","wigos_ref":"0-22000-0-XYU5XHB","country_name":"USA","country_ship":null,"goos_networks":"VOS","ptf_family_name":"Ship Weather Station","country_iso_reporting":"US","country_sensor_provider":null}},{"type":"Feature","geometry":{"type":"Point","coordinates":[-68.2,44.4]},"properties":{"ptf_id":1015039,"ptf_ref":"GGJMKMV","category":"ship_based_meteorological_sot_vos","ptf_model":"GENERIC MANUAL","wigos_ref":"0-22000-0-GGJMKMV","country_name":"USA","country_ship":null,"goos_networks":"VOS","ptf_family_name":"Ship Weather Station","country_iso_reporting":"US","country_sensor_provider":null}},{"type":"Feature","geometry":{"type":"Point","coordinates":[-22.8,64.4]},"properties":{"ptf_id":1015047,"ptf_ref":"RDA6ALF","category":"ship_based_meteorological_sot_vos","ptf_model":"AMVERS/SEAS","wigos_ref":"0-22000-0-RDA6ALF","country_name":"USA","country_ship":null,"goos_networks":"VOS","ptf_family_name":"Ship Weather Station","country_iso_reporting":"US","country_sensor_provider":null}},{"type":"Feature","geometry":{"type":"Point","coordinates":[2.4,39.5]},"properties":{"ptf_id":1015048,"ptf_ref":"4WD7C5B","category":"ship_based_meteorological_sot_vos","ptf_model":"TURBOWIN","wigos_ref":"0-22000-0-4WD7C5B","country_name":"USA","country_ship":null,"goos_networks":"VOS","ptf_family_name":"Ship Weather Station","country_iso_reporting":"US","country_sensor_provider":null}},{"type":"Feature","geometry":{"type":"Point","coordinates":[-114.7,26.9]},"properties":{"ptf_id":1015049,"ptf_ref":"2WQ4H4T","category":"ship_based_meteorological_sot_vos","ptf_model":"TURBOWIN","wigos_ref":"0-22000-0-2WQ4H4T","country_name":"USA","country_ship":null,"goos_networks":"VOS","ptf_family_name":"Ship Weather Station","country_iso_reporting":"US","country_sensor_provider":null}},{"type":"Feature","geometry":{"type":"Point","coordinates":[-126.4,31.8]},"properties":{"ptf_id":1015070,"ptf_ref":"HJXBELQ","category":"ship_based_meteorological_sot_vos","ptf_model":"AMVERS/SEAS","wigos_ref":"0-22000-0-HJXBELQ","country_name":"USA","country_ship":null,"goos_networks":"VOS","ptf_family_name":"Ship Weather Station","country_iso_reporting":"US","country_sensor_provider":null}},{"type":"Feature","geometry":{"type":"Point","coordinates":[-150.4,25.8]},"properties":{"ptf_id":1015073,"ptf_ref":"2NGB86C","category":"ship_based_meteorological_sot_vos","ptf_model":"AMVERS/SEAS","wigos_ref":"0-22000-0-2NGB86C","country_name":"USA","country_ship":null,"goos_networks":"VOS","ptf_family_name":"Ship Weather Station","country_iso_reporting":"US","country_sensor_provider":null}},{"type":"Feature","geometry":{"type":"Point","coordinates":[-162.5,54.9]},"properties":{"ptf_id":1015080,"ptf_ref":"JPXYABB","category":"ship_based_meteorological_sot_vos","ptf_model":"TURBOWIN","wigos_ref":"0-22000-0-JPXYABB","country_name":"USA","country_ship":null,"goos_networks":"VOS","ptf_family_name":"Ship Weather Station","country_iso_reporting":"US","country_sensor_provider":null}},{"type":"Feature","geometry":{"type":"Point","coordinates":[-86.6,45.5]},"properties":{"ptf_id":1015085,"ptf_ref":"5WUA5XQ","category":"ship_based_meteorological_sot_vos","ptf_model":"DMAWDS","wigos_ref":"0-22000-0-5WUA5XQ","country_name":"USA","country_ship":null,"goos_networks":"VOS","ptf_family_name":"Ship Weather Station","country_iso_reporting":"US","country_sensor_provider":null}},{"type":"Feature","geometry":{"type":"Point","coordinates":[-87.1,41.7]},"properties":{"ptf_id":1015097,"ptf_ref":"DXA5KCY","category":"ship_based_meteorological_sot_vos","ptf_model":"DMAWDS","wigos_ref":"0-22000-0-DXA5KCY","country_name":"USA","country_ship":null,"goos_networks":"VOS","ptf_family_name":"Ship Weather Station","country_iso_reporting":"US","country_sensor_provider":null}},{"type":"Feature","geometry":{"type":"Point","coordinates":[-73.5,45.4]},"properties":{"ptf_id":1015098,"ptf_ref":"GBGGHQH","category":"ship_based_meteorological_sot_vos","ptf_model":"GENERIC MANUAL","wigos_ref":"0-22000-0-GBGGHQH","country_name":"USA","country_ship":null,"goos_networks":"VOS","ptf_family_name":"Ship Weather Station","country_iso_reporting":"US","country_sensor_provider":null}},{"type":"Feature","geometry":{"type":"Point","coordinates":[13.7,54.7]},"properties":{"ptf_id":1015103,"ptf_ref":"KMRURMZ","category":"ship_based_meteorological_sot_vos","ptf_model":"TURBOWIN","wigos_ref":"0-22000-0-KMRURMZ","country_name":"USA","country_ship":null,"goos_networks":"VOS","ptf_family_name":"Ship Weather Station","country_iso_reporting":"US","country_sensor_provider":null}},{"type":"Feature","geometry":{"type":"Point","coordinates":[-82.8,27.6]},"properties":{"ptf_id":1015107,"ptf_ref":"5GPZX3T","category":"ship_based_meteorological_sot_vos","ptf_model":"TURBOWIN","wigos_ref":"0-22000-0-5GPZX3T","country_name":"USA","country_ship":null,"goos_networks":"VOS","ptf_family_name":"Ship Weather Station","country_iso_reporting":"US","country_sensor_provider":null}},{"type":"Feature","geometry":{"type":"Point","coordinates":[-151.9,-16.1]},"properties":{"ptf_id":1015113,"ptf_ref":"4ED7RNX","category":"ship_based_meteorological_sot_vos","ptf_model":"AMVERS/SEAS","wigos_ref":"0-22000-0-4ED7RNX","country_name":"USA","country_ship":null,"goos_networks":"VOS","ptf_family_name":"Ship Weather Station","country_iso_reporting":"US","country_sensor_provider":null}},{"type":"Feature","geometry":{"type":"Point","coordinates":[-75.2,39.8]},"properties":{"ptf_id":1015114,"ptf_ref":"NGQQ2FJ","category":"ship_based_meteorological_sot_vos","ptf_model":"TURBOWIN","wigos_ref":"0-22000-0-NGQQ2FJ","country_name":"USA","country_ship":null,"goos_networks":"VOS","ptf_family_name":"Ship Weather Station","country_iso_reporting":"US","country_sensor_provider":null}},{"type":"Feature","geometry":{"type":"Point","coordinates":[-66.1,18.5]},"properties":{"ptf_id":1015116,"ptf_ref":"LTDQRND","category":"ship_based_meteorological_sot_vos","ptf_model":"TURBOWIN","wigos_ref":"0-22000-0-LTDQRND","country_name":"USA","country_ship":null,"goos_networks":"VOS","ptf_family_name":"Ship Weather Station","country_iso_reporting":"US","country_sensor_provider":null}},{"type":"Feature","geometry":{"type":"Point","coordinates":[157.2,-17.3]},"properties":{"ptf_id":1017048,"ptf_ref":"KNBQKAQ","category":"ship_based_meteorological_sot_vos","ptf_model":"TURBOWIN+ MANUAL","wigos_ref":"0-22000-0-KNBQKAQ","country_name":"AUSTRALIA","country_ship":null,"goos_networks":"VOS","ptf_family_name":"Ship Weather Station","country_iso_reporting":"AU","country_sensor_provider":null}},{"type":"Feature","geometry":{"type":"Point","coordinates":[-46.7,4.6]},"properties":{"ptf_id":1017145,"ptf_ref":"8UYAXES","category":"ship_based_meteorological_sot_vos","ptf_model":"TURBOWIN+ MANUAL","wigos_ref":"0-22000-0-8UYAXES","country_name":"JAPAN","country_ship":null,"goos_networks":"VOS","ptf_family_name":"Ship Weather Station","country_iso_reporting":"JP","country_sensor_provider":null}},{"type":"Feature","geometry":{"type":"Point","coordinates":[-109.8,22.2]},"properties":{"ptf_id":1017159,"ptf_ref":"SML75XR","category":"ship_based_meteorological_sot_vos","ptf_model":"TURBOWIN+ MANUAL","wigos_ref":"0-22000-0-SML75XR","country_name":"JAPAN","country_ship":null,"goos_networks":"VOS","ptf_family_name":"Ship Weather Station","country_iso_reporting":"JP","country_sensor_provider":null}},{"type":"Feature","geometry":{"type":"Point","coordinates":[-77.3,43.7]},"properties":{"ptf_id":1017167,"ptf_ref":"QML8RFB","category":"ship_based_meteorological_sot_vos","ptf_model":"DMAWDS","wigos_ref":"0-22000-0-QML8RFB","country_name":"USA","country_ship":null,"goos_networks":"VOS","ptf_family_name":"Ship Weather Station","country_iso_reporting":"US","country_sensor_provider":null}},{"type":"Feature","geometry":{"type":"Point","coordinates":[-74.1,40.6]},"properties":{"ptf_id":1017185,"ptf_ref":"YUMVXEV","category":"ship_based_meteorological_sot_vos","ptf_model":"GENERIC MANUAL","wigos_ref":"0-22000-0-YUMVXEV","country_name":"USA","country_ship":null,"goos_networks":"VOS","ptf_family_name":"Ship Weather Station","country_iso_reporting":"US","country_sensor_provider":null}},{"type":"Feature","geometry":{"type":"Point","coordinates":[-86.2,47.3]},"properties":{"ptf_id":1017189,"ptf_ref":"9WZNT2D","category":"ship_based_meteorological_sot_vos","ptf_model":"DMAWDS","wigos_ref":"0-22000-0-9WZNT2D","country_name":"USA","country_ship":null,"goos_networks":"VOS","ptf_family_name":"Ship Weather Station","country_iso_reporting":"US","country_sensor_provider":null}},{"type":"Feature","geometry":{"type":"Point","coordinates":[-2.2,36.1]},"properties":{"ptf_id":1017198,"ptf_ref":"CDDFG5T","category":"ship_based_meteorological_sot_vos","ptf_model":"TURBOWIN","wigos_ref":"0-22000-0-CDDFG5T","country_name":"USA","country_ship":null,"goos_networks":"VOS","ptf_family_name":"Ship Weather Station","country_iso_reporting":"US","country_sensor_provider":null}},{"type":"Feature","geometry":{"type":"Point","coordinates":[15.7,38.3]},"properties":{"ptf_id":1017203,"ptf_ref":"SLBQKJB","category":"ship_based_meteorological_sot_vos","ptf_model":"TURBOWIN","wigos_ref":"0-22000-0-SLBQKJB","country_name":"USA","country_ship":null,"goos_networks":"VOS","ptf_family_name":"Ship Weather Station","country_iso_reporting":"US","country_sensor_provider":null}},{"type":"Feature","geometry":{"type":"Point","coordinates":[-79.3,43.3]},"properties":{"ptf_id":1017207,"ptf_ref":"LPCMH8F","category":"ship_based_meteorological_sot_vos","ptf_model":"GENERIC MANUAL","wigos_ref":"0-22000-0-LPCMH8F","country_name":"USA","country_ship":null,"goos_networks":"VOS","ptf_family_name":"Ship Weather Station","country_iso_reporting":"US","country_sensor_provider":null}},{"type":"Feature","geometry":{"type":"Point","coordinates":[-84.4,45.8]},"properties":{"ptf_id":1017228,"ptf_ref":"BKJVVNB","category":"ship_based_meteorological_sot_vos","ptf_model":"DMAWDS","wigos_ref":"0-22000-0-BKJVVNB","country_name":"USA","country_ship":null,"goos_networks":"VOS","ptf_family_name":"Ship Weather Station","country_iso_reporting":"US","country_sensor_provider":null}},{"type":"Feature","geometry":{"type":"Point","coordinates":[-91.3,47.1]},"properties":{"ptf_id":1017229,"ptf_ref":"RSUNMDW","category":"ship_based_meteorological_sot_vos","ptf_model":"DMAWDS","wigos_ref":"0-22000-0-RSUNMDW","country_name":"USA","country_ship":null,"goos_networks":"VOS","ptf_family_name":"Ship Weather Station","country_iso_reporting":"US","country_sensor_provider":null}},{"type":"Feature","geometry":{"type":"Point","coordinates":[-87.3,41.8]},"properties":{"ptf_id":1017231,"ptf_ref":"BZG3KDP","category":"ship_based_meteorological_sot_vos","ptf_model":"GENERIC MANUAL","wigos_ref":"0-22000-0-BZG3KDP","country_name":"USA","country_ship":null,"goos_networks":"VOS","ptf_family_name":"Ship Weather Station","country_iso_reporting":"US","country_sensor_provider":null}},{"type":"Feature","geometry":{"type":"Point","coordinates":[-90.5,47.2]},"properties":{"ptf_id":1017232,"ptf_ref":"ADKSZ4M","category":"ship_based_meteorological_sot_vos","ptf_model":"DMAWDS","wigos_ref":"0-22000-0-ADKSZ4M","country_name":"USA","country_ship":null,"goos_networks":"VOS","ptf_family_name":"Ship Weather Station","country_iso_reporting":"US","country_sensor_provider":null}},{"type":"Feature","geometry":{"type":"Point","coordinates":[-18.7,26.9]},"properties":{"ptf_id":1017280,"ptf_ref":"QWVX8BB","category":"ship_based_meteorological_sot_vos","ptf_model":"TURBOWIN+ MANUAL","wigos_ref":"0-22000-0-QWVX8BB","country_name":"UK","country_ship":null,"goos_networks":"VOS","ptf_family_name":"Ship Weather Station","country_iso_reporting":"GB","country_sensor_provider":null}},{"type":"Feature","geometry":{"type":"Point","coordinates":[22.2,65.6]},"properties":{"ptf_id":1017281,"ptf_ref":"2HFRJ4M","category":"ship_based_meteorological_sot_vos","ptf_model":"GENERIC AUTO","wigos_ref":"0-22000-0-2HFRJ4M","country_name":"SWEDEN","country_ship":null,"goos_networks":"VOS","ptf_family_name":"Ship Weather Station","country_iso_reporting":"SE","country_sensor_provider":null}},{"type":"Feature","geometry":{"type":"Point","coordinates":[-3.2,58.9]},"properties":{"ptf_id":1025379,"ptf_ref":"HXYGL2S","category":"ship_based_meteorological_sot_vos","ptf_model":"AMOS2X","wigos_ref":"0-22000-0-HXYGL2S","country_name":"UK","country_ship":null,"goos_networks":"VOS","ptf_family_name":"Ship Weather Station","country_iso_reporting":"GB","country_sensor_provider":null}},{"type":"Feature","geometry":{"type":"Point","coordinates":[-31.4,-3.2]},"properties":{"ptf_id":1026292,"ptf_ref":"CGF6VCT","category":"ship_based_meteorological_sot_vos","ptf_model":"TURBOWIN+ MANUAL","wigos_ref":"0-22000-0-CGF6VCT","country_name":"UK","country_ship":null,"goos_networks":"VOS","ptf_family_name":"Ship Weather Station","country_iso_reporting":"GB","country_sensor_provider":null}},{"type":"Feature","geometry":{"type":"Point","coordinates":[-6.1,53.3]},"properties":{"ptf_id":1026471,"ptf_ref":"QMPVAZH","category":"ship_based_meteorological_sot_vos","ptf_model":"AMOS2X","wigos_ref":"0-22000-0-QMPVAZH","country_name":"UK","country_ship":null,"goos_networks":"VOS","ptf_family_name":"Ship Weather Station","country_iso_reporting":"GB","country_sensor_provider":null}},{"type":"Feature","geometry":{"type":"Point","coordinates":[-57.9,49.5]},"properties":{"ptf_id":1028578,"ptf_ref":"TUU8ENY","category":"ship_based_meteorological_sot_vos","ptf_model":"AMOS2X","wigos_ref":"0-22000-0-TUU8ENY","country_name":"UK","country_ship":null,"goos_networks":"VOS","ptf_family_name":"Ship Weather Station","country_iso_reporting":"GB","country_sensor_provider":null}},{"type":"Feature","geometry":{"type":"Point","coordinates":[-127.6,33.6]},"properties":{"ptf_id":1028588,"ptf_ref":"AUQVRCJ","category":"ship_based_meteorological_sot_vos","ptf_model":"TURBOWIN","wigos_ref":"0-22000-0-AUQVRCJ","country_name":"CHINA","country_ship":null,"goos_networks":"VOS","ptf_family_name":"Ship Weather Station","country_iso_reporting":"CN","country_sensor_provider":null}},{"type":"Feature","geometry":{"type":"Point","coordinates":[-58.5,40.6]},"properties":{"ptf_id":1028589,"ptf_ref":"XUWZS4Q","category":"ship_based_meteorological_sot_vos","ptf_model":"TURBOWIN","wigos_ref":"0-22000-0-XUWZS4Q","country_name":"CHINA","country_ship":null,"goos_networks":"VOS","ptf_family_name":"Ship Weather Station","country_iso_reporting":"CN","country_sensor_provider":null}},{"type":"Feature","geometry":{"type":"Point","coordinates":[2.7,51.4]},"properties":{"ptf_id":1028604,"ptf_ref":"RVDDL2B","category":"ship_based_meteorological_sot_vos","ptf_model":"TURBOWIN+ MANUAL","wigos_ref":"0-22000-0-RVDDL2B","country_name":"UK","country_ship":null,"goos_networks":"VOS","ptf_family_name":"Ship Weather Station","country_iso_reporting":"GB","country_sensor_provider":null}},{"type":"Feature","geometry":{"type":"Point","coordinates":[-92.32,25.62]},"properties":{"ptf_id":1028883,"ptf_ref":"AHUV4ZH","category":"ship_based_meteorological_sot_vos","ptf_model":"TURBOWIN+ MANUAL","wigos_ref":"0-22000-0-AHUV4ZH","country_name":"UK","country_ship":null,"goos_networks":"VOS","ptf_family_name":"Ship Weather Station","country_iso_reporting":"GB","country_sensor_provider":null}},{"type":"Feature","geometry":{"type":"Point","coordinates":[23.6,37.9]},"properties":{"ptf_id":1028884,"ptf_ref":"GMAMUGE","category":"ship_based_meteorological_sot_vos","ptf_model":"TURBOWIN+ MANUAL","wigos_ref":"0-22000-0-GMAMUGE","country_name":"UK","country_ship":null,"goos_networks":"VOS","ptf_family_name":"Ship Weather Station","country_iso_reporting":"GB","country_sensor_provider":null}},{"type":"Feature","geometry":{"type":"Point","coordinates":[19.07,-35.07]},"properties":{"ptf_id":1029141,"ptf_ref":"7WUPUSN","category":"ship_based_meteorological_sot_vos","ptf_model":"TURBOWIN+ MANUAL","wigos_ref":"0-22000-0-7WUPUSN","country_name":"UK","country_ship":null,"goos_networks":"VOS","ptf_family_name":"Ship Weather Station","country_iso_reporting":"GB","country_sensor_provider":null}},{"type":"Feature","geometry":{"type":"Point","coordinates":[123.1,26.3]},"properties":{"ptf_id":1029591,"ptf_ref":"GVN783R","category":"ship_based_meteorological_sot_vos","ptf_model":"TURBOWIN","wigos_ref":"0-22000-0-GVN783R","country_name":"USA","country_ship":null,"goos_networks":"VOS","ptf_family_name":"Ship Weather Station","country_iso_reporting":"US","country_sensor_provider":null}},{"type":"Feature","geometry":{"type":"Point","coordinates":[14.91,68.31]},"properties":{"ptf_id":1098397,"ptf_ref":"CZDTV4H","category":"ship_based_meteorological_sot_vos","ptf_model":"MERCURY","wigos_ref":"0-22000-0-CZDTV4H","country_name":"FRANCE","country_ship":null,"goos_networks":"VOS","ptf_family_name":"Ship Weather Station","country_iso_reporting":"FR","country_sensor_provider":null}},{"type":"Feature","geometry":{"type":"Point","coordinates":[-28.5,0.1]},"properties":{"ptf_id":1098739,"ptf_ref":"GHM629S","category":"ship_based_meteorological_sot_vos","ptf_model":"TURBOWIN+ MANUAL","wigos_ref":"0-22000-0-GHM629S","country_name":"UK","country_ship":null,"goos_networks":"VOS","ptf_family_name":"Ship Weather Station","country_iso_reporting":"GB","country_sensor_provider":null}},{"type":"Feature","geometry":{"type":"Point","coordinates":[-173.8,47.5]},"properties":{"ptf_id":1098780,"ptf_ref":"WSFABLK","category":"ship_based_meteorological_sot_vos","ptf_model":"TURBOWIN+ MANUAL","wigos_ref":"0-22000-0-WSFABLK","country_name":"GERMANY","country_ship":null,"goos_networks":"VOS","ptf_family_name":"Ship Weather Station","country_iso_reporting":"DE","country_sensor_provider":null}},{"type":"Feature","geometry":{"type":"Point","coordinates":[-150.45,-18.81]},"properties":{"ptf_id":1099208,"ptf_ref":"KMWZLGF","category":"ship_based_meteorological_sot_vos","ptf_model":"MERCURY","wigos_ref":"0-22000-0-KMWZLGF","country_name":"FRANCE","country_ship":null,"goos_networks":"VOS","ptf_family_name":"Ship Weather Station","country_iso_reporting":"FR","country_sensor_provider":null}},{"type":"Feature","geometry":{"type":"Point","coordinates":[-80.8,71.8]},"properties":{"ptf_id":1100625,"ptf_ref":"NHXMUSA","category":"ship_based_meteorological_sot_vos","ptf_model":"AVOS","wigos_ref":"0-22000-0-NHXMUSA","country_name":"CANADA","country_ship":null,"goos_networks":"VOS","ptf_family_name":"Ship Weather Station","country_iso_reporting":"CA","country_sensor_provider":null}},{"type":"Feature","geometry":{"type":"Point","coordinates":[-79.1,43.1]},"properties":{"ptf_id":1100626,"ptf_ref":"FVU8WJS","category":"ship_based_meteorological_sot_vos","ptf_model":"AVOS","wigos_ref":"0-22000-0-FVU8WJS","country_name":"CANADA","country_ship":null,"goos_networks":"VOS","ptf_family_name":"Ship Weather Station","country_iso_reporting":"CA","country_sensor_provider":null}},{"type":"Feature","geometry":{"type":"Point","coordinates":[-55.6,46]},"properties":{"ptf_id":1100687,"ptf_ref":"7VHNUTA","category":"ship_based_meteorological_sot_vos","ptf_model":"AVOS","wigos_ref":"0-22000-0-7VHNUTA","country_name":"CANADA","country_ship":null,"goos_networks":"VOS","ptf_family_name":"Ship Weather Station","country_iso_reporting":"CA","country_sensor_provider":null}},{"type":"Feature","geometry":{"type":"Point","coordinates":[-53.5,46.2]},"properties":{"ptf_id":1100695,"ptf_ref":"LUARZ8N","category":"ship_based_meteorological_sot_vos","ptf_model":"AVOS","wigos_ref":"0-22000-0-LUARZ8N","country_name":"CANADA","country_ship":null,"goos_networks":"VOS","ptf_family_name":"Ship Weather Station","country_iso_reporting":"CA","country_sensor_provider":null}},{"type":"Feature","geometry":{"type":"Point","coordinates":[-60.2,46.2]},"properties":{"ptf_id":1100698,"ptf_ref":"HPMEYWQ","category":"ship_based_meteorological_sot_vos","ptf_model":"AVOS","wigos_ref":"0-22000-0-HPMEYWQ","country_name":"CANADA","country_ship":null,"goos_networks":"VOS","ptf_family_name":"Ship Weather Station","country_iso_reporting":"CA","country_sensor_provider":null}},{"type":"Feature","geometry":{"type":"Point","coordinates":[-5.9,4.5]},"properties":{"ptf_id":1101024,"ptf_ref":"QBC7XHC","category":"ship_based_meteorological_sot_vos","ptf_model":"TURBOWIN+ MANUAL","wigos_ref":"0-22000-0-QBC7XHC","country_name":"GERMANY","country_ship":null,"goos_networks":"VOS","ptf_family_name":"Ship Weather Station","country_iso_reporting":"DE","country_sensor_provider":null}},{"type":"Feature","geometry":{"type":"Point","coordinates":[60.4,23.3]},"properties":{"ptf_id":1101078,"ptf_ref":"GUGXE8G","category":"ship_based_meteorological_sot_vos","ptf_model":"TURBOWIN+ MANUAL","wigos_ref":"0-22000-0-GUGXE8G","country_name":"GERMANY","country_ship":null,"goos_networks":"VOS","ptf_family_name":"Ship Weather Station","country_iso_reporting":"DE","country_sensor_provider":null}},{"type":"Feature","geometry":{"type":"Point","coordinates":[-128.1,36.3]},"properties":{"ptf_id":1101230,"ptf_ref":"KWRFXTU","category":"ship_based_meteorological_sot_vos","ptf_model":"TURBOWIN+ MANUAL","wigos_ref":"0-22000-0-KWRFXTU","country_name":"GERMANY","country_ship":null,"goos_networks":"VOS","ptf_family_name":"Ship Weather Station","country_iso_reporting":"DE","country_sensor_provider":null}},{"type":"Feature","geometry":{"type":"Point","coordinates":[26.7,-33.8]},"properties":{"ptf_id":1101301,"ptf_ref":"8PRGBJL","category":"ship_based_meteorological_sot_vos","ptf_model":"TURBOWIN+ MANUAL","wigos_ref":"0-22000-0-8PRGBJL","country_name":"GERMANY","country_ship":null,"goos_networks":"VOS","ptf_family_name":"Ship Weather Station","country_iso_reporting":"DE","country_sensor_provider":null}},{"type":"Feature","geometry":{"type":"Point","coordinates":[12.28,54.62]},"properties":{"ptf_id":1101306,"ptf_ref":"PTQNL3P","category":"ship_based_meteorological_sot_vos","ptf_model":"TURBOWIN+ AUTO","wigos_ref":"0-22000-0-PTQNL3P","country_name":"GERMANY","country_ship":null,"goos_networks":"VOS","ptf_family_name":"Ship Weather Station","country_iso_reporting":"DE","country_sensor_provider":null}},{"type":"Feature","geometry":{"type":"Point","coordinates":[174.1,47.6]},"properties":{"ptf_id":1101356,"ptf_ref":"4AC7KBR","category":"ship_based_meteorological_sot_vos","ptf_model":"TURBOWIN+ MANUAL","wigos_ref":"0-22000-0-4AC7KBR","country_name":"GERMANY","country_ship":null,"goos_networks":"VOS","ptf_family_name":"Ship Weather Station","country_iso_reporting":"DE","country_sensor_provider":null}},{"type":"Feature","geometry":{"type":"Point","coordinates":[147.1,23.4]},"properties":{"ptf_id":1101988,"ptf_ref":"EVB84QF","category":"ship_based_meteorological_sot_vos","ptf_model":"GENERIC MANUAL","wigos_ref":"0-22000-0-EVB84QF","country_name":"JAPAN","country_ship":null,"goos_networks":"VOS","ptf_family_name":"Ship Weather Station","country_iso_reporting":"JP","country_sensor_provider":null}},{"type":"Feature","geometry":{"type":"Point","coordinates":[131.7,33.2]},"properties":{"ptf_id":1102345,"ptf_ref":"9BAK4EX","category":"ship_based_meteorological_sot_vos","ptf_model":"GENERIC MANUAL","wigos_ref":"0-22000-0-9BAK4EX","country_name":"JAPAN","country_ship":null,"goos_networks":"VOS","ptf_family_name":"Ship Weather Station","country_iso_reporting":"JP","country_sensor_provider":null}},{"type":"Feature","geometry":{"type":"Point","coordinates":[3.2,52.8]},"properties":{"ptf_id":1102356,"ptf_ref":"YWH7VZM","category":"ship_based_meteorological_sot_vos","ptf_model":"TURBOWIN","wigos_ref":"0-22000-0-YWH7VZM","country_name":"CHINA","country_ship":null,"goos_networks":"VOS","ptf_family_name":"Ship Weather Station","country_iso_reporting":"CN","country_sensor_provider":null}},{"type":"Feature","geometry":{"type":"Point","coordinates":[116.9,-19.9]},"properties":{"ptf_id":1102407,"ptf_ref":"YLR7BSJ","category":"ship_based_meteorological_sot_vos","ptf_model":"TURBOWIN","wigos_ref":"0-22000-0-YLR7BSJ","country_name":"CHINA","country_ship":null,"goos_networks":"VOS","ptf_family_name":"Ship Weather Station","country_iso_reporting":"CN","country_sensor_provider":null}},{"type":"Feature","geometry":{"type":"Point","coordinates":[124.7,33.9]},"properties":{"ptf_id":1102534,"ptf_ref":"5AYRH8T","category":"ship_based_meteorological_sot_vos","ptf_model":"TURBOWIN","wigos_ref":"0-22000-0-5AYRH8T","country_name":"CHINA","country_ship":null,"goos_networks":"VOS","ptf_family_name":"Ship Weather Station","country_iso_reporting":"CN","country_sensor_provider":null}},{"type":"Feature","geometry":{"type":"Point","coordinates":[154.7,-22.4]},"properties":{"ptf_id":1102831,"ptf_ref":"TGS8NFS","category":"ship_based_meteorological_sot_vos","ptf_model":"GENERIC MANUAL","wigos_ref":"0-22000-0-TGS8NFS","country_name":"JAPAN","country_ship":null,"goos_networks":"VOS","ptf_family_name":"Ship Weather Station","country_iso_reporting":"JP","country_sensor_provider":null}},{"type":"Feature","geometry":{"type":"Point","coordinates":[130.8,33.9]},"properties":{"ptf_id":1102836,"ptf_ref":"6QXLFRH","category":"ship_based_meteorological_sot_vos","ptf_model":"TURBOWIN+ MANUAL","wigos_ref":"0-22000-0-6QXLFRH","country_name":"JAPAN","country_ship":null,"goos_networks":"VOS","ptf_family_name":"Ship Weather Station","country_iso_reporting":"JP","country_sensor_provider":null}},{"type":"Feature","geometry":{"type":"Point","coordinates":[-153.9,37.1]},"properties":{"ptf_id":1102879,"ptf_ref":"APF6KYJ","category":"ship_based_meteorological_sot_vos","ptf_model":"TURBOWIN+ MANUAL","wigos_ref":"0-22000-0-APF6KYJ","country_name":"JAPAN","country_ship":null,"goos_networks":"VOS","ptf_family_name":"Ship Weather Station","country_iso_reporting":"JP","country_sensor_provider":null}},{"type":"Feature","geometry":{"type":"Point","coordinates":[-87.6,8.3]},"properties":{"ptf_id":1102881,"ptf_ref":"XBDWABZ","category":"ship_based_meteorological_sot_vos","ptf_model":"TURBOWIN+ MANUAL","wigos_ref":"0-22000-0-XBDWABZ","country_name":"JAPAN","country_ship":null,"goos_networks":"VOS","ptf_family_name":"Ship Weather Station","country_iso_reporting":"JP","country_sensor_provider":null}},{"type":"Feature","geometry":{"type":"Point","coordinates":[144.4,34.4]},"properties":{"ptf_id":1102886,"ptf_ref":"MLYNN2N","category":"ship_based_meteorological_sot_vos","ptf_model":"TURBOWIN+ MANUAL","wigos_ref":"0-22000-0-MLYNN2N","country_name":"JAPAN","country_ship":null,"goos_networks":"VOS","ptf_family_name":"Ship Weather Station","country_iso_reporting":"JP","country_sensor_provider":null}},{"type":"Feature","geometry":{"type":"Point","coordinates":[133.7,32.3]},"properties":{"ptf_id":1102899,"ptf_ref":"UCFZ3HP","category":"ship_based_meteorological_sot_vos","ptf_model":"OBSJMA","wigos_ref":"0-22000-0-UCFZ3HP","country_name":"JAPAN","country_ship":null,"goos_networks":"VOS","ptf_family_name":"Ship Weather Station","country_iso_reporting":"JP","country_sensor_provider":null}},{"type":"Feature","geometry":{"type":"Point","coordinates":[129.9,30.9]},"properties":{"ptf_id":1102903,"ptf_ref":"MPRCQJB","category":"ship_based_meteorological_sot_vos","ptf_model":"GENERIC MANUAL","wigos_ref":"0-22000-0-MPRCQJB","country_name":"JAPAN","country_ship":null,"goos_networks":"VOS","ptf_family_name":"Ship Weather Station","country_iso_reporting":"JP","country_sensor_provider":null}},{"type":"Feature","geometry":{"type":"Point","coordinates":[129.1,30.6]},"properties":{"ptf_id":1103928,"ptf_ref":"NUKXM8D","category":"ship_based_meteorological_sot_vos","ptf_model":"GENERIC MANUAL","wigos_ref":"0-22000-0-NUKXM8D","country_name":"JAPAN","country_ship":null,"goos_networks":"VOS","ptf_family_name":"Ship Weather Station","country_iso_reporting":"JP","country_sensor_provider":null}},{"type":"Feature","geometry":{"type":"Point","coordinates":[-122.6,37.5]},"properties":{"ptf_id":1104145,"ptf_ref":"7HNGHJV","category":"ship_based_meteorological_sot_vos","ptf_model":"TURBOWIN","wigos_ref":"0-22000-0-7HNGHJV","country_name":"USA","country_ship":null,"goos_networks":"VOS","ptf_family_name":"Ship Weather Station","country_iso_reporting":"US","country_sensor_provider":null}},{"type":"Feature","geometry":{"type":"Point","coordinates":[107.1,-2]},"properties":{"ptf_id":1104328,"ptf_ref":"RCBX2HT","category":"ship_based_meteorological_sot_vos","ptf_model":"TURBOWIN","wigos_ref":"0-22000-0-RCBX2HT","country_name":"USA","country_ship":null,"goos_networks":"VOS","ptf_family_name":"Ship Weather Station","country_iso_reporting":"US","country_sensor_provider":null}},{"type":"Feature","geometry":{"type":"Point","coordinates":[-73.9,-33.7]},"properties":{"ptf_id":1104378,"ptf_ref":"9PFQMGW","category":"ship_based_meteorological_sot_vos","ptf_model":"TURBOWIN","wigos_ref":"0-22000-0-9PFQMGW","country_name":"USA","country_ship":null,"goos_networks":"VOS","ptf_family_name":"Ship Weather Station","country_iso_reporting":"US","country_sensor_provider":null}},{"type":"Feature","geometry":{"type":"Point","coordinates":[80.3,-16.1]},"properties":{"ptf_id":1104379,"ptf_ref":"UDZZKLC","category":"ship_based_meteorological_sot_vos","ptf_model":"TURBOWIN","wigos_ref":"0-22000-0-UDZZKLC","country_name":"USA","country_ship":null,"goos_networks":"VOS","ptf_family_name":"Ship Weather Station","country_iso_reporting":"US","country_sensor_provider":null}},{"type":"Feature","geometry":{"type":"Point","coordinates":[-74.8,45]},"properties":{"ptf_id":1104444,"ptf_ref":"LQYWQ6X","category":"ship_based_meteorological_sot_vos","ptf_model":"GENERIC MANUAL","wigos_ref":"0-22000-0-LQYWQ6X","country_name":"USA","country_ship":null,"goos_networks":"VOS","ptf_family_name":"Ship Weather Station","country_iso_reporting":"US","country_sensor_provider":null}},{"type":"Feature","geometry":{"type":"Point","coordinates":[-138.2,52.4]},"properties":{"ptf_id":1105351,"ptf_ref":"FBH5JRA","category":"ship_based_meteorological_sot_vos","ptf_model":"TURBOWIN","wigos_ref":"0-22000-0-FBH5JRA","country_name":"USA","country_ship":null,"goos_networks":"VOS","ptf_family_name":"Ship Weather Station","country_iso_reporting":"US","country_sensor_provider":null}},{"type":"Feature","geometry":{"type":"Point","coordinates":[-117.2,32.7]},"properties":{"ptf_id":1105422,"ptf_ref":"PUSHHGA","category":"ship_based_meteorological_sot_vos","ptf_model":"GENERIC MANUAL","wigos_ref":"0-22000-0-PUSHHGA","country_name":"USA","country_ship":null,"goos_networks":"VOS","ptf_family_name":"Ship Weather Station","country_iso_reporting":"US","country_sensor_provider":null}},{"type":"Feature","geometry":{"type":"Point","coordinates":[-85.6,46.6]},"properties":{"ptf_id":1105456,"ptf_ref":"3SRHXKA","category":"ship_based_meteorological_sot_vos","ptf_model":"DMAWDS","wigos_ref":"0-22000-0-3SRHXKA","country_name":"USA","country_ship":null,"goos_networks":"VOS","ptf_family_name":"Ship Weather Station","country_iso_reporting":"US","country_sensor_provider":null}},{"type":"Feature","geometry":{"type":"Point","coordinates":[-122.3,37.7]},"properties":{"ptf_id":1105535,"ptf_ref":"QBBMTCF","category":"ship_based_meteorological_sot_vos","ptf_model":"TURBOWIN","wigos_ref":"0-22000-0-QBBMTCF","country_name":"USA","country_ship":null,"goos_networks":"VOS","ptf_family_name":"Ship Weather Station","country_iso_reporting":"US","country_sensor_provider":null}},{"type":"Feature","geometry":{"type":"Point","coordinates":[-86.6,27.8]},"properties":{"ptf_id":1105578,"ptf_ref":"QKRWSGF","category":"ship_based_meteorological_sot_vos","ptf_model":"TURBOWIN","wigos_ref":"0-22000-0-QKRWSGF","country_name":"USA","country_ship":null,"goos_networks":"VOS","ptf_family_name":"Ship Weather Station","country_iso_reporting":"US","country_sensor_provider":null}},{"type":"Feature","geometry":{"type":"Point","coordinates":[-151.4,59.6]},"properties":{"ptf_id":1105633,"ptf_ref":"SEZVF2C","category":"ship_based_meteorological_sot_vos","ptf_model":"GENERIC MANUAL","wigos_ref":"0-22000-0-SEZVF2C","country_name":"USA","country_ship":null,"goos_networks":"VOS","ptf_family_name":"Ship Weather Station","country_iso_reporting":"US","country_sensor_provider":null}},{"type":"Feature","geometry":{"type":"Point","coordinates":[-158.7,55.4]},"properties":{"ptf_id":1105684,"ptf_ref":"CAVTPRC","category":"ship_based_meteorological_sot_vos","ptf_model":"GENERIC MANUAL","wigos_ref":"0-22000-0-CAVTPRC","country_name":"USA","country_ship":null,"goos_networks":"VOS","ptf_family_name":"Ship Weather Station","country_iso_reporting":"US","country_sensor_provider":null}},{"type":"Feature","geometry":{"type":"Point","coordinates":[-122.1,38]},"properties":{"ptf_id":1105687,"ptf_ref":"KRZ4P8M","category":"ship_based_meteorological_sot_vos","ptf_model":"GENERIC MANUAL","wigos_ref":"0-22000-0-KRZ4P8M","country_name":"USA","country_ship":null,"goos_networks":"VOS","ptf_family_name":"Ship Weather Station","country_iso_reporting":"US","country_sensor_provider":null}},{"type":"Feature","geometry":{"type":"Point","coordinates":[-134.4,58.3]},"properties":{"ptf_id":1105745,"ptf_ref":"5YA982S","category":"ship_based_meteorological_sot_vos","ptf_model":"GENERIC MANUAL","wigos_ref":"0-22000-0-5YA982S","country_name":"USA","country_ship":null,"goos_networks":"VOS","ptf_family_name":"Ship Weather Station","country_iso_reporting":"US","country_sensor_provider":null}},{"type":"Feature","geometry":{"type":"Point","coordinates":[38.5,-29.4]},"properties":{"ptf_id":1105815,"ptf_ref":"KUUJLHK","category":"ship_based_meteorological_sot_vos","ptf_model":"TURBOWIN","wigos_ref":"0-22000-0-KUUJLHK","country_name":"USA","country_ship":null,"goos_networks":"VOS","ptf_family_name":"Ship Weather Station","country_iso_reporting":"US","country_sensor_provider":null}},{"type":"Feature","geometry":{"type":"Point","coordinates":[-162.6,55.9]},"properties":{"ptf_id":1105948,"ptf_ref":"XUQBSCR","category":"ship_based_meteorological_sot_vos","ptf_model":"GENERIC MANUAL","wigos_ref":"0-22000-0-XUQBSCR","country_name":"USA","country_ship":null,"goos_networks":"VOS","ptf_family_name":"Ship Weather Station","country_iso_reporting":"US","country_sensor_provider":null}},{"type":"Feature","geometry":{"type":"Point","coordinates":[-146.3,26.1]},"properties":{"ptf_id":1105951,"ptf_ref":"3EW8ZYM","category":"ship_based_meteorological_sot_vos","ptf_model":"TURBOWIN","wigos_ref":"0-22000-0-3EW8ZYM","country_name":"USA","country_ship":null,"goos_networks":"VOS","ptf_family_name":"Ship Weather Station","country_iso_reporting":"US","country_sensor_provider":null}},{"type":"Feature","geometry":{"type":"Point","coordinates":[68.4,-4]},"properties":{"ptf_id":1105993,"ptf_ref":"LNVKQ6N","category":"ship_based_meteorological_sot_vos","ptf_model":"TURBOWIN+ MANUAL","wigos_ref":"0-22000-0-LNVKQ6N","country_name":"UK","country_ship":null,"goos_networks":"VOS","ptf_family_name":"Ship Weather Station","country_iso_reporting":"GB","country_sensor_provider":null}},{"type":"Feature","geometry":{"type":"Point","coordinates":[124.8,32.9]},"properties":{"ptf_id":1106041,"ptf_ref":"DJYFH6F","category":"ship_based_meteorological_sot_vos","ptf_model":"TURBOWIN+ MANUAL","wigos_ref":"0-22000-0-DJYFH6F","country_name":"UK","country_ship":null,"goos_networks":"VOS","ptf_family_name":"Ship Weather Station","country_iso_reporting":"GB","country_sensor_provider":null}},{"type":"Feature","geometry":{"type":"Point","coordinates":[-24.2,49.4]},"properties":{"ptf_id":1106045,"ptf_ref":"LLW9X6U","category":"ship_based_meteorological_sot_vos","ptf_model":"TURBOWIN+ MANUAL","wigos_ref":"0-22000-0-LLW9X6U","country_name":"UK","country_ship":null,"goos_networks":"VOS","ptf_family_name":"Ship Weather Station","country_iso_reporting":"GB","country_sensor_provider":null}},{"type":"Feature","geometry":{"type":"Point","coordinates":[22.93,34.32]},"properties":{"ptf_id":1106111,"ptf_ref":"HYQYMWZ","category":"ship_based_meteorological_sot_vos","ptf_model":"TURBOWIN+ MANUAL","wigos_ref":"0-22000-0-HYQYMWZ","country_name":"UK","country_ship":null,"goos_networks":"VOS","ptf_family_name":"Ship Weather Station","country_iso_reporting":"GB","country_sensor_provider":null}},{"type":"Feature","geometry":{"type":"Point","coordinates":[8.58,53.5]},"properties":{"ptf_id":1111722,"ptf_ref":"NNZ2N9Y","category":"ship_based_meteorological_sot_vos","ptf_model":"EUCAWS/NEPTUNE","wigos_ref":"0-22000-0-NNZ2N9Y","country_name":"GERMANY","country_ship":null,"goos_networks":"VOS","ptf_family_name":"Ship Weather Station","country_iso_reporting":"DE","country_sensor_provider":null}},{"type":"Feature","geometry":{"type":"Point","coordinates":[55.26,-20.93]},"properties":{"ptf_id":1111727,"ptf_ref":"AQTEG8E","category":"ship_based_meteorological_sot_vos","ptf_model":"MERCURY","wigos_ref":"0-22000-0-AQTEG8E","country_name":"FRANCE","country_ship":null,"goos_networks":"VOS","ptf_family_name":"Ship Weather Station","country_iso_reporting":"FR","country_sensor_provider":null}},{"type":"Feature","geometry":{"type":"Point","coordinates":[120.9,35.6]},"properties":{"ptf_id":1111728,"ptf_ref":"KUL7SEK","category":"ship_based_meteorological_sot_vos","ptf_model":"TURBOWIN+ MANUAL","wigos_ref":"0-22000-0-KUL7SEK","country_name":"UK","country_ship":null,"goos_networks":"VOS","ptf_family_name":"Ship Weather Station","country_iso_reporting":"GB","country_sensor_provider":null}},{"type":"Feature","geometry":{"type":"Point","coordinates":[125.3,-6.8]},"properties":{"ptf_id":1112403,"ptf_ref":"DUUBLZG","category":"ship_based_meteorological_sot_vos","ptf_model":"TURBOWIN+ MANUAL","wigos_ref":"0-22000-0-DUUBLZG","country_name":"AUSTRALIA","country_ship":null,"goos_networks":"VOS","ptf_family_name":"Ship Weather Station","country_iso_reporting":"AU","country_sensor_provider":null}},{"type":"Feature","geometry":{"type":"Point","coordinates":[119.4,24.6]},"properties":{"ptf_id":1112407,"ptf_ref":"6QDWLCH","category":"ship_based_meteorological_sot_vos","ptf_model":"TURBOWIN+ MANUAL","wigos_ref":"0-22000-0-6QDWLCH","country_name":"GERMANY","country_ship":null,"goos_networks":"VOS","ptf_family_name":"Ship Weather Station","country_iso_reporting":"DE","country_sensor_provider":null}},{"type":"Feature","geometry":{"type":"Point","coordinates":[-18.25,14.24]},"properties":{"ptf_id":1112425,"ptf_ref":"MVREY3A","category":"ship_based_meteorological_sot_vos","ptf_model":"EUCAWS/NEPTUNE","wigos_ref":"0-22000-0-MVREY3A","country_name":"GERMANY","country_ship":null,"goos_networks":"VOS","ptf_family_name":"Ship Weather Station","country_iso_reporting":"DE","country_sensor_provider":null}},{"type":"Feature","geometry":{"type":"Point","coordinates":[2.8,38.9]},"properties":{"ptf_id":1112437,"ptf_ref":"BYF5WLP","category":"ship_based_meteorological_sot_vos","ptf_model":"TURBOWIN+ MANUAL","wigos_ref":"0-22000-0-BYF5WLP","country_name":"GERMANY","country_ship":null,"goos_networks":"VOS","ptf_family_name":"Ship Weather Station","country_iso_reporting":"DE","country_sensor_provider":null}},{"type":"Feature","geometry":{"type":"Point","coordinates":[-33.9,49.18]},"properties":{"ptf_id":1112442,"ptf_ref":"BSXWJEQ","category":"ship_based_meteorological_sot_vos","ptf_model":"EUCAWS/NEPTUNE","wigos_ref":"0-22000-0-BSXWJEQ","country_name":"GERMANY","country_ship":null,"goos_networks":"VOS","ptf_family_name":"Ship Weather Station","country_iso_reporting":"DE","country_sensor_provider":null}},{"type":"Feature","geometry":{"type":"Point","coordinates":[0.9,50.78]},"properties":{"ptf_id":1112443,"ptf_ref":"6MD6NDF","category":"ship_based_meteorological_sot_vos","ptf_model":"EUCAWS/NEPTUNE","wigos_ref":"0-22000-0-6MD6NDF","country_name":"GERMANY","country_ship":null,"goos_networks":"VOS","ptf_family_name":"Ship Weather Station","country_iso_reporting":"DE","country_sensor_provider":null}},{"type":"Feature","geometry":{"type":"Point","coordinates":[-74.15,40.69]},"properties":{"ptf_id":1112444,"ptf_ref":"SPWMAUB","category":"ship_based_meteorological_sot_vos","ptf_model":"EUCAWS/NEPTUNE","wigos_ref":"0-22000-0-SPWMAUB","country_name":"GERMANY","country_ship":null,"goos_networks":"VOS","ptf_family_name":"Ship Weather Station","country_iso_reporting":"DE","country_sensor_provider":null}},{"type":"Feature","geometry":{"type":"Point","coordinates":[-3.02,53.46]},"properties":{"ptf_id":1112446,"ptf_ref":"7UFD9CZ","category":"ship_based_meteorological_sot_vos","ptf_model":"EUCAWS/NEPTUNE","wigos_ref":"0-22000-0-7UFD9CZ","country_name":"GERMANY","country_ship":null,"goos_networks":"VOS","ptf_family_name":"Ship Weather Station","country_iso_reporting":"DE","country_sensor_provider":null}},{"type":"Feature","geometry":{"type":"Point","coordinates":[73.43,13.17]},"properties":{"ptf_id":1112447,"ptf_ref":"ZKF2BNJ","category":"ship_based_meteorological_sot_vos","ptf_model":"EUCAWS/NEPTUNE","wigos_ref":"0-22000-0-ZKF2BNJ","country_name":"GERMANY","country_ship":null,"goos_networks":"VOS","ptf_family_name":"Ship Weather Station","country_iso_reporting":"DE","country_sensor_provider":null}},{"type":"Feature","geometry":{"type":"Point","coordinates":[133.8,32.6]},"properties":{"ptf_id":1112466,"ptf_ref":"WEL2P4E","category":"ship_based_meteorological_sot_vos","ptf_model":"GENERIC MANUAL","wigos_ref":"0-22000-0-WEL2P4E","country_name":"JAPAN","country_ship":null,"goos_networks":"VOS","ptf_family_name":"Ship Weather Station","country_iso_reporting":"JP","country_sensor_provider":null}},{"type":"Feature","geometry":{"type":"Point","coordinates":[-86.2,45.4]},"properties":{"ptf_id":1112611,"ptf_ref":"DKY5WDR","category":"ship_based_meteorological_sot_vos","ptf_model":"DMAWDS","wigos_ref":"0-22000-0-DKY5WDR","country_name":"USA","country_ship":null,"goos_networks":"VOS","ptf_family_name":"Ship Weather Station","country_iso_reporting":"US","country_sensor_provider":null}},{"type":"Feature","geometry":{"type":"Point","coordinates":[-127.2,46.2]},"properties":{"ptf_id":1112710,"ptf_ref":"FDYHQ7G","category":"ship_based_meteorological_sot_vos","ptf_model":"TURBOWIN","wigos_ref":"0-22000-0-FDYHQ7G","country_name":"USA","country_ship":null,"goos_networks":"VOS","ptf_family_name":"Ship Weather Station","country_iso_reporting":"US","country_sensor_provider":null}},{"type":"Feature","geometry":{"type":"Point","coordinates":[-70.2,41.9]},"properties":{"ptf_id":1112746,"ptf_ref":"QQT7NWN","category":"ship_based_meteorological_sot_vos","ptf_model":"GENERIC MANUAL","wigos_ref":"0-22000-0-QQT7NWN","country_name":"USA","country_ship":null,"goos_networks":"VOS","ptf_family_name":"Ship Weather Station","country_iso_reporting":"US","country_sensor_provider":null}},{"type":"Feature","geometry":{"type":"Point","coordinates":[-128.1,51.5]},"properties":{"ptf_id":1112753,"ptf_ref":"XPJBFEE","category":"ship_based_meteorological_sot_vos","ptf_model":"TURBOWIN","wigos_ref":"0-22000-0-XPJBFEE","country_name":"USA","country_ship":null,"goos_networks":"VOS","ptf_family_name":"Ship Weather Station","country_iso_reporting":"US","country_sensor_provider":null}},{"type":"Feature","geometry":{"type":"Point","coordinates":[-82.9,42.3]},"properties":{"ptf_id":1112755,"ptf_ref":"NPZEEFX","category":"ship_based_meteorological_sot_vos","ptf_model":"DMAWDS","wigos_ref":"0-22000-0-NPZEEFX","country_name":"USA","country_ship":null,"goos_networks":"VOS","ptf_family_name":"Ship Weather Station","country_iso_reporting":"US","country_sensor_provider":null}},{"type":"Feature","geometry":{"type":"Point","coordinates":[-143.3,50.4]},"properties":{"ptf_id":1112759,"ptf_ref":"CMQ4UDZ","category":"ship_based_meteorological_sot_vos","ptf_model":"TURBOWIN","wigos_ref":"0-22000-0-CMQ4UDZ","country_name":"USA","country_ship":null,"goos_networks":"VOS","ptf_family_name":"Ship Weather Station","country_iso_reporting":"US","country_sensor_provider":null}},{"type":"Feature","geometry":{"type":"Point","coordinates":[-118.2,17.2]},"properties":{"ptf_id":1112760,"ptf_ref":"JHKMMJA","category":"ship_based_meteorological_sot_vos","ptf_model":"TURBOWIN","wigos_ref":"0-22000-0-JHKMMJA","country_name":"USA","country_ship":null,"goos_networks":"VOS","ptf_family_name":"Ship Weather Station","country_iso_reporting":"US","country_sensor_provider":null}},{"type":"Feature","geometry":{"type":"Point","coordinates":[5.88,43.11]},"properties":{"ptf_id":1112833,"ptf_ref":"9SCAL2F","category":"ship_based_meteorological_sot_vos","ptf_model":"MERCURY","wigos_ref":"0-22000-0-9SCAL2F","country_name":"FRANCE","country_ship":null,"goos_networks":"VOS","ptf_family_name":"Ship Weather Station","country_iso_reporting":"FR","country_sensor_provider":null}},{"type":"Feature","geometry":{"type":"Point","coordinates":[-69.8,31.66]},"properties":{"ptf_id":1112835,"ptf_ref":"RPNJGGU","category":"ship_based_meteorological_sot_vos","ptf_model":"EUCAWS/NEPTUNE","wigos_ref":"0-22000-0-RPNJGGU","country_name":"GERMANY","country_ship":null,"goos_networks":"VOS","ptf_family_name":"Ship Weather Station","country_iso_reporting":"DE","country_sensor_provider":null}},{"type":"Feature","geometry":{"type":"Point","coordinates":[177.4,-17.6]},"properties":{"ptf_id":1112839,"ptf_ref":"3MLUWNT","category":"ship_based_meteorological_sot_vos","ptf_model":"TECHSAS","wigos_ref":"0-22000-0-3MLUWNT","country_name":"AUSTRALIA","country_ship":null,"goos_networks":"VOS","ptf_family_name":"Ship Weather Station","country_iso_reporting":"AU","country_sensor_provider":null}},{"type":"Feature","geometry":{"type":"Point","coordinates":[126.6,0.4]},"properties":{"ptf_id":1113149,"ptf_ref":"XPPQEVQ","category":"ship_based_meteorological_sot_vos","ptf_model":"TURBOWIN+ MANUAL","wigos_ref":"0-22000-0-XPPQEVQ","country_name":"AUSTRALIA","country_ship":null,"goos_networks":"VOS","ptf_family_name":"Ship Weather Station","country_iso_reporting":"AU","country_sensor_provider":null}},{"type":"Feature","geometry":{"type":"Point","coordinates":[-72.4,37.6]},"properties":{"ptf_id":1114301,"ptf_ref":"6EXAW4F","category":"ship_based_meteorological_sot_vos","ptf_model":"TURBOWIN","wigos_ref":"0-22000-0-6EXAW4F","country_name":"USA","country_ship":null,"goos_networks":"VOS","ptf_family_name":"Ship Weather Station","country_iso_reporting":"US","country_sensor_provider":null}},{"type":"Feature","geometry":{"type":"Point","coordinates":[126.5,-2.6]},"properties":{"ptf_id":1114309,"ptf_ref":"SLFU5KC","category":"ship_based_meteorological_sot_vos","ptf_model":"TURBOWIN","wigos_ref":"0-22000-0-SLFU5KC","country_name":"USA","country_ship":null,"goos_networks":"VOS","ptf_family_name":"Ship Weather Station","country_iso_reporting":"US","country_sensor_provider":null}},{"type":"Feature","geometry":{"type":"Point","coordinates":[-78,12.8]},"properties":{"ptf_id":1114389,"ptf_ref":"FSF37JT","category":"ship_based_meteorological_sot_vos","ptf_model":"TURBOWIN+ MANUAL","wigos_ref":"0-22000-0-FSF37JT","country_name":"GERMANY","country_ship":null,"goos_networks":"VOS","ptf_family_name":"Ship Weather Station","country_iso_reporting":"DE","country_sensor_provider":null}},{"type":"Feature","geometry":{"type":"Point","coordinates":[-55.9,41.5]},"properties":{"ptf_id":1114391,"ptf_ref":"6QRXSMH","category":"ship_based_meteorological_sot_vos","ptf_model":"TURBOWIN+ MANUAL","wigos_ref":"0-22000-0-6QRXSMH","country_name":"GERMANY","country_ship":null,"goos_networks":"VOS","ptf_family_name":"Ship Weather Station","country_iso_reporting":"DE","country_sensor_provider":null}},{"type":"Feature","geometry":{"type":"Point","coordinates":[-74.4,36.4]},"properties":{"ptf_id":1114392,"ptf_ref":"ZUMLU6V","category":"ship_based_meteorological_sot_vos","ptf_model":"TURBOWIN+ MANUAL","wigos_ref":"0-22000-0-ZUMLU6V","country_name":"GERMANY","country_ship":null,"goos_networks":"VOS","ptf_family_name":"Ship Weather Station","country_iso_reporting":"DE","country_sensor_provider":null}},{"type":"Feature","geometry":{"type":"Point","coordinates":[105.6,0.9]},"properties":{"ptf_id":1114393,"ptf_ref":"6WYPCNK","category":"ship_based_meteorological_sot_vos","ptf_model":"TURBOWIN+ MANUAL","wigos_ref":"0-22000-0-6WYPCNK","country_name":"GERMANY","country_ship":null,"goos_networks":"VOS","ptf_family_name":"Ship Weather Station","country_iso_reporting":"DE","country_sensor_provider":null}},{"type":"Feature","geometry":{"type":"Point","coordinates":[-38.5,-0.1]},"properties":{"ptf_id":1114394,"ptf_ref":"7TN5LMQ","category":"ship_based_meteorological_sot_vos","ptf_model":"TURBOWIN+ MANUAL","wigos_ref":"0-22000-0-7TN5LMQ","country_name":"GERMANY","country_ship":null,"goos_networks":"VOS","ptf_family_name":"Ship Weather Station","country_iso_reporting":"DE","country_sensor_provider":null}},{"type":"Feature","geometry":{"type":"Point","coordinates":[-59.75,37.27]},"properties":{"ptf_id":1114397,"ptf_ref":"XUE7S8F","category":"ship_based_meteorological_sot_vos","ptf_model":"EUCAWS/NEPTUNE","wigos_ref":"0-22000-0-XUE7S8F","country_name":"GERMANY","country_ship":null,"goos_networks":"VOS","ptf_family_name":"Ship Weather Station","country_iso_reporting":"DE","country_sensor_provider":null}},{"type":"Feature","geometry":{"type":"Point","coordinates":[-13.8,27.5]},"properties":{"ptf_id":1114399,"ptf_ref":"FPX2GTE","category":"ship_based_meteorological_sot_vos","ptf_model":"TURBOWIN+ MANUAL","wigos_ref":"0-22000-0-FPX2GTE","country_name":"GERMANY","country_ship":null,"goos_networks":"VOS","ptf_family_name":"Ship Weather Station","country_iso_reporting":"DE","country_sensor_provider":null}},{"type":"Feature","geometry":{"type":"Point","coordinates":[8,-22.2]},"properties":{"ptf_id":1114403,"ptf_ref":"LRN758S","category":"ship_based_meteorological_sot_vos","ptf_model":"TURBOWIN+ MANUAL","wigos_ref":"0-22000-0-LRN758S","country_name":"GERMANY","country_ship":null,"goos_networks":"VOS","ptf_family_name":"Ship Weather Station","country_iso_reporting":"DE","country_sensor_provider":null}},{"type":"Feature","geometry":{"type":"Point","coordinates":[-123.3,33.1]},"properties":{"ptf_id":1114559,"ptf_ref":"ERKBMGS","category":"ship_based_meteorological_sot_vos","ptf_model":"TURBOWIN","wigos_ref":"0-22000-0-ERKBMGS","country_name":"USA","country_ship":null,"goos_networks":"VOS","ptf_family_name":"Ship Weather Station","country_iso_reporting":"US","country_sensor_provider":null}},{"type":"Feature","geometry":{"type":"Point","coordinates":[-127.4,49.5]},"properties":{"ptf_id":1114564,"ptf_ref":"WDU8DQA","category":"ship_based_meteorological_sot_vos","ptf_model":"TURBOWIN+ AUTO","wigos_ref":"0-22000-0-WDU8DQA","country_name":"USA","country_ship":null,"goos_networks":"VOS","ptf_family_name":"Ship Weather Station","country_iso_reporting":"US","country_sensor_provider":null}},{"type":"Feature","geometry":{"type":"Point","coordinates":[-176.4,51.9]},"properties":{"ptf_id":1114570,"ptf_ref":"GZWUHVF","category":"ship_based_meteorological_sot_vos","ptf_model":"GENERIC MANUAL","wigos_ref":"0-22000-0-GZWUHVF","country_name":"USA","country_ship":null,"goos_networks":"VOS","ptf_family_name":"Ship Weather Station","country_iso_reporting":"US","country_sensor_provider":null}},{"type":"Feature","geometry":{"type":"Point","coordinates":[-131.7,55.8]},"properties":{"ptf_id":1114571,"ptf_ref":"KJMKE9V","category":"ship_based_meteorological_sot_vos","ptf_model":"GENERIC MANUAL","wigos_ref":"0-22000-0-KJMKE9V","country_name":"USA","country_ship":null,"goos_networks":"VOS","ptf_family_name":"Ship Weather Station","country_iso_reporting":"US","country_sensor_provider":null}},{"type":"Feature","geometry":{"type":"Point","coordinates":[-73.7,24.7]},"properties":{"ptf_id":1114637,"ptf_ref":"8PN8LET","category":"ship_based_meteorological_sot_vos","ptf_model":"TURBOWIN+ MANUAL","wigos_ref":"0-22000-0-8PN8LET","country_name":"GERMANY","country_ship":null,"goos_networks":"VOS","ptf_family_name":"Ship Weather Station","country_iso_reporting":"DE","country_sensor_provider":null}},{"type":"Feature","geometry":{"type":"Point","coordinates":[-81.16,-0.83]},"properties":{"ptf_id":1114639,"ptf_ref":"ZBSP57W","category":"ship_based_meteorological_sot_vos","ptf_model":"EUCAWS/NEPTUNE","wigos_ref":"0-22000-0-ZBSP57W","country_name":"GERMANY","country_ship":null,"goos_networks":"VOS","ptf_family_name":"Ship Weather Station","country_iso_reporting":"DE","country_sensor_provider":null}},{"type":"Feature","geometry":{"type":"Point","coordinates":[17.69,55.65]},"properties":{"ptf_id":1114640,"ptf_ref":"QWM76WR","category":"ship_based_meteorological_sot_vos","ptf_model":"EUCAWS/NEPTUNE","wigos_ref":"0-22000-0-QWM76WR","country_name":"GERMANY","country_ship":null,"goos_networks":"VOS","ptf_family_name":"Ship Weather Station","country_iso_reporting":"DE","country_sensor_provider":null}},{"type":"Feature","geometry":{"type":"Point","coordinates":[113.4,17.6]},"properties":{"ptf_id":1114641,"ptf_ref":"8CH7ABA","category":"ship_based_meteorological_sot_vos","ptf_model":"TURBOWIN+ MANUAL","wigos_ref":"0-22000-0-8CH7ABA","country_name":"GERMANY","country_ship":null,"goos_networks":"VOS","ptf_family_name":"Ship Weather Station","country_iso_reporting":"DE","country_sensor_provider":null}},{"type":"Feature","geometry":{"type":"Point","coordinates":[116.4,22.2]},"properties":{"ptf_id":1114642,"ptf_ref":"MVDFG6N","category":"ship_based_meteorological_sot_vos","ptf_model":"TURBOWIN+ MANUAL","wigos_ref":"0-22000-0-MVDFG6N","country_name":"GERMANY","country_ship":null,"goos_networks":"VOS","ptf_family_name":"Ship Weather Station","country_iso_reporting":"DE","country_sensor_provider":null}},{"type":"Feature","geometry":{"type":"Point","coordinates":[-8.6,44.9]},"properties":{"ptf_id":1114969,"ptf_ref":"NFV3HXU","category":"ship_based_meteorological_sot_vos","ptf_model":"TURBOWIN","wigos_ref":"0-22000-0-NFV3HXU","country_name":"USA","country_ship":null,"goos_networks":"VOS","ptf_family_name":"Ship Weather Station","country_iso_reporting":"US","country_sensor_provider":null}},{"type":"Feature","geometry":{"type":"Point","coordinates":[-149.6,51.8]},"properties":{"ptf_id":1114976,"ptf_ref":"UJESM3T","category":"ship_based_meteorological_sot_vos","ptf_model":"GENERIC MANUAL","wigos_ref":"0-22000-0-UJESM3T","country_name":"USA","country_ship":null,"goos_networks":"VOS","ptf_family_name":"Ship Weather Station","country_iso_reporting":"US","country_sensor_provider":null}},{"type":"Feature","geometry":{"type":"Point","coordinates":[-81.3,30.4]},"properties":{"ptf_id":1115506,"ptf_ref":"ZSC8RLC","category":"ship_based_meteorological_sot_vos","ptf_model":"TURBOWIN+ AUTO","wigos_ref":"0-22000-0-ZSC8RLC","country_name":"USA","country_ship":null,"goos_networks":"VOS","ptf_family_name":"Ship Weather Station","country_iso_reporting":"US","country_sensor_provider":null}},{"type":"Feature","geometry":{"type":"Point","coordinates":[125.6,32.5]},"properties":{"ptf_id":1116722,"ptf_ref":"BFHM5UQ","category":"ship_based_meteorological_sot_vos","ptf_model":"TURBOWIN+ MANUAL","wigos_ref":"0-22000-0-BFHM5UQ","country_name":"AUSTRALIA","country_ship":null,"goos_networks":"VOS","ptf_family_name":"Ship Weather Station","country_iso_reporting":"AU","country_sensor_provider":null}},{"type":"Feature","geometry":{"type":"Point","coordinates":[-2.86,45.03]},"properties":{"ptf_id":1116724,"ptf_ref":"LJFZA9A","category":"ship_based_meteorological_sot_vos","ptf_model":"MERCURY","wigos_ref":"0-22000-0-LJFZA9A","country_name":"FRANCE","country_ship":null,"goos_networks":"VOS","ptf_family_name":"Ship Weather Station","country_iso_reporting":"FR","country_sensor_provider":null}},{"type":"Feature","geometry":{"type":"Point","coordinates":[135.69,32.57]},"properties":{"ptf_id":1116725,"ptf_ref":"AFGBLMY","category":"ship_based_meteorological_sot_vos","ptf_model":"MERCURY","wigos_ref":"0-22000-0-AFGBLMY","country_name":"FRANCE","country_ship":null,"goos_networks":"VOS","ptf_family_name":"Ship Weather Station","country_iso_reporting":"FR","country_sensor_provider":null}},{"type":"Feature","geometry":{"type":"Point","coordinates":[7.32,42.19]},"properties":{"ptf_id":1116726,"ptf_ref":"UMNMA4J","category":"ship_based_meteorological_sot_vos","ptf_model":"EUCAWS/NEPTUNE","wigos_ref":"0-22000-0-UMNMA4J","country_name":"FRANCE","country_ship":null,"goos_networks":"VOS","ptf_family_name":"Ship Weather Station","country_iso_reporting":"FR","country_sensor_provider":null}},{"type":"Feature","geometry":{"type":"Point","coordinates":[7.46,43]},"properties":{"ptf_id":1116727,"ptf_ref":"2GDNPLL","category":"ship_based_meteorological_sot_vos","ptf_model":"EUCAWS/NEPTUNE","wigos_ref":"0-22000-0-2GDNPLL","country_name":"FRANCE","country_ship":null,"goos_networks":"VOS","ptf_family_name":"Ship Weather Station","country_iso_reporting":"FR","country_sensor_provider":null}},{"type":"Feature","geometry":{"type":"Point","coordinates":[141.5,31.8]},"properties":{"ptf_id":1118785,"ptf_ref":"FZPKZFW","category":"ship_based_meteorological_sot_vos","ptf_model":"GENERIC MANUAL","wigos_ref":"0-22000-0-FZPKZFW","country_name":"JAPAN","country_ship":null,"goos_networks":"VOS","ptf_family_name":"Ship Weather Station","country_iso_reporting":"JP","country_sensor_provider":null}},{"type":"Feature","geometry":{"type":"Point","coordinates":[170.6,32.8]},"properties":{"ptf_id":1118794,"ptf_ref":"3CFHFWC","category":"ship_based_meteorological_sot_vos","ptf_model":"OBSJMA","wigos_ref":"0-22000-0-3CFHFWC","country_name":"JAPAN","country_ship":null,"goos_networks":"VOS","ptf_family_name":"Ship Weather Station","country_iso_reporting":"JP","country_sensor_provider":null}},{"type":"Feature","geometry":{"type":"Point","coordinates":[13.8,-27.4]},"properties":{"ptf_id":1118807,"ptf_ref":"4AYG55L","category":"ship_based_meteorological_sot_vos","ptf_model":"TURBOWIN+ MANUAL","wigos_ref":"0-22000-0-4AYG55L","country_name":"JAPAN","country_ship":null,"goos_networks":"VOS","ptf_family_name":"Ship Weather Station","country_iso_reporting":"JP","country_sensor_provider":null}},{"type":"Feature","geometry":{"type":"Point","coordinates":[-77.4,25.1]},"properties":{"ptf_id":1118874,"ptf_ref":"6EGH5KL","category":"ship_based_meteorological_sot_vos","ptf_model":"TURBOWIN","wigos_ref":"0-22000-0-6EGH5KL","country_name":"USA","country_ship":null,"goos_networks":"VOS","ptf_family_name":"Ship Weather Station","country_iso_reporting":"US","country_sensor_provider":null}},{"type":"Feature","geometry":{"type":"Point","coordinates":[-134.7,57.1]},"properties":{"ptf_id":1118878,"ptf_ref":"NYNM3KN","category":"ship_based_meteorological_sot_vos","ptf_model":"TURBOWIN","wigos_ref":"0-22000-0-NYNM3KN","country_name":"USA","country_ship":null,"goos_networks":"VOS","ptf_family_name":"Ship Weather Station","country_iso_reporting":"US","country_sensor_provider":null}},{"type":"Feature","geometry":{"type":"Point","coordinates":[22.7,36.4]},"properties":{"ptf_id":1118886,"ptf_ref":"VUBSTAS","category":"ship_based_meteorological_sot_vos","ptf_model":"TURBOWIN","wigos_ref":"0-22000-0-VUBSTAS","country_name":"USA","country_ship":null,"goos_networks":"VOS","ptf_family_name":"Ship Weather Station","country_iso_reporting":"US","country_sensor_provider":null}},{"type":"Feature","geometry":{"type":"Point","coordinates":[-17,22.7]},"properties":{"ptf_id":1118903,"ptf_ref":"3VY3U6Q","category":"ship_based_meteorological_sot_vos","ptf_model":"TURBOWIN","wigos_ref":"0-22000-0-3VY3U6Q","country_name":"USA","country_ship":null,"goos_networks":"VOS","ptf_family_name":"Ship Weather Station","country_iso_reporting":"US","country_sensor_provider":null}},{"type":"Feature","geometry":{"type":"Point","coordinates":[-124.4,37.1]},"properties":{"ptf_id":1118947,"ptf_ref":"GGWHBSK","category":"ship_based_meteorological_sot_vos","ptf_model":"AMVERS/SEAS","wigos_ref":"0-22000-0-GGWHBSK","country_name":"USA","country_ship":null,"goos_networks":"VOS","ptf_family_name":"Ship Weather Station","country_iso_reporting":"US","country_sensor_provider":null}},{"type":"Feature","geometry":{"type":"Point","coordinates":[-5.5,35.8]},"properties":{"ptf_id":1118963,"ptf_ref":"VSKZN7H","category":"ship_based_meteorological_sot_vos","ptf_model":"TURBOWIN+ AUTO","wigos_ref":"0-22000-0-VSKZN7H","country_name":"USA","country_ship":null,"goos_networks":"VOS","ptf_family_name":"Ship Weather Station","country_iso_reporting":"US","country_sensor_provider":null}},{"type":"Feature","geometry":{"type":"Point","coordinates":[-120.6,34.4]},"properties":{"ptf_id":1118989,"ptf_ref":"BDU5NLH","category":"ship_based_meteorological_sot_vos","ptf_model":"GENERIC MANUAL","wigos_ref":"0-22000-0-BDU5NLH","country_name":"USA","country_ship":null,"goos_networks":"VOS","ptf_family_name":"Ship Weather Station","country_iso_reporting":"US","country_sensor_provider":null}},{"type":"Feature","geometry":{"type":"Point","coordinates":[9.8,43.2]},"properties":{"ptf_id":1118996,"ptf_ref":"WGYG5VB","category":"ship_based_meteorological_sot_vos","ptf_model":"TURBOWIN","wigos_ref":"0-22000-0-WGYG5VB","country_name":"USA","country_ship":null,"goos_networks":"VOS","ptf_family_name":"Ship Weather Station","country_iso_reporting":"US","country_sensor_provider":null}},{"type":"Feature","geometry":{"type":"Point","coordinates":[164.9,46.3]},"properties":{"ptf_id":1118997,"ptf_ref":"EFBWQYP","category":"ship_based_meteorological_sot_vos","ptf_model":"TURBOWIN","wigos_ref":"0-22000-0-EFBWQYP","country_name":"USA","country_ship":null,"goos_networks":"VOS","ptf_family_name":"Ship Weather Station","country_iso_reporting":"US","country_sensor_provider":null}},{"type":"Feature","geometry":{"type":"Point","coordinates":[-60.5,47.1]},"properties":{"ptf_id":1119013,"ptf_ref":"3JP56LH","category":"ship_based_meteorological_sot_vos","ptf_model":"TURBOWIN","wigos_ref":"0-22000-0-3JP56LH","country_name":"USA","country_ship":null,"goos_networks":"VOS","ptf_family_name":"Ship Weather Station","country_iso_reporting":"US","country_sensor_provider":null}},{"type":"Feature","geometry":{"type":"Point","coordinates":[-174.4,53.9]},"properties":{"ptf_id":1119033,"ptf_ref":"KEE39UM","category":"ship_based_meteorological_sot_vos","ptf_model":"GENERIC MANUAL","wigos_ref":"0-22000-0-KEE39UM","country_name":"USA","country_ship":null,"goos_networks":"VOS","ptf_family_name":"Ship Weather Station","country_iso_reporting":"US","country_sensor_provider":null}},{"type":"Feature","geometry":{"type":"Point","coordinates":[114.93,18.72]},"properties":{"ptf_id":1119158,"ptf_ref":"PZSR5BK","category":"ship_based_meteorological_sot_vos","ptf_model":"EUCAWS/NEPTUNE","wigos_ref":"0-22000-0-PZSR5BK","country_name":"GERMANY","country_ship":null,"goos_networks":"VOS","ptf_family_name":"Ship Weather Station","country_iso_reporting":"DE","country_sensor_provider":null}},{"type":"Feature","geometry":{"type":"Point","coordinates":[0.12,38.84]},"properties":{"ptf_id":1119159,"ptf_ref":"JDMARRT","category":"ship_based_meteorological_sot_vos","ptf_model":"EUCAWS/NEPTUNE","wigos_ref":"0-22000-0-JDMARRT","country_name":"GERMANY","country_ship":null,"goos_networks":"VOS","ptf_family_name":"Ship Weather Station","country_iso_reporting":"DE","country_sensor_provider":null}},{"type":"Feature","geometry":{"type":"Point","coordinates":[115.7,-12.5]},"properties":{"ptf_id":1119250,"ptf_ref":"FBLSEKE","category":"ship_based_meteorological_sot_vos","ptf_model":"TURBOWIN+ MANUAL","wigos_ref":"0-22000-0-FBLSEKE","country_name":"AUSTRALIA","country_ship":null,"goos_networks":"VOS","ptf_family_name":"Ship Weather Station","country_iso_reporting":"AU","country_sensor_provider":null}},{"type":"Feature","geometry":{"type":"Point","coordinates":[12.3,-21.8]},"properties":{"ptf_id":1119252,"ptf_ref":"GHAT7WD","category":"ship_based_meteorological_sot_vos","ptf_model":"TURBOWIN+ MANUAL","wigos_ref":"0-22000-0-GHAT7WD","country_name":"GERMANY","country_ship":null,"goos_networks":"VOS","ptf_family_name":"Ship Weather Station","country_iso_reporting":"DE","country_sensor_provider":null}},{"type":"Feature","geometry":{"type":"Point","coordinates":[1.3,40.6]},"properties":{"ptf_id":1119545,"ptf_ref":"YYTXLEH","category":"ship_based_meteorological_sot_vos","ptf_model":"TURBOWIN","wigos_ref":"0-22000-0-YYTXLEH","country_name":"USA","country_ship":null,"goos_networks":"VOS","ptf_family_name":"Ship Weather Station","country_iso_reporting":"US","country_sensor_provider":null}},{"type":"Feature","geometry":{"type":"Point","coordinates":[-146.7,60.3]},"properties":{"ptf_id":1119554,"ptf_ref":"8MW4EHW","category":"ship_based_meteorological_sot_vos","ptf_model":"GENERIC MANUAL","wigos_ref":"0-22000-0-8MW4EHW","country_name":"USA","country_ship":null,"goos_networks":"VOS","ptf_family_name":"Ship Weather Station","country_iso_reporting":"US","country_sensor_provider":null}},{"type":"Feature","geometry":{"type":"Point","coordinates":[-146.7,60.3]},"properties":{"ptf_id":1119556,"ptf_ref":"RUEK7SA","category":"ship_based_meteorological_sot_vos","ptf_model":"GENERIC MANUAL","wigos_ref":"0-22000-0-RUEK7SA","country_name":"USA","country_ship":null,"goos_networks":"VOS","ptf_family_name":"Ship Weather Station","country_iso_reporting":"US","country_sensor_provider":null}},{"type":"Feature","geometry":{"type":"Point","coordinates":[-81.8,6.9]},"properties":{"ptf_id":1119557,"ptf_ref":"ACY2C9N","category":"ship_based_meteorological_sot_vos","ptf_model":"TURBOWIN","wigos_ref":"0-22000-0-ACY2C9N","country_name":"USA","country_ship":null,"goos_networks":"VOS","ptf_family_name":"Ship Weather Station","country_iso_reporting":"US","country_sensor_provider":null}},{"type":"Feature","geometry":{"type":"Point","coordinates":[146.7,42.9]},"properties":{"ptf_id":1119705,"ptf_ref":"4YQE5HW","category":"ship_based_meteorological_sot_vos","ptf_model":"GENERIC MANUAL","wigos_ref":"0-22000-0-4YQE5HW","country_name":"USA","country_ship":null,"goos_networks":"VOS","ptf_family_name":"Ship Weather Station","country_iso_reporting":"US","country_sensor_provider":null}},{"type":"Feature","geometry":{"type":"Point","coordinates":[-151,44.9]},"properties":{"ptf_id":1119712,"ptf_ref":"BXUB9CC","category":"ship_based_meteorological_sot_vos","ptf_model":"GENERIC MANUAL","wigos_ref":"0-22000-0-BXUB9CC","country_name":"USA","country_ship":null,"goos_networks":"VOS","ptf_family_name":"Ship Weather Station","country_iso_reporting":"US","country_sensor_provider":null}},{"type":"Feature","geometry":{"type":"Point","coordinates":[-29.8,30.7]},"properties":{"ptf_id":1119886,"ptf_ref":"8BRPW9Z","category":"ship_based_meteorological_sot_vos","ptf_model":"TURBOWIN","wigos_ref":"0-22000-0-8BRPW9Z","country_name":"USA","country_ship":null,"goos_networks":"VOS","ptf_family_name":"Ship Weather Station","country_iso_reporting":"US","country_sensor_provider":null}},{"type":"Feature","geometry":{"type":"Point","coordinates":[-161.2,64.9]},"properties":{"ptf_id":1119889,"ptf_ref":"CAA7ZYT","category":"ship_based_meteorological_sot_vos","ptf_model":"GENERIC MANUAL","wigos_ref":"0-22000-0-CAA7ZYT","country_name":"USA","country_ship":null,"goos_networks":"VOS","ptf_family_name":"Ship Weather Station","country_iso_reporting":"US","country_sensor_provider":null}},{"type":"Feature","geometry":{"type":"Point","coordinates":[57.14,-21.48]},"properties":{"ptf_id":1192617,"ptf_ref":"FSACF2V","category":"ship_based_meteorological_sot_vos","ptf_model":"EUCAWS/NEPTUNE","wigos_ref":"0-22000-0-FSACF2V","country_name":"GERMANY","country_ship":null,"goos_networks":"VOS","ptf_family_name":"Ship Weather Station","country_iso_reporting":"DE","country_sensor_provider":null}},{"type":"Feature","geometry":{"type":"Point","coordinates":[-1.99,47.29]},"properties":{"ptf_id":1120275,"ptf_ref":"SDENXXD","category":"ship_based_meteorological_sot_vos","ptf_model":"EUCAWS/NEPTUNE","wigos_ref":"0-22000-0-SDENXXD","country_name":"FRANCE","country_ship":null,"goos_networks":"VOS","ptf_family_name":"Ship Weather Station","country_iso_reporting":"FR","country_sensor_provider":null}},{"type":"Feature","geometry":{"type":"Point","coordinates":[-58.6,9.8]},"properties":{"ptf_id":1120582,"ptf_ref":"FFXYEPC","category":"ship_based_meteorological_sot_vos","ptf_model":"TURBOWIN+ MANUAL","wigos_ref":"0-22000-0-FFXYEPC","country_name":"UK","country_ship":null,"goos_networks":"VOS","ptf_family_name":"Ship Weather Station","country_iso_reporting":"GB","country_sensor_provider":null}},{"type":"Feature","geometry":{"type":"Point","coordinates":[-76.3,14]},"properties":{"ptf_id":1120583,"ptf_ref":"4FYMDBT","category":"ship_based_meteorological_sot_vos","ptf_model":"TURBOWIN+ MANUAL","wigos_ref":"0-22000-0-4FYMDBT","country_name":"UK","country_ship":null,"goos_networks":"VOS","ptf_family_name":"Ship Weather Station","country_iso_reporting":"GB","country_sensor_provider":null}},{"type":"Feature","geometry":{"type":"Point","coordinates":[-66.9,13.4]},"properties":{"ptf_id":1120584,"ptf_ref":"KPLU3TX","category":"ship_based_meteorological_sot_vos","ptf_model":"TURBOWIN+ MANUAL","wigos_ref":"0-22000-0-KPLU3TX","country_name":"UK","country_ship":null,"goos_networks":"VOS","ptf_family_name":"Ship Weather Station","country_iso_reporting":"GB","country_sensor_provider":null}},{"type":"Feature","geometry":{"type":"Point","coordinates":[-5.4,39.1]},"properties":{"ptf_id":1120585,"ptf_ref":"3WUT68S","category":"ship_based_meteorological_sot_vos","ptf_model":"TURBOWIN+ MANUAL","wigos_ref":"0-22000-0-3WUT68S","country_name":"UK","country_ship":null,"goos_networks":"VOS","ptf_family_name":"Ship Weather Station","country_iso_reporting":"GB","country_sensor_provider":null}},{"type":"Feature","geometry":{"type":"Point","coordinates":[26.4,-31.3]},"properties":{"ptf_id":1121001,"ptf_ref":"XKXT89S","category":"ship_based_meteorological_sot_vos","ptf_model":"TURBOWIN","wigos_ref":"0-22000-0-XKXT89S","country_name":"USA","country_ship":null,"goos_networks":"VOS","ptf_family_name":"Ship Weather Station","country_iso_reporting":"US","country_sensor_provider":null}},{"type":"Feature","geometry":{"type":"Point","coordinates":[-1.43,46.04]},"properties":{"ptf_id":1121464,"ptf_ref":"5UK4TAQ","category":"ship_based_meteorological_sot_vos","ptf_model":"EUCAWS/NEPTUNE","wigos_ref":"0-22000-0-5UK4TAQ","country_name":"FRANCE","country_ship":null,"goos_networks":"VOS","ptf_family_name":"Ship Weather Station","country_iso_reporting":"FR","country_sensor_provider":null}},{"type":"Feature","geometry":{"type":"Point","coordinates":[123.8,29.4]},"properties":{"ptf_id":1121486,"ptf_ref":"AWZ5ZYM","category":"ship_based_meteorological_sot_vos","ptf_model":"TURBOWIN","wigos_ref":"0-22000-0-AWZ5ZYM","country_name":"USA","country_ship":null,"goos_networks":"VOS","ptf_family_name":"Ship Weather Station","country_iso_reporting":"US","country_sensor_provider":null}},{"type":"Feature","geometry":{"type":"Point","coordinates":[-158.4,21.4]},"properties":{"ptf_id":1121492,"ptf_ref":"6XKPFKH","category":"ship_based_meteorological_sot_vos","ptf_model":"GENERIC MANUAL","wigos_ref":"0-22000-0-6XKPFKH","country_name":"USA","country_ship":null,"goos_networks":"VOS","ptf_family_name":"Ship Weather Station","country_iso_reporting":"US","country_sensor_provider":null}},{"type":"Feature","geometry":{"type":"Point","coordinates":[-120.5,33]},"properties":{"ptf_id":1121944,"ptf_ref":"XPJUSXH","category":"ship_based_meteorological_sot_vos","ptf_model":"TURBOWIN","wigos_ref":"0-22000-0-XPJUSXH","country_name":"USA","country_ship":null,"goos_networks":"VOS","ptf_family_name":"Ship Weather Station","country_iso_reporting":"US","country_sensor_provider":null}},{"type":"Feature","geometry":{"type":"Point","coordinates":[-71.4,22.7]},"properties":{"ptf_id":1121945,"ptf_ref":"4ZGLM2V","category":"ship_based_meteorological_sot_vos","ptf_model":"GENERIC MANUAL","wigos_ref":"0-22000-0-4ZGLM2V","country_name":"USA","country_ship":null,"goos_networks":"VOS","ptf_family_name":"Ship Weather Station","country_iso_reporting":"US","country_sensor_provider":null}},{"type":"Feature","geometry":{"type":"Point","coordinates":[23.5,37.1]},"properties":{"ptf_id":1122029,"ptf_ref":"QKSVGKF","category":"ship_based_meteorological_sot_vos","ptf_model":"TURBOWIN","wigos_ref":"0-22000-0-QKSVGKF","country_name":"USA","country_ship":null,"goos_networks":"VOS","ptf_family_name":"Ship Weather Station","country_iso_reporting":"US","country_sensor_provider":null}},{"type":"Feature","geometry":{"type":"Point","coordinates":[144.9,-37.8]},"properties":{"ptf_id":1122552,"ptf_ref":"6WUF62U","category":"ship_based_meteorological_sot_vos","ptf_model":"TURBOWIN+ AUTO","wigos_ref":"0-22000-0-6WUF62U","country_name":"AUSTRALIA","country_ship":null,"goos_networks":"VOS","ptf_family_name":"Ship Weather Station","country_iso_reporting":"AU","country_sensor_provider":null}},{"type":"Feature","geometry":{"type":"Point","coordinates":[-58.9,34.3]},"properties":{"ptf_id":1122736,"ptf_ref":"WZK3K4L","category":"ship_based_meteorological_sot_vos","ptf_model":"TURBOWIN+ MANUAL","wigos_ref":"0-22000-0-WZK3K4L","country_name":"UK","country_ship":null,"goos_networks":"VOS","ptf_family_name":"Ship Weather Station","country_iso_reporting":"GB","country_sensor_provider":null}},{"type":"Feature","geometry":{"type":"Point","coordinates":[-2.58,47]},"properties":{"ptf_id":1123487,"ptf_ref":"URRRMDR","category":"ship_based_meteorological_sot_vos","ptf_model":"EUCAWS/NEPTUNE","wigos_ref":"0-22000-0-URRRMDR","country_name":"FRANCE","country_ship":null,"goos_networks":"VOS","ptf_family_name":"Ship Weather Station","country_iso_reporting":"FR","country_sensor_provider":null}},{"type":"Feature","geometry":{"type":"Point","coordinates":[14.9,-32.9]},"properties":{"ptf_id":1123499,"ptf_ref":"LGQ7ZHZ","category":"ship_based_meteorological_sot_vos","ptf_model":"TURBOWIN","wigos_ref":"0-22000-0-LGQ7ZHZ","country_name":"USA","country_ship":null,"goos_networks":"VOS","ptf_family_name":"Ship Weather Station","country_iso_reporting":"US","country_sensor_provider":null}},{"type":"Feature","geometry":{"type":"Point","coordinates":[3.9,38.8]},"properties":{"ptf_id":1123519,"ptf_ref":"BNL25RM","category":"ship_based_meteorological_sot_vos","ptf_model":"TURBOWIN","wigos_ref":"0-22000-0-BNL25RM","country_name":"USA","country_ship":null,"goos_networks":"VOS","ptf_family_name":"Ship Weather Station","country_iso_reporting":"US","country_sensor_provider":null}},{"type":"Feature","geometry":{"type":"Point","coordinates":[-168.4,46]},"properties":{"ptf_id":1123528,"ptf_ref":"KCCJLFR","category":"ship_based_meteorological_sot_vos","ptf_model":"GENERIC MANUAL","wigos_ref":"0-22000-0-KCCJLFR","country_name":"USA","country_ship":null,"goos_networks":"VOS","ptf_family_name":"Ship Weather Station","country_iso_reporting":"US","country_sensor_provider":null}},{"type":"Feature","geometry":{"type":"Point","coordinates":[-75.5,17.1]},"properties":{"ptf_id":1123572,"ptf_ref":"PXJWKYK","category":"ship_based_meteorological_sot_vos","ptf_model":"TURBOWIN","wigos_ref":"0-22000-0-PXJWKYK","country_name":"USA","country_ship":null,"goos_networks":"VOS","ptf_family_name":"Ship Weather Station","country_iso_reporting":"US","country_sensor_provider":null}},{"type":"Feature","geometry":{"type":"Point","coordinates":[-135.9,52.1]},"properties":{"ptf_id":1123592,"ptf_ref":"UUKRPHW","category":"ship_based_meteorological_sot_vos","ptf_model":"GENERIC MANUAL","wigos_ref":"0-22000-0-UUKRPHW","country_name":"USA","country_ship":null,"goos_networks":"VOS","ptf_family_name":"Ship Weather Station","country_iso_reporting":"US","country_sensor_provider":null}},{"type":"Feature","geometry":{"type":"Point","coordinates":[161.3,16]},"properties":{"ptf_id":1123606,"ptf_ref":"RPXPU5H","category":"ship_based_meteorological_sot_vos","ptf_model":"TURBOWIN","wigos_ref":"0-22000-0-RPXPU5H","country_name":"USA","country_ship":null,"goos_networks":"VOS","ptf_family_name":"Ship Weather Station","country_iso_reporting":"US","country_sensor_provider":null}},{"type":"Feature","geometry":{"type":"Point","coordinates":[78.2,4.9]},"properties":{"ptf_id":1124056,"ptf_ref":"NDN4JZX","category":"ship_based_meteorological_sot_vos","ptf_model":"TURBOWIN+ MANUAL","wigos_ref":"0-22000-0-NDN4JZX","country_name":"UK","country_ship":null,"goos_networks":"VOS","ptf_family_name":"Ship Weather Station","country_iso_reporting":"GB","country_sensor_provider":null}},{"type":"Feature","geometry":{"type":"Point","coordinates":[-52.7,64.7]},"properties":{"ptf_id":1124162,"ptf_ref":"VEVFC5X","category":"ship_based_meteorological_sot_vos","ptf_model":"BATOS","wigos_ref":"0-22000-0-VEVFC5X","country_name":"FRANCE","country_ship":null,"goos_networks":"VOS","ptf_family_name":"Ship Weather Station","country_iso_reporting":"FR","country_sensor_provider":null}},{"type":"Feature","geometry":{"type":"Point","coordinates":[13,36.8]},"properties":{"ptf_id":1124164,"ptf_ref":"BCYUD8D","category":"ship_based_meteorological_sot_vos","ptf_model":"TURBOWIN+ MANUAL","wigos_ref":"0-22000-0-BCYUD8D","country_name":"UK","country_ship":null,"goos_networks":"VOS","ptf_family_name":"Ship Weather Station","country_iso_reporting":"GB","country_sensor_provider":null}},{"type":"Feature","geometry":{"type":"Point","coordinates":[27.1,33.2]},"properties":{"ptf_id":1124331,"ptf_ref":"LVFXP5T","category":"ship_based_meteorological_sot_vos","ptf_model":"TURBOWIN+ MANUAL","wigos_ref":"0-22000-0-LVFXP5T","country_name":"GERMANY","country_ship":null,"goos_networks":"VOS","ptf_family_name":"Ship Weather Station","country_iso_reporting":"DE","country_sensor_provider":null}},{"type":"Feature","geometry":{"type":"Point","coordinates":[-14.3,29.4]},"properties":{"ptf_id":1124333,"ptf_ref":"YGHG2LK","category":"ship_based_meteorological_sot_vos","ptf_model":"TURBOWIN+ MANUAL","wigos_ref":"0-22000-0-YGHG2LK","country_name":"GERMANY","country_ship":null,"goos_networks":"VOS","ptf_family_name":"Ship Weather Station","country_iso_reporting":"DE","country_sensor_provider":null}},{"type":"Feature","geometry":{"type":"Point","coordinates":[127.8,33.4]},"properties":{"ptf_id":1124334,"ptf_ref":"YBBHE7D","category":"ship_based_meteorological_sot_vos","ptf_model":"TURBOWIN+ MANUAL","wigos_ref":"0-22000-0-YBBHE7D","country_name":"GERMANY","country_ship":null,"goos_networks":"VOS","ptf_family_name":"Ship Weather Station","country_iso_reporting":"DE","country_sensor_provider":null}},{"type":"Feature","geometry":{"type":"Point","coordinates":[7.3,54.3]},"properties":{"ptf_id":1124335,"ptf_ref":"PDUGHSX","category":"ship_based_meteorological_sot_vos","ptf_model":"TURBOWIN+ MANUAL","wigos_ref":"0-22000-0-PDUGHSX","country_name":"GERMANY","country_ship":null,"goos_networks":"VOS","ptf_family_name":"Ship Weather Station","country_iso_reporting":"DE","country_sensor_provider":null}},{"type":"Feature","geometry":{"type":"Point","coordinates":[35.3,-31.3]},"properties":{"ptf_id":1124336,"ptf_ref":"7SQFCQE","category":"ship_based_meteorological_sot_vos","ptf_model":"TURBOWIN+ MANUAL","wigos_ref":"0-22000-0-7SQFCQE","country_name":"GERMANY","country_ship":null,"goos_networks":"VOS","ptf_family_name":"Ship Weather Station","country_iso_reporting":"DE","country_sensor_provider":null}},{"type":"Feature","geometry":{"type":"Point","coordinates":[114.6,22.4]},"properties":{"ptf_id":1124337,"ptf_ref":"7AEXY4L","category":"ship_based_meteorological_sot_vos","ptf_model":"TURBOWIN+ MANUAL","wigos_ref":"0-22000-0-7AEXY4L","country_name":"GERMANY","country_ship":null,"goos_networks":"VOS","ptf_family_name":"Ship Weather Station","country_iso_reporting":"DE","country_sensor_provider":null}},{"type":"Feature","geometry":{"type":"Point","coordinates":[178.7,61.5]},"properties":{"ptf_id":1124342,"ptf_ref":"SET2MMJ","category":"ship_based_meteorological_sot_vos","ptf_model":"GENERIC MANUAL","wigos_ref":"0-22000-0-SET2MMJ","country_name":"USA","country_ship":null,"goos_networks":"VOS","ptf_family_name":"Ship Weather Station","country_iso_reporting":"US","country_sensor_provider":null}},{"type":"Feature","geometry":{"type":"Point","coordinates":[-149.4,52.3]},"properties":{"ptf_id":1124346,"ptf_ref":"AXQ7M6P","category":"ship_based_meteorological_sot_vos","ptf_model":"TURBOWIN","wigos_ref":"0-22000-0-AXQ7M6P","country_name":"USA","country_ship":null,"goos_networks":"VOS","ptf_family_name":"Ship Weather Station","country_iso_reporting":"US","country_sensor_provider":null}},{"type":"Feature","geometry":{"type":"Point","coordinates":[63.4,-18]},"properties":{"ptf_id":1124354,"ptf_ref":"MMFRPHW","category":"ship_based_meteorological_sot_vos","ptf_model":"GENERIC MANUAL","wigos_ref":"0-22000-0-MMFRPHW","country_name":"USA","country_ship":null,"goos_networks":"VOS","ptf_family_name":"Ship Weather Station","country_iso_reporting":"US","country_sensor_provider":null}},{"type":"Feature","geometry":{"type":"Point","coordinates":[74,-11]},"properties":{"ptf_id":1124359,"ptf_ref":"GWLM8DN","category":"ship_based_meteorological_sot_vos","ptf_model":"GENERIC MANUAL","wigos_ref":"0-22000-0-GWLM8DN","country_name":"USA","country_ship":null,"goos_networks":"VOS","ptf_family_name":"Ship Weather Station","country_iso_reporting":"US","country_sensor_provider":null}},{"type":"Feature","geometry":{"type":"Point","coordinates":[12.4,45.1]},"properties":{"ptf_id":1124776,"ptf_ref":"ETWE69U","category":"ship_based_meteorological_sot_vos","ptf_model":"TURBOWIN+ MANUAL","wigos_ref":"0-22000-0-ETWE69U","country_name":"UK","country_ship":null,"goos_networks":"VOS","ptf_family_name":"Ship Weather Station","country_iso_reporting":"GB","country_sensor_provider":null}},{"type":"Feature","geometry":{"type":"Point","coordinates":[6.76,42.56]},"properties":{"ptf_id":1135563,"ptf_ref":"FYTT4LF","category":"ship_based_meteorological_sot_vos","ptf_model":"EUCAWS/NEPTUNE","wigos_ref":"0-22000-0-FYTT4LF","country_name":"FRANCE","country_ship":null,"goos_networks":"VOS","ptf_family_name":"Ship Weather Station","country_iso_reporting":"FR","country_sensor_provider":null}},{"type":"Feature","geometry":{"type":"Point","coordinates":[3.7,51.46]},"properties":{"ptf_id":1135598,"ptf_ref":"DWJ569M","category":"ship_based_meteorological_sot_vos","ptf_model":"TURBOWIN+ AUTO","wigos_ref":"0-22000-0-DWJ569M","country_name":"NETHERLANDS","country_ship":null,"goos_networks":"VOS","ptf_family_name":"Ship Weather Station","country_iso_reporting":"NL","country_sensor_provider":null}},{"type":"Feature","geometry":{"type":"Point","coordinates":[35.39,25.55]},"properties":{"ptf_id":1135752,"ptf_ref":"5WUJ24E","category":"ship_based_meteorological_sot_vos","ptf_model":"EUCAWS/NEPTUNE","wigos_ref":"0-22000-0-5WUJ24E","country_name":"GERMANY","country_ship":null,"goos_networks":"VOS","ptf_family_name":"Ship Weather Station","country_iso_reporting":"DE","country_sensor_provider":null}},{"type":"Feature","geometry":{"type":"Point","coordinates":[-6.73,36.03]},"properties":{"ptf_id":1135762,"ptf_ref":"ZNSLBZM","category":"ship_based_meteorological_sot_vos","ptf_model":"EUCAWS/NEPTUNE","wigos_ref":"0-22000-0-ZNSLBZM","country_name":"FRANCE","country_ship":null,"goos_networks":"VOS","ptf_family_name":"Ship Weather Station","country_iso_reporting":"FR","country_sensor_provider":null}},{"type":"Feature","geometry":{"type":"Point","coordinates":[-52.7,47.5]},"properties":{"ptf_id":1135889,"ptf_ref":"SLTUAJL","category":"ship_based_meteorological_sot_vos","ptf_model":"AVOS","wigos_ref":"0-22000-0-SLTUAJL","country_name":"CANADA","country_ship":null,"goos_networks":"VOS","ptf_family_name":"Ship Weather Station","country_iso_reporting":"CA","country_sensor_provider":null}},{"type":"Feature","geometry":{"type":"Point","coordinates":[-71.2,20.3]},"properties":{"ptf_id":1135932,"ptf_ref":"MTA2U2J","category":"ship_based_meteorological_sot_vos","ptf_model":"TURBOWIN+ AUTO","wigos_ref":"0-22000-0-MTA2U2J","country_name":"USA","country_ship":null,"goos_networks":"VOS","ptf_family_name":"Ship Weather Station","country_iso_reporting":"US","country_sensor_provider":null}},{"type":"Feature","geometry":{"type":"Point","coordinates":[-94.5,29.3]},"properties":{"ptf_id":1135939,"ptf_ref":"DHH3T3L","category":"ship_based_meteorological_sot_vos","ptf_model":"TURBOWIN+ AUTO","wigos_ref":"0-22000-0-DHH3T3L","country_name":"USA","country_ship":null,"goos_networks":"VOS","ptf_family_name":"Ship Weather Station","country_iso_reporting":"US","country_sensor_provider":null}},{"type":"Feature","geometry":{"type":"Point","coordinates":[-155.5,30.3]},"properties":{"ptf_id":1135940,"ptf_ref":"NTL3UVV","category":"ship_based_meteorological_sot_vos","ptf_model":"GENERIC MANUAL","wigos_ref":"0-22000-0-NTL3UVV","country_name":"USA","country_ship":null,"goos_networks":"VOS","ptf_family_name":"Ship Weather Station","country_iso_reporting":"US","country_sensor_provider":null}},{"type":"Feature","geometry":{"type":"Point","coordinates":[155,45]},"properties":{"ptf_id":1135943,"ptf_ref":"4VUMH7Q","category":"ship_based_meteorological_sot_vos","ptf_model":"TURBOWIN","wigos_ref":"0-22000-0-4VUMH7Q","country_name":"USA","country_ship":null,"goos_networks":"VOS","ptf_family_name":"Ship Weather Station","country_iso_reporting":"US","country_sensor_provider":null}},{"type":"Feature","geometry":{"type":"Point","coordinates":[-97,27.8]},"properties":{"ptf_id":1135945,"ptf_ref":"8HSLGBQ","category":"ship_based_meteorological_sot_vos","ptf_model":"TURBOWIN+ AUTO","wigos_ref":"0-22000-0-8HSLGBQ","country_name":"USA","country_ship":null,"goos_networks":"VOS","ptf_family_name":"Ship Weather Station","country_iso_reporting":"US","country_sensor_provider":null}},{"type":"Feature","geometry":{"type":"Point","coordinates":[3.7,51.46]},"properties":{"ptf_id":1136171,"ptf_ref":"BGT9CMU","category":"ship_based_meteorological_sot_vos","ptf_model":"EUCAWS/NEPTUNE","wigos_ref":"0-22000-0-BGT9CMU","country_name":"NETHERLANDS","country_ship":null,"goos_networks":"VOS","ptf_family_name":"Ship Weather Station","country_iso_reporting":"NL","country_sensor_provider":null}},{"type":"Feature","geometry":{"type":"Point","coordinates":[95.9,5.9]},"properties":{"ptf_id":1136318,"ptf_ref":"NHY54YT","category":"ship_based_meteorological_sot_vos","ptf_model":"GENERIC MANUAL","wigos_ref":"0-22000-0-NHY54YT","country_name":"USA","country_ship":null,"goos_networks":"VOS","ptf_family_name":"Ship Weather Station","country_iso_reporting":"US","country_sensor_provider":null}},{"type":"Feature","geometry":{"type":"Point","coordinates":[127.6,32.8]},"properties":{"ptf_id":1136321,"ptf_ref":"KYF9Q3S","category":"ship_based_meteorological_sot_vos","ptf_model":"TURBOWIN","wigos_ref":"0-22000-0-KYF9Q3S","country_name":"USA","country_ship":null,"goos_networks":"VOS","ptf_family_name":"Ship Weather Station","country_iso_reporting":"US","country_sensor_provider":null}},{"type":"Feature","geometry":{"type":"Point","coordinates":[157.7,45.6]},"properties":{"ptf_id":1136334,"ptf_ref":"YKH2H5D","category":"ship_based_meteorological_sot_vos","ptf_model":"GENERIC MANUAL","wigos_ref":"0-22000-0-YKH2H5D","country_name":"USA","country_ship":null,"goos_networks":"VOS","ptf_family_name":"Ship Weather Station","country_iso_reporting":"US","country_sensor_provider":null}},{"type":"Feature","geometry":{"type":"Point","coordinates":[-10.4,34.3]},"properties":{"ptf_id":1136342,"ptf_ref":"AXNSWNE","category":"ship_based_meteorological_sot_vos","ptf_model":"TURBOWIN","wigos_ref":"0-22000-0-AXNSWNE","country_name":"USA","country_ship":null,"goos_networks":"VOS","ptf_family_name":"Ship Weather Station","country_iso_reporting":"US","country_sensor_provider":null}},{"type":"Feature","geometry":{"type":"Point","coordinates":[31,-29.8]},"properties":{"ptf_id":1136346,"ptf_ref":"8HDC45W","category":"ship_based_meteorological_sot_vos","ptf_model":"GENERIC MANUAL","wigos_ref":"0-22000-0-8HDC45W","country_name":"USA","country_ship":null,"goos_networks":"VOS","ptf_family_name":"Ship Weather Station","country_iso_reporting":"US","country_sensor_provider":null}},{"type":"Feature","geometry":{"type":"Point","coordinates":[-12.15,61.53]},"properties":{"ptf_id":1136366,"ptf_ref":"5GY76AX","category":"ship_based_meteorological_sot_vos","ptf_model":"EUCAWS/NEPTUNE","wigos_ref":"0-22000-0-5GY76AX","country_name":"GERMANY","country_ship":null,"goos_networks":"VOS","ptf_family_name":"Ship Weather Station","country_iso_reporting":"DE","country_sensor_provider":null}},{"type":"Feature","geometry":{"type":"Point","coordinates":[5.33,43.34]},"properties":{"ptf_id":1136456,"ptf_ref":"PKKBEMZ","category":"ship_based_meteorological_sot_vos","ptf_model":"EUCAWS/NEPTUNE","wigos_ref":"0-22000-0-PKKBEMZ","country_name":"FRANCE","country_ship":null,"goos_networks":"VOS","ptf_family_name":"Ship Weather Station","country_iso_reporting":"FR","country_sensor_provider":null}},{"type":"Feature","geometry":{"type":"Point","coordinates":[-21.86,64.15]},"properties":{"ptf_id":1136457,"ptf_ref":"MBBJ7YM","category":"ship_based_meteorological_sot_vos","ptf_model":"EUCAWS/NEPTUNE","wigos_ref":"0-22000-0-MBBJ7YM","country_name":"FRANCE","country_ship":null,"goos_networks":"VOS","ptf_family_name":"Ship Weather Station","country_iso_reporting":"FR","country_sensor_provider":null}},{"type":"Feature","geometry":{"type":"Point","coordinates":[-6,50.8]},"properties":{"ptf_id":1136803,"ptf_ref":"XQQXQSF","category":"ship_based_meteorological_sot_vos","ptf_model":"AMOS2X","wigos_ref":"0-22000-0-XQQXQSF","country_name":"UK","country_ship":null,"goos_networks":"VOS","ptf_family_name":"Ship Weather Station","country_iso_reporting":"GB","country_sensor_provider":null}},{"type":"Feature","geometry":{"type":"Point","coordinates":[29.5,40.74]},"properties":{"ptf_id":1136843,"ptf_ref":"PCTTNBL","category":"ship_based_meteorological_sot_vos","ptf_model":"EUCAWS/NEPTUNE","wigos_ref":"0-22000-0-PCTTNBL","country_name":"GERMANY","country_ship":null,"goos_networks":"VOS","ptf_family_name":"Ship Weather Station","country_iso_reporting":"DE","country_sensor_provider":null}},{"type":"Feature","geometry":{"type":"Point","coordinates":[4.01,53.87]},"properties":{"ptf_id":1136846,"ptf_ref":"4YGWVDB","category":"ship_based_meteorological_sot_vos","ptf_model":"EUCAWS/NEPTUNE","wigos_ref":"0-22000-0-4YGWVDB","country_name":"GERMANY","country_ship":null,"goos_networks":"VOS","ptf_family_name":"Ship Weather Station","country_iso_reporting":"DE","country_sensor_provider":null}},{"type":"Feature","geometry":{"type":"Point","coordinates":[-67.72,18.8]},"properties":{"ptf_id":1136890,"ptf_ref":"YXK7JYM","category":"ship_based_meteorological_sot_vos","ptf_model":"EUCAWS/NEPTUNE","wigos_ref":"0-22000-0-YXK7JYM","country_name":"GERMANY","country_ship":null,"goos_networks":"VOS","ptf_family_name":"Ship Weather Station","country_iso_reporting":"DE","country_sensor_provider":null}},{"type":"Feature","geometry":{"type":"Point","coordinates":[-58.8,10.8]},"properties":{"ptf_id":1136920,"ptf_ref":"GLU26VN","category":"ship_based_meteorological_sot_vos","ptf_model":"TURBOWIN+ MANUAL","wigos_ref":"0-22000-0-GLU26VN","country_name":"JAPAN","country_ship":null,"goos_networks":"VOS","ptf_family_name":"Ship Weather Station","country_iso_reporting":"JP","country_sensor_provider":null}},{"type":"Feature","geometry":{"type":"Point","coordinates":[145,35.1]},"properties":{"ptf_id":1136921,"ptf_ref":"2JUZJ6Q","category":"ship_based_meteorological_sot_vos","ptf_model":"GENERIC MANUAL","wigos_ref":"0-22000-0-2JUZJ6Q","country_name":"JAPAN","country_ship":null,"goos_networks":"VOS","ptf_family_name":"Ship Weather Station","country_iso_reporting":"JP","country_sensor_provider":null}},{"type":"Feature","geometry":{"type":"Point","coordinates":[25.9,-35.4]},"properties":{"ptf_id":1136927,"ptf_ref":"XHPGWKR","category":"ship_based_meteorological_sot_vos","ptf_model":"TURBOWIN+ MANUAL","wigos_ref":"0-22000-0-XHPGWKR","country_name":"JAPAN","country_ship":null,"goos_networks":"VOS","ptf_family_name":"Ship Weather Station","country_iso_reporting":"JP","country_sensor_provider":null}},{"type":"Feature","geometry":{"type":"Point","coordinates":[-93.5,26.5]},"properties":{"ptf_id":1136931,"ptf_ref":"BGSF6MD","category":"ship_based_meteorological_sot_vos","ptf_model":"TURBOWIN+ MANUAL","wigos_ref":"0-22000-0-BGSF6MD","country_name":"JAPAN","country_ship":null,"goos_networks":"VOS","ptf_family_name":"Ship Weather Station","country_iso_reporting":"JP","country_sensor_provider":null}},{"type":"Feature","geometry":{"type":"Point","coordinates":[108.3,6.2]},"properties":{"ptf_id":1137320,"ptf_ref":"4FUM76G","category":"ship_based_meteorological_sot_vos","ptf_model":"TURBOWIN","wigos_ref":"0-22000-0-4FUM76G","country_name":"USA","country_ship":null,"goos_networks":"VOS","ptf_family_name":"Ship Weather Station","country_iso_reporting":"US","country_sensor_provider":null}},{"type":"Feature","geometry":{"type":"Point","coordinates":[-124.3,45.5]},"properties":{"ptf_id":1137328,"ptf_ref":"5SBX6HB","category":"ship_based_meteorological_sot_vos","ptf_model":"GENERIC MANUAL","wigos_ref":"0-22000-0-5SBX6HB","country_name":"USA","country_ship":null,"goos_networks":"VOS","ptf_family_name":"Ship Weather Station","country_iso_reporting":"US","country_sensor_provider":null}},{"type":"Feature","geometry":{"type":"Point","coordinates":[-110.3,24.2]},"properties":{"ptf_id":1137330,"ptf_ref":"LPNWH9E","category":"ship_based_meteorological_sot_vos","ptf_model":"TURBOWIN+ AUTO","wigos_ref":"0-22000-0-LPNWH9E","country_name":"USA","country_ship":null,"goos_networks":"VOS","ptf_family_name":"Ship Weather Station","country_iso_reporting":"US","country_sensor_provider":null}},{"type":"Feature","geometry":{"type":"Point","coordinates":[-106.3,22.1]},"properties":{"ptf_id":1137331,"ptf_ref":"MJCXEGJ","category":"ship_based_meteorological_sot_vos","ptf_model":"TURBOWIN+ AUTO","wigos_ref":"0-22000-0-MJCXEGJ","country_name":"USA","country_ship":null,"goos_networks":"VOS","ptf_family_name":"Ship Weather Station","country_iso_reporting":"US","country_sensor_provider":null}},{"type":"Feature","geometry":{"type":"Point","coordinates":[-73.9,35.6]},"properties":{"ptf_id":1139136,"ptf_ref":"7ETP9BY","category":"ship_based_meteorological_sot_vos","ptf_model":"TURBOWIN+ MANUAL","wigos_ref":"0-22000-0-7ETP9BY","country_name":"GERMANY","country_ship":null,"goos_networks":"VOS","ptf_family_name":"Ship Weather Station","country_iso_reporting":"DE","country_sensor_provider":null}},{"type":"Feature","geometry":{"type":"Point","coordinates":[111.2,13]},"properties":{"ptf_id":1139137,"ptf_ref":"7UWC6HS","category":"ship_based_meteorological_sot_vos","ptf_model":"TURBOWIN+ MANUAL","wigos_ref":"0-22000-0-7UWC6HS","country_name":"GERMANY","country_ship":null,"goos_networks":"VOS","ptf_family_name":"Ship Weather Station","country_iso_reporting":"DE","country_sensor_provider":null}},{"type":"Feature","geometry":{"type":"Point","coordinates":[113.84,22.5]},"properties":{"ptf_id":1139140,"ptf_ref":"HLV8QXK","category":"ship_based_meteorological_sot_vos","ptf_model":"EUCAWS/NEPTUNE","wigos_ref":"0-22000-0-HLV8QXK","country_name":"GERMANY","country_ship":null,"goos_networks":"VOS","ptf_family_name":"Ship Weather Station","country_iso_reporting":"DE","country_sensor_provider":null}},{"type":"Feature","geometry":{"type":"Point","coordinates":[10.5,57.4]},"properties":{"ptf_id":1139142,"ptf_ref":"4MBUR2D","category":"ship_based_meteorological_sot_vos","ptf_model":"AMOS2X","wigos_ref":"0-22000-0-4MBUR2D","country_name":"UK","country_ship":null,"goos_networks":"VOS","ptf_family_name":"Ship Weather Station","country_iso_reporting":"GB","country_sensor_provider":null}},{"type":"Feature","geometry":{"type":"Point","coordinates":[5.32,43.23]},"properties":{"ptf_id":1139899,"ptf_ref":"UUCRDEK","category":"ship_based_meteorological_sot_vos","ptf_model":"MERCURY","wigos_ref":"0-22000-0-UUCRDEK","country_name":"FRANCE","country_ship":null,"goos_networks":"VOS","ptf_family_name":"Ship Weather Station","country_iso_reporting":"FR","country_sensor_provider":null}},{"type":"Feature","geometry":{"type":"Point","coordinates":[-0.2,53.6]},"properties":{"ptf_id":1140096,"ptf_ref":"QTHGSLL","category":"ship_based_meteorological_sot_vos","ptf_model":"AMOS2X","wigos_ref":"0-22000-0-QTHGSLL","country_name":"UK","country_ship":null,"goos_networks":"VOS","ptf_family_name":"Ship Weather Station","country_iso_reporting":"GB","country_sensor_provider":null}},{"type":"Feature","geometry":{"type":"Point","coordinates":[-78.8,23]},"properties":{"ptf_id":1140439,"ptf_ref":"3TDQ4YN","category":"ship_based_meteorological_sot_vos","ptf_model":"GENERIC MANUAL","wigos_ref":"0-22000-0-3TDQ4YN","country_name":"USA","country_ship":null,"goos_networks":"VOS","ptf_family_name":"Ship Weather Station","country_iso_reporting":"US","country_sensor_provider":null}},{"type":"Feature","geometry":{"type":"Point","coordinates":[-82.6,27.6]},"properties":{"ptf_id":1140442,"ptf_ref":"HBSJTAB","category":"ship_based_meteorological_sot_vos","ptf_model":"TURBOWIN+ AUTO","wigos_ref":"0-22000-0-HBSJTAB","country_name":"USA","country_ship":null,"goos_networks":"VOS","ptf_family_name":"Ship Weather Station","country_iso_reporting":"US","country_sensor_provider":null}},{"type":"Feature","geometry":{"type":"Point","coordinates":[-6.2,47.6]},"properties":{"ptf_id":1140444,"ptf_ref":"KPLEY4B","category":"ship_based_meteorological_sot_vos","ptf_model":"TURBOWIN","wigos_ref":"0-22000-0-KPLEY4B","country_name":"USA","country_ship":null,"goos_networks":"VOS","ptf_family_name":"Ship Weather Station","country_iso_reporting":"US","country_sensor_provider":null}},{"type":"Feature","geometry":{"type":"Point","coordinates":[-123.1,36.8]},"properties":{"ptf_id":1140451,"ptf_ref":"9QSHGKB","category":"ship_based_meteorological_sot_vos","ptf_model":"TURBOWIN+ AUTO","wigos_ref":"0-22000-0-9QSHGKB","country_name":"USA","country_ship":null,"goos_networks":"VOS","ptf_family_name":"Ship Weather Station","country_iso_reporting":"US","country_sensor_provider":null}},{"type":"Feature","geometry":{"type":"Point","coordinates":[11.8,41.5]},"properties":{"ptf_id":1140452,"ptf_ref":"2AAKXNY","category":"ship_based_meteorological_sot_vos","ptf_model":"TURBOWIN+ AUTO","wigos_ref":"0-22000-0-2AAKXNY","country_name":"USA","country_ship":null,"goos_networks":"VOS","ptf_family_name":"Ship Weather Station","country_iso_reporting":"US","country_sensor_provider":null}},{"type":"Feature","geometry":{"type":"Point","coordinates":[-64.8,10.1]},"properties":{"ptf_id":1140453,"ptf_ref":"4DCCUHC","category":"ship_based_meteorological_sot_vos","ptf_model":"TURBOWIN","wigos_ref":"0-22000-0-4DCCUHC","country_name":"USA","country_ship":null,"goos_networks":"VOS","ptf_family_name":"Ship Weather Station","country_iso_reporting":"US","country_sensor_provider":null}},{"type":"Feature","geometry":{"type":"Point","coordinates":[14.7,39.7]},"properties":{"ptf_id":1140454,"ptf_ref":"3TF48BJ","category":"ship_based_meteorological_sot_vos","ptf_model":"TURBOWIN+ AUTO","wigos_ref":"0-22000-0-3TF48BJ","country_name":"USA","country_ship":null,"goos_networks":"VOS","ptf_family_name":"Ship Weather Station","country_iso_reporting":"US","country_sensor_provider":null}},{"type":"Feature","geometry":{"type":"Point","coordinates":[-88.6,15.7]},"properties":{"ptf_id":1140456,"ptf_ref":"DQK8J5P","category":"ship_based_meteorological_sot_vos","ptf_model":"TURBOWIN+ AUTO","wigos_ref":"0-22000-0-DQK8J5P","country_name":"USA","country_ship":null,"goos_networks":"VOS","ptf_family_name":"Ship Weather Station","country_iso_reporting":"US","country_sensor_provider":null}},{"type":"Feature","geometry":{"type":"Point","coordinates":[-87.1,42.4]},"properties":{"ptf_id":1140458,"ptf_ref":"VJP5TDL","category":"ship_based_meteorological_sot_vos","ptf_model":"DMAWDS","wigos_ref":"0-22000-0-VJP5TDL","country_name":"USA","country_ship":null,"goos_networks":"VOS","ptf_family_name":"Ship Weather Station","country_iso_reporting":"US","country_sensor_provider":null}},{"type":"Feature","geometry":{"type":"Point","coordinates":[3.9,52.7]},"properties":{"ptf_id":1140467,"ptf_ref":"QFH3JWE","category":"ship_based_meteorological_sot_vos","ptf_model":"TURBOWIN","wigos_ref":"0-22000-0-QFH3JWE","country_name":"USA","country_ship":null,"goos_networks":"VOS","ptf_family_name":"Ship Weather Station","country_iso_reporting":"US","country_sensor_provider":null}},{"type":"Feature","geometry":{"type":"Point","coordinates":[-141.4,43.2]},"properties":{"ptf_id":1140468,"ptf_ref":"AUPT2LY","category":"ship_based_meteorological_sot_vos","ptf_model":"TURBOWIN+ AUTO","wigos_ref":"0-22000-0-AUPT2LY","country_name":"USA","country_ship":null,"goos_networks":"VOS","ptf_family_name":"Ship Weather Station","country_iso_reporting":"US","country_sensor_provider":null}},{"type":"Feature","geometry":{"type":"Point","coordinates":[-122.9,34.5]},"properties":{"ptf_id":1140469,"ptf_ref":"BPLQB6H","category":"ship_based_meteorological_sot_vos","ptf_model":"GENERIC MANUAL","wigos_ref":"0-22000-0-BPLQB6H","country_name":"USA","country_ship":null,"goos_networks":"VOS","ptf_family_name":"Ship Weather Station","country_iso_reporting":"US","country_sensor_provider":null}},{"type":"Feature","geometry":{"type":"Point","coordinates":[126.9,30.1]},"properties":{"ptf_id":1140470,"ptf_ref":"4SVGKRE","category":"ship_based_meteorological_sot_vos","ptf_model":"TURBOWIN+ AUTO","wigos_ref":"0-22000-0-4SVGKRE","country_name":"USA","country_ship":null,"goos_networks":"VOS","ptf_family_name":"Ship Weather Station","country_iso_reporting":"US","country_sensor_provider":null}},{"type":"Feature","geometry":{"type":"Point","coordinates":[-86.7,43.8]},"properties":{"ptf_id":1140471,"ptf_ref":"EAQJG4U","category":"ship_based_meteorological_sot_vos","ptf_model":"DMAWDS","wigos_ref":"0-22000-0-EAQJG4U","country_name":"USA","country_ship":null,"goos_networks":"VOS","ptf_family_name":"Ship Weather Station","country_iso_reporting":"US","country_sensor_provider":null}},{"type":"Feature","geometry":{"type":"Point","coordinates":[-81.4,24.4]},"properties":{"ptf_id":1140472,"ptf_ref":"QMTNC3B","category":"ship_based_meteorological_sot_vos","ptf_model":"TURBOWIN+ AUTO","wigos_ref":"0-22000-0-QMTNC3B","country_name":"USA","country_ship":null,"goos_networks":"VOS","ptf_family_name":"Ship Weather Station","country_iso_reporting":"US","country_sensor_provider":null}},{"type":"Feature","geometry":{"type":"Point","coordinates":[-84.6,27.6]},"properties":{"ptf_id":1141496,"ptf_ref":"6DB5WXD","category":"ship_based_meteorological_sot_vos","ptf_model":"TURBOWIN+ AUTO","wigos_ref":"0-22000-0-6DB5WXD","country_name":"USA","country_ship":null,"goos_networks":"VOS","ptf_family_name":"Ship Weather Station","country_iso_reporting":"US","country_sensor_provider":null}},{"type":"Feature","geometry":{"type":"Point","coordinates":[-93.8,29.9]},"properties":{"ptf_id":1141497,"ptf_ref":"GEDPCVR","category":"ship_based_meteorological_sot_vos","ptf_model":"TURBOWIN+ AUTO","wigos_ref":"0-22000-0-GEDPCVR","country_name":"USA","country_ship":null,"goos_networks":"VOS","ptf_family_name":"Ship Weather Station","country_iso_reporting":"US","country_sensor_provider":null}},{"type":"Feature","geometry":{"type":"Point","coordinates":[-82.4,27.9]},"properties":{"ptf_id":1141499,"ptf_ref":"YLE55EX","category":"ship_based_meteorological_sot_vos","ptf_model":"TURBOWIN+ AUTO","wigos_ref":"0-22000-0-YLE55EX","country_name":"USA","country_ship":null,"goos_networks":"VOS","ptf_family_name":"Ship Weather Station","country_iso_reporting":"US","country_sensor_provider":null}},{"type":"Feature","geometry":{"type":"Point","coordinates":[-8.8,41.7]},"properties":{"ptf_id":1141500,"ptf_ref":"8JFFK5X","category":"ship_based_meteorological_sot_vos","ptf_model":"GENERIC MANUAL","wigos_ref":"0-22000-0-8JFFK5X","country_name":"USA","country_ship":null,"goos_networks":"VOS","ptf_family_name":"Ship Weather Station","country_iso_reporting":"US","country_sensor_provider":null}},{"type":"Feature","geometry":{"type":"Point","coordinates":[-89.3,25.7]},"properties":{"ptf_id":1141504,"ptf_ref":"5HXQALD","category":"ship_based_meteorological_sot_vos","ptf_model":"TURBOWIN+ AUTO","wigos_ref":"0-22000-0-5HXQALD","country_name":"USA","country_ship":null,"goos_networks":"VOS","ptf_family_name":"Ship Weather Station","country_iso_reporting":"US","country_sensor_provider":null}},{"type":"Feature","geometry":{"type":"Point","coordinates":[-122.4,37.9]},"properties":{"ptf_id":1141505,"ptf_ref":"8AM95UN","category":"ship_based_meteorological_sot_vos","ptf_model":"TURBOWIN+ AUTO","wigos_ref":"0-22000-0-8AM95UN","country_name":"USA","country_ship":null,"goos_networks":"VOS","ptf_family_name":"Ship Weather Station","country_iso_reporting":"US","country_sensor_provider":null}},{"type":"Feature","geometry":{"type":"Point","coordinates":[-76.4,44.1]},"properties":{"ptf_id":1141509,"ptf_ref":"GCQSQGD","category":"ship_based_meteorological_sot_vos","ptf_model":"GENERIC MANUAL","wigos_ref":"0-22000-0-GCQSQGD","country_name":"USA","country_ship":null,"goos_networks":"VOS","ptf_family_name":"Ship Weather Station","country_iso_reporting":"US","country_sensor_provider":null}},{"type":"Feature","geometry":{"type":"Point","coordinates":[61.4,20.2]},"properties":{"ptf_id":1141538,"ptf_ref":"8HTEHHL","category":"ship_based_meteorological_sot_vos","ptf_model":"TURBOWIN+ MANUAL","wigos_ref":"0-22000-0-8HTEHHL","country_name":"GERMANY","country_ship":null,"goos_networks":"VOS","ptf_family_name":"Ship Weather Station","country_iso_reporting":"DE","country_sensor_provider":null}},{"type":"Feature","geometry":{"type":"Point","coordinates":[-93,21]},"properties":{"ptf_id":1141675,"ptf_ref":"YBVL5LK","category":"ship_based_meteorological_sot_vos","ptf_model":"TURBOWIN+ AUTO","wigos_ref":"0-22000-0-YBVL5LK","country_name":"USA","country_ship":null,"goos_networks":"VOS","ptf_family_name":"Ship Weather Station","country_iso_reporting":"US","country_sensor_provider":null}},{"type":"Feature","geometry":{"type":"Point","coordinates":[-75.22,-20.48]},"properties":{"ptf_id":1141716,"ptf_ref":"7JXTK9Z","category":"ship_based_meteorological_sot_vos","ptf_model":"EUCAWS/NEPTUNE","wigos_ref":"0-22000-0-7JXTK9Z","country_name":"GERMANY","country_ship":null,"goos_networks":"VOS","ptf_family_name":"Ship Weather Station","country_iso_reporting":"DE","country_sensor_provider":null}},{"type":"Feature","geometry":{"type":"Point","coordinates":[-4.77,49.08]},"properties":{"ptf_id":1141750,"ptf_ref":"8RY96WF","category":"ship_based_meteorological_sot_vos","ptf_model":"EUCAWS/NEPTUNE","wigos_ref":"0-22000-0-8RY96WF","country_name":"GERMANY","country_ship":null,"goos_networks":"VOS","ptf_family_name":"Ship Weather Station","country_iso_reporting":"DE","country_sensor_provider":null}},{"type":"Feature","geometry":{"type":"Point","coordinates":[11.94,78.93]},"properties":{"ptf_id":1141858,"ptf_ref":"PUZA8BS","category":"ship_based_meteorological_sot_vos","ptf_model":"EUCAWS/NEPTUNE","wigos_ref":"0-22000-0-PUZA8BS","country_name":"GERMANY","country_ship":null,"goos_networks":"VOS","ptf_family_name":"Ship Weather Station","country_iso_reporting":"DE","country_sensor_provider":null}},{"type":"Feature","geometry":{"type":"Point","coordinates":[-123.1,49.2]},"properties":{"ptf_id":1141997,"ptf_ref":"RCLKYXB","category":"ship_based_meteorological_sot_vos","ptf_model":"TURBOWIN+ MANUAL","wigos_ref":"0-22000-0-RCLKYXB","country_name":"UK","country_ship":null,"goos_networks":"VOS","ptf_family_name":"Ship Weather Station","country_iso_reporting":"GB","country_sensor_provider":null}},{"type":"Feature","geometry":{"type":"Point","coordinates":[3.52,52.41]},"properties":{"ptf_id":1142035,"ptf_ref":"MWTGW8G","category":"ship_based_meteorological_sot_vos","ptf_model":"EUCAWS/NEPTUNE","wigos_ref":"0-22000-0-MWTGW8G","country_name":"GERMANY","country_ship":null,"goos_networks":"VOS","ptf_family_name":"Ship Weather Station","country_iso_reporting":"DE","country_sensor_provider":null}},{"type":"Feature","geometry":{"type":"Point","coordinates":[23.6,37.9]},"properties":{"ptf_id":1142041,"ptf_ref":"HAY34MT","category":"ship_based_meteorological_sot_vos","ptf_model":"TURBOWIN+ MANUAL","wigos_ref":"0-22000-0-HAY34MT","country_name":"UK","country_ship":null,"goos_networks":"VOS","ptf_family_name":"Ship Weather Station","country_iso_reporting":"GB","country_sensor_provider":null}},{"type":"Feature","geometry":{"type":"Point","coordinates":[-94.4,29.1]},"properties":{"ptf_id":1142069,"ptf_ref":"VXTC6UC","category":"ship_based_meteorological_sot_vos","ptf_model":"GENERIC MANUAL","wigos_ref":"0-22000-0-VXTC6UC","country_name":"USA","country_ship":null,"goos_networks":"VOS","ptf_family_name":"Ship Weather Station","country_iso_reporting":"US","country_sensor_provider":null}},{"type":"Feature","geometry":{"type":"Point","coordinates":[-84.2,25.3]},"properties":{"ptf_id":1142071,"ptf_ref":"ZPUZW8N","category":"ship_based_meteorological_sot_vos","ptf_model":"GENERIC MANUAL","wigos_ref":"0-22000-0-ZPUZW8N","country_name":"USA","country_ship":null,"goos_networks":"VOS","ptf_family_name":"Ship Weather Station","country_iso_reporting":"US","country_sensor_provider":null}},{"type":"Feature","geometry":{"type":"Point","coordinates":[-122.3,37.8]},"properties":{"ptf_id":1142072,"ptf_ref":"WDTVPMQ","category":"ship_based_meteorological_sot_vos","ptf_model":"TURBOWIN+ AUTO","wigos_ref":"0-22000-0-WDTVPMQ","country_name":"USA","country_ship":null,"goos_networks":"VOS","ptf_family_name":"Ship Weather Station","country_iso_reporting":"US","country_sensor_provider":null}},{"type":"Feature","geometry":{"type":"Point","coordinates":[-8.7,42.2]},"properties":{"ptf_id":1142074,"ptf_ref":"JNE7WHQ","category":"ship_based_meteorological_sot_vos","ptf_model":"GENERIC MANUAL","wigos_ref":"0-22000-0-JNE7WHQ","country_name":"USA","country_ship":null,"goos_networks":"VOS","ptf_family_name":"Ship Weather Station","country_iso_reporting":"US","country_sensor_provider":null}},{"type":"Feature","geometry":{"type":"Point","coordinates":[-128.2,49.9]},"properties":{"ptf_id":1142075,"ptf_ref":"PGMJH6B","category":"ship_based_meteorological_sot_vos","ptf_model":"GENERIC MANUAL","wigos_ref":"0-22000-0-PGMJH6B","country_name":"USA","country_ship":null,"goos_networks":"VOS","ptf_family_name":"Ship Weather Station","country_iso_reporting":"US","country_sensor_provider":null}},{"type":"Feature","geometry":{"type":"Point","coordinates":[-126.1,46.5]},"properties":{"ptf_id":1142078,"ptf_ref":"ZXJS6LM","category":"ship_based_meteorological_sot_vos","ptf_model":"TURBOWIN+ AUTO","wigos_ref":"0-22000-0-ZXJS6LM","country_name":"USA","country_ship":null,"goos_networks":"VOS","ptf_family_name":"Ship Weather Station","country_iso_reporting":"US","country_sensor_provider":null}},{"type":"Feature","geometry":{"type":"Point","coordinates":[-26.8,3.1]},"properties":{"ptf_id":1142079,"ptf_ref":"CGMS9MM","category":"ship_based_meteorological_sot_vos","ptf_model":"TURBOWIN","wigos_ref":"0-22000-0-CGMS9MM","country_name":"USA","country_ship":null,"goos_networks":"VOS","ptf_family_name":"Ship Weather Station","country_iso_reporting":"US","country_sensor_provider":null}},{"type":"Feature","geometry":{"type":"Point","coordinates":[-130.7,49.5]},"properties":{"ptf_id":1142080,"ptf_ref":"BGX9GKC","category":"ship_based_meteorological_sot_vos","ptf_model":"TURBOWIN","wigos_ref":"0-22000-0-BGX9GKC","country_name":"USA","country_ship":null,"goos_networks":"VOS","ptf_family_name":"Ship Weather Station","country_iso_reporting":"US","country_sensor_provider":null}},{"type":"Feature","geometry":{"type":"Point","coordinates":[-126.2,48.1]},"properties":{"ptf_id":1142084,"ptf_ref":"5RFSXXG","category":"ship_based_meteorological_sot_vos","ptf_model":"TURBOWIN","wigos_ref":"0-22000-0-5RFSXXG","country_name":"USA","country_ship":null,"goos_networks":"VOS","ptf_family_name":"Ship Weather Station","country_iso_reporting":"US","country_sensor_provider":null}},{"type":"Feature","geometry":{"type":"Point","coordinates":[110.3,9.5]},"properties":{"ptf_id":1142087,"ptf_ref":"RDE9M4M","category":"ship_based_meteorological_sot_vos","ptf_model":"GENERIC MANUAL","wigos_ref":"0-22000-0-RDE9M4M","country_name":"USA","country_ship":null,"goos_networks":"VOS","ptf_family_name":"Ship Weather Station","country_iso_reporting":"US","country_sensor_provider":null}},{"type":"Feature","geometry":{"type":"Point","coordinates":[-89,30.2]},"properties":{"ptf_id":1142090,"ptf_ref":"TNBAFVW","category":"ship_based_meteorological_sot_vos","ptf_model":"TURBOWIN+ AUTO","wigos_ref":"0-22000-0-TNBAFVW","country_name":"USA","country_ship":null,"goos_networks":"VOS","ptf_family_name":"Ship Weather Station","country_iso_reporting":"US","country_sensor_provider":null}},{"type":"Feature","geometry":{"type":"Point","coordinates":[-85.8,19.9]},"properties":{"ptf_id":1142091,"ptf_ref":"WQSHBXV","category":"ship_based_meteorological_sot_vos","ptf_model":"GENERIC MANUAL","wigos_ref":"0-22000-0-WQSHBXV","country_name":"USA","country_ship":null,"goos_networks":"VOS","ptf_family_name":"Ship Weather Station","country_iso_reporting":"US","country_sensor_provider":null}},{"type":"Feature","geometry":{"type":"Point","coordinates":[-79.1,43.5]},"properties":{"ptf_id":1142093,"ptf_ref":"QQCQ3ZJ","category":"ship_based_meteorological_sot_vos","ptf_model":"DMAWDS","wigos_ref":"0-22000-0-QQCQ3ZJ","country_name":"USA","country_ship":null,"goos_networks":"VOS","ptf_family_name":"Ship Weather Station","country_iso_reporting":"US","country_sensor_provider":null}},{"type":"Feature","geometry":{"type":"Point","coordinates":[34.6,34.7]},"properties":{"ptf_id":1142094,"ptf_ref":"YZH7MLD","category":"ship_based_meteorological_sot_vos","ptf_model":"TURBOWIN","wigos_ref":"0-22000-0-YZH7MLD","country_name":"USA","country_ship":null,"goos_networks":"VOS","ptf_family_name":"Ship Weather Station","country_iso_reporting":"US","country_sensor_provider":null}},{"type":"Feature","geometry":{"type":"Point","coordinates":[17.7,57.5]},"properties":{"ptf_id":1142097,"ptf_ref":"6GUZFLU","category":"ship_based_meteorological_sot_vos","ptf_model":"GENERIC MANUAL","wigos_ref":"0-22000-0-6GUZFLU","country_name":"USA","country_ship":null,"goos_networks":"VOS","ptf_family_name":"Ship Weather Station","country_iso_reporting":"US","country_sensor_provider":null}},{"type":"Feature","geometry":{"type":"Point","coordinates":[-118.2,33.7]},"properties":{"ptf_id":1142098,"ptf_ref":"DLGUWWY","category":"ship_based_meteorological_sot_vos","ptf_model":"TURBOWIN+ AUTO","wigos_ref":"0-22000-0-DLGUWWY","country_name":"USA","country_ship":null,"goos_networks":"VOS","ptf_family_name":"Ship Weather Station","country_iso_reporting":"US","country_sensor_provider":null}},{"type":"Feature","geometry":{"type":"Point","coordinates":[-123,49.3]},"properties":{"ptf_id":1142101,"ptf_ref":"GGG5XFX","category":"ship_based_meteorological_sot_vos","ptf_model":"GENERIC MANUAL","wigos_ref":"0-22000-0-GGG5XFX","country_name":"USA","country_ship":null,"goos_networks":"VOS","ptf_family_name":"Ship Weather Station","country_iso_reporting":"US","country_sensor_provider":null}},{"type":"Feature","geometry":{"type":"Point","coordinates":[-86.8,27.5]},"properties":{"ptf_id":1142102,"ptf_ref":"ZAAECUR","category":"ship_based_meteorological_sot_vos","ptf_model":"GENERIC MANUAL","wigos_ref":"0-22000-0-ZAAECUR","country_name":"USA","country_ship":null,"goos_networks":"VOS","ptf_family_name":"Ship Weather Station","country_iso_reporting":"US","country_sensor_provider":null}},{"type":"Feature","geometry":{"type":"Point","coordinates":[2.6,41.2]},"properties":{"ptf_id":1142384,"ptf_ref":"JMLX49A","category":"ship_based_meteorological_sot_vos","ptf_model":"TURBOWIN","wigos_ref":"0-22000-0-JMLX49A","country_name":"USA","country_ship":null,"goos_networks":"VOS","ptf_family_name":"Ship Weather Station","country_iso_reporting":"US","country_sensor_provider":null}},{"type":"Feature","geometry":{"type":"Point","coordinates":[97.6,-10.9]},"properties":{"ptf_id":1142390,"ptf_ref":"9MH8YXA","category":"ship_based_meteorological_sot_vos","ptf_model":"GENERIC MANUAL","wigos_ref":"0-22000-0-9MH8YXA","country_name":"USA","country_ship":null,"goos_networks":"VOS","ptf_family_name":"Ship Weather Station","country_iso_reporting":"US","country_sensor_provider":null}},{"type":"Feature","geometry":{"type":"Point","coordinates":[-88.8,8.9]},"properties":{"ptf_id":1142392,"ptf_ref":"UBUL6DV","category":"ship_based_meteorological_sot_vos","ptf_model":"TURBOWIN","wigos_ref":"0-22000-0-UBUL6DV","country_name":"USA","country_ship":null,"goos_networks":"VOS","ptf_family_name":"Ship Weather Station","country_iso_reporting":"US","country_sensor_provider":null}},{"type":"Feature","geometry":{"type":"Point","coordinates":[-85.7,24.5]},"properties":{"ptf_id":1142402,"ptf_ref":"GHQGC8J","category":"ship_based_meteorological_sot_vos","ptf_model":"TURBOWIN+ AUTO","wigos_ref":"0-22000-0-GHQGC8J","country_name":"USA","country_ship":null,"goos_networks":"VOS","ptf_family_name":"Ship Weather Station","country_iso_reporting":"US","country_sensor_provider":null}},{"type":"Feature","geometry":{"type":"Point","coordinates":[115.44,15.84]},"properties":{"ptf_id":1142444,"ptf_ref":"3TYNYCB","category":"ship_based_meteorological_sot_vos","ptf_model":"EUCAWS/NEPTUNE","wigos_ref":"0-22000-0-3TYNYCB","country_name":"GERMANY","country_ship":null,"goos_networks":"VOS","ptf_family_name":"Ship Weather Station","country_iso_reporting":"DE","country_sensor_provider":null}},{"type":"Feature","geometry":{"type":"Point","coordinates":[37.24,22.66]},"properties":{"ptf_id":1142445,"ptf_ref":"PWMWGPP","category":"ship_based_meteorological_sot_vos","ptf_model":"EUCAWS/NEPTUNE","wigos_ref":"0-22000-0-PWMWGPP","country_name":"GERMANY","country_ship":null,"goos_networks":"VOS","ptf_family_name":"Ship Weather Station","country_iso_reporting":"DE","country_sensor_provider":null}},{"type":"Feature","geometry":{"type":"Point","coordinates":[50.16,-7.43]},"properties":{"ptf_id":1142446,"ptf_ref":"ESMT8LW","category":"ship_based_meteorological_sot_vos","ptf_model":"EUCAWS/NEPTUNE","wigos_ref":"0-22000-0-ESMT8LW","country_name":"GERMANY","country_ship":null,"goos_networks":"VOS","ptf_family_name":"Ship Weather Station","country_iso_reporting":"DE","country_sensor_provider":null}},{"type":"Feature","geometry":{"type":"Point","coordinates":[81.58,5.54]},"properties":{"ptf_id":1142447,"ptf_ref":"YFQ7BCF","category":"ship_based_meteorological_sot_vos","ptf_model":"EUCAWS/NEPTUNE","wigos_ref":"0-22000-0-YFQ7BCF","country_name":"GERMANY","country_ship":null,"goos_networks":"VOS","ptf_family_name":"Ship Weather Station","country_iso_reporting":"DE","country_sensor_provider":null}},{"type":"Feature","geometry":{"type":"Point","coordinates":[-77.24,-12.47]},"properties":{"ptf_id":1142448,"ptf_ref":"YHKD8KZ","category":"ship_based_meteorological_sot_vos","ptf_model":"EUCAWS/NEPTUNE","wigos_ref":"0-22000-0-YHKD8KZ","country_name":"GERMANY","country_ship":null,"goos_networks":"VOS","ptf_family_name":"Ship Weather Station","country_iso_reporting":"DE","country_sensor_provider":null}},{"type":"Feature","geometry":{"type":"Point","coordinates":[-168.64,33.89]},"properties":{"ptf_id":1142449,"ptf_ref":"MJPVYDL","category":"ship_based_meteorological_sot_vos","ptf_model":"EUCAWS/NEPTUNE","wigos_ref":"0-22000-0-MJPVYDL","country_name":"GERMANY","country_ship":null,"goos_networks":"VOS","ptf_family_name":"Ship Weather Station","country_iso_reporting":"DE","country_sensor_provider":null}},{"type":"Feature","geometry":{"type":"Point","coordinates":[52.53,14.19]},"properties":{"ptf_id":1142450,"ptf_ref":"EVH28KM","category":"ship_based_meteorological_sot_vos","ptf_model":"EUCAWS/NEPTUNE","wigos_ref":"0-22000-0-EVH28KM","country_name":"GERMANY","country_ship":null,"goos_networks":"VOS","ptf_family_name":"Ship Weather Station","country_iso_reporting":"DE","country_sensor_provider":null}},{"type":"Feature","geometry":{"type":"Point","coordinates":[30.72,-30.63]},"properties":{"ptf_id":1142451,"ptf_ref":"YTEAPAS","category":"ship_based_meteorological_sot_vos","ptf_model":"EUCAWS/NEPTUNE","wigos_ref":"0-22000-0-YTEAPAS","country_name":"GERMANY","country_ship":null,"goos_networks":"VOS","ptf_family_name":"Ship Weather Station","country_iso_reporting":"DE","country_sensor_provider":null}},{"type":"Feature","geometry":{"type":"Point","coordinates":[68.7,11]},"properties":{"ptf_id":1142452,"ptf_ref":"9RDQXPM","category":"ship_based_meteorological_sot_vos","ptf_model":"TURBOWIN+ MANUAL","wigos_ref":"0-22000-0-9RDQXPM","country_name":"GERMANY","country_ship":null,"goos_networks":"VOS","ptf_family_name":"Ship Weather Station","country_iso_reporting":"DE","country_sensor_provider":null}},{"type":"Feature","geometry":{"type":"Point","coordinates":[-5.8,48.4]},"properties":{"ptf_id":1142453,"ptf_ref":"GQC79ND","category":"ship_based_meteorological_sot_vos","ptf_model":"TURBOWIN+ MANUAL","wigos_ref":"0-22000-0-GQC79ND","country_name":"GERMANY","country_ship":null,"goos_networks":"VOS","ptf_family_name":"Ship Weather Station","country_iso_reporting":"DE","country_sensor_provider":null}},{"type":"Feature","geometry":{"type":"Point","coordinates":[7.9,54.18]},"properties":{"ptf_id":1142643,"ptf_ref":"XMEZAQF","category":"ship_based_meteorological_sot_vos","ptf_model":"EUCAWS/NEPTUNE","wigos_ref":"0-22000-0-XMEZAQF","country_name":"GERMANY","country_ship":null,"goos_networks":"VOS","ptf_family_name":"Ship Weather Station","country_iso_reporting":"DE","country_sensor_provider":null}},{"type":"Feature","geometry":{"type":"Point","coordinates":[15.5,42.86]},"properties":{"ptf_id":1142673,"ptf_ref":"CUF6ZJD","category":"ship_based_meteorological_sot_vos","ptf_model":"EUCAWS/NEPTUNE","wigos_ref":"0-22000-0-CUF6ZJD","country_name":"GERMANY","country_ship":null,"goos_networks":"VOS","ptf_family_name":"Ship Weather Station","country_iso_reporting":"DE","country_sensor_provider":null}},{"type":"Feature","geometry":{"type":"Point","coordinates":[118.04,24.44]},"properties":{"ptf_id":1144604,"ptf_ref":"TXQQQGX","category":"ship_based_meteorological_sot_vos","ptf_model":"EUCAWS/NEPTUNE","wigos_ref":"0-22000-0-TXQQQGX","country_name":"GERMANY","country_ship":null,"goos_networks":"VOS","ptf_family_name":"Ship Weather Station","country_iso_reporting":"DE","country_sensor_provider":null}},{"type":"Feature","geometry":{"type":"Point","coordinates":[172.4,45.1]},"properties":{"ptf_id":1144609,"ptf_ref":"AWKGDPZ","category":"ship_based_meteorological_sot_vos","ptf_model":"GENERIC MANUAL","wigos_ref":"0-22000-0-AWKGDPZ","country_name":"USA","country_ship":null,"goos_networks":"VOS","ptf_family_name":"Ship Weather Station","country_iso_reporting":"US","country_sensor_provider":null}},{"type":"Feature","geometry":{"type":"Point","coordinates":[-146.9,44.6]},"properties":{"ptf_id":1144612,"ptf_ref":"AMFUURA","category":"ship_based_meteorological_sot_vos","ptf_model":"GENERIC MANUAL","wigos_ref":"0-22000-0-AMFUURA","country_name":"USA","country_ship":null,"goos_networks":"VOS","ptf_family_name":"Ship Weather Station","country_iso_reporting":"US","country_sensor_provider":null}},{"type":"Feature","geometry":{"type":"Point","coordinates":[-123.4,46.2]},"properties":{"ptf_id":1144615,"ptf_ref":"QMT6AJW","category":"ship_based_meteorological_sot_vos","ptf_model":"TURBOWIN+ AUTO","wigos_ref":"0-22000-0-QMT6AJW","country_name":"USA","country_ship":null,"goos_networks":"VOS","ptf_family_name":"Ship Weather Station","country_iso_reporting":"US","country_sensor_provider":null}},{"type":"Feature","geometry":{"type":"Point","coordinates":[-80,25.2]},"properties":{"ptf_id":1144618,"ptf_ref":"FNTRTKW","category":"ship_based_meteorological_sot_vos","ptf_model":"TURBOWIN","wigos_ref":"0-22000-0-FNTRTKW","country_name":"USA","country_ship":null,"goos_networks":"VOS","ptf_family_name":"Ship Weather Station","country_iso_reporting":"US","country_sensor_provider":null}},{"type":"Feature","geometry":{"type":"Point","coordinates":[-163.3,53.9]},"properties":{"ptf_id":1144620,"ptf_ref":"LMSTJKV","category":"ship_based_meteorological_sot_vos","ptf_model":"GENERIC MANUAL","wigos_ref":"0-22000-0-LMSTJKV","country_name":"USA","country_ship":null,"goos_networks":"VOS","ptf_family_name":"Ship Weather Station","country_iso_reporting":"US","country_sensor_provider":null}},{"type":"Feature","geometry":{"type":"Point","coordinates":[103.7,1.3]},"properties":{"ptf_id":1144621,"ptf_ref":"QJN26LG","category":"ship_based_meteorological_sot_vos","ptf_model":"GENERIC MANUAL","wigos_ref":"0-22000-0-QJN26LG","country_name":"USA","country_ship":null,"goos_networks":"VOS","ptf_family_name":"Ship Weather Station","country_iso_reporting":"US","country_sensor_provider":null}},{"type":"Feature","geometry":{"type":"Point","coordinates":[-77.9,11.4]},"properties":{"ptf_id":1144622,"ptf_ref":"HEYDEJQ","category":"ship_based_meteorological_sot_vos","ptf_model":"GENERIC MANUAL","wigos_ref":"0-22000-0-HEYDEJQ","country_name":"USA","country_ship":null,"goos_networks":"VOS","ptf_family_name":"Ship Weather Station","country_iso_reporting":"US","country_sensor_provider":null}},{"type":"Feature","geometry":{"type":"Point","coordinates":[-48,2.7]},"properties":{"ptf_id":1144627,"ptf_ref":"YCZRGUU","category":"ship_based_meteorological_sot_vos","ptf_model":"AMVERS/SEAS","wigos_ref":"0-22000-0-YCZRGUU","country_name":"USA","country_ship":null,"goos_networks":"VOS","ptf_family_name":"Ship Weather Station","country_iso_reporting":"US","country_sensor_provider":null}},{"type":"Feature","geometry":{"type":"Point","coordinates":[-117.5,-22.4]},"properties":{"ptf_id":1144628,"ptf_ref":"6KQVUHV","category":"ship_based_meteorological_sot_vos","ptf_model":"TURBOWIN","wigos_ref":"0-22000-0-6KQVUHV","country_name":"USA","country_ship":null,"goos_networks":"VOS","ptf_family_name":"Ship Weather Station","country_iso_reporting":"US","country_sensor_provider":null}},{"type":"Feature","geometry":{"type":"Point","coordinates":[-79.8,25.9]},"properties":{"ptf_id":1144633,"ptf_ref":"LJPDGDW","category":"ship_based_meteorological_sot_vos","ptf_model":"GENERIC MANUAL","wigos_ref":"0-22000-0-LJPDGDW","country_name":"USA","country_ship":null,"goos_networks":"VOS","ptf_family_name":"Ship Weather Station","country_iso_reporting":"US","country_sensor_provider":null}},{"type":"Feature","geometry":{"type":"Point","coordinates":[-88,30.7]},"properties":{"ptf_id":1144644,"ptf_ref":"HAJAZ7K","category":"ship_based_meteorological_sot_vos","ptf_model":"TURBOWIN+ AUTO","wigos_ref":"0-22000-0-HAJAZ7K","country_name":"USA","country_ship":null,"goos_networks":"VOS","ptf_family_name":"Ship Weather Station","country_iso_reporting":"US","country_sensor_provider":null}},{"type":"Feature","geometry":{"type":"Point","coordinates":[131.3,35.5]},"properties":{"ptf_id":1144654,"ptf_ref":"LUSA86U","category":"ship_based_meteorological_sot_vos","ptf_model":"GENERIC MANUAL","wigos_ref":"0-22000-0-LUSA86U","country_name":"USA","country_ship":null,"goos_networks":"VOS","ptf_family_name":"Ship Weather Station","country_iso_reporting":"US","country_sensor_provider":null}},{"type":"Feature","geometry":{"type":"Point","coordinates":[-160.8,58.7]},"properties":{"ptf_id":1144664,"ptf_ref":"CWCTEYH","category":"ship_based_meteorological_sot_vos","ptf_model":"GENERIC MANUAL","wigos_ref":"0-22000-0-CWCTEYH","country_name":"USA","country_ship":null,"goos_networks":"VOS","ptf_family_name":"Ship Weather Station","country_iso_reporting":"US","country_sensor_provider":null}},{"type":"Feature","geometry":{"type":"Point","coordinates":[1.7,51.1]},"properties":{"ptf_id":1144665,"ptf_ref":"3KHAJBP","category":"ship_based_meteorological_sot_vos","ptf_model":"TURBOWIN+ AUTO","wigos_ref":"0-22000-0-3KHAJBP","country_name":"USA","country_ship":null,"goos_networks":"VOS","ptf_family_name":"Ship Weather Station","country_iso_reporting":"US","country_sensor_provider":null}},{"type":"Feature","geometry":{"type":"Point","coordinates":[121.9,21.4]},"properties":{"ptf_id":1144756,"ptf_ref":"FNTPTJK","category":"ship_based_meteorological_sot_vos","ptf_model":"TURBOWIN+ MANUAL","wigos_ref":"0-22000-0-FNTPTJK","country_name":"JAPAN","country_ship":null,"goos_networks":"VOS","ptf_family_name":"Ship Weather Station","country_iso_reporting":"JP","country_sensor_provider":null}},{"type":"Feature","geometry":{"type":"Point","coordinates":[126.2,-37.6]},"properties":{"ptf_id":1144759,"ptf_ref":"3BW3Q3B","category":"ship_based_meteorological_sot_vos","ptf_model":"TURBOWIN+ MANUAL","wigos_ref":"0-22000-0-3BW3Q3B","country_name":"JAPAN","country_ship":null,"goos_networks":"VOS","ptf_family_name":"Ship Weather Station","country_iso_reporting":"JP","country_sensor_provider":null}},{"type":"Feature","geometry":{"type":"Point","coordinates":[-108.9,21.9]},"properties":{"ptf_id":1144765,"ptf_ref":"LGSMAUM","category":"ship_based_meteorological_sot_vos","ptf_model":"TURBOWIN+ MANUAL","wigos_ref":"0-22000-0-LGSMAUM","country_name":"JAPAN","country_ship":null,"goos_networks":"VOS","ptf_family_name":"Ship Weather Station","country_iso_reporting":"JP","country_sensor_provider":null}},{"type":"Feature","geometry":{"type":"Point","coordinates":[149.9,36.5]},"properties":{"ptf_id":1144773,"ptf_ref":"MJN7LFT","category":"ship_based_meteorological_sot_vos","ptf_model":"TURBOWIN+ MANUAL","wigos_ref":"0-22000-0-MJN7LFT","country_name":"JAPAN","country_ship":null,"goos_networks":"VOS","ptf_family_name":"Ship Weather Station","country_iso_reporting":"JP","country_sensor_provider":null}},{"type":"Feature","geometry":{"type":"Point","coordinates":[-98.9,16.1]},"properties":{"ptf_id":1144781,"ptf_ref":"4CJC89E","category":"ship_based_meteorological_sot_vos","ptf_model":"TURBOWIN+ MANUAL","wigos_ref":"0-22000-0-4CJC89E","country_name":"JAPAN","country_ship":null,"goos_networks":"VOS","ptf_family_name":"Ship Weather Station","country_iso_reporting":"JP","country_sensor_provider":null}},{"type":"Feature","geometry":{"type":"Point","coordinates":[-3.6,36.2]},"properties":{"ptf_id":1144966,"ptf_ref":"XLC6R9Z","category":"ship_based_meteorological_sot_vos","ptf_model":"TURBOWIN","wigos_ref":"0-22000-0-XLC6R9Z","country_name":"USA","country_ship":null,"goos_networks":"VOS","ptf_family_name":"Ship Weather Station","country_iso_reporting":"US","country_sensor_provider":null}},{"type":"Feature","geometry":{"type":"Point","coordinates":[-86.6,43.9]},"properties":{"ptf_id":1144971,"ptf_ref":"7RRTWNA","category":"ship_based_meteorological_sot_vos","ptf_model":"DMAWDS","wigos_ref":"0-22000-0-7RRTWNA","country_name":"USA","country_ship":null,"goos_networks":"VOS","ptf_family_name":"Ship Weather Station","country_iso_reporting":"US","country_sensor_provider":null}},{"type":"Feature","geometry":{"type":"Point","coordinates":[9.3,-25.5]},"properties":{"ptf_id":1144975,"ptf_ref":"6FMRC9G","category":"ship_based_meteorological_sot_vos","ptf_model":"GENERIC MANUAL","wigos_ref":"0-22000-0-6FMRC9G","country_name":"USA","country_ship":null,"goos_networks":"VOS","ptf_family_name":"Ship Weather Station","country_iso_reporting":"US","country_sensor_provider":null}},{"type":"Feature","geometry":{"type":"Point","coordinates":[-90.6,30]},"properties":{"ptf_id":1144976,"ptf_ref":"6PG2NMM","category":"ship_based_meteorological_sot_vos","ptf_model":"TURBOWIN+ AUTO","wigos_ref":"0-22000-0-6PG2NMM","country_name":"USA","country_ship":null,"goos_networks":"VOS","ptf_family_name":"Ship Weather Station","country_iso_reporting":"US","country_sensor_provider":null}},{"type":"Feature","geometry":{"type":"Point","coordinates":[-165.4,46.7]},"properties":{"ptf_id":1144981,"ptf_ref":"9QZJZRY","category":"ship_based_meteorological_sot_vos","ptf_model":"TURBOWIN","wigos_ref":"0-22000-0-9QZJZRY","country_name":"USA","country_ship":null,"goos_networks":"VOS","ptf_family_name":"Ship Weather Station","country_iso_reporting":"US","country_sensor_provider":null}},{"type":"Feature","geometry":{"type":"Point","coordinates":[-145.25,-14.71]},"properties":{"ptf_id":1145000,"ptf_ref":"CXAQ29B","category":"ship_based_meteorological_sot_vos","ptf_model":"MERCURY","wigos_ref":"0-22000-0-CXAQ29B","country_name":"FRANCE","country_ship":null,"goos_networks":"VOS","ptf_family_name":"Ship Weather Station","country_iso_reporting":"FR","country_sensor_provider":null}},{"type":"Feature","geometry":{"type":"Point","coordinates":[141.4,30.7]},"properties":{"ptf_id":1145063,"ptf_ref":"GGSYDFS","category":"ship_based_meteorological_sot_vos","ptf_model":"TURBOWIN+ MANUAL","wigos_ref":"0-22000-0-GGSYDFS","country_name":"GERMANY","country_ship":null,"goos_networks":"VOS","ptf_family_name":"Ship Weather Station","country_iso_reporting":"DE","country_sensor_provider":null}},{"type":"Feature","geometry":{"type":"Point","coordinates":[153.6,45.1]},"properties":{"ptf_id":1145064,"ptf_ref":"LCYZA9K","category":"ship_based_meteorological_sot_vos","ptf_model":"TURBOWIN+ MANUAL","wigos_ref":"0-22000-0-LCYZA9K","country_name":"GERMANY","country_ship":null,"goos_networks":"VOS","ptf_family_name":"Ship Weather Station","country_iso_reporting":"DE","country_sensor_provider":null}},{"type":"Feature","geometry":{"type":"Point","coordinates":[-22.7,-6.2]},"properties":{"ptf_id":1145065,"ptf_ref":"SES3HNY","category":"ship_based_meteorological_sot_vos","ptf_model":"TURBOWIN+ MANUAL","wigos_ref":"0-22000-0-SES3HNY","country_name":"GERMANY","country_ship":null,"goos_networks":"VOS","ptf_family_name":"Ship Weather Station","country_iso_reporting":"DE","country_sensor_provider":null}},{"type":"Feature","geometry":{"type":"Point","coordinates":[135.2,-35.4]},"properties":{"ptf_id":1145066,"ptf_ref":"UNSNNSD","category":"ship_based_meteorological_sot_vos","ptf_model":"TURBOWIN+ MANUAL","wigos_ref":"0-22000-0-UNSNNSD","country_name":"GERMANY","country_ship":null,"goos_networks":"VOS","ptf_family_name":"Ship Weather Station","country_iso_reporting":"DE","country_sensor_provider":null}},{"type":"Feature","geometry":{"type":"Point","coordinates":[64.24,10.89]},"properties":{"ptf_id":1145069,"ptf_ref":"2BS5Z3V","category":"ship_based_meteorological_sot_vos","ptf_model":"EUCAWS/NEPTUNE","wigos_ref":"0-22000-0-2BS5Z3V","country_name":"GERMANY","country_ship":null,"goos_networks":"VOS","ptf_family_name":"Ship Weather Station","country_iso_reporting":"DE","country_sensor_provider":null}},{"type":"Feature","geometry":{"type":"Point","coordinates":[7.86,53.86]},"properties":{"ptf_id":1145093,"ptf_ref":"XFUB23M","category":"ship_based_meteorological_sot_vos","ptf_model":"EUCAWS/NEPTUNE","wigos_ref":"0-22000-0-XFUB23M","country_name":"GERMANY","country_ship":null,"goos_networks":"VOS","ptf_family_name":"Ship Weather Station","country_iso_reporting":"DE","country_sensor_provider":null}},{"type":"Feature","geometry":{"type":"Point","coordinates":[139.3,34.2]},"properties":{"ptf_id":1145415,"ptf_ref":"WBB3J8T","category":"ship_based_meteorological_sot_vos","ptf_model":"TURBOWIN+ MANUAL","wigos_ref":"0-22000-0-WBB3J8T","country_name":"JAPAN","country_ship":null,"goos_networks":"VOS","ptf_family_name":"Ship Weather Station","country_iso_reporting":"JP","country_sensor_provider":null}},{"type":"Feature","geometry":{"type":"Point","coordinates":[113.9,21.9]},"properties":{"ptf_id":1145416,"ptf_ref":"9TBET5D","category":"ship_based_meteorological_sot_vos","ptf_model":"TURBOWIN+ MANUAL","wigos_ref":"0-22000-0-9TBET5D","country_name":"JAPAN","country_ship":null,"goos_networks":"VOS","ptf_family_name":"Ship Weather Station","country_iso_reporting":"JP","country_sensor_provider":null}},{"type":"Feature","geometry":{"type":"Point","coordinates":[-10.8,46.8]},"properties":{"ptf_id":1145425,"ptf_ref":"ZCW4XNR","category":"ship_based_meteorological_sot_vos","ptf_model":"TURBOWIN+ MANUAL","wigos_ref":"0-22000-0-ZCW4XNR","country_name":"JAPAN","country_ship":null,"goos_networks":"VOS","ptf_family_name":"Ship Weather Station","country_iso_reporting":"JP","country_sensor_provider":null}},{"type":"Feature","geometry":{"type":"Point","coordinates":[105,1.7]},"properties":{"ptf_id":1145430,"ptf_ref":"3KVZPZV","category":"ship_based_meteorological_sot_vos","ptf_model":"TURBOWIN+ MANUAL","wigos_ref":"0-22000-0-3KVZPZV","country_name":"JAPAN","country_ship":null,"goos_networks":"VOS","ptf_family_name":"Ship Weather Station","country_iso_reporting":"JP","country_sensor_provider":null}},{"type":"Feature","geometry":{"type":"Point","coordinates":[124,-16.4]},"properties":{"ptf_id":1145918,"ptf_ref":"6LDRRAL","category":"ship_based_meteorological_sot_vos","ptf_model":"EUCAWS/NEPTUNE","wigos_ref":"0-22000-0-6LDRRAL","country_name":"AUSTRALIA","country_ship":null,"goos_networks":"VOS","ptf_family_name":"Ship Weather Station","country_iso_reporting":"AU","country_sensor_provider":null}},{"type":"Feature","geometry":{"type":"Point","coordinates":[55.99,13.16]},"properties":{"ptf_id":1146146,"ptf_ref":"LED82EE","category":"ship_based_meteorological_sot_vos","ptf_model":"EUCAWS/NEPTUNE","wigos_ref":"0-22000-0-LED82EE","country_name":"GERMANY","country_ship":null,"goos_networks":"VOS","ptf_family_name":"Ship Weather Station","country_iso_reporting":"DE","country_sensor_provider":null}},{"type":"Feature","geometry":{"type":"Point","coordinates":[-76.6,17.3]},"properties":{"ptf_id":1148555,"ptf_ref":"VWXSF3S","category":"ship_based_meteorological_sot_vos","ptf_model":"TURBOWIN+ MANUAL","wigos_ref":"0-22000-0-VWXSF3S","country_name":"GERMANY","country_ship":null,"goos_networks":"VOS","ptf_family_name":"Ship Weather Station","country_iso_reporting":"DE","country_sensor_provider":null}},{"type":"Feature","geometry":{"type":"Point","coordinates":[-17.4,10.9]},"properties":{"ptf_id":1148556,"ptf_ref":"5QQQVZL","category":"ship_based_meteorological_sot_vos","ptf_model":"TURBOWIN+ MANUAL","wigos_ref":"0-22000-0-5QQQVZL","country_name":"GERMANY","country_ship":null,"goos_networks":"VOS","ptf_family_name":"Ship Weather Station","country_iso_reporting":"DE","country_sensor_provider":null}},{"type":"Feature","geometry":{"type":"Point","coordinates":[122.6,29.4]},"properties":{"ptf_id":1148557,"ptf_ref":"TXFZBVC","category":"ship_based_meteorological_sot_vos","ptf_model":"TURBOWIN+ MANUAL","wigos_ref":"0-22000-0-TXFZBVC","country_name":"GERMANY","country_ship":null,"goos_networks":"VOS","ptf_family_name":"Ship Weather Station","country_iso_reporting":"DE","country_sensor_provider":null}},{"type":"Feature","geometry":{"type":"Point","coordinates":[91.82,3.75]},"properties":{"ptf_id":1148558,"ptf_ref":"6JQBUAG","category":"ship_based_meteorological_sot_vos","ptf_model":"EUCAWS/NEPTUNE","wigos_ref":"0-22000-0-6JQBUAG","country_name":"GERMANY","country_ship":null,"goos_networks":"VOS","ptf_family_name":"Ship Weather Station","country_iso_reporting":"DE","country_sensor_provider":null}},{"type":"Feature","geometry":{"type":"Point","coordinates":[66.9,22.7]},"properties":{"ptf_id":1148561,"ptf_ref":"TLUJUAP","category":"ship_based_meteorological_sot_vos","ptf_model":"TURBOWIN+ MANUAL","wigos_ref":"0-22000-0-TLUJUAP","country_name":"JAPAN","country_ship":null,"goos_networks":"VOS","ptf_family_name":"Ship Weather Station","country_iso_reporting":"JP","country_sensor_provider":null}},{"type":"Feature","geometry":{"type":"Point","coordinates":[107.7,-6.1]},"properties":{"ptf_id":1148563,"ptf_ref":"RZJFPJF","category":"ship_based_meteorological_sot_vos","ptf_model":"GENERIC MANUAL","wigos_ref":"0-22000-0-RZJFPJF","country_name":"JAPAN","country_ship":null,"goos_networks":"VOS","ptf_family_name":"Ship Weather Station","country_iso_reporting":"JP","country_sensor_provider":null}},{"type":"Feature","geometry":{"type":"Point","coordinates":[152.4,38.3]},"properties":{"ptf_id":1148578,"ptf_ref":"PWC3Z6Z","category":"ship_based_meteorological_sot_vos","ptf_model":"TURBOWIN","wigos_ref":"0-22000-0-PWC3Z6Z","country_name":"USA","country_ship":null,"goos_networks":"VOS","ptf_family_name":"Ship Weather Station","country_iso_reporting":"US","country_sensor_provider":null}},{"type":"Feature","geometry":{"type":"Point","coordinates":[123.8,30.1]},"properties":{"ptf_id":1148586,"ptf_ref":"5ZFCGVF","category":"ship_based_meteorological_sot_vos","ptf_model":"TURBOWIN","wigos_ref":"0-22000-0-5ZFCGVF","country_name":"USA","country_ship":null,"goos_networks":"VOS","ptf_family_name":"Ship Weather Station","country_iso_reporting":"US","country_sensor_provider":null}},{"type":"Feature","geometry":{"type":"Point","coordinates":[-70.7,42.4]},"properties":{"ptf_id":1148588,"ptf_ref":"NZGHTPW","category":"ship_based_meteorological_sot_vos","ptf_model":"TURBOWIN","wigos_ref":"0-22000-0-NZGHTPW","country_name":"USA","country_ship":null,"goos_networks":"VOS","ptf_family_name":"Ship Weather Station","country_iso_reporting":"US","country_sensor_provider":null}},{"type":"Feature","geometry":{"type":"Point","coordinates":[-141.7,37.9]},"properties":{"ptf_id":1148591,"ptf_ref":"7BK2MPH","category":"ship_based_meteorological_sot_vos","ptf_model":"GENERIC MANUAL","wigos_ref":"0-22000-0-7BK2MPH","country_name":"USA","country_ship":null,"goos_networks":"VOS","ptf_family_name":"Ship Weather Station","country_iso_reporting":"US","country_sensor_provider":null}},{"type":"Feature","geometry":{"type":"Point","coordinates":[-77.3,25.1]},"properties":{"ptf_id":1148592,"ptf_ref":"2XNA6UU","category":"ship_based_meteorological_sot_vos","ptf_model":"TURBOWIN+ AUTO","wigos_ref":"0-22000-0-2XNA6UU","country_name":"USA","country_ship":null,"goos_networks":"VOS","ptf_family_name":"Ship Weather Station","country_iso_reporting":"US","country_sensor_provider":null}},{"type":"Feature","geometry":{"type":"Point","coordinates":[94.9,6.3]},"properties":{"ptf_id":1148597,"ptf_ref":"TBF4RTB","category":"ship_based_meteorological_sot_vos","ptf_model":"TURBOWIN","wigos_ref":"0-22000-0-TBF4RTB","country_name":"USA","country_ship":null,"goos_networks":"VOS","ptf_family_name":"Ship Weather Station","country_iso_reporting":"US","country_sensor_provider":null}},{"type":"Feature","geometry":{"type":"Point","coordinates":[52.2,-23.6]},"properties":{"ptf_id":1148598,"ptf_ref":"TTZVUQX","category":"ship_based_meteorological_sot_vos","ptf_model":"TURBOWIN","wigos_ref":"0-22000-0-TTZVUQX","country_name":"USA","country_ship":null,"goos_networks":"VOS","ptf_family_name":"Ship Weather Station","country_iso_reporting":"US","country_sensor_provider":null}},{"type":"Feature","geometry":{"type":"Point","coordinates":[19.3,39.1]},"properties":{"ptf_id":1148603,"ptf_ref":"4TQ86HH","category":"ship_based_meteorological_sot_vos","ptf_model":"TURBOWIN","wigos_ref":"0-22000-0-4TQ86HH","country_name":"USA","country_ship":null,"goos_networks":"VOS","ptf_family_name":"Ship Weather Station","country_iso_reporting":"US","country_sensor_provider":null}},{"type":"Feature","geometry":{"type":"Point","coordinates":[16.1,42.7]},"properties":{"ptf_id":1148605,"ptf_ref":"KHDPJSR","category":"ship_based_meteorological_sot_vos","ptf_model":"TURBOWIN+ MANUAL","wigos_ref":"0-22000-0-KHDPJSR","country_name":"USA","country_ship":null,"goos_networks":"VOS","ptf_family_name":"Ship Weather Station","country_iso_reporting":"US","country_sensor_provider":null}},{"type":"Feature","geometry":{"type":"Point","coordinates":[-24.9,46.8]},"properties":{"ptf_id":1148606,"ptf_ref":"8MNR36T","category":"ship_based_meteorological_sot_vos","ptf_model":"GENERIC MANUAL","wigos_ref":"0-22000-0-8MNR36T","country_name":"USA","country_ship":null,"goos_networks":"VOS","ptf_family_name":"Ship Weather Station","country_iso_reporting":"US","country_sensor_provider":null}},{"type":"Feature","geometry":{"type":"Point","coordinates":[-77.3,25]},"properties":{"ptf_id":1148610,"ptf_ref":"TXTFVVU","category":"ship_based_meteorological_sot_vos","ptf_model":"GENERIC MANUAL","wigos_ref":"0-22000-0-TXTFVVU","country_name":"USA","country_ship":null,"goos_networks":"VOS","ptf_family_name":"Ship Weather Station","country_iso_reporting":"US","country_sensor_provider":null}},{"type":"Feature","geometry":{"type":"Point","coordinates":[24.1,37]},"properties":{"ptf_id":1148617,"ptf_ref":"NQKAPXB","category":"ship_based_meteorological_sot_vos","ptf_model":"GENERIC MANUAL","wigos_ref":"0-22000-0-NQKAPXB","country_name":"USA","country_ship":null,"goos_networks":"VOS","ptf_family_name":"Ship Weather Station","country_iso_reporting":"US","country_sensor_provider":null}},{"type":"Feature","geometry":{"type":"Point","coordinates":[-77.8,25.8]},"properties":{"ptf_id":1148621,"ptf_ref":"2FF9U8G","category":"ship_based_meteorological_sot_vos","ptf_model":"GENERIC MANUAL","wigos_ref":"0-22000-0-2FF9U8G","country_name":"USA","country_ship":null,"goos_networks":"VOS","ptf_family_name":"Ship Weather Station","country_iso_reporting":"US","country_sensor_provider":null}},{"type":"Feature","geometry":{"type":"Point","coordinates":[144,30.8]},"properties":{"ptf_id":1148622,"ptf_ref":"CAEH8FX","category":"ship_based_meteorological_sot_vos","ptf_model":"GENERIC MANUAL","wigos_ref":"0-22000-0-CAEH8FX","country_name":"USA","country_ship":null,"goos_networks":"VOS","ptf_family_name":"Ship Weather Station","country_iso_reporting":"US","country_sensor_provider":null}},{"type":"Feature","geometry":{"type":"Point","coordinates":[100.8,2.9]},"properties":{"ptf_id":1148627,"ptf_ref":"NKWEWUU","category":"ship_based_meteorological_sot_vos","ptf_model":"GENERIC MANUAL","wigos_ref":"0-22000-0-NKWEWUU","country_name":"USA","country_ship":null,"goos_networks":"VOS","ptf_family_name":"Ship Weather Station","country_iso_reporting":"US","country_sensor_provider":null}},{"type":"Feature","geometry":{"type":"Point","coordinates":[-0.7,50]},"properties":{"ptf_id":1148628,"ptf_ref":"PMVMSDX","category":"ship_based_meteorological_sot_vos","ptf_model":"TURBOWIN","wigos_ref":"0-22000-0-PMVMSDX","country_name":"USA","country_ship":null,"goos_networks":"VOS","ptf_family_name":"Ship Weather Station","country_iso_reporting":"US","country_sensor_provider":null}},{"type":"Feature","geometry":{"type":"Point","coordinates":[123.2,30.2]},"properties":{"ptf_id":1148629,"ptf_ref":"SLQAW8B","category":"ship_based_meteorological_sot_vos","ptf_model":"GENERIC MANUAL","wigos_ref":"0-22000-0-SLQAW8B","country_name":"USA","country_ship":null,"goos_networks":"VOS","ptf_family_name":"Ship Weather Station","country_iso_reporting":"US","country_sensor_provider":null}},{"type":"Feature","geometry":{"type":"Point","coordinates":[-81.5,46]},"properties":{"ptf_id":1148636,"ptf_ref":"6ANUA5T","category":"ship_based_meteorological_sot_vos","ptf_model":"DMAWDS","wigos_ref":"0-22000-0-6ANUA5T","country_name":"USA","country_ship":null,"goos_networks":"VOS","ptf_family_name":"Ship Weather Station","country_iso_reporting":"US","country_sensor_provider":null}},{"type":"Feature","geometry":{"type":"Point","coordinates":[60.3,22.3]},"properties":{"ptf_id":1148637,"ptf_ref":"GFJAUUY","category":"ship_based_meteorological_sot_vos","ptf_model":"TURBOWIN+ MANUAL","wigos_ref":"0-22000-0-GFJAUUY","country_name":"USA","country_ship":null,"goos_networks":"VOS","ptf_family_name":"Ship Weather Station","country_iso_reporting":"US","country_sensor_provider":null}},{"type":"Feature","geometry":{"type":"Point","coordinates":[-73.7,-33.8]},"properties":{"ptf_id":1148642,"ptf_ref":"ZAXKN3H","category":"ship_based_meteorological_sot_vos","ptf_model":"TURBOWIN+ AUTO","wigos_ref":"0-22000-0-ZAXKN3H","country_name":"USA","country_ship":null,"goos_networks":"VOS","ptf_family_name":"Ship Weather Station","country_iso_reporting":"US","country_sensor_provider":null}},{"type":"Feature","geometry":{"type":"Point","coordinates":[-83.7,45.5]},"properties":{"ptf_id":1148657,"ptf_ref":"4PKQW2B","category":"ship_based_meteorological_sot_vos","ptf_model":"DMAWDS","wigos_ref":"0-22000-0-4PKQW2B","country_name":"USA","country_ship":null,"goos_networks":"VOS","ptf_family_name":"Ship Weather Station","country_iso_reporting":"US","country_sensor_provider":null}},{"type":"Feature","geometry":{"type":"Point","coordinates":[-122,34.6]},"properties":{"ptf_id":1148658,"ptf_ref":"QJKX3AX","category":"ship_based_meteorological_sot_vos","ptf_model":"GENERIC MANUAL","wigos_ref":"0-22000-0-QJKX3AX","country_name":"USA","country_ship":null,"goos_networks":"VOS","ptf_family_name":"Ship Weather Station","country_iso_reporting":"US","country_sensor_provider":null}},{"type":"Feature","geometry":{"type":"Point","coordinates":[-118.2,33.7]},"properties":{"ptf_id":1148660,"ptf_ref":"CUTTZTW","category":"ship_based_meteorological_sot_vos","ptf_model":"GENERIC MANUAL","wigos_ref":"0-22000-0-CUTTZTW","country_name":"USA","country_ship":null,"goos_networks":"VOS","ptf_family_name":"Ship Weather Station","country_iso_reporting":"US","country_sensor_provider":null}},{"type":"Feature","geometry":{"type":"Point","coordinates":[-75.5,39.7]},"properties":{"ptf_id":1148661,"ptf_ref":"HREU54V","category":"ship_based_meteorological_sot_vos","ptf_model":"TURBOWIN+ AUTO","wigos_ref":"0-22000-0-HREU54V","country_name":"USA","country_ship":null,"goos_networks":"VOS","ptf_family_name":"Ship Weather Station","country_iso_reporting":"US","country_sensor_provider":null}},{"type":"Feature","geometry":{"type":"Point","coordinates":[-82.4,27.9]},"properties":{"ptf_id":1148662,"ptf_ref":"QBRD53Y","category":"ship_based_meteorological_sot_vos","ptf_model":"TURBOWIN+ AUTO","wigos_ref":"0-22000-0-QBRD53Y","country_name":"USA","country_ship":null,"goos_networks":"VOS","ptf_family_name":"Ship Weather Station","country_iso_reporting":"US","country_sensor_provider":null}},{"type":"Feature","geometry":{"type":"Point","coordinates":[-87.3,29.2]},"properties":{"ptf_id":1148664,"ptf_ref":"DFSPYQG","category":"ship_based_meteorological_sot_vos","ptf_model":"TURBOWIN+ AUTO","wigos_ref":"0-22000-0-DFSPYQG","country_name":"USA","country_ship":null,"goos_networks":"VOS","ptf_family_name":"Ship Weather Station","country_iso_reporting":"US","country_sensor_provider":null}},{"type":"Feature","geometry":{"type":"Point","coordinates":[-82.5,27.6]},"properties":{"ptf_id":1148665,"ptf_ref":"UBWS9EM","category":"ship_based_meteorological_sot_vos","ptf_model":"TURBOWIN+ AUTO","wigos_ref":"0-22000-0-UBWS9EM","country_name":"USA","country_ship":null,"goos_networks":"VOS","ptf_family_name":"Ship Weather Station","country_iso_reporting":"US","country_sensor_provider":null}},{"type":"Feature","geometry":{"type":"Point","coordinates":[-80.7,29.9]},"properties":{"ptf_id":1148666,"ptf_ref":"RGUJHPH","category":"ship_based_meteorological_sot_vos","ptf_model":"GENERIC MANUAL","wigos_ref":"0-22000-0-RGUJHPH","country_name":"USA","country_ship":null,"goos_networks":"VOS","ptf_family_name":"Ship Weather Station","country_iso_reporting":"US","country_sensor_provider":null}},{"type":"Feature","geometry":{"type":"Point","coordinates":[-18.39,12.23]},"properties":{"ptf_id":1148945,"ptf_ref":"ZHPBD5L","category":"ship_based_meteorological_sot_vos","ptf_model":"EUCAWS/NEPTUNE","wigos_ref":"0-22000-0-ZHPBD5L","country_name":"GERMANY","country_ship":null,"goos_networks":"VOS","ptf_family_name":"Ship Weather Station","country_iso_reporting":"DE","country_sensor_provider":null}},{"type":"Feature","geometry":{"type":"Point","coordinates":[56.64,-21.95]},"properties":{"ptf_id":1148964,"ptf_ref":"HSDLRRX","category":"ship_based_meteorological_sot_vos","ptf_model":"EUCAWS/NEPTUNE","wigos_ref":"0-22000-0-HSDLRRX","country_name":"GERMANY","country_ship":null,"goos_networks":"VOS","ptf_family_name":"Ship Weather Station","country_iso_reporting":"DE","country_sensor_provider":null}},{"type":"Feature","geometry":{"type":"Point","coordinates":[-3,50]},"properties":{"ptf_id":1149109,"ptf_ref":"NRW2RTV","category":"ship_based_meteorological_sot_vos","ptf_model":"TURBOWIN+ MANUAL","wigos_ref":"0-22000-0-NRW2RTV","country_name":"UK","country_ship":null,"goos_networks":"VOS","ptf_family_name":"Ship Weather Station","country_iso_reporting":"GB","country_sensor_provider":null}},{"type":"Feature","geometry":{"type":"Point","coordinates":[-77.31,-11.99]},"properties":{"ptf_id":1149278,"ptf_ref":"2QLQ8PF","category":"ship_based_meteorological_sot_vos","ptf_model":"EUCAWS/NEPTUNE","wigos_ref":"0-22000-0-2QLQ8PF","country_name":"GERMANY","country_ship":null,"goos_networks":"VOS","ptf_family_name":"Ship Weather Station","country_iso_reporting":"DE","country_sensor_provider":null}},{"type":"Feature","geometry":{"type":"Point","coordinates":[116.1,17.3]},"properties":{"ptf_id":1149366,"ptf_ref":"HKV6GTC","category":"ship_based_meteorological_sot_vos","ptf_model":"TURBOWIN+ MANUAL","wigos_ref":"0-22000-0-HKV6GTC","country_name":"JAPAN","country_ship":null,"goos_networks":"VOS","ptf_family_name":"Ship Weather Station","country_iso_reporting":"JP","country_sensor_provider":null}},{"type":"Feature","geometry":{"type":"Point","coordinates":[173.8,54]},"properties":{"ptf_id":1149372,"ptf_ref":"NKF877P","category":"ship_based_meteorological_sot_vos","ptf_model":"GENERIC MANUAL","wigos_ref":"0-22000-0-NKF877P","country_name":"JAPAN","country_ship":null,"goos_networks":"VOS","ptf_family_name":"Ship Weather Station","country_iso_reporting":"JP","country_sensor_provider":null}},{"type":"Feature","geometry":{"type":"Point","coordinates":[122.3,25.3]},"properties":{"ptf_id":1149415,"ptf_ref":"CLDT77M","category":"ship_based_meteorological_sot_vos","ptf_model":"GENERIC MANUAL","wigos_ref":"0-22000-0-CLDT77M","country_name":"JAPAN","country_ship":null,"goos_networks":"VOS","ptf_family_name":"Ship Weather Station","country_iso_reporting":"JP","country_sensor_provider":null}},{"type":"Feature","geometry":{"type":"Point","coordinates":[134.9,33.1]},"properties":{"ptf_id":1149423,"ptf_ref":"WRSZWZN","category":"ship_based_meteorological_sot_vos","ptf_model":"TURBOWIN+ MANUAL","wigos_ref":"0-22000-0-WRSZWZN","country_name":"JAPAN","country_ship":null,"goos_networks":"VOS","ptf_family_name":"Ship Weather Station","country_iso_reporting":"JP","country_sensor_provider":null}},{"type":"Feature","geometry":{"type":"Point","coordinates":[101.9,10.9]},"properties":{"ptf_id":1149479,"ptf_ref":"ZRTB5BW","category":"ship_based_meteorological_sot_vos","ptf_model":"GENERIC MANUAL","wigos_ref":"0-22000-0-ZRTB5BW","country_name":"JAPAN","country_ship":null,"goos_networks":"VOS","ptf_family_name":"Ship Weather Station","country_iso_reporting":"JP","country_sensor_provider":null}},{"type":"Feature","geometry":{"type":"Point","coordinates":[123,29.6]},"properties":{"ptf_id":1149509,"ptf_ref":"YVF9CFX","category":"ship_based_meteorological_sot_vos","ptf_model":"GENERIC MANUAL","wigos_ref":"0-22000-0-YVF9CFX","country_name":"JAPAN","country_ship":null,"goos_networks":"VOS","ptf_family_name":"Ship Weather Station","country_iso_reporting":"JP","country_sensor_provider":null}},{"type":"Feature","geometry":{"type":"Point","coordinates":[-9.11,38.72]},"properties":{"ptf_id":1149778,"ptf_ref":"AMM8YER","category":"ship_based_meteorological_sot_vos","ptf_model":"EUCAWS/NEPTUNE","wigos_ref":"0-22000-0-AMM8YER","country_name":"PORTUGAL","country_ship":null,"goos_networks":"VOS","ptf_family_name":"Ship Weather Station","country_iso_reporting":"PT","country_sensor_provider":null}},{"type":"Feature","geometry":{"type":"Point","coordinates":[-86.8,22.3]},"properties":{"ptf_id":1149785,"ptf_ref":"YKMRAFU","category":"ship_based_meteorological_sot_vos","ptf_model":"TURBOWIN","wigos_ref":"0-22000-0-YKMRAFU","country_name":"USA","country_ship":null,"goos_networks":"VOS","ptf_family_name":"Ship Weather Station","country_iso_reporting":"US","country_sensor_provider":null}},{"type":"Feature","geometry":{"type":"Point","coordinates":[6.7,43]},"properties":{"ptf_id":1149786,"ptf_ref":"LYR3EHM","category":"ship_based_meteorological_sot_vos","ptf_model":"TURBOWIN","wigos_ref":"0-22000-0-LYR3EHM","country_name":"USA","country_ship":null,"goos_networks":"VOS","ptf_family_name":"Ship Weather Station","country_iso_reporting":"US","country_sensor_provider":null}},{"type":"Feature","geometry":{"type":"Point","coordinates":[-126.9,37]},"properties":{"ptf_id":1149794,"ptf_ref":"JKUXD3G","category":"ship_based_meteorological_sot_vos","ptf_model":"GENERIC MANUAL","wigos_ref":"0-22000-0-JKUXD3G","country_name":"USA","country_ship":null,"goos_networks":"VOS","ptf_family_name":"Ship Weather Station","country_iso_reporting":"US","country_sensor_provider":null}},{"type":"Feature","geometry":{"type":"Point","coordinates":[-63.5,48.2]},"properties":{"ptf_id":1149803,"ptf_ref":"TQPXK5P","category":"ship_based_meteorological_sot_vos","ptf_model":"DMAWDS","wigos_ref":"0-22000-0-TQPXK5P","country_name":"USA","country_ship":null,"goos_networks":"VOS","ptf_family_name":"Ship Weather Station","country_iso_reporting":"US","country_sensor_provider":null}},{"type":"Feature","geometry":{"type":"Point","coordinates":[-120,32.7]},"properties":{"ptf_id":1149804,"ptf_ref":"FBCDXPH","category":"ship_based_meteorological_sot_vos","ptf_model":"GENERIC MANUAL","wigos_ref":"0-22000-0-FBCDXPH","country_name":"USA","country_ship":null,"goos_networks":"VOS","ptf_family_name":"Ship Weather Station","country_iso_reporting":"US","country_sensor_provider":null}},{"type":"Feature","geometry":{"type":"Point","coordinates":[-174,54]},"properties":{"ptf_id":1149806,"ptf_ref":"EKFWN9K","category":"ship_based_meteorological_sot_vos","ptf_model":"GENERIC MANUAL","wigos_ref":"0-22000-0-EKFWN9K","country_name":"USA","country_ship":null,"goos_networks":"VOS","ptf_family_name":"Ship Weather Station","country_iso_reporting":"US","country_sensor_provider":null}},{"type":"Feature","geometry":{"type":"Point","coordinates":[-63.5,59]},"properties":{"ptf_id":1149810,"ptf_ref":"5YFFYFP","category":"ship_based_meteorological_sot_vos","ptf_model":"GENERIC MANUAL","wigos_ref":"0-22000-0-5YFFYFP","country_name":"USA","country_ship":null,"goos_networks":"VOS","ptf_family_name":"Ship Weather Station","country_iso_reporting":"US","country_sensor_provider":null}},{"type":"Feature","geometry":{"type":"Point","coordinates":[-74.3,24.3]},"properties":{"ptf_id":1149811,"ptf_ref":"XBE2C4G","category":"ship_based_meteorological_sot_vos","ptf_model":"TURBOWIN","wigos_ref":"0-22000-0-XBE2C4G","country_name":"USA","country_ship":null,"goos_networks":"VOS","ptf_family_name":"Ship Weather Station","country_iso_reporting":"US","country_sensor_provider":null}},{"type":"Feature","geometry":{"type":"Point","coordinates":[-72.2,40.5]},"properties":{"ptf_id":1149819,"ptf_ref":"RPQCFTE","category":"ship_based_meteorological_sot_vos","ptf_model":"TURBOWIN","wigos_ref":"0-22000-0-RPQCFTE","country_name":"USA","country_ship":null,"goos_networks":"VOS","ptf_family_name":"Ship Weather Station","country_iso_reporting":"US","country_sensor_provider":null}},{"type":"Feature","geometry":{"type":"Point","coordinates":[-166.2,45.1]},"properties":{"ptf_id":1149830,"ptf_ref":"CUH3NZC","category":"ship_based_meteorological_sot_vos","ptf_model":"AMVERS/SEAS","wigos_ref":"0-22000-0-CUH3NZC","country_name":"USA","country_ship":null,"goos_networks":"VOS","ptf_family_name":"Ship Weather Station","country_iso_reporting":"US","country_sensor_provider":null}},{"type":"Feature","geometry":{"type":"Point","coordinates":[29.7,33.6]},"properties":{"ptf_id":1149838,"ptf_ref":"UKE3JJC","category":"ship_based_meteorological_sot_vos","ptf_model":"TURBOWIN","wigos_ref":"0-22000-0-UKE3JJC","country_name":"USA","country_ship":null,"goos_networks":"VOS","ptf_family_name":"Ship Weather Station","country_iso_reporting":"US","country_sensor_provider":null}},{"type":"Feature","geometry":{"type":"Point","coordinates":[-89.2,48.4]},"properties":{"ptf_id":1149839,"ptf_ref":"WVLUE9F","category":"ship_based_meteorological_sot_vos","ptf_model":"DMAWDS","wigos_ref":"0-22000-0-WVLUE9F","country_name":"USA","country_ship":null,"goos_networks":"VOS","ptf_family_name":"Ship Weather Station","country_iso_reporting":"US","country_sensor_provider":null}},{"type":"Feature","geometry":{"type":"Point","coordinates":[-123.1,49.3]},"properties":{"ptf_id":1149840,"ptf_ref":"WVP259K","category":"ship_based_meteorological_sot_vos","ptf_model":"GENERIC MANUAL","wigos_ref":"0-22000-0-WVP259K","country_name":"USA","country_ship":null,"goos_networks":"VOS","ptf_family_name":"Ship Weather Station","country_iso_reporting":"US","country_sensor_provider":null}},{"type":"Feature","geometry":{"type":"Point","coordinates":[-61.2,28]},"properties":{"ptf_id":1149841,"ptf_ref":"ASKBBRX","category":"ship_based_meteorological_sot_vos","ptf_model":"GENERIC MANUAL","wigos_ref":"0-22000-0-ASKBBRX","country_name":"USA","country_ship":null,"goos_networks":"VOS","ptf_family_name":"Ship Weather Station","country_iso_reporting":"US","country_sensor_provider":null}},{"type":"Feature","geometry":{"type":"Point","coordinates":[-152.2,59.2]},"properties":{"ptf_id":1149842,"ptf_ref":"2JE2NPD","category":"ship_based_meteorological_sot_vos","ptf_model":"GENERIC MANUAL","wigos_ref":"0-22000-0-2JE2NPD","country_name":"USA","country_ship":null,"goos_networks":"VOS","ptf_family_name":"Ship Weather Station","country_iso_reporting":"US","country_sensor_provider":null}},{"type":"Feature","geometry":{"type":"Point","coordinates":[-158.5,21.3]},"properties":{"ptf_id":1149849,"ptf_ref":"SRN54XZ","category":"ship_based_meteorological_sot_vos","ptf_model":"GENERIC MANUAL","wigos_ref":"0-22000-0-SRN54XZ","country_name":"USA","country_ship":null,"goos_networks":"VOS","ptf_family_name":"Ship Weather Station","country_iso_reporting":"US","country_sensor_provider":null}},{"type":"Feature","geometry":{"type":"Point","coordinates":[-122.95,48.5]},"properties":{"ptf_id":1150736,"ptf_ref":"NWRF36L","category":"ship_based_meteorological_sot_vos","ptf_model":"Mini-Eucaws/WSM200","wigos_ref":"0-22000-0-NWRF36L","country_name":"FRANCE","country_ship":null,"goos_networks":"VOS","ptf_family_name":"Ship Weather Station","country_iso_reporting":"FR","country_sensor_provider":null}},{"type":"Feature","geometry":{"type":"Point","coordinates":[-27.72,70.99]},"properties":{"ptf_id":1151004,"ptf_ref":"MPBP5YM","category":"ship_based_meteorological_sot_vos","ptf_model":"Mini-Eucaws/WSM200","wigos_ref":"0-22000-0-MPBP5YM","country_name":"NETHERLANDS","country_ship":null,"goos_networks":"VOS","ptf_family_name":"Ship Weather Station","country_iso_reporting":"NL","country_sensor_provider":null}},{"type":"Feature","geometry":{"type":"Point","coordinates":[-25,16.89]},"properties":{"ptf_id":1151075,"ptf_ref":"WHQBY4B","category":"ship_based_meteorological_sot_vos","ptf_model":"EUCAWS/NEPTUNE","wigos_ref":"0-22000-0-WHQBY4B","country_name":"FRANCE","country_ship":null,"goos_networks":"VOS","ptf_family_name":"Ship Weather Station","country_iso_reporting":"FR","country_sensor_provider":null}},{"type":"Feature","geometry":{"type":"Point","coordinates":[-8.8,33.7]},"properties":{"ptf_id":1151083,"ptf_ref":"AHM59XC","category":"ship_based_meteorological_sot_vos","ptf_model":"TURBOWIN+ MANUAL","wigos_ref":"0-22000-0-AHM59XC","country_name":"GERMANY","country_ship":null,"goos_networks":"VOS","ptf_family_name":"Ship Weather Station","country_iso_reporting":"DE","country_sensor_provider":null}},{"type":"Feature","geometry":{"type":"Point","coordinates":[148.3,6.95]},"properties":{"ptf_id":1151386,"ptf_ref":"3SG3QTU","category":"ship_based_meteorological_sot_vos","ptf_model":"EUCAWS/NEPTUNE","wigos_ref":"0-22000-0-3SG3QTU","country_name":"GERMANY","country_ship":null,"goos_networks":"VOS","ptf_family_name":"Ship Weather Station","country_iso_reporting":"DE","country_sensor_provider":null}},{"type":"Feature","geometry":{"type":"Point","coordinates":[172.3,-37.7]},"properties":{"ptf_id":1151437,"ptf_ref":"NAND24A","category":"ship_based_meteorological_sot_vos","ptf_model":"GENERIC MANUAL","wigos_ref":"0-22000-0-NAND24A","country_name":"JAPAN","country_ship":null,"goos_networks":"VOS","ptf_family_name":"Ship Weather Station","country_iso_reporting":"JP","country_sensor_provider":null}},{"type":"Feature","geometry":{"type":"Point","coordinates":[120.2,1.6]},"properties":{"ptf_id":1151438,"ptf_ref":"ZKT4Y5Z","category":"ship_based_meteorological_sot_vos","ptf_model":"TURBOWIN+ MANUAL","wigos_ref":"0-22000-0-ZKT4Y5Z","country_name":"JAPAN","country_ship":null,"goos_networks":"VOS","ptf_family_name":"Ship Weather Station","country_iso_reporting":"JP","country_sensor_provider":null}},{"type":"Feature","geometry":{"type":"Point","coordinates":[-175.3,47.5]},"properties":{"ptf_id":1151439,"ptf_ref":"KVKH5VV","category":"ship_based_meteorological_sot_vos","ptf_model":"TURBOWIN+ MANUAL","wigos_ref":"0-22000-0-KVKH5VV","country_name":"JAPAN","country_ship":null,"goos_networks":"VOS","ptf_family_name":"Ship Weather Station","country_iso_reporting":"JP","country_sensor_provider":null}},{"type":"Feature","geometry":{"type":"Point","coordinates":[161.8,47.4]},"properties":{"ptf_id":1151462,"ptf_ref":"GNSBFRR","category":"ship_based_meteorological_sot_vos","ptf_model":"TURBOWIN+ MANUAL","wigos_ref":"0-22000-0-GNSBFRR","country_name":"JAPAN","country_ship":null,"goos_networks":"VOS","ptf_family_name":"Ship Weather Station","country_iso_reporting":"JP","country_sensor_provider":null}},{"type":"Feature","geometry":{"type":"Point","coordinates":[129.1,30]},"properties":{"ptf_id":1151463,"ptf_ref":"KQRDLNA","category":"ship_based_meteorological_sot_vos","ptf_model":"TURBOWIN+ MANUAL","wigos_ref":"0-22000-0-KQRDLNA","country_name":"JAPAN","country_ship":null,"goos_networks":"VOS","ptf_family_name":"Ship Weather Station","country_iso_reporting":"JP","country_sensor_provider":null}},{"type":"Feature","geometry":{"type":"Point","coordinates":[153.7,-31.1]},"properties":{"ptf_id":1151471,"ptf_ref":"JXGLBYN","category":"ship_based_meteorological_sot_vos","ptf_model":"TURBOWIN+ MANUAL","wigos_ref":"0-22000-0-JXGLBYN","country_name":"JAPAN","country_ship":null,"goos_networks":"VOS","ptf_family_name":"Ship Weather Station","country_iso_reporting":"JP","country_sensor_provider":null}},{"type":"Feature","geometry":{"type":"Point","coordinates":[-24.53,73.5]},"properties":{"ptf_id":1151534,"ptf_ref":"XXKURDN","category":"ship_based_meteorological_sot_vos","ptf_model":"EUCAWS/NEPTUNE","wigos_ref":"0-22000-0-XXKURDN","country_name":"GERMANY","country_ship":null,"goos_networks":"VOS","ptf_family_name":"Ship Weather Station","country_iso_reporting":"DE","country_sensor_provider":null}},{"type":"Feature","geometry":{"type":"Point","coordinates":[-72.4,46.2]},"properties":{"ptf_id":1152027,"ptf_ref":"TVT39WK","category":"ship_based_meteorological_sot_vos","ptf_model":"DMAWDS","wigos_ref":"0-22000-0-TVT39WK","country_name":"USA","country_ship":null,"goos_networks":"VOS","ptf_family_name":"Ship Weather Station","country_iso_reporting":"US","country_sensor_provider":null}},{"type":"Feature","geometry":{"type":"Point","coordinates":[-78.2,43.6]},"properties":{"ptf_id":1152028,"ptf_ref":"3MN2EST","category":"ship_based_meteorological_sot_vos","ptf_model":"GENERIC MANUAL","wigos_ref":"0-22000-0-3MN2EST","country_name":"USA","country_ship":null,"goos_networks":"VOS","ptf_family_name":"Ship Weather Station","country_iso_reporting":"US","country_sensor_provider":null}},{"type":"Feature","geometry":{"type":"Point","coordinates":[-93,26.2]},"properties":{"ptf_id":1152031,"ptf_ref":"WQLL5SY","category":"ship_based_meteorological_sot_vos","ptf_model":"TURBOWIN","wigos_ref":"0-22000-0-WQLL5SY","country_name":"USA","country_ship":null,"goos_networks":"VOS","ptf_family_name":"Ship Weather Station","country_iso_reporting":"US","country_sensor_provider":null}},{"type":"Feature","geometry":{"type":"Point","coordinates":[143.6,-39.1]},"properties":{"ptf_id":1152033,"ptf_ref":"NEFNNBS","category":"ship_based_meteorological_sot_vos","ptf_model":"GENERIC MANUAL","wigos_ref":"0-22000-0-NEFNNBS","country_name":"USA","country_ship":null,"goos_networks":"VOS","ptf_family_name":"Ship Weather Station","country_iso_reporting":"US","country_sensor_provider":null}},{"type":"Feature","geometry":{"type":"Point","coordinates":[-167.7,47.1]},"properties":{"ptf_id":1152036,"ptf_ref":"TZCED5G","category":"ship_based_meteorological_sot_vos","ptf_model":"TURBOWIN","wigos_ref":"0-22000-0-TZCED5G","country_name":"USA","country_ship":null,"goos_networks":"VOS","ptf_family_name":"Ship Weather Station","country_iso_reporting":"US","country_sensor_provider":null}},{"type":"Feature","geometry":{"type":"Point","coordinates":[25.3,37.4]},"properties":{"ptf_id":1152044,"ptf_ref":"SYPKY8G","category":"ship_based_meteorological_sot_vos","ptf_model":"TURBOWIN+ AUTO","wigos_ref":"0-22000-0-SYPKY8G","country_name":"USA","country_ship":null,"goos_networks":"VOS","ptf_family_name":"Ship Weather Station","country_iso_reporting":"US","country_sensor_provider":null}},{"type":"Feature","geometry":{"type":"Point","coordinates":[-72.6,22.7]},"properties":{"ptf_id":1152049,"ptf_ref":"MQSWZJL","category":"ship_based_meteorological_sot_vos","ptf_model":"TURBOWIN+ AUTO","wigos_ref":"0-22000-0-MQSWZJL","country_name":"USA","country_ship":null,"goos_networks":"VOS","ptf_family_name":"Ship Weather Station","country_iso_reporting":"US","country_sensor_provider":null}},{"type":"Feature","geometry":{"type":"Point","coordinates":[-74.7,35.6]},"properties":{"ptf_id":1152050,"ptf_ref":"TYQJTMF","category":"ship_based_meteorological_sot_vos","ptf_model":"GENERIC MANUAL","wigos_ref":"0-22000-0-TYQJTMF","country_name":"USA","country_ship":null,"goos_networks":"VOS","ptf_family_name":"Ship Weather Station","country_iso_reporting":"US","country_sensor_provider":null}},{"type":"Feature","geometry":{"type":"Point","coordinates":[113.8,22.4]},"properties":{"ptf_id":1152061,"ptf_ref":"AAG94PY","category":"ship_based_meteorological_sot_vos","ptf_model":"GENERIC MANUAL","wigos_ref":"0-22000-0-AAG94PY","country_name":"USA","country_ship":null,"goos_networks":"VOS","ptf_family_name":"Ship Weather Station","country_iso_reporting":"US","country_sensor_provider":null}},{"type":"Feature","geometry":{"type":"Point","coordinates":[121.9,27.9]},"properties":{"ptf_id":1152062,"ptf_ref":"FZZSY7Y","category":"ship_based_meteorological_sot_vos","ptf_model":"GENERIC MANUAL","wigos_ref":"0-22000-0-FZZSY7Y","country_name":"USA","country_ship":null,"goos_networks":"VOS","ptf_family_name":"Ship Weather Station","country_iso_reporting":"US","country_sensor_provider":null}},{"type":"Feature","geometry":{"type":"Point","coordinates":[55.2,67.3]},"properties":{"ptf_id":1152068,"ptf_ref":"6GK48KV","category":"ship_based_meteorological_sot_vos","ptf_model":"DMAWDS","wigos_ref":"0-22000-0-6GK48KV","country_name":"USA","country_ship":null,"goos_networks":"VOS","ptf_family_name":"Ship Weather Station","country_iso_reporting":"US","country_sensor_provider":null}},{"type":"Feature","geometry":{"type":"Point","coordinates":[101.6,2.5]},"properties":{"ptf_id":1152073,"ptf_ref":"9UKQT2W","category":"ship_based_meteorological_sot_vos","ptf_model":"GENERIC MANUAL","wigos_ref":"0-22000-0-9UKQT2W","country_name":"USA","country_ship":null,"goos_networks":"VOS","ptf_family_name":"Ship Weather Station","country_iso_reporting":"US","country_sensor_provider":null}},{"type":"Feature","geometry":{"type":"Point","coordinates":[6.8,43.3]},"properties":{"ptf_id":1152090,"ptf_ref":"3AQQXHY","category":"ship_based_meteorological_sot_vos","ptf_model":"TURBOWIN+ MANUAL","wigos_ref":"0-22000-0-3AQQXHY","country_name":"UK","country_ship":null,"goos_networks":"VOS","ptf_family_name":"Ship Weather Station","country_iso_reporting":"GB","country_sensor_provider":null}},{"type":"Feature","geometry":{"type":"Point","coordinates":[9.98,53.54]},"properties":{"ptf_id":1152393,"ptf_ref":"NCJB6HS","category":"ship_based_meteorological_sot_vos","ptf_model":"Mini-Eucaws/WSM200","wigos_ref":"0-22000-0-NCJB6HS","country_name":"GERMANY","country_ship":null,"goos_networks":"VOS","ptf_family_name":"Ship Weather Station","country_iso_reporting":"DE","country_sensor_provider":null}},{"type":"Feature","geometry":{"type":"Point","coordinates":[23.66,37.84]},"properties":{"ptf_id":1152521,"ptf_ref":"3URK8QU","category":"ship_based_meteorological_sot_vos","ptf_model":"EUCAWS/NEPTUNE","wigos_ref":"0-22000-0-3URK8QU","country_name":"GREECE","country_ship":null,"goos_networks":"VOS","ptf_family_name":"Ship Weather Station","country_iso_reporting":"GR","country_sensor_provider":null}},{"type":"Feature","geometry":{"type":"Point","coordinates":[5.88,43.11]},"properties":{"ptf_id":1152638,"ptf_ref":"JZR5NVG","category":"ship_based_meteorological_sot_vos","ptf_model":"MERCURY","wigos_ref":"0-22000-0-JZR5NVG","country_name":"FRANCE","country_ship":null,"goos_networks":"VOS","ptf_family_name":"Ship Weather Station","country_iso_reporting":"FR","country_sensor_provider":null}},{"type":"Feature","geometry":{"type":"Point","coordinates":[6.47,-22.51]},"properties":{"ptf_id":1153211,"ptf_ref":"WJMAL2E","category":"ship_based_meteorological_sot_vos","ptf_model":"EUCAWS/NEPTUNE","wigos_ref":"0-22000-0-WJMAL2E","country_name":"GERMANY","country_ship":null,"goos_networks":"VOS","ptf_family_name":"Ship Weather Station","country_iso_reporting":"DE","country_sensor_provider":null}},{"type":"Feature","geometry":{"type":"Point","coordinates":[7.9,54.18]},"properties":{"ptf_id":1153340,"ptf_ref":"JKNFFJQ","category":"ship_based_meteorological_sot_vos","ptf_model":"Mini-Eucaws/WSM200","wigos_ref":"0-22000-0-JKNFFJQ","country_name":"GERMANY","country_ship":null,"goos_networks":"VOS","ptf_family_name":"Ship Weather Station","country_iso_reporting":"DE","country_sensor_provider":null}},{"type":"Feature","geometry":{"type":"Point","coordinates":[-2.9,59]},"properties":{"ptf_id":1153368,"ptf_ref":"UQQERBK","category":"ship_based_meteorological_sot_vos","ptf_model":"AMOS2X","wigos_ref":"0-22000-0-UQQERBK","country_name":"UK","country_ship":null,"goos_networks":"VOS","ptf_family_name":"Ship Weather Station","country_iso_reporting":"GB","country_sensor_provider":null}},{"type":"Feature","geometry":{"type":"Point","coordinates":[129.8,32.7]},"properties":{"ptf_id":1153369,"ptf_ref":"FCBAVBW","category":"ship_based_meteorological_sot_vos","ptf_model":"AMOS2X","wigos_ref":"0-22000-0-FCBAVBW","country_name":"UK","country_ship":null,"goos_networks":"VOS","ptf_family_name":"Ship Weather Station","country_iso_reporting":"GB","country_sensor_provider":null}},{"type":"Feature","geometry":{"type":"Point","coordinates":[45.1,-26.5]},"properties":{"ptf_id":1153384,"ptf_ref":"LWHWD2N","category":"ship_based_meteorological_sot_vos","ptf_model":"TURBOWIN+ MANUAL","wigos_ref":"0-22000-0-LWHWD2N","country_name":"GERMANY","country_ship":null,"goos_networks":"VOS","ptf_family_name":"Ship Weather Station","country_iso_reporting":"DE","country_sensor_provider":null}},{"type":"Feature","geometry":{"type":"Point","coordinates":[-3.8,45]},"properties":{"ptf_id":1153408,"ptf_ref":"NUET6YF","category":"ship_based_meteorological_sot_vos","ptf_model":"AMOS2X","wigos_ref":"0-22000-0-NUET6YF","country_name":"UK","country_ship":null,"goos_networks":"VOS","ptf_family_name":"Ship Weather Station","country_iso_reporting":"GB","country_sensor_provider":null}},{"type":"Feature","geometry":{"type":"Point","coordinates":[49.1,-23.5]},"properties":{"ptf_id":1153489,"ptf_ref":"QWKG34T","category":"ship_based_meteorological_sot_vos","ptf_model":"TURBOWIN+ MANUAL","wigos_ref":"0-22000-0-QWKG34T","country_name":"GERMANY","country_ship":null,"goos_networks":"VOS","ptf_family_name":"Ship Weather Station","country_iso_reporting":"DE","country_sensor_provider":null}},{"type":"Feature","geometry":{"type":"Point","coordinates":[83.78,5.85]},"properties":{"ptf_id":1153510,"ptf_ref":"XVRJ5EQ","category":"ship_based_meteorological_sot_vos","ptf_model":"EUCAWS/NEPTUNE","wigos_ref":"0-22000-0-XVRJ5EQ","country_name":"GERMANY","country_ship":null,"goos_networks":"VOS","ptf_family_name":"Ship Weather Station","country_iso_reporting":"DE","country_sensor_provider":null}},{"type":"Feature","geometry":{"type":"Point","coordinates":[-4.2,45.1]},"properties":{"ptf_id":1153511,"ptf_ref":"LRGMKKL","category":"ship_based_meteorological_sot_vos","ptf_model":"AMOS2X","wigos_ref":"0-22000-0-LRGMKKL","country_name":"UK","country_ship":null,"goos_networks":"VOS","ptf_family_name":"Ship Weather Station","country_iso_reporting":"GB","country_sensor_provider":null}},{"type":"Feature","geometry":{"type":"Point","coordinates":[14.42,45.33]},"properties":{"ptf_id":1153687,"ptf_ref":"CDSZ8ZL","category":"ship_based_meteorological_sot_vos","ptf_model":"EUCAWS/NEPTUNE","wigos_ref":"0-22000-0-CDSZ8ZL","country_name":"GERMANY","country_ship":null,"goos_networks":"VOS","ptf_family_name":"Ship Weather Station","country_iso_reporting":"DE","country_sensor_provider":null}},{"type":"Feature","geometry":{"type":"Point","coordinates":[-5.2,-21]},"properties":{"ptf_id":1153808,"ptf_ref":"3LC7QEW","category":"ship_based_meteorological_sot_vos","ptf_model":"TURBOWIN","wigos_ref":"0-22000-0-3LC7QEW","country_name":"USA","country_ship":null,"goos_networks":"VOS","ptf_family_name":"Ship Weather Station","country_iso_reporting":"US","country_sensor_provider":null}},{"type":"Feature","geometry":{"type":"Point","coordinates":[-24.8,7.8]},"properties":{"ptf_id":1153809,"ptf_ref":"9HTLGAZ","category":"ship_based_meteorological_sot_vos","ptf_model":"TURBOWIN","wigos_ref":"0-22000-0-9HTLGAZ","country_name":"USA","country_ship":null,"goos_networks":"VOS","ptf_family_name":"Ship Weather Station","country_iso_reporting":"US","country_sensor_provider":null}},{"type":"Feature","geometry":{"type":"Point","coordinates":[-151.1,39.5]},"properties":{"ptf_id":1153811,"ptf_ref":"9ZEKMEF","category":"ship_based_meteorological_sot_vos","ptf_model":"TURBOWIN","wigos_ref":"0-22000-0-9ZEKMEF","country_name":"USA","country_ship":null,"goos_networks":"VOS","ptf_family_name":"Ship Weather Station","country_iso_reporting":"US","country_sensor_provider":null}},{"type":"Feature","geometry":{"type":"Point","coordinates":[133.1,31.4]},"properties":{"ptf_id":1153813,"ptf_ref":"ZLTNBSC","category":"ship_based_meteorological_sot_vos","ptf_model":"TURBOWIN","wigos_ref":"0-22000-0-ZLTNBSC","country_name":"USA","country_ship":null,"goos_networks":"VOS","ptf_family_name":"Ship Weather Station","country_iso_reporting":"US","country_sensor_provider":null}},{"type":"Feature","geometry":{"type":"Point","coordinates":[120.5,-13.1]},"properties":{"ptf_id":1153814,"ptf_ref":"8BXZP2J","category":"ship_based_meteorological_sot_vos","ptf_model":"GENERIC MANUAL","wigos_ref":"0-22000-0-8BXZP2J","country_name":"USA","country_ship":null,"goos_networks":"VOS","ptf_family_name":"Ship Weather Station","country_iso_reporting":"US","country_sensor_provider":null}},{"type":"Feature","geometry":{"type":"Point","coordinates":[-103.7,18.3]},"properties":{"ptf_id":1153815,"ptf_ref":"FHFAAKL","category":"ship_based_meteorological_sot_vos","ptf_model":"TURBOWIN","wigos_ref":"0-22000-0-FHFAAKL","country_name":"USA","country_ship":null,"goos_networks":"VOS","ptf_family_name":"Ship Weather Station","country_iso_reporting":"US","country_sensor_provider":null}},{"type":"Feature","geometry":{"type":"Point","coordinates":[-117.3,31.3]},"properties":{"ptf_id":1153819,"ptf_ref":"WQTSU2K","category":"ship_based_meteorological_sot_vos","ptf_model":"GENERIC MANUAL","wigos_ref":"0-22000-0-WQTSU2K","country_name":"USA","country_ship":null,"goos_networks":"VOS","ptf_family_name":"Ship Weather Station","country_iso_reporting":"US","country_sensor_provider":null}},{"type":"Feature","geometry":{"type":"Point","coordinates":[-135.4,58.1]},"properties":{"ptf_id":1153829,"ptf_ref":"SMRYXFD","category":"ship_based_meteorological_sot_vos","ptf_model":"GENERIC MANUAL","wigos_ref":"0-22000-0-SMRYXFD","country_name":"USA","country_ship":null,"goos_networks":"VOS","ptf_family_name":"Ship Weather Station","country_iso_reporting":"US","country_sensor_provider":null}},{"type":"Feature","geometry":{"type":"Point","coordinates":[119.8,25.2]},"properties":{"ptf_id":1153830,"ptf_ref":"WXTE7NT","category":"ship_based_meteorological_sot_vos","ptf_model":"GENERIC MANUAL","wigos_ref":"0-22000-0-WXTE7NT","country_name":"USA","country_ship":null,"goos_networks":"VOS","ptf_family_name":"Ship Weather Station","country_iso_reporting":"US","country_sensor_provider":null}},{"type":"Feature","geometry":{"type":"Point","coordinates":[-159.4,44.7]},"properties":{"ptf_id":1153831,"ptf_ref":"QMK6GKQ","category":"ship_based_meteorological_sot_vos","ptf_model":"GENERIC MANUAL","wigos_ref":"0-22000-0-QMK6GKQ","country_name":"USA","country_ship":null,"goos_networks":"VOS","ptf_family_name":"Ship Weather Station","country_iso_reporting":"US","country_sensor_provider":null}},{"type":"Feature","geometry":{"type":"Point","coordinates":[11,55.3]},"properties":{"ptf_id":1153836,"ptf_ref":"6CJW4YP","category":"ship_based_meteorological_sot_vos","ptf_model":"TURBOWIN","wigos_ref":"0-22000-0-6CJW4YP","country_name":"USA","country_ship":null,"goos_networks":"VOS","ptf_family_name":"Ship Weather Station","country_iso_reporting":"US","country_sensor_provider":null}},{"type":"Feature","geometry":{"type":"Point","coordinates":[15.5,38.2]},"properties":{"ptf_id":1153837,"ptf_ref":"2YMGRVR","category":"ship_based_meteorological_sot_vos","ptf_model":"GENERIC MANUAL","wigos_ref":"0-22000-0-2YMGRVR","country_name":"USA","country_ship":null,"goos_networks":"VOS","ptf_family_name":"Ship Weather Station","country_iso_reporting":"US","country_sensor_provider":null}},{"type":"Feature","geometry":{"type":"Point","coordinates":[-130.6,26.4]},"properties":{"ptf_id":1153838,"ptf_ref":"5LACGKH","category":"ship_based_meteorological_sot_vos","ptf_model":"GENERIC MANUAL","wigos_ref":"0-22000-0-5LACGKH","country_name":"USA","country_ship":null,"goos_networks":"VOS","ptf_family_name":"Ship Weather Station","country_iso_reporting":"US","country_sensor_provider":null}},{"type":"Feature","geometry":{"type":"Point","coordinates":[133.5,33.5]},"properties":{"ptf_id":1153839,"ptf_ref":"NYD4JUU","category":"ship_based_meteorological_sot_vos","ptf_model":"GENERIC MANUAL","wigos_ref":"0-22000-0-NYD4JUU","country_name":"USA","country_ship":null,"goos_networks":"VOS","ptf_family_name":"Ship Weather Station","country_iso_reporting":"US","country_sensor_provider":null}},{"type":"Feature","geometry":{"type":"Point","coordinates":[-156,21.8]},"properties":{"ptf_id":1153840,"ptf_ref":"VTDH25G","category":"ship_based_meteorological_sot_vos","ptf_model":"GENERIC MANUAL","wigos_ref":"0-22000-0-VTDH25G","country_name":"USA","country_ship":null,"goos_networks":"VOS","ptf_family_name":"Ship Weather Station","country_iso_reporting":"US","country_sensor_provider":null}},{"type":"Feature","geometry":{"type":"Point","coordinates":[16.6,42.7]},"properties":{"ptf_id":1153841,"ptf_ref":"2EZQ9ZK","category":"ship_based_meteorological_sot_vos","ptf_model":"GENERIC MANUAL","wigos_ref":"0-22000-0-2EZQ9ZK","country_name":"USA","country_ship":null,"goos_networks":"VOS","ptf_family_name":"Ship Weather Station","country_iso_reporting":"US","country_sensor_provider":null}},{"type":"Feature","geometry":{"type":"Point","coordinates":[-141.8,44.6]},"properties":{"ptf_id":1153852,"ptf_ref":"UPVRGRQ","category":"ship_based_meteorological_sot_vos","ptf_model":"TURBOWIN","wigos_ref":"0-22000-0-UPVRGRQ","country_name":"USA","country_ship":null,"goos_networks":"VOS","ptf_family_name":"Ship Weather Station","country_iso_reporting":"US","country_sensor_provider":null}},{"type":"Feature","geometry":{"type":"Point","coordinates":[-149.1,25]},"properties":{"ptf_id":1153855,"ptf_ref":"2TSYPFD","category":"ship_based_meteorological_sot_vos","ptf_model":"GENERIC MANUAL","wigos_ref":"0-22000-0-2TSYPFD","country_name":"USA","country_ship":null,"goos_networks":"VOS","ptf_family_name":"Ship Weather Station","country_iso_reporting":"US","country_sensor_provider":null}},{"type":"Feature","geometry":{"type":"Point","coordinates":[-178.2,53.6]},"properties":{"ptf_id":1153859,"ptf_ref":"JNGLS6B","category":"ship_based_meteorological_sot_vos","ptf_model":"TURBOWIN","wigos_ref":"0-22000-0-JNGLS6B","country_name":"USA","country_ship":null,"goos_networks":"VOS","ptf_family_name":"Ship Weather Station","country_iso_reporting":"US","country_sensor_provider":null}},{"type":"Feature","geometry":{"type":"Point","coordinates":[-145.2,44.7]},"properties":{"ptf_id":1153860,"ptf_ref":"RDK43JY","category":"ship_based_meteorological_sot_vos","ptf_model":"GENERIC MANUAL","wigos_ref":"0-22000-0-RDK43JY","country_name":"USA","country_ship":null,"goos_networks":"VOS","ptf_family_name":"Ship Weather Station","country_iso_reporting":"US","country_sensor_provider":null}},{"type":"Feature","geometry":{"type":"Point","coordinates":[-122.5,48.5]},"properties":{"ptf_id":1153861,"ptf_ref":"ECVF5RL","category":"ship_based_meteorological_sot_vos","ptf_model":"GENERIC MANUAL","wigos_ref":"0-22000-0-ECVF5RL","country_name":"USA","country_ship":null,"goos_networks":"VOS","ptf_family_name":"Ship Weather Station","country_iso_reporting":"US","country_sensor_provider":null}},{"type":"Feature","geometry":{"type":"Point","coordinates":[15.9,41.5]},"properties":{"ptf_id":1153866,"ptf_ref":"5PN437J","category":"ship_based_meteorological_sot_vos","ptf_model":"TURBOWIN","wigos_ref":"0-22000-0-5PN437J","country_name":"USA","country_ship":null,"goos_networks":"VOS","ptf_family_name":"Ship Weather Station","country_iso_reporting":"US","country_sensor_provider":null}},{"type":"Feature","geometry":{"type":"Point","coordinates":[-86.4,27.9]},"properties":{"ptf_id":1153874,"ptf_ref":"6ZCLZDK","category":"ship_based_meteorological_sot_vos","ptf_model":"TURBOWIN+ AUTO","wigos_ref":"0-22000-0-6ZCLZDK","country_name":"USA","country_ship":null,"goos_networks":"VOS","ptf_family_name":"Ship Weather Station","country_iso_reporting":"US","country_sensor_provider":null}},{"type":"Feature","geometry":{"type":"Point","coordinates":[-75.5,39.4]},"properties":{"ptf_id":1153876,"ptf_ref":"9WUMFSN","category":"ship_based_meteorological_sot_vos","ptf_model":"GENERIC MANUAL","wigos_ref":"0-22000-0-9WUMFSN","country_name":"USA","country_ship":null,"goos_networks":"VOS","ptf_family_name":"Ship Weather Station","country_iso_reporting":"US","country_sensor_provider":null}},{"type":"Feature","geometry":{"type":"Point","coordinates":[-96.9,27.8]},"properties":{"ptf_id":1153877,"ptf_ref":"JPCH6HK","category":"ship_based_meteorological_sot_vos","ptf_model":"TURBOWIN+ AUTO","wigos_ref":"0-22000-0-JPCH6HK","country_name":"USA","country_ship":null,"goos_networks":"VOS","ptf_family_name":"Ship Weather Station","country_iso_reporting":"US","country_sensor_provider":null}},{"type":"Feature","geometry":{"type":"Point","coordinates":[-121.7,32.3]},"properties":{"ptf_id":1153881,"ptf_ref":"GJT2LSM","category":"ship_based_meteorological_sot_vos","ptf_model":"TURBOWIN","wigos_ref":"0-22000-0-GJT2LSM","country_name":"USA","country_ship":null,"goos_networks":"VOS","ptf_family_name":"Ship Weather Station","country_iso_reporting":"US","country_sensor_provider":null}},{"type":"Feature","geometry":{"type":"Point","coordinates":[5.54,53.89]},"properties":{"ptf_id":1154044,"ptf_ref":"PVLL43S","category":"ship_based_meteorological_sot_vos","ptf_model":"EUCAWS/NEPTUNE","wigos_ref":"0-22000-0-PVLL43S","country_name":"GERMANY","country_ship":null,"goos_networks":"VOS","ptf_family_name":"Ship Weather Station","country_iso_reporting":"DE","country_sensor_provider":null}},{"type":"Feature","geometry":{"type":"Point","coordinates":[67.59,-15.11]},"properties":{"ptf_id":1154045,"ptf_ref":"SVZPJTQ","category":"ship_based_meteorological_sot_vos","ptf_model":"EUCAWS/NEPTUNE","wigos_ref":"0-22000-0-SVZPJTQ","country_name":"GERMANY","country_ship":null,"goos_networks":"VOS","ptf_family_name":"Ship Weather Station","country_iso_reporting":"DE","country_sensor_provider":null}},{"type":"Feature","geometry":{"type":"Point","coordinates":[12.7,54.7]},"properties":{"ptf_id":1154105,"ptf_ref":"5EDFXKH","category":"ship_based_meteorological_sot_vos","ptf_model":"EUCAWS/NEPTUNE","wigos_ref":"0-22000-0-5EDFXKH","country_name":"GERMANY","country_ship":null,"goos_networks":"VOS","ptf_family_name":"Ship Weather Station","country_iso_reporting":"DE","country_sensor_provider":null}},{"type":"Feature","geometry":{"type":"Point","coordinates":[81.77,-4.49]},"properties":{"ptf_id":1154262,"ptf_ref":"YAJ557Q","category":"ship_based_meteorological_sot_vos","ptf_model":"EUCAWS/NEPTUNE","wigos_ref":"0-22000-0-YAJ557Q","country_name":"GERMANY","country_ship":null,"goos_networks":"VOS","ptf_family_name":"Ship Weather Station","country_iso_reporting":"DE","country_sensor_provider":null}},{"type":"Feature","geometry":{"type":"Point","coordinates":[97.7,6.1]},"properties":{"ptf_id":1154361,"ptf_ref":"WJL5YPY","category":"ship_based_meteorological_sot_vos","ptf_model":"TURBOWIN+ MANUAL","wigos_ref":"0-22000-0-WJL5YPY","country_name":"JAPAN","country_ship":null,"goos_networks":"VOS","ptf_family_name":"Ship Weather Station","country_iso_reporting":"JP","country_sensor_provider":null}},{"type":"Feature","geometry":{"type":"Point","coordinates":[116.4,-11.6]},"properties":{"ptf_id":1154373,"ptf_ref":"SACAF2Q","category":"ship_based_meteorological_sot_vos","ptf_model":"GENERIC MANUAL","wigos_ref":"0-22000-0-SACAF2Q","country_name":"JAPAN","country_ship":null,"goos_networks":"VOS","ptf_family_name":"Ship Weather Station","country_iso_reporting":"JP","country_sensor_provider":null}},{"type":"Feature","geometry":{"type":"Point","coordinates":[109.79,9.48]},"properties":{"ptf_id":1154514,"ptf_ref":"HVPRYWF","category":"ship_based_meteorological_sot_vos","ptf_model":"EUCAWS/NEPTUNE","wigos_ref":"0-22000-0-HVPRYWF","country_name":"GERMANY","country_ship":null,"goos_networks":"VOS","ptf_family_name":"Ship Weather Station","country_iso_reporting":"DE","country_sensor_provider":null}},{"type":"Feature","geometry":{"type":"Point","coordinates":[87.61,5.69]},"properties":{"ptf_id":1154735,"ptf_ref":"8DZ7Y3T","category":"ship_based_meteorological_sot_vos","ptf_model":"EUCAWS/NEPTUNE","wigos_ref":"0-22000-0-8DZ7Y3T","country_name":"GERMANY","country_ship":null,"goos_networks":"VOS","ptf_family_name":"Ship Weather Station","country_iso_reporting":"DE","country_sensor_provider":null}},{"type":"Feature","geometry":{"type":"Point","coordinates":[114.4,13.4]},"properties":{"ptf_id":1154756,"ptf_ref":"UXU7YPJ","category":"ship_based_meteorological_sot_vos","ptf_model":"TURBOWIN+ MANUAL","wigos_ref":"0-22000-0-UXU7YPJ","country_name":"GERMANY","country_ship":null,"goos_networks":"VOS","ptf_family_name":"Ship Weather Station","country_iso_reporting":"DE","country_sensor_provider":null}},{"type":"Feature","geometry":{"type":"Point","coordinates":[-4.3,46.8]},"properties":{"ptf_id":1154758,"ptf_ref":"VTZFR4N","category":"ship_based_meteorological_sot_vos","ptf_model":"AMOS2X","wigos_ref":"0-22000-0-VTZFR4N","country_name":"UK","country_ship":null,"goos_networks":"VOS","ptf_family_name":"Ship Weather Station","country_iso_reporting":"GB","country_sensor_provider":null}},{"type":"Feature","geometry":{"type":"Point","coordinates":[26,-33.8]},"properties":{"ptf_id":1154860,"ptf_ref":"TEKW9TX","category":"ship_based_meteorological_sot_vos","ptf_model":"TURBOWIN+ MANUAL","wigos_ref":"0-22000-0-TEKW9TX","country_name":"GERMANY","country_ship":null,"goos_networks":"VOS","ptf_family_name":"Ship Weather Station","country_iso_reporting":"DE","country_sensor_provider":null}},{"type":"Feature","geometry":{"type":"Point","coordinates":[146.37,-41.18]},"properties":{"ptf_id":1154988,"ptf_ref":"ESJPY4T","category":"ship_based_meteorological_sot_vos","ptf_model":"EUCAWS/NEPTUNE","wigos_ref":"0-22000-0-ESJPY4T","country_name":"AUSTRALIA","country_ship":null,"goos_networks":"VOS","ptf_family_name":"Ship Weather Station","country_iso_reporting":"AU","country_sensor_provider":null}},{"type":"Feature","geometry":{"type":"Point","coordinates":[-61.1,48.5]},"properties":{"ptf_id":1155203,"ptf_ref":"4GS6BPX","category":"ship_based_meteorological_sot_vos","ptf_model":"DMAWDS","wigos_ref":"0-22000-0-4GS6BPX","country_name":"USA","country_ship":null,"goos_networks":"VOS","ptf_family_name":"Ship Weather Station","country_iso_reporting":"US","country_sensor_provider":null}},{"type":"Feature","geometry":{"type":"Point","coordinates":[-79.1,23.2]},"properties":{"ptf_id":1155219,"ptf_ref":"GFBVGRG","category":"ship_based_meteorological_sot_vos","ptf_model":"TURBOWIN","wigos_ref":"0-22000-0-GFBVGRG","country_name":"USA","country_ship":null,"goos_networks":"VOS","ptf_family_name":"Ship Weather Station","country_iso_reporting":"US","country_sensor_provider":null}},{"type":"Feature","geometry":{"type":"Point","coordinates":[-67.9,40.4]},"properties":{"ptf_id":1155232,"ptf_ref":"NRY65GL","category":"ship_based_meteorological_sot_vos","ptf_model":"TURBOWIN","wigos_ref":"0-22000-0-NRY65GL","country_name":"USA","country_ship":null,"goos_networks":"VOS","ptf_family_name":"Ship Weather Station","country_iso_reporting":"US","country_sensor_provider":null}},{"type":"Feature","geometry":{"type":"Point","coordinates":[-165,62.8]},"properties":{"ptf_id":1155233,"ptf_ref":"WVA7BBP","category":"ship_based_meteorological_sot_vos","ptf_model":"GENERIC MANUAL","wigos_ref":"0-22000-0-WVA7BBP","country_name":"USA","country_ship":null,"goos_networks":"VOS","ptf_family_name":"Ship Weather Station","country_iso_reporting":"US","country_sensor_provider":null}},{"type":"Feature","geometry":{"type":"Point","coordinates":[-150.9,58.9]},"properties":{"ptf_id":1155238,"ptf_ref":"TBVRSSP","category":"ship_based_meteorological_sot_vos","ptf_model":"GENERIC MANUAL","wigos_ref":"0-22000-0-TBVRSSP","country_name":"USA","country_ship":null,"goos_networks":"VOS","ptf_family_name":"Ship Weather Station","country_iso_reporting":"US","country_sensor_provider":null}},{"type":"Feature","geometry":{"type":"Point","coordinates":[147.3,43.1]},"properties":{"ptf_id":1155243,"ptf_ref":"HYDV69D","category":"ship_based_meteorological_sot_vos","ptf_model":"GENERIC MANUAL","wigos_ref":"0-22000-0-HYDV69D","country_name":"USA","country_ship":null,"goos_networks":"VOS","ptf_family_name":"Ship Weather Station","country_iso_reporting":"US","country_sensor_provider":null}},{"type":"Feature","geometry":{"type":"Point","coordinates":[-160.2,54]},"properties":{"ptf_id":1155246,"ptf_ref":"3DZDD6V","category":"ship_based_meteorological_sot_vos","ptf_model":"GENERIC MANUAL","wigos_ref":"0-22000-0-3DZDD6V","country_name":"USA","country_ship":null,"goos_networks":"VOS","ptf_family_name":"Ship Weather Station","country_iso_reporting":"US","country_sensor_provider":null}},{"type":"Feature","geometry":{"type":"Point","coordinates":[-122.2,34.3]},"properties":{"ptf_id":1155256,"ptf_ref":"KMGF6EB","category":"ship_based_meteorological_sot_vos","ptf_model":"TURBOWIN","wigos_ref":"0-22000-0-KMGF6EB","country_name":"USA","country_ship":null,"goos_networks":"VOS","ptf_family_name":"Ship Weather Station","country_iso_reporting":"US","country_sensor_provider":null}},{"type":"Feature","geometry":{"type":"Point","coordinates":[-131.7,55.4]},"properties":{"ptf_id":1155261,"ptf_ref":"VKUFAXA","category":"ship_based_meteorological_sot_vos","ptf_model":"GENERIC MANUAL","wigos_ref":"0-22000-0-VKUFAXA","country_name":"USA","country_ship":null,"goos_networks":"VOS","ptf_family_name":"Ship Weather Station","country_iso_reporting":"US","country_sensor_provider":null}},{"type":"Feature","geometry":{"type":"Point","coordinates":[140.6,41.5]},"properties":{"ptf_id":1155268,"ptf_ref":"TQHAH3R","category":"ship_based_meteorological_sot_vos","ptf_model":"GENERIC MANUAL","wigos_ref":"0-22000-0-TQHAH3R","country_name":"USA","country_ship":null,"goos_networks":"VOS","ptf_family_name":"Ship Weather Station","country_iso_reporting":"US","country_sensor_provider":null}},{"type":"Feature","geometry":{"type":"Point","coordinates":[-74,40.71]},"properties":{"ptf_id":1155568,"ptf_ref":"YUHYLLH","category":"ship_based_meteorological_sot_vos","ptf_model":"EUCAWS/NEPTUNE","wigos_ref":"0-22000-0-YUHYLLH","country_name":"FRANCE","country_ship":null,"goos_networks":"VOS","ptf_family_name":"Ship Weather Station","country_iso_reporting":"FR","country_sensor_provider":null}},{"type":"Feature","geometry":{"type":"Point","coordinates":[4.01,51.96]},"properties":{"ptf_id":1155587,"ptf_ref":"JJKGXKX","category":"ship_based_meteorological_sot_vos","ptf_model":"EUCAWS/NEPTUNE","wigos_ref":"0-22000-0-JJKGXKX","country_name":"GERMANY","country_ship":null,"goos_networks":"VOS","ptf_family_name":"Ship Weather Station","country_iso_reporting":"DE","country_sensor_provider":null}},{"type":"Feature","geometry":{"type":"Point","coordinates":[-52.1,21.8]},"properties":{"ptf_id":1155757,"ptf_ref":"5TPTBSF","category":"ship_based_meteorological_sot_vos","ptf_model":"TURBOWIN+ MANUAL","wigos_ref":"0-22000-0-5TPTBSF","country_name":"GERMANY","country_ship":null,"goos_networks":"VOS","ptf_family_name":"Ship Weather Station","country_iso_reporting":"DE","country_sensor_provider":null}},{"type":"Feature","geometry":{"type":"Point","coordinates":[128.8,35]},"properties":{"ptf_id":1155991,"ptf_ref":"WPJTA9E","category":"ship_based_meteorological_sot_vos","ptf_model":"TURBOWIN+ MANUAL","wigos_ref":"0-22000-0-WPJTA9E","country_name":"AUSTRALIA","country_ship":null,"goos_networks":"VOS","ptf_family_name":"Ship Weather Station","country_iso_reporting":"AU","country_sensor_provider":null}},{"type":"Feature","geometry":{"type":"Point","coordinates":[-45.75,60.75]},"properties":{"ptf_id":1156097,"ptf_ref":"BZN77RP","category":"ship_based_meteorological_sot_vos","ptf_model":"Mini-Eucaws/WSM200","wigos_ref":"0-22000-0-BZN77R","country_name":"FRANCE","country_ship":null,"goos_networks":"VOS","ptf_family_name":"Ship Weather Station","country_iso_reporting":"FR","country_sensor_provider":null}},{"type":"Feature","geometry":{"type":"Point","coordinates":[-34.12,-8.23]},"properties":{"ptf_id":1156099,"ptf_ref":"PRF4G7N","category":"ship_based_meteorological_sot_vos","ptf_model":"Mini-Eucaws/WSM200","wigos_ref":"0-22000-0-PRF4G7","country_name":"FRANCE","country_ship":null,"goos_networks":"VOS","ptf_family_name":"Ship Weather Station","country_iso_reporting":"FR","country_sensor_provider":null}},{"type":"Feature","geometry":{"type":"Point","coordinates":[7.03,-22.7]},"properties":{"ptf_id":1156224,"ptf_ref":"QTCLUGX","category":"ship_based_meteorological_sot_vos","ptf_model":"EUCAWS/NEPTUNE","wigos_ref":"0-22000-0-QTCLUGX","country_name":"GERMANY","country_ship":null,"goos_networks":"VOS","ptf_family_name":"Ship Weather Station","country_iso_reporting":"DE","country_sensor_provider":null}},{"type":"Feature","geometry":{"type":"Point","coordinates":[4.9,-5.4]},"properties":{"ptf_id":1156238,"ptf_ref":"KBYV56K","category":"ship_based_meteorological_sot_vos","ptf_model":"TURBOWIN+ MANUAL","wigos_ref":"0-22000-0-KBYV56K","country_name":"GERMANY","country_ship":null,"goos_networks":"VOS","ptf_family_name":"Ship Weather Station","country_iso_reporting":"DE","country_sensor_provider":null}},{"type":"Feature","geometry":{"type":"Point","coordinates":[140.2,33.7]},"properties":{"ptf_id":1156239,"ptf_ref":"ZCPC7MW","category":"ship_based_meteorological_sot_vos","ptf_model":"TURBOWIN+ MANUAL","wigos_ref":"0-22000-0-ZCPC7MW","country_name":"GERMANY","country_ship":null,"goos_networks":"VOS","ptf_family_name":"Ship Weather Station","country_iso_reporting":"DE","country_sensor_provider":null}},{"type":"Feature","geometry":{"type":"Point","coordinates":[122.7,33.5]},"properties":{"ptf_id":1156240,"ptf_ref":"KFFTHUF","category":"ship_based_meteorological_sot_vos","ptf_model":"TURBOWIN+ MANUAL","wigos_ref":"0-22000-0-KFFTHUF","country_name":"GERMANY","country_ship":null,"goos_networks":"VOS","ptf_family_name":"Ship Weather Station","country_iso_reporting":"DE","country_sensor_provider":null}},{"type":"Feature","geometry":{"type":"Point","coordinates":[-2.1,2.1]},"properties":{"ptf_id":1156277,"ptf_ref":"GKHEABF","category":"ship_based_meteorological_sot_vos","ptf_model":"TURBOWIN+ MANUAL","wigos_ref":"0-22000-0-GKHEABF","country_name":"UK","country_ship":null,"goos_networks":"VOS","ptf_family_name":"Ship Weather Station","country_iso_reporting":"GB","country_sensor_provider":null}},{"type":"Feature","geometry":{"type":"Point","coordinates":[118.5,-19.5]},"properties":{"ptf_id":1156303,"ptf_ref":"UYBWCVN","category":"ship_based_meteorological_sot_vos","ptf_model":"EUCAWS/NEPTUNE","wigos_ref":"0-22000-0-UYBWCVN","country_name":"AUSTRALIA","country_ship":null,"goos_networks":"VOS","ptf_family_name":"Ship Weather Station","country_iso_reporting":"AU","country_sensor_provider":null}},{"type":"Feature","geometry":{"type":"Point","coordinates":[10.3,42.8]},"properties":{"ptf_id":1156315,"ptf_ref":"VPGKNFU","category":"ship_based_meteorological_sot_vos","ptf_model":"AMOS2X","wigos_ref":"0-22000-0-VPGKNFU","country_name":"UK","country_ship":null,"goos_networks":"VOS","ptf_family_name":"Ship Weather Station","country_iso_reporting":"GB","country_sensor_provider":null}},{"type":"Feature","geometry":{"type":"Point","coordinates":[21.3,36.3]},"properties":{"ptf_id":1156316,"ptf_ref":"DXSHNGW","category":"ship_based_meteorological_sot_vos","ptf_model":"TURBOWIN+ MANUAL","wigos_ref":"0-22000-0-DXSHNGW","country_name":"UK","country_ship":null,"goos_networks":"VOS","ptf_family_name":"Ship Weather Station","country_iso_reporting":"GB","country_sensor_provider":null}},{"type":"Feature","geometry":{"type":"Point","coordinates":[0.4,50.3]},"properties":{"ptf_id":1156459,"ptf_ref":"KNSSDPE","category":"ship_based_meteorological_sot_vos","ptf_model":"TURBOWIN+ MANUAL","wigos_ref":"0-22000-0-KNSSDPE","country_name":"GERMANY","country_ship":null,"goos_networks":"VOS","ptf_family_name":"Ship Weather Station","country_iso_reporting":"DE","country_sensor_provider":null}},{"type":"Feature","geometry":{"type":"Point","coordinates":[-79.2,43.2]},"properties":{"ptf_id":1156760,"ptf_ref":"JKUTQBX","category":"ship_based_meteorological_sot_vos","ptf_model":"GENERIC MANUAL","wigos_ref":"0-22000-0-JKUTQBX","country_name":"USA","country_ship":null,"goos_networks":"VOS","ptf_family_name":"Ship Weather Station","country_iso_reporting":"US","country_sensor_provider":null}},{"type":"Feature","geometry":{"type":"Point","coordinates":[-84,45.5]},"properties":{"ptf_id":1156765,"ptf_ref":"ZWBB47L","category":"ship_based_meteorological_sot_vos","ptf_model":"GENERIC MANUAL","wigos_ref":"0-22000-0-ZWBB47L","country_name":"USA","country_ship":null,"goos_networks":"VOS","ptf_family_name":"Ship Weather Station","country_iso_reporting":"US","country_sensor_provider":null}},{"type":"Feature","geometry":{"type":"Point","coordinates":[83.3,16.7]},"properties":{"ptf_id":1156769,"ptf_ref":"USFGH4U","category":"ship_based_meteorological_sot_vos","ptf_model":"GENERIC MANUAL","wigos_ref":"0-22000-0-USFGH4U","country_name":"USA","country_ship":null,"goos_networks":"VOS","ptf_family_name":"Ship Weather Station","country_iso_reporting":"US","country_sensor_provider":null}},{"type":"Feature","geometry":{"type":"Point","coordinates":[-55.1,40.7]},"properties":{"ptf_id":1156782,"ptf_ref":"GMYF3SM","category":"ship_based_meteorological_sot_vos","ptf_model":"GENERIC AUTO","wigos_ref":"0-22000-0-GMYF3SM","country_name":"USA","country_ship":null,"goos_networks":"VOS","ptf_family_name":"Ship Weather Station","country_iso_reporting":"US","country_sensor_provider":null}},{"type":"Feature","geometry":{"type":"Point","coordinates":[144.7,41.7]},"properties":{"ptf_id":1156784,"ptf_ref":"FNJF36D","category":"ship_based_meteorological_sot_vos","ptf_model":"GENERIC MANUAL","wigos_ref":"0-22000-0-FNJF36D","country_name":"USA","country_ship":null,"goos_networks":"VOS","ptf_family_name":"Ship Weather Station","country_iso_reporting":"US","country_sensor_provider":null}},{"type":"Feature","geometry":{"type":"Point","coordinates":[-0.1,39.2]},"properties":{"ptf_id":1156817,"ptf_ref":"LED7NER","category":"ship_based_meteorological_sot_vos","ptf_model":"GENERIC MANUAL","wigos_ref":"0-22000-0-LED7NER","country_name":"USA","country_ship":null,"goos_networks":"VOS","ptf_family_name":"Ship Weather Station","country_iso_reporting":"US","country_sensor_provider":null}},{"type":"Feature","geometry":{"type":"Point","coordinates":[-166.9,54.4]},"properties":{"ptf_id":1156829,"ptf_ref":"2TDBZLK","category":"ship_based_meteorological_sot_vos","ptf_model":"GENERIC MANUAL","wigos_ref":"0-22000-0-2TDBZLK","country_name":"USA","country_ship":null,"goos_networks":"VOS","ptf_family_name":"Ship Weather Station","country_iso_reporting":"US","country_sensor_provider":null}},{"type":"Feature","geometry":{"type":"Point","coordinates":[-119.8,34.2]},"properties":{"ptf_id":1156847,"ptf_ref":"SPLM6LL","category":"ship_based_meteorological_sot_vos","ptf_model":"GENERIC AUTO","wigos_ref":"0-22000-0-SPLM6LL","country_name":"USA","country_ship":null,"goos_networks":"VOS","ptf_family_name":"Ship Weather Station","country_iso_reporting":"US","country_sensor_provider":null}},{"type":"Feature","geometry":{"type":"Point","coordinates":[58.9,24.1]},"properties":{"ptf_id":1156852,"ptf_ref":"PPS2LNY","category":"ship_based_meteorological_sot_vos","ptf_model":"GENERIC MANUAL","wigos_ref":"0-22000-0-PPS2LNY","country_name":"USA","country_ship":null,"goos_networks":"VOS","ptf_family_name":"Ship Weather Station","country_iso_reporting":"US","country_sensor_provider":null}},{"type":"Feature","geometry":{"type":"Point","coordinates":[-132.8,56.1]},"properties":{"ptf_id":1156913,"ptf_ref":"SEMYEZW","category":"ship_based_meteorological_sot_vos","ptf_model":"GENERIC MANUAL","wigos_ref":"0-22000-0-SEMYEZW","country_name":"USA","country_ship":null,"goos_networks":"VOS","ptf_family_name":"Ship Weather Station","country_iso_reporting":"US","country_sensor_provider":null}},{"type":"Feature","geometry":{"type":"Point","coordinates":[166,41.1]},"properties":{"ptf_id":1156914,"ptf_ref":"SMQTESS","category":"ship_based_meteorological_sot_vos","ptf_model":"GENERIC MANUAL","wigos_ref":"0-22000-0-SMQTESS","country_name":"USA","country_ship":null,"goos_networks":"VOS","ptf_family_name":"Ship Weather Station","country_iso_reporting":"US","country_sensor_provider":null}},{"type":"Feature","geometry":{"type":"Point","coordinates":[5.8,42.9]},"properties":{"ptf_id":1156919,"ptf_ref":"GFHVFGW","category":"ship_based_meteorological_sot_vos","ptf_model":"GENERIC MANUAL","wigos_ref":"0-22000-0-GFHVFGW","country_name":"USA","country_ship":null,"goos_networks":"VOS","ptf_family_name":"Ship Weather Station","country_iso_reporting":"US","country_sensor_provider":null}},{"type":"Feature","geometry":{"type":"Point","coordinates":[-117.6,-48.3]},"properties":{"ptf_id":1156920,"ptf_ref":"RJHLDXX","category":"ship_based_meteorological_sot_vos","ptf_model":"GENERIC MANUAL","wigos_ref":"0-22000-0-RJHLDXX","country_name":"USA","country_ship":null,"goos_networks":"VOS","ptf_family_name":"Ship Weather Station","country_iso_reporting":"US","country_sensor_provider":null}},{"type":"Feature","geometry":{"type":"Point","coordinates":[154.6,33.5]},"properties":{"ptf_id":1156961,"ptf_ref":"5JTHN6T","category":"ship_based_meteorological_sot_vos","ptf_model":"GENERIC MANUAL","wigos_ref":"0-22000-0-5JTHN6T","country_name":"USA","country_ship":null,"goos_networks":"VOS","ptf_family_name":"Ship Weather Station","country_iso_reporting":"US","country_sensor_provider":null}},{"type":"Feature","geometry":{"type":"Point","coordinates":[174.9,52.3]},"properties":{"ptf_id":1156977,"ptf_ref":"VEHVKKP","category":"ship_based_meteorological_sot_vos","ptf_model":"GENERIC MANUAL","wigos_ref":"0-22000-0-VEHVKKP","country_name":"USA","country_ship":null,"goos_networks":"VOS","ptf_family_name":"Ship Weather Station","country_iso_reporting":"US","country_sensor_provider":null}},{"type":"Feature","geometry":{"type":"Point","coordinates":[-87.4,46.6]},"properties":{"ptf_id":1156991,"ptf_ref":"7VNM4HY","category":"ship_based_meteorological_sot_vos","ptf_model":"GENERIC MANUAL","wigos_ref":"0-22000-0-7VNM4HY","country_name":"USA","country_ship":null,"goos_networks":"VOS","ptf_family_name":"Ship Weather Station","country_iso_reporting":"US","country_sensor_provider":null}},{"type":"Feature","geometry":{"type":"Point","coordinates":[-10.9,6.4]},"properties":{"ptf_id":1157007,"ptf_ref":"UGA8GLM","category":"ship_based_meteorological_sot_vos","ptf_model":"GENERIC MANUAL","wigos_ref":"0-22000-0-UGA8GLM","country_name":"USA","country_ship":null,"goos_networks":"VOS","ptf_family_name":"Ship Weather Station","country_iso_reporting":"US","country_sensor_provider":null}},{"type":"Feature","geometry":{"type":"Point","coordinates":[-96.8,27.7]},"properties":{"ptf_id":1157026,"ptf_ref":"ZMU7DJS","category":"ship_based_meteorological_sot_vos","ptf_model":"GENERIC MANUAL","wigos_ref":"0-22000-0-ZMU7DJS","country_name":"USA","country_ship":null,"goos_networks":"VOS","ptf_family_name":"Ship Weather Station","country_iso_reporting":"US","country_sensor_provider":null}},{"type":"Feature","geometry":{"type":"Point","coordinates":[58.4,24.5]},"properties":{"ptf_id":1157027,"ptf_ref":"PYPZQUL","category":"ship_based_meteorological_sot_vos","ptf_model":"GENERIC MANUAL","wigos_ref":"0-22000-0-PYPZQUL","country_name":"USA","country_ship":null,"goos_networks":"VOS","ptf_family_name":"Ship Weather Station","country_iso_reporting":"US","country_sensor_provider":null}},{"type":"Feature","geometry":{"type":"Point","coordinates":[-88.5,30.1]},"properties":{"ptf_id":1157028,"ptf_ref":"SLPQ65B","category":"ship_based_meteorological_sot_vos","ptf_model":"GENERIC MANUAL","wigos_ref":"0-22000-0-SLPQ65B","country_name":"USA","country_ship":null,"goos_networks":"VOS","ptf_family_name":"Ship Weather Station","country_iso_reporting":"US","country_sensor_provider":null}},{"type":"Feature","geometry":{"type":"Point","coordinates":[-97,27.8]},"properties":{"ptf_id":1157060,"ptf_ref":"XYRW58V","category":"ship_based_meteorological_sot_vos","ptf_model":"GENERIC MANUAL","wigos_ref":"0-22000-0-XYRW58V","country_name":"USA","country_ship":null,"goos_networks":"VOS","ptf_family_name":"Ship Weather Station","country_iso_reporting":"US","country_sensor_provider":null}},{"type":"Feature","geometry":{"type":"Point","coordinates":[28.4,40.8]},"properties":{"ptf_id":1157076,"ptf_ref":"JYR7QLR","category":"ship_based_meteorological_sot_vos","ptf_model":"GENERIC MANUAL","wigos_ref":"0-22000-0-JYR7QLR","country_name":"USA","country_ship":null,"goos_networks":"VOS","ptf_family_name":"Ship Weather Station","country_iso_reporting":"US","country_sensor_provider":null}},{"type":"Feature","geometry":{"type":"Point","coordinates":[-171.5,47.7]},"properties":{"ptf_id":1157104,"ptf_ref":"LMWVWVG","category":"ship_based_meteorological_sot_vos","ptf_model":"GENERIC MANUAL","wigos_ref":"0-22000-0-LMWVWVG","country_name":"USA","country_ship":null,"goos_networks":"VOS","ptf_family_name":"Ship Weather Station","country_iso_reporting":"US","country_sensor_provider":null}},{"type":"Feature","geometry":{"type":"Point","coordinates":[-135.9,53.7]},"properties":{"ptf_id":1157123,"ptf_ref":"UVA4CJT","category":"ship_based_meteorological_sot_vos","ptf_model":"GENERIC MANUAL","wigos_ref":"0-22000-0-UVA4CJT","country_name":"USA","country_ship":null,"goos_networks":"VOS","ptf_family_name":"Ship Weather Station","country_iso_reporting":"US","country_sensor_provider":null}},{"type":"Feature","geometry":{"type":"Point","coordinates":[25.6,34.2]},"properties":{"ptf_id":1157206,"ptf_ref":"6MPDL3W","category":"ship_based_meteorological_sot_vos","ptf_model":"GENERIC MANUAL","wigos_ref":"0-22000-0-6MPDL3W","country_name":"USA","country_ship":null,"goos_networks":"VOS","ptf_family_name":"Ship Weather Station","country_iso_reporting":"US","country_sensor_provider":null}},{"type":"Feature","geometry":{"type":"Point","coordinates":[94.2,5.8]},"properties":{"ptf_id":1157212,"ptf_ref":"ZEMYNJE","category":"ship_based_meteorological_sot_vos","ptf_model":"GENERIC MANUAL","wigos_ref":"0-22000-0-ZEMYNJE","country_name":"USA","country_ship":null,"goos_networks":"VOS","ptf_family_name":"Ship Weather Station","country_iso_reporting":"US","country_sensor_provider":null}},{"type":"Feature","geometry":{"type":"Point","coordinates":[-105.1,69]},"properties":{"ptf_id":1157259,"ptf_ref":"XZXTBKL","category":"ship_based_meteorological_sot_vos","ptf_model":"GENERIC MANUAL","wigos_ref":"0-22000-0-XZXTBKL","country_name":"USA","country_ship":null,"goos_networks":"VOS","ptf_family_name":"Ship Weather Station","country_iso_reporting":"US","country_sensor_provider":null}},{"type":"Feature","geometry":{"type":"Point","coordinates":[-133,56.8]},"properties":{"ptf_id":1157267,"ptf_ref":"RVHN2QX","category":"ship_based_meteorological_sot_vos","ptf_model":"GENERIC MANUAL","wigos_ref":"0-22000-0-RVHN2QX","country_name":"USA","country_ship":null,"goos_networks":"VOS","ptf_family_name":"Ship Weather Station","country_iso_reporting":"US","country_sensor_provider":null}},{"type":"Feature","geometry":{"type":"Point","coordinates":[-47.3,-26.3]},"properties":{"ptf_id":1157276,"ptf_ref":"MXR7F2N","category":"ship_based_meteorological_sot_vos","ptf_model":"GENERIC MANUAL","wigos_ref":"0-22000-0-MXR7F2N","country_name":"USA","country_ship":null,"goos_networks":"VOS","ptf_family_name":"Ship Weather Station","country_iso_reporting":"US","country_sensor_provider":null}},{"type":"Feature","geometry":{"type":"Point","coordinates":[-18.27,17.21]},"properties":{"ptf_id":1157817,"ptf_ref":"WSL3H7V","category":"ship_based_meteorological_sot_vos","ptf_model":"EUCAWS/NEPTUNE","wigos_ref":"0-22000-0-WSL3H7V","country_name":"GERMANY","country_ship":null,"goos_networks":"VOS","ptf_family_name":"Ship Weather Station","country_iso_reporting":"DE","country_sensor_provider":null}},{"type":"Feature","geometry":{"type":"Point","coordinates":[97.7,5.9]},"properties":{"ptf_id":1157877,"ptf_ref":"6DXK4FT","category":"ship_based_meteorological_sot_vos","ptf_model":"TURBOWIN+ MANUAL","wigos_ref":"0-22000-0-6DXK4FT","country_name":"GERMANY","country_ship":null,"goos_networks":"VOS","ptf_family_name":"Ship Weather Station","country_iso_reporting":"DE","country_sensor_provider":null}},{"type":"Feature","geometry":{"type":"Point","coordinates":[13.2,-8.7]},"properties":{"ptf_id":1157897,"ptf_ref":"6ENH7YX","category":"ship_based_meteorological_sot_vos","ptf_model":"TURBOWIN+ MANUAL","wigos_ref":"0-22000-0-6ENH7YX","country_name":"GERMANY","country_ship":null,"goos_networks":"VOS","ptf_family_name":"Ship Weather Station","country_iso_reporting":"DE","country_sensor_provider":null}},{"type":"Feature","geometry":{"type":"Point","coordinates":[65.7,-10.6]},"properties":{"ptf_id":1157937,"ptf_ref":"WFQNLHW","category":"ship_based_meteorological_sot_vos","ptf_model":"TURBOWIN+ MANUAL","wigos_ref":"0-22000-0-WFQNLHW","country_name":"GERMANY","country_ship":null,"goos_networks":"VOS","ptf_family_name":"Ship Weather Station","country_iso_reporting":"DE","country_sensor_provider":null}},{"type":"Feature","geometry":{"type":"Point","coordinates":[-122.2,27.1]},"properties":{"ptf_id":1157957,"ptf_ref":"SWN8T6Y","category":"ship_based_meteorological_sot_vos","ptf_model":"TURBOWIN+ MANUAL","wigos_ref":"0-22000-0-SWN8T6Y","country_name":"GERMANY","country_ship":null,"goos_networks":"VOS","ptf_family_name":"Ship Weather Station","country_iso_reporting":"DE","country_sensor_provider":null}},{"type":"Feature","geometry":{"type":"Point","coordinates":[108.3,-16.1]},"properties":{"ptf_id":1157977,"ptf_ref":"LWVHJ6D","category":"ship_based_meteorological_sot_vos","ptf_model":"TURBOWIN+ MANUAL","wigos_ref":"0-22000-0-LWVHJ6D","country_name":"GERMANY","country_ship":null,"goos_networks":"VOS","ptf_family_name":"Ship Weather Station","country_iso_reporting":"DE","country_sensor_provider":null}},{"type":"Feature","geometry":{"type":"Point","coordinates":[81.6,-2.4]},"properties":{"ptf_id":1157997,"ptf_ref":"FHE6KTP","category":"ship_based_meteorological_sot_vos","ptf_model":"TURBOWIN+ MANUAL","wigos_ref":"0-22000-0-FHE6KTP","country_name":"GERMANY","country_ship":null,"goos_networks":"VOS","ptf_family_name":"Ship Weather Station","country_iso_reporting":"DE","country_sensor_provider":null}},{"type":"Feature","geometry":{"type":"Point","coordinates":[-3,53.3]},"properties":{"ptf_id":1158217,"ptf_ref":"QGT74FC","category":"ship_based_meteorological_sot_vos","ptf_model":"AMOS2X","wigos_ref":"0-22000-0-QGT74FC","country_name":"UK","country_ship":null,"goos_networks":"VOS","ptf_family_name":"Ship Weather Station","country_iso_reporting":"GB","country_sensor_provider":null}},{"type":"Feature","geometry":{"type":"Point","coordinates":[92.88,4.84]},"properties":{"ptf_id":1158337,"ptf_ref":"4DBBQVF","category":"ship_based_meteorological_sot_vos","ptf_model":"EUCAWS/NEPTUNE","wigos_ref":"0-22000-0-4DBBQVF","country_name":"GERMANY","country_ship":null,"goos_networks":"VOS","ptf_family_name":"Ship Weather Station","country_iso_reporting":"DE","country_sensor_provider":null}},{"type":"Feature","geometry":{"type":"Point","coordinates":[144.9,-37.8]},"properties":{"ptf_id":1164477,"ptf_ref":"LJBL58D","category":"ship_based_meteorological_sot_vos","ptf_model":"EUCAWS/NEPTUNE","wigos_ref":"0-22000-0-LJBL58D","country_name":"AUSTRALIA","country_ship":null,"goos_networks":"VOS","ptf_family_name":"Ship Weather Station","country_iso_reporting":"AU","country_sensor_provider":null}},{"type":"Feature","geometry":{"type":"Point","coordinates":[-123.4,48.1]},"properties":{"ptf_id":1167037,"ptf_ref":"8KW6N8H","category":"ship_based_meteorological_sot_vos","ptf_model":"TURBOWIN+ MANUAL","wigos_ref":"0-22000-0-8KW6N8H","country_name":"GERMANY","country_ship":null,"goos_networks":"VOS","ptf_family_name":"Ship Weather Station","country_iso_reporting":"DE","country_sensor_provider":null}},{"type":"Feature","geometry":{"type":"Point","coordinates":[74.2,7.6]},"properties":{"ptf_id":1167977,"ptf_ref":"4DELPCW","category":"ship_based_meteorological_sot_vos","ptf_model":"TURBOWIN+ MANUAL","wigos_ref":"0-22000-0-4DELPCW","country_name":"GERMANY","country_ship":null,"goos_networks":"VOS","ptf_family_name":"Ship Weather Station","country_iso_reporting":"DE","country_sensor_provider":null}},{"type":"Feature","geometry":{"type":"Point","coordinates":[63.14,10.38]},"properties":{"ptf_id":1167997,"ptf_ref":"FVKFJ7P","category":"ship_based_meteorological_sot_vos","ptf_model":"EUCAWS/NEPTUNE","wigos_ref":"0-22000-0-FVKFJ7P","country_name":"GERMANY","country_ship":null,"goos_networks":"VOS","ptf_family_name":"Ship Weather Station","country_iso_reporting":"DE","country_sensor_provider":null}},{"type":"Feature","geometry":{"type":"Point","coordinates":[135.8,31.8]},"properties":{"ptf_id":1172897,"ptf_ref":"3TLKHPM","category":"ship_based_meteorological_sot_vos","ptf_model":"TURBOWIN+ MANUAL","wigos_ref":"0-22000-0-3TLKHPM","country_name":"JAPAN","country_ship":null,"goos_networks":"VOS","ptf_family_name":"Ship Weather Station","country_iso_reporting":"JP","country_sensor_provider":null}},{"type":"Feature","geometry":{"type":"Point","coordinates":[141.1,32.7]},"properties":{"ptf_id":1172977,"ptf_ref":"QWMXDQH","category":"ship_based_meteorological_sot_vos","ptf_model":"GENERIC MANUAL","wigos_ref":"0-22000-0-QWMXDQH","country_name":"JAPAN","country_ship":null,"goos_networks":"VOS","ptf_family_name":"Ship Weather Station","country_iso_reporting":"JP","country_sensor_provider":null}},{"type":"Feature","geometry":{"type":"Point","coordinates":[141.3,8.6]},"properties":{"ptf_id":1173097,"ptf_ref":"7MT88GT","category":"ship_based_meteorological_sot_vos","ptf_model":"GENERIC MANUAL","wigos_ref":"0-22000-0-7MT88GT","country_name":"JAPAN","country_ship":null,"goos_networks":"VOS","ptf_family_name":"Ship Weather Station","country_iso_reporting":"JP","country_sensor_provider":null}},{"type":"Feature","geometry":{"type":"Point","coordinates":[125.1,33]},"properties":{"ptf_id":1173177,"ptf_ref":"DNL7P8M","category":"ship_based_meteorological_sot_vos","ptf_model":"GENERIC MANUAL","wigos_ref":"0-22000-0-DNL7P8M","country_name":"JAPAN","country_ship":null,"goos_networks":"VOS","ptf_family_name":"Ship Weather Station","country_iso_reporting":"JP","country_sensor_provider":null}},{"type":"Feature","geometry":{"type":"Point","coordinates":[150.6,-36.8]},"properties":{"ptf_id":1178777,"ptf_ref":"6PG3U2J","category":"ship_based_meteorological_sot_vos","ptf_model":"EUCAWS/NEPTUNE","wigos_ref":"0-22000-0-6PG3U2J","country_name":"AUSTRALIA","country_ship":null,"goos_networks":"VOS","ptf_family_name":"Ship Weather Station","country_iso_reporting":"AU","country_sensor_provider":null}},{"type":"Feature","geometry":{"type":"Point","coordinates":[122,26.6]},"properties":{"ptf_id":1178897,"ptf_ref":"9LV685Z","category":"ship_based_meteorological_sot_vos","ptf_model":"TURBOWIN+ MANUAL","wigos_ref":"0-22000-0-9LV685Z","country_name":"GERMANY","country_ship":null,"goos_networks":"VOS","ptf_family_name":"Ship Weather Station","country_iso_reporting":"DE","country_sensor_provider":null}},{"type":"Feature","geometry":{"type":"Point","coordinates":[114.6,22.38]},"properties":{"ptf_id":1182137,"ptf_ref":"VHQM5JT","category":"ship_based_meteorological_sot_vos","ptf_model":"EUCAWS/NEPTUNE","wigos_ref":"0-22000-0-VHQM5JT","country_name":"GERMANY","country_ship":null,"goos_networks":"VOS","ptf_family_name":"Ship Weather Station","country_iso_reporting":"DE","country_sensor_provider":null}},{"type":"Feature","geometry":{"type":"Point","coordinates":[152.6,-14.4]},"properties":{"ptf_id":1185937,"ptf_ref":"UHTW6MF","category":"ship_based_meteorological_sot_vos","ptf_model":"TURBOWIN+ MANUAL","wigos_ref":"0-22000-0-UHTW6MF","country_name":"GERMANY","country_ship":null,"goos_networks":"VOS","ptf_family_name":"Ship Weather Station","country_iso_reporting":"DE","country_sensor_provider":null}},{"type":"Feature","geometry":{"type":"Point","coordinates":[62.7,-18]},"properties":{"ptf_id":1190317,"ptf_ref":"FCRF2JG","category":"ship_based_meteorological_sot_vos","ptf_model":"TURBOWIN+ MANUAL","wigos_ref":"0-22000-0-FCRF2JG","country_name":"GERMANY","country_ship":null,"goos_networks":"VOS","ptf_family_name":"Ship Weather Station","country_iso_reporting":"DE","country_sensor_provider":null}},{"type":"Feature","geometry":{"type":"Point","coordinates":[8.58,53.52]},"properties":{"ptf_id":1191457,"ptf_ref":"7XPKEJR","category":"ship_based_meteorological_sot_vos","ptf_model":"EUCAWS/NEPTUNE","wigos_ref":"0-22000-0-7XPKEJR","country_name":"GERMANY","country_ship":null,"goos_networks":"VOS","ptf_family_name":"Ship Weather Station","country_iso_reporting":"DE","country_sensor_provider":null}},{"type":"Feature","geometry":{"type":"Point","coordinates":[13.44,54.66]},"properties":{"ptf_id":1191477,"ptf_ref":"5QU5NHY","category":"ship_based_meteorological_sot_vos","ptf_model":"EUCAWS/NEPTUNE","wigos_ref":"0-22000-0-5QU5NHY","country_name":"GERMANY","country_ship":null,"goos_networks":"VOS","ptf_family_name":"Ship Weather Station","country_iso_reporting":"DE","country_sensor_provider":null}},{"type":"Feature","geometry":{"type":"Point","coordinates":[-77.6,13.5]},"properties":{"ptf_id":1192417,"ptf_ref":"YGALBKD","category":"ship_based_meteorological_sot_vos","ptf_model":"TURBOWIN+ MANUAL","wigos_ref":"0-22000-0-YGALBKD","country_name":"GERMANY","country_ship":null,"goos_networks":"VOS","ptf_family_name":"Ship Weather Station","country_iso_reporting":"DE","country_sensor_provider":null}},{"type":"Feature","geometry":{"type":"Point","coordinates":[101.86,2.29]},"properties":{"ptf_id":1195737,"ptf_ref":"BYR9MQB","category":"ship_based_meteorological_sot_vos","ptf_model":"EUCAWS/NEPTUNE","wigos_ref":"0-22000-0-BYR9MQB","country_name":"GERMANY","country_ship":null,"goos_networks":"VOS","ptf_family_name":"Ship Weather Station","country_iso_reporting":"DE","country_sensor_provider":null}},{"type":"Feature","geometry":{"type":"Point","coordinates":[123.22,29.23]},"properties":{"ptf_id":1196137,"ptf_ref":"UWBLUHB","category":"ship_based_meteorological_sot_vos","ptf_model":"EUCAWS/NEPTUNE","wigos_ref":"0-22000-0-UWBLUHB","country_name":"GERMANY","country_ship":null,"goos_networks":"VOS","ptf_family_name":"Ship Weather Station","country_iso_reporting":"DE","country_sensor_provider":null}},{"type":"Feature","geometry":{"type":"Point","coordinates":[-74,40.6]},"properties":{"ptf_id":1198877,"ptf_ref":"WVBYN5W","category":"ship_based_meteorological_sot_vos","ptf_model":"AMOS2X","wigos_ref":"0-22000-0-WVBYN5W","country_name":"UK","country_ship":null,"goos_networks":"VOS","ptf_family_name":"Ship Weather Station","country_iso_reporting":"GB","country_sensor_provider":null}},{"type":"Feature","geometry":{"type":"Point","coordinates":[-163,40]},"properties":{"ptf_id":1199277,"ptf_ref":"7EXYMAU","category":"ship_based_meteorological_sot_vos","ptf_model":"TURBOWIN+ MANUAL","wigos_ref":"0-22000-0-7EXYMAU","country_name":"JAPAN","country_ship":null,"goos_networks":"VOS","ptf_family_name":"Ship Weather Station","country_iso_reporting":"JP","country_sensor_provider":null}},{"type":"Feature","geometry":{"type":"Point","coordinates":[125.9,33]},"properties":{"ptf_id":1199317,"ptf_ref":"CJX6RFV","category":"ship_based_meteorological_sot_vos","ptf_model":"GENERIC MANUAL","wigos_ref":"0-22000-0-CJX6RFV","country_name":"JAPAN","country_ship":null,"goos_networks":"VOS","ptf_family_name":"Ship Weather Station","country_iso_reporting":"JP","country_sensor_provider":null}},{"type":"Feature","geometry":{"type":"Point","coordinates":[136.9,17.1]},"properties":{"ptf_id":1199497,"ptf_ref":"AGE2TPG","category":"ship_based_meteorological_sot_vos","ptf_model":"TURBOWIN+ MANUAL","wigos_ref":"0-22000-0-AGE2TPG","country_name":"JAPAN","country_ship":null,"goos_networks":"VOS","ptf_family_name":"Ship Weather Station","country_iso_reporting":"JP","country_sensor_provider":null}},{"type":"Feature","geometry":{"type":"Point","coordinates":[126.4,-0.1]},"properties":{"ptf_id":1199597,"ptf_ref":"TXJQBMU","category":"ship_based_meteorological_sot_vos","ptf_model":"GENERIC MANUAL","wigos_ref":"0-22000-0-TXJQBMU","country_name":"JAPAN","country_ship":null,"goos_networks":"VOS","ptf_family_name":"Ship Weather Station","country_iso_reporting":"JP","country_sensor_provider":null}},{"type":"Feature","geometry":{"type":"Point","coordinates":[144.4,1]},"properties":{"ptf_id":1199617,"ptf_ref":"CHY67AF","category":"ship_based_meteorological_sot_vos","ptf_model":"GENERIC MANUAL","wigos_ref":"0-22000-0-CHY67AF","country_name":"JAPAN","country_ship":null,"goos_networks":"VOS","ptf_family_name":"Ship Weather Station","country_iso_reporting":"JP","country_sensor_provider":null}},{"type":"Feature","geometry":{"type":"Point","coordinates":[153.5,-26]},"properties":{"ptf_id":1199637,"ptf_ref":"ZWAL78W","category":"ship_based_meteorological_sot_vos","ptf_model":"TURBOWIN+ MANUAL","wigos_ref":"0-22000-0-ZWAL78W","country_name":"GERMANY","country_ship":null,"goos_networks":"VOS","ptf_family_name":"Ship Weather Station","country_iso_reporting":"DE","country_sensor_provider":null}},{"type":"Feature","geometry":{"type":"Point","coordinates":[-9,-0.2]},"properties":{"ptf_id":1200037,"ptf_ref":"WRS376L","category":"ship_based_meteorological_sot_vos","ptf_model":"GENERIC MANUAL","wigos_ref":"0-22000-0-WRS376L","country_name":"JAPAN","country_ship":null,"goos_networks":"VOS","ptf_family_name":"Ship Weather Station","country_iso_reporting":"JP","country_sensor_provider":null}},{"type":"Feature","geometry":{"type":"Point","coordinates":[136.9,33.6]},"properties":{"ptf_id":1200517,"ptf_ref":"GHUJYFB","category":"ship_based_meteorological_sot_vos","ptf_model":"GENERIC MANUAL","wigos_ref":"0-22000-0-GHUJYFB","country_name":"JAPAN","country_ship":null,"goos_networks":"VOS","ptf_family_name":"Ship Weather Station","country_iso_reporting":"JP","country_sensor_provider":null}},{"type":"Feature","geometry":{"type":"Point","coordinates":[128.1,5.8]},"properties":{"ptf_id":1200537,"ptf_ref":"BYYBWTW","category":"ship_based_meteorological_sot_vos","ptf_model":"GENERIC MANUAL","wigos_ref":"0-22000-0-BYYBWTW","country_name":"JAPAN","country_ship":null,"goos_networks":"VOS","ptf_family_name":"Ship Weather Station","country_iso_reporting":"JP","country_sensor_provider":null}},{"type":"Feature","geometry":{"type":"Point","coordinates":[0.43,36.9]},"properties":{"ptf_id":1202877,"ptf_ref":"GVRACXP","category":"ship_based_meteorological_sot_vos","ptf_model":"EUCAWS/NEPTUNE","wigos_ref":"0-22000-0-GVRACXP","country_name":"GERMANY","country_ship":null,"goos_networks":"VOS","ptf_family_name":"Ship Weather Station","country_iso_reporting":"DE","country_sensor_provider":null}},{"type":"Feature","geometry":{"type":"Point","coordinates":[-55.36,64.48]},"properties":{"ptf_id":1203317,"ptf_ref":"4WHJXSN","category":"ship_based_meteorological_sot_vos","ptf_model":"EUCAWS/NEPTUNE","wigos_ref":"0-22000-0-4WHJXSN","country_name":"GERMANY","country_ship":null,"goos_networks":"VOS","ptf_family_name":"Ship Weather Station","country_iso_reporting":"DE","country_sensor_provider":null}},{"type":"Feature","geometry":{"type":"Point","coordinates":[128.49,34.27]},"properties":{"ptf_id":1203757,"ptf_ref":"TEPWR4U","category":"ship_based_meteorological_sot_vos","ptf_model":"EUCAWS/NEPTUNE","wigos_ref":"0-22000-0-TEPWR4U","country_name":"GERMANY","country_ship":null,"goos_networks":"VOS","ptf_family_name":"Ship Weather Station","country_iso_reporting":"DE","country_sensor_provider":null}},{"type":"Feature","geometry":{"type":"Point","coordinates":[118.7,23.9]},"properties":{"ptf_id":1205797,"ptf_ref":"3AQ9SQT","category":"ship_based_meteorological_sot_vos","ptf_model":"GENERIC MANUAL","wigos_ref":"0-22000-0-3AQ9SQT","country_name":"JAPAN","country_ship":null,"goos_networks":"VOS","ptf_family_name":"Ship Weather Station","country_iso_reporting":"JP","country_sensor_provider":null}},{"type":"Feature","geometry":{"type":"Point","coordinates":[-32.8,-33.3]},"properties":{"ptf_id":1205877,"ptf_ref":"8UGPBRS","category":"ship_based_meteorological_sot_vos","ptf_model":"GENERIC MANUAL","wigos_ref":"0-22000-0-8UGPBRS","country_name":"JAPAN","country_ship":null,"goos_networks":"VOS","ptf_family_name":"Ship Weather Station","country_iso_reporting":"JP","country_sensor_provider":null}},{"type":"Feature","geometry":{"type":"Point","coordinates":[47.3,-25.4]},"properties":{"ptf_id":1205897,"ptf_ref":"LRMMEZD","category":"ship_based_meteorological_sot_vos","ptf_model":"TURBOWIN+ MANUAL","wigos_ref":"0-22000-0-LRMMEZD","country_name":"JAPAN","country_ship":null,"goos_networks":"VOS","ptf_family_name":"Ship Weather Station","country_iso_reporting":"JP","country_sensor_provider":null}},{"type":"Feature","geometry":{"type":"Point","coordinates":[33.4,-28.5]},"properties":{"ptf_id":1205917,"ptf_ref":"HLMUKXE","category":"ship_based_meteorological_sot_vos","ptf_model":"TURBOWIN+ MANUAL","wigos_ref":"0-22000-0-HLMUKXE","country_name":"JAPAN","country_ship":null,"goos_networks":"VOS","ptf_family_name":"Ship Weather Station","country_iso_reporting":"JP","country_sensor_provider":null}},{"type":"Feature","geometry":{"type":"Point","coordinates":[134,32.2]},"properties":{"ptf_id":1205977,"ptf_ref":"FVC76KJ","category":"ship_based_meteorological_sot_vos","ptf_model":"GENERIC MANUAL","wigos_ref":"0-22000-0-FVC76KJ","country_name":"JAPAN","country_ship":null,"goos_networks":"VOS","ptf_family_name":"Ship Weather Station","country_iso_reporting":"JP","country_sensor_provider":null}},{"type":"Feature","geometry":{"type":"Point","coordinates":[153.9,-27.5]},"properties":{"ptf_id":1205997,"ptf_ref":"RDXBYQH","category":"ship_based_meteorological_sot_vos","ptf_model":"TURBOWIN+ MANUAL","wigos_ref":"0-22000-0-RDXBYQH","country_name":"JAPAN","country_ship":null,"goos_networks":"VOS","ptf_family_name":"Ship Weather Station","country_iso_reporting":"JP","country_sensor_provider":null}},{"type":"Feature","geometry":{"type":"Point","coordinates":[154.1,-20.7]},"properties":{"ptf_id":1206037,"ptf_ref":"HHCBQ2H","category":"ship_based_meteorological_sot_vos","ptf_model":"TURBOWIN+ MANUAL","wigos_ref":"0-22000-0-HHCBQ2H","country_name":"JAPAN","country_ship":null,"goos_networks":"VOS","ptf_family_name":"Ship Weather Station","country_iso_reporting":"JP","country_sensor_provider":null}},{"type":"Feature","geometry":{"type":"Point","coordinates":[138.1,12.5]},"properties":{"ptf_id":1206097,"ptf_ref":"7LFW22Z","category":"ship_based_meteorological_sot_vos","ptf_model":"TURBOWIN+ MANUAL","wigos_ref":"0-22000-0-7LFW22Z","country_name":"JAPAN","country_ship":null,"goos_networks":"VOS","ptf_family_name":"Ship Weather Station","country_iso_reporting":"JP","country_sensor_provider":null}},{"type":"Feature","geometry":{"type":"Point","coordinates":[58.3,24]},"properties":{"ptf_id":1206477,"ptf_ref":"LUMMVBU","category":"ship_based_meteorological_sot_vos","ptf_model":"TURBOWIN+ MANUAL","wigos_ref":"0-22000-0-LUMMVBU","country_name":"JAPAN","country_ship":null,"goos_networks":"VOS","ptf_family_name":"Ship Weather Station","country_iso_reporting":"JP","country_sensor_provider":null}},{"type":"Feature","geometry":{"type":"Point","coordinates":[-149.48,-17.45]},"properties":{"ptf_id":1211557,"ptf_ref":"LRQM2HY","category":"ship_based_meteorological_sot_vos","ptf_model":"MERCURY","wigos_ref":"0-22000-0-LRQM2HY","country_name":"FRANCE","country_ship":null,"goos_networks":"VOS","ptf_family_name":"Ship Weather Station","country_iso_reporting":"FR","country_sensor_provider":null}},{"type":"Feature","geometry":{"type":"Point","coordinates":[162.36,81.05]},"properties":{"ptf_id":1211577,"ptf_ref":"SXZPW9C","category":"ship_based_meteorological_sot_vos","ptf_model":"Mini-Eucaws/WSM200","wigos_ref":"0-22000-0-SXZPW9C","country_name":"FRANCE","country_ship":null,"goos_networks":"VOS","ptf_family_name":"Ship Weather Station","country_iso_reporting":"FR","country_sensor_provider":null}},{"type":"Feature","geometry":{"type":"Point","coordinates":[8.29,53.72]},"properties":{"ptf_id":1211657,"ptf_ref":"RGPJL5M","category":"ship_based_meteorological_sot_vos","ptf_model":"EUCAWS/NEPTUNE","wigos_ref":"0-22000-0-RGPJL5M","country_name":"GERMANY","country_ship":null,"goos_networks":"VOS","ptf_family_name":"Ship Weather Station","country_iso_reporting":"DE","country_sensor_provider":null}},{"type":"Feature","geometry":{"type":"Point","coordinates":[-60.93,45.05]},"properties":{"ptf_id":1211677,"ptf_ref":"NQNSHYW","category":"ship_based_meteorological_sot_vos","ptf_model":"EUCAWS/NEPTUNE","wigos_ref":"0-22000-0-NQNSHYW","country_name":"GERMANY","country_ship":null,"goos_networks":"VOS","ptf_family_name":"Ship Weather Station","country_iso_reporting":"DE","country_sensor_provider":null}},{"type":"Feature","geometry":{"type":"Point","coordinates":[103.62,1.21]},"properties":{"ptf_id":1211697,"ptf_ref":"YRQSH8U","category":"ship_based_meteorological_sot_vos","ptf_model":"EUCAWS/NEPTUNE","wigos_ref":"0-22000-0-YRQSH8U","country_name":"GERMANY","country_ship":null,"goos_networks":"VOS","ptf_family_name":"Ship Weather Station","country_iso_reporting":"DE","country_sensor_provider":null}},{"type":"Feature","geometry":{"type":"Point","coordinates":[-68.1,48.8]},"properties":{"ptf_id":1211737,"ptf_ref":"NXUZHEJ","category":"ship_based_meteorological_sot_vos","ptf_model":"TURBOWIN+ MANUAL","wigos_ref":"0-22000-0-NXUZHEJ","country_name":"GERMANY","country_ship":null,"goos_networks":"VOS","ptf_family_name":"Ship Weather Station","country_iso_reporting":"DE","country_sensor_provider":null}},{"type":"Feature","geometry":{"type":"Point","coordinates":[103.5,1.2]},"properties":{"ptf_id":1215777,"ptf_ref":"TTXRR5H","category":"ship_based_meteorological_sot_vos","ptf_model":"TURBOWIN+ MANUAL","wigos_ref":"0-22000-0-TTXRR5H","country_name":"GERMANY","country_ship":null,"goos_networks":"VOS","ptf_family_name":"Ship Weather Station","country_iso_reporting":"DE","country_sensor_provider":null}},{"type":"Feature","geometry":{"type":"Point","coordinates":[103.8,1.3]},"properties":{"ptf_id":1222677,"ptf_ref":"VVXBNJJ","category":"ship_based_meteorological_sot_vos","ptf_model":"EUCAWS/NEPTUNE","wigos_ref":"0-22000-0-VVXBNJJ","country_name":"AUSTRALIA","country_ship":null,"goos_networks":"VOS","ptf_family_name":"Ship Weather Station","country_iso_reporting":"AU","country_sensor_provider":null}},{"type":"Feature","geometry":{"type":"Point","coordinates":[5.96,-20.6]},"properties":{"ptf_id":1222757,"ptf_ref":"2VTR5FE","category":"ship_based_meteorological_sot_vos","ptf_model":"EUCAWS/NEPTUNE","wigos_ref":"0-22000-0-2VTR5FE","country_name":"GERMANY","country_ship":null,"goos_networks":"VOS","ptf_family_name":"Ship Weather Station","country_iso_reporting":"DE","country_sensor_provider":null}},{"type":"Feature","geometry":{"type":"Point","coordinates":[-173.3,-33.6]},"properties":{"ptf_id":1225263,"ptf_ref":"VQJW7ML","category":"ship_based_meteorological_sot_vos","ptf_model":"TURBOWIN+ MANUAL","wigos_ref":"0-22000-0-VQJW7ML","country_name":"AUSTRALIA","country_ship":null,"goos_networks":"VOS","ptf_family_name":"Ship Weather Station","country_iso_reporting":"AU","country_sensor_provider":null}},{"type":"Feature","geometry":{"type":"Point","coordinates":[-17.6,11]},"properties":{"ptf_id":1227717,"ptf_ref":"DXYMKYG","category":"ship_based_meteorological_sot_vos","ptf_model":"EUCAWS/NEPTUNE","wigos_ref":"0-22000-0-DXYMKYG","country_name":"GERMANY","country_ship":null,"goos_networks":"VOS","ptf_family_name":"Ship Weather Station","country_iso_reporting":"DE","country_sensor_provider":null}},{"type":"Feature","geometry":{"type":"Point","coordinates":[78.07,-22.19]},"properties":{"ptf_id":1227757,"ptf_ref":"JUW6AAM","category":"ship_based_meteorological_sot_vos","ptf_model":"EUCAWS/NEPTUNE","wigos_ref":"0-22000-0-JUW6AAM","country_name":"GERMANY","country_ship":null,"goos_networks":"VOS","ptf_family_name":"Ship Weather Station","country_iso_reporting":"DE","country_sensor_provider":null}},{"type":"Feature","geometry":{"type":"Point","coordinates":[13.67,45.58]},"properties":{"ptf_id":1227797,"ptf_ref":"PDHUUKD","category":"ship_based_meteorological_sot_vos","ptf_model":"EUCAWS/NEPTUNE","wigos_ref":"0-22000-0-PDHUUKD","country_name":"GERMANY","country_ship":null,"goos_networks":"VOS","ptf_family_name":"Ship Weather Station","country_iso_reporting":"DE","country_sensor_provider":null}},{"type":"Feature","geometry":{"type":"Point","coordinates":[-7.31,34.86]},"properties":{"ptf_id":1227817,"ptf_ref":"6ETVSVY","category":"ship_based_meteorological_sot_vos","ptf_model":"EUCAWS/NEPTUNE","wigos_ref":"0-22000-0-6ETVSVY","country_name":"GERMANY","country_ship":null,"goos_networks":"VOS","ptf_family_name":"Ship Weather Station","country_iso_reporting":"DE","country_sensor_provider":null}},{"type":"Feature","geometry":{"type":"Point","coordinates":[122.08,30.61]},"properties":{"ptf_id":1231537,"ptf_ref":"KRF77EK","category":"ship_based_meteorological_sot_vos","ptf_model":"EUCAWS/NEPTUNE","wigos_ref":"0-22000-0-KRF77EK","country_name":"GERMANY","country_ship":null,"goos_networks":"VOS","ptf_family_name":"Ship Weather Station","country_iso_reporting":"DE","country_sensor_provider":null}},{"type":"Feature","geometry":{"type":"Point","coordinates":[143.4,-39]},"properties":{"ptf_id":1233497,"ptf_ref":"LYWZELQ","category":"ship_based_meteorological_sot_vos","ptf_model":"TURBOWIN+ MANUAL","wigos_ref":"0-22000-0-LYWZELQ","country_name":"AUSTRALIA","country_ship":null,"goos_networks":"VOS","ptf_family_name":"Ship Weather Station","country_iso_reporting":"AU","country_sensor_provider":null}},{"type":"Feature","geometry":{"type":"Point","coordinates":[129.2,29.3]},"properties":{"ptf_id":1234037,"ptf_ref":"YTWLW5P","category":"ship_based_meteorological_sot_vos","ptf_model":"GENERIC MANUAL","wigos_ref":"0-22000-0-YTWLW5P","country_name":"SOUTH KOREA","country_ship":null,"goos_networks":"VOS","ptf_family_name":"Ship Weather Station","country_iso_reporting":"KR","country_sensor_provider":null}},{"type":"Feature","geometry":{"type":"Point","coordinates":[123.1,30.1]},"properties":{"ptf_id":1236197,"ptf_ref":"WJD8GNP","category":"ship_based_meteorological_sot_vos","ptf_model":"GENERIC MANUAL","wigos_ref":"0-22000-0-WJD8GNP","country_name":"SOUTH KOREA","country_ship":null,"goos_networks":"VOS","ptf_family_name":"Ship Weather Station","country_iso_reporting":"KR","country_sensor_provider":null}},{"type":"Feature","geometry":{"type":"Point","coordinates":[154.1,43.7]},"properties":{"ptf_id":1236237,"ptf_ref":"ELFT2RC","category":"ship_based_meteorological_sot_vos","ptf_model":"GENERIC AUTO","wigos_ref":"0-22000-0-ELFT2RC","country_name":"SOUTH KOREA","country_ship":null,"goos_networks":"VOS","ptf_family_name":"Ship Weather Station","country_iso_reporting":"KR","country_sensor_provider":null}},{"type":"Feature","geometry":{"type":"Point","coordinates":[130.4,37]},"properties":{"ptf_id":1236277,"ptf_ref":"7JEN4YN","category":"ship_based_meteorological_sot_vos","ptf_model":"GENERIC AUTO","wigos_ref":"0-22000-0-7JEN4YN","country_name":"SOUTH KOREA","country_ship":null,"goos_networks":"VOS","ptf_family_name":"Ship Weather Station","country_iso_reporting":"KR","country_sensor_provider":null}},{"type":"Feature","geometry":{"type":"Point","coordinates":[134.6,34.3]},"properties":{"ptf_id":1236297,"ptf_ref":"LUSNVRZ","category":"ship_based_meteorological_sot_vos","ptf_model":"GENERIC AUTO","wigos_ref":"0-22000-0-LUSNVRZ","country_name":"SOUTH KOREA","country_ship":null,"goos_networks":"VOS","ptf_family_name":"Ship Weather Station","country_iso_reporting":"KR","country_sensor_provider":null}},{"type":"Feature","geometry":{"type":"Point","coordinates":[-79.88,9.37]},"properties":{"ptf_id":1236737,"ptf_ref":"BQVLF3Y","category":"ship_based_meteorological_sot_vos","ptf_model":"EUCAWS/NEPTUNE","wigos_ref":"0-22000-0-BQVLF3Y","country_name":"GERMANY","country_ship":null,"goos_networks":"VOS","ptf_family_name":"Ship Weather Station","country_iso_reporting":"DE","country_sensor_provider":null}},{"type":"Feature","geometry":{"type":"Point","coordinates":[125.1,36.2]},"properties":{"ptf_id":1236977,"ptf_ref":"HSMQ7MS","category":"ship_based_meteorological_sot_vos","ptf_model":"GENERIC AUTO","wigos_ref":"0-22000-0-HSMQ7MS","country_name":"SOUTH KOREA","country_ship":null,"goos_networks":"VOS","ptf_family_name":"Ship Weather Station","country_iso_reporting":"KR","country_sensor_provider":null}},{"type":"Feature","geometry":{"type":"Point","coordinates":[142.3,-10.6]},"properties":{"ptf_id":1237217,"ptf_ref":"5HKNS4T","category":"ship_based_meteorological_sot_vos","ptf_model":"EUCAWS/NEPTUNE","wigos_ref":"0-22000-0-5HKNS4T","country_name":"AUSTRALIA","country_ship":null,"goos_networks":"VOS","ptf_family_name":"Ship Weather Station","country_iso_reporting":"AU","country_sensor_provider":null}},{"type":"Feature","geometry":{"type":"Point","coordinates":[122.35,26.05]},"properties":{"ptf_id":1237257,"ptf_ref":"WWYJVEL","category":"ship_based_meteorological_sot_vos","ptf_model":"EUCAWS/NEPTUNE","wigos_ref":"0-22000-0-WWYJVEL","country_name":"GERMANY","country_ship":null,"goos_networks":"VOS","ptf_family_name":"Ship Weather Station","country_iso_reporting":"DE","country_sensor_provider":null}},{"type":"Feature","geometry":{"type":"Point","coordinates":[-5.43,36.15]},"properties":{"ptf_id":1237397,"ptf_ref":"TSJG3NN","category":"ship_based_meteorological_sot_vos","ptf_model":"EUCAWS/NEPTUNE","wigos_ref":"0-22000-0-TSJG3NN","country_name":"GERMANY","country_ship":null,"goos_networks":"VOS","ptf_family_name":"Ship Weather Station","country_iso_reporting":"DE","country_sensor_provider":null}},{"type":"Feature","geometry":{"type":"Point","coordinates":[5.3,43.3]},"properties":{"ptf_id":1238497,"ptf_ref":"NHEFQKT","category":"ship_based_meteorological_sot_vos","ptf_model":"Mini-Eucaws/WSM200","wigos_ref":"0-22000-0-NHEFQKT","country_name":"FRANCE","country_ship":null,"goos_networks":"VOS","ptf_family_name":"Ship Weather Station","country_iso_reporting":"FR","country_sensor_provider":null}},{"type":"Feature","geometry":{"type":"Point","coordinates":[4.26,51.35]},"properties":{"ptf_id":1239397,"ptf_ref":"PDQ4BUL","category":"ship_based_meteorological_sot_vos","ptf_model":"EUCAWS/NEPTUNE","wigos_ref":"0-22000-0-PDQ4BUL","country_name":"GERMANY","country_ship":null,"goos_networks":"VOS","ptf_family_name":"Ship Weather Station","country_iso_reporting":"DE","country_sensor_provider":null}},{"type":"Feature","geometry":{"type":"Point","coordinates":[158.6,-24.8]},"properties":{"ptf_id":1239418,"ptf_ref":"FTT2ACH","category":"ship_based_meteorological_sot_vos","ptf_model":"TURBOWIN+ MANUAL","wigos_ref":"0-22000-0-FTT2ACH","country_name":"VANUATU","country_ship":null,"goos_networks":"VOS","ptf_family_name":"Ship Weather Station","country_iso_reporting":"VU","country_sensor_provider":null}},{"type":"Feature","geometry":{"type":"Point","coordinates":[-4.47,48.35]},"properties":{"ptf_id":1244717,"ptf_ref":"CCXDTET","category":"ship_based_meteorological_sot_vos","ptf_model":"TURBOWIN+ AUTO","wigos_ref":"0-22000-0-CCXDTET","country_name":"GERMANY","country_ship":null,"goos_networks":"VOS","ptf_family_name":"Ship Weather Station","country_iso_reporting":"DE","country_sensor_provider":null}},{"type":"Feature","geometry":{"type":"Point","coordinates":[142.8,46.5]},"properties":{"ptf_id":1252017,"ptf_ref":"2LZNDPP","category":"ship_based_meteorological_sot_vos","ptf_model":"GENERIC MANUAL","wigos_ref":"0-22000-0-2LZNDPP","country_name":"JAPAN","country_ship":null,"goos_networks":"VOS","ptf_family_name":"Ship Weather Station","country_iso_reporting":"JP","country_sensor_provider":null}},{"type":"Feature","geometry":{"type":"Point","coordinates":[-45.3,42.8]},"properties":{"ptf_id":1252057,"ptf_ref":"2PEFPQQ","category":"ship_based_meteorological_sot_vos","ptf_model":"TURBOWIN+ MANUAL","wigos_ref":"0-22000-0-2PEFPQQ","country_name":"JAPAN","country_ship":null,"goos_networks":"VOS","ptf_family_name":"Ship Weather Station","country_iso_reporting":"JP","country_sensor_provider":null}},{"type":"Feature","geometry":{"type":"Point","coordinates":[109.9,10.4]},"properties":{"ptf_id":1252097,"ptf_ref":"LAX5UUX","category":"ship_based_meteorological_sot_vos","ptf_model":"GENERIC MANUAL","wigos_ref":"0-22000-0-LAX5UUX","country_name":"JAPAN","country_ship":null,"goos_networks":"VOS","ptf_family_name":"Ship Weather Station","country_iso_reporting":"JP","country_sensor_provider":null}},{"type":"Feature","geometry":{"type":"Point","coordinates":[-21.7,47.2]},"properties":{"ptf_id":1252197,"ptf_ref":"GYQ4R3A","category":"ship_based_meteorological_sot_vos","ptf_model":"TURBOWIN+ MANUAL","wigos_ref":"0-22000-0-GYQ4R3A","country_name":"JAPAN","country_ship":null,"goos_networks":"VOS","ptf_family_name":"Ship Weather Station","country_iso_reporting":"JP","country_sensor_provider":null}},{"type":"Feature","geometry":{"type":"Point","coordinates":[105.6,3.6]},"properties":{"ptf_id":1252237,"ptf_ref":"TKQKY9M","category":"ship_based_meteorological_sot_vos","ptf_model":"GENERIC MANUAL","wigos_ref":"0-22000-0-TKQKY9M","country_name":"JAPAN","country_ship":null,"goos_networks":"VOS","ptf_family_name":"Ship Weather Station","country_iso_reporting":"JP","country_sensor_provider":null}},{"type":"Feature","geometry":{"type":"Point","coordinates":[59.2,-14.6]},"properties":{"ptf_id":1259357,"ptf_ref":"9TYJUDY","category":"ship_based_meteorological_sot_vos","ptf_model":"TURBOWIN+ MANUAL","wigos_ref":"0-22000-0-9TYJUDY","country_name":"GERMANY","country_ship":null,"goos_networks":"VOS","ptf_family_name":"Ship Weather Station","country_iso_reporting":"DE","country_sensor_provider":null}},{"type":"Feature","geometry":{"type":"Point","coordinates":[14.5,-27.2]},"properties":{"ptf_id":1259437,"ptf_ref":"6BJGKCX","category":"ship_based_meteorological_sot_vos","ptf_model":"TURBOWIN+ MANUAL","wigos_ref":"0-22000-0-6BJGKCX","country_name":"GERMANY","country_ship":null,"goos_networks":"VOS","ptf_family_name":"Ship Weather Station","country_iso_reporting":"DE","country_sensor_provider":null}},{"type":"Feature","geometry":{"type":"Point","coordinates":[127.7,34.9]},"properties":{"ptf_id":1266437,"ptf_ref":"LRQ5GAY","category":"ship_based_meteorological_sot_vos","ptf_model":"GENERIC MANUAL","wigos_ref":"0-22000-0-LRQ5GAY","country_name":"SOUTH KOREA","country_ship":null,"goos_networks":"VOS","ptf_family_name":"Ship Weather Station","country_iso_reporting":"KR","country_sensor_provider":null}},{"type":"Feature","geometry":{"type":"Point","coordinates":[-6.6,35.5]},"properties":{"ptf_id":1271757,"ptf_ref":"2JQFMZZ","category":"ship_based_meteorological_sot_vos","ptf_model":"TURBOWIN+ MANUAL","wigos_ref":"0-22000-0-2JQFMZZ","country_name":"GERMANY","country_ship":null,"goos_networks":"VOS","ptf_family_name":"Ship Weather Station","country_iso_reporting":"DE","country_sensor_provider":null}},{"type":"Feature","geometry":{"type":"Point","coordinates":[18.65,54.38]},"properties":{"ptf_id":1273697,"ptf_ref":"JWVFZCU","category":"ship_based_meteorological_sot_vos","ptf_model":"EUCAWS/NEPTUNE","wigos_ref":"0-22000-0-JWVFZCU","country_name":"FRANCE","country_ship":null,"goos_networks":"VOS","ptf_family_name":"Ship Weather Station","country_iso_reporting":"FR","country_sensor_provider":null}},{"type":"Feature","geometry":{"type":"Point","coordinates":[17.8,-33.2]},"properties":{"ptf_id":1273737,"ptf_ref":"FMJPBBA","category":"ship_based_meteorological_sot_vos","ptf_model":"TURBOWIN+ MANUAL","wigos_ref":"0-22000-0-FMJPBBA","country_name":"GERMANY","country_ship":null,"goos_networks":"VOS","ptf_family_name":"Ship Weather Station","country_iso_reporting":"DE","country_sensor_provider":null}},{"type":"Feature","geometry":{"type":"Point","coordinates":[136.9,33.5]},"properties":{"ptf_id":1292717,"ptf_ref":"VBQVTDT","category":"ship_based_meteorological_sot_vos","ptf_model":"GENERIC AUTO","wigos_ref":"0-22000-0-VBQVTDT","country_name":"SOUTH KOREA","country_ship":null,"goos_networks":"VOS","ptf_family_name":"Ship Weather Station","country_iso_reporting":"KR","country_sensor_provider":null}},{"type":"Feature","geometry":{"type":"Point","coordinates":[121.6,31.4]},"properties":{"ptf_id":1292737,"ptf_ref":"WFG227K","category":"ship_based_meteorological_sot_vos","ptf_model":"GENERIC AUTO","wigos_ref":"0-22000-0-WFG227K","country_name":"SOUTH KOREA","country_ship":null,"goos_networks":"VOS","ptf_family_name":"Ship Weather Station","country_iso_reporting":"KR","country_sensor_provider":null}},{"type":"Feature","geometry":{"type":"Point","coordinates":[160.2,47.2]},"properties":{"ptf_id":1292897,"ptf_ref":"JNYBCPX","category":"ship_based_meteorological_sot_vos","ptf_model":"TURBOWIN","wigos_ref":"0-22000-0-JNYBCPX","country_name":"CHINA","country_ship":null,"goos_networks":"VOS","ptf_family_name":"Ship Weather Station","country_iso_reporting":"CN","country_sensor_provider":null}},{"type":"Feature","geometry":{"type":"Point","coordinates":[160.1,46.2]},"properties":{"ptf_id":1292937,"ptf_ref":"RGUCLTB","category":"ship_based_meteorological_sot_vos","ptf_model":"TURBOWIN","wigos_ref":"0-22000-0-RGUCLTB","country_name":"CHINA","country_ship":null,"goos_networks":"VOS","ptf_family_name":"Ship Weather Station","country_iso_reporting":"CN","country_sensor_provider":null}},{"type":"Feature","geometry":{"type":"Point","coordinates":[72.8,16.9]},"properties":{"ptf_id":1292957,"ptf_ref":"PVF95KB","category":"ship_based_meteorological_sot_vos","ptf_model":"TURBOWIN","wigos_ref":"0-22000-0-PVF95KB","country_name":"CHINA","country_ship":null,"goos_networks":"VOS","ptf_family_name":"Ship Weather Station","country_iso_reporting":"CN","country_sensor_provider":null}},{"type":"Feature","geometry":{"type":"Point","coordinates":[-17.7,21.7]},"properties":{"ptf_id":1292977,"ptf_ref":"3VWWFUL","category":"ship_based_meteorological_sot_vos","ptf_model":"TURBOWIN","wigos_ref":"0-22000-0-3VWWFUL","country_name":"CHINA","country_ship":null,"goos_networks":"VOS","ptf_family_name":"Ship Weather Station","country_iso_reporting":"CN","country_sensor_provider":null}},{"type":"Feature","geometry":{"type":"Point","coordinates":[-18,18.5]},"properties":{"ptf_id":1292997,"ptf_ref":"MNCVU7N","category":"ship_based_meteorological_sot_vos","ptf_model":"TURBOWIN","wigos_ref":"0-22000-0-MNCVU7N","country_name":"CHINA","country_ship":null,"goos_networks":"VOS","ptf_family_name":"Ship Weather Station","country_iso_reporting":"CN","country_sensor_provider":null}},{"type":"Feature","geometry":{"type":"Point","coordinates":[112.8,15.5]},"properties":{"ptf_id":1293017,"ptf_ref":"BXMCZKR","category":"ship_based_meteorological_sot_vos","ptf_model":"TURBOWIN","wigos_ref":"0-22000-0-BXMCZKR","country_name":"CHINA","country_ship":null,"goos_networks":"VOS","ptf_family_name":"Ship Weather Station","country_iso_reporting":"CN","country_sensor_provider":null}},{"type":"Feature","geometry":{"type":"Point","coordinates":[98.9,4.5]},"properties":{"ptf_id":1293037,"ptf_ref":"RXYN5AY","category":"ship_based_meteorological_sot_vos","ptf_model":"TURBOWIN","wigos_ref":"0-22000-0-RXYN5AY","country_name":"CHINA","country_ship":null,"goos_networks":"VOS","ptf_family_name":"Ship Weather Station","country_iso_reporting":"CN","country_sensor_provider":null}},{"type":"Feature","geometry":{"type":"Point","coordinates":[153.8,-26.3]},"properties":{"ptf_id":1293337,"ptf_ref":"LWPZSRV","category":"ship_based_meteorological_sot_vos","ptf_model":"TURBOWIN","wigos_ref":"0-22000-0-LWPZSRV","country_name":"CHINA","country_ship":null,"goos_networks":"VOS","ptf_family_name":"Ship Weather Station","country_iso_reporting":"CN","country_sensor_provider":null}},{"type":"Feature","geometry":{"type":"Point","coordinates":[-4.9,49]},"properties":{"ptf_id":1293417,"ptf_ref":"LBKKN3N","category":"ship_based_meteorological_sot_vos","ptf_model":"TURBOWIN","wigos_ref":"0-22000-0-LBKKN3N","country_name":"CHINA","country_ship":null,"goos_networks":"VOS","ptf_family_name":"Ship Weather Station","country_iso_reporting":"CN","country_sensor_provider":null}},{"type":"Feature","geometry":{"type":"Point","coordinates":[41.9,-27.8]},"properties":{"ptf_id":1293437,"ptf_ref":"QFUE7NV","category":"ship_based_meteorological_sot_vos","ptf_model":"TURBOWIN","wigos_ref":"0-22000-0-QFUE7NV","country_name":"CHINA","country_ship":null,"goos_networks":"VOS","ptf_family_name":"Ship Weather Station","country_iso_reporting":"CN","country_sensor_provider":null}},{"type":"Feature","geometry":{"type":"Point","coordinates":[144.7,-2.7]},"properties":{"ptf_id":1293477,"ptf_ref":"7DHVQ5X","category":"ship_based_meteorological_sot_vos","ptf_model":"TURBOWIN","wigos_ref":"0-22000-0-7DHVQ5X","country_name":"CHINA","country_ship":null,"goos_networks":"VOS","ptf_family_name":"Ship Weather Station","country_iso_reporting":"CN","country_sensor_provider":null}},{"type":"Feature","geometry":{"type":"Point","coordinates":[-139.9,50.8]},"properties":{"ptf_id":1293497,"ptf_ref":"5EUERVG","category":"ship_based_meteorological_sot_vos","ptf_model":"TURBOWIN","wigos_ref":"0-22000-0-5EUERVG","country_name":"CHINA","country_ship":null,"goos_networks":"VOS","ptf_family_name":"Ship Weather Station","country_iso_reporting":"CN","country_sensor_provider":null}},{"type":"Feature","geometry":{"type":"Point","coordinates":[-39.1,5.3]},"properties":{"ptf_id":1293517,"ptf_ref":"UMRJYSQ","category":"ship_based_meteorological_sot_vos","ptf_model":"TURBOWIN","wigos_ref":"0-22000-0-UMRJYSQ","country_name":"CHINA","country_ship":null,"goos_networks":"VOS","ptf_family_name":"Ship Weather Station","country_iso_reporting":"CN","country_sensor_provider":null}},{"type":"Feature","geometry":{"type":"Point","coordinates":[-63.41,31.49]},"properties":{"ptf_id":1293657,"ptf_ref":"5BHV42J","category":"ship_based_meteorological_sot_vos","ptf_model":"Mini-Eucaws/WSM200","wigos_ref":"0-22000-0-5BHV42J","country_name":"FRANCE","country_ship":null,"goos_networks":"VOS","ptf_family_name":"Ship Weather Station","country_iso_reporting":"FR","country_sensor_provider":null}},{"type":"Feature","geometry":{"type":"Point","coordinates":[62.6,-17.3]},"properties":{"ptf_id":1298997,"ptf_ref":"4QRYQYX","category":"ship_based_meteorological_sot_vos","ptf_model":"GENERIC MANUAL","wigos_ref":"0-22000-0-4QRYQYX","country_name":"JAPAN","country_ship":null,"goos_networks":"VOS","ptf_family_name":"Ship Weather Station","country_iso_reporting":"JP","country_sensor_provider":null}},{"type":"Feature","geometry":{"type":"Point","coordinates":[-4.1,-26.2]},"properties":{"ptf_id":1299077,"ptf_ref":"NJU7W3F","category":"ship_based_meteorological_sot_vos","ptf_model":"GENERIC MANUAL","wigos_ref":"0-22000-0-NJU7W3F","country_name":"JAPAN","country_ship":null,"goos_networks":"VOS","ptf_family_name":"Ship Weather Station","country_iso_reporting":"JP","country_sensor_provider":null}},{"type":"Feature","geometry":{"type":"Point","coordinates":[-38.1,39.6]},"properties":{"ptf_id":1299097,"ptf_ref":"HBVS7HJ","category":"ship_based_meteorological_sot_vos","ptf_model":"GENERIC MANUAL","wigos_ref":"0-22000-0-HBVS7HJ","country_name":"JAPAN","country_ship":null,"goos_networks":"VOS","ptf_family_name":"Ship Weather Station","country_iso_reporting":"JP","country_sensor_provider":null}},{"type":"Feature","geometry":{"type":"Point","coordinates":[149.4,-6.9]},"properties":{"ptf_id":1299177,"ptf_ref":"SFB4M2F","category":"ship_based_meteorological_sot_vos","ptf_model":"GENERIC MANUAL","wigos_ref":"0-22000-0-SFB4M2F","country_name":"JAPAN","country_ship":null,"goos_networks":"VOS","ptf_family_name":"Ship Weather Station","country_iso_reporting":"JP","country_sensor_provider":null}},{"type":"Feature","geometry":{"type":"Point","coordinates":[153.1,-42.2]},"properties":{"ptf_id":1301997,"ptf_ref":"XCS4A4R","category":"ship_based_meteorological_sot_vos","ptf_model":"TURBOWIN+ MANUAL","wigos_ref":"0-22000-0-XCS4A4R","country_name":"GERMANY","country_ship":null,"goos_networks":"VOS","ptf_family_name":"Ship Weather Station","country_iso_reporting":"DE","country_sensor_provider":null}},{"type":"Feature","geometry":{"type":"Point","coordinates":[3.9,-26.8]},"properties":{"ptf_id":1302017,"ptf_ref":"XKK95PG","category":"ship_based_meteorological_sot_vos","ptf_model":"GENERIC MANUAL","wigos_ref":"0-22000-0-XKK95PG","country_name":"JAPAN","country_ship":null,"goos_networks":"VOS","ptf_family_name":"Ship Weather Station","country_iso_reporting":"JP","country_sensor_provider":null}},{"type":"Feature","geometry":{"type":"Point","coordinates":[12.8,-29]},"properties":{"ptf_id":1302037,"ptf_ref":"VGLTMYT","category":"ship_based_meteorological_sot_vos","ptf_model":"TURBOWIN+ MANUAL","wigos_ref":"0-22000-0-VGLTMYT","country_name":"JAPAN","country_ship":null,"goos_networks":"VOS","ptf_family_name":"Ship Weather Station","country_iso_reporting":"JP","country_sensor_provider":null}},{"type":"Feature","geometry":{"type":"Point","coordinates":[120.8,38.6]},"properties":{"ptf_id":1302097,"ptf_ref":"ARK892D","category":"ship_based_meteorological_sot_vos","ptf_model":"GENERIC MANUAL","wigos_ref":"0-22000-0-ARK892D","country_name":"JAPAN","country_ship":null,"goos_networks":"VOS","ptf_family_name":"Ship Weather Station","country_iso_reporting":"JP","country_sensor_provider":null}},{"type":"Feature","geometry":{"type":"Point","coordinates":[127.9,34.6]},"properties":{"ptf_id":1302177,"ptf_ref":"FTMCRTY","category":"ship_based_meteorological_sot_vos","ptf_model":"GENERIC MANUAL","wigos_ref":"0-22000-0-FTMCRTY","country_name":"JAPAN","country_ship":null,"goos_networks":"VOS","ptf_family_name":"Ship Weather Station","country_iso_reporting":"JP","country_sensor_provider":null}},{"type":"Feature","geometry":{"type":"Point","coordinates":[127.9,34.6]},"properties":{"ptf_id":1302217,"ptf_ref":"XJXJ3KQ","category":"ship_based_meteorological_sot_vos","ptf_model":"GENERIC MANUAL","wigos_ref":"0-22000-0-XJXJ3KQ","country_name":"JAPAN","country_ship":null,"goos_networks":"VOS","ptf_family_name":"Ship Weather Station","country_iso_reporting":"JP","country_sensor_provider":null}},{"type":"Feature","geometry":{"type":"Point","coordinates":[-61.7,10.3]},"properties":{"ptf_id":1302517,"ptf_ref":"VKV6KMF","category":"ship_based_meteorological_sot_vos","ptf_model":"GENERIC MANUAL","wigos_ref":"0-22000-0-VKV6KMF","country_name":"JAPAN","country_ship":null,"goos_networks":"VOS","ptf_family_name":"Ship Weather Station","country_iso_reporting":"JP","country_sensor_provider":null}},{"type":"Feature","geometry":{"type":"Point","coordinates":[-17.4,14.6]},"properties":{"ptf_id":1302637,"ptf_ref":"9AXLERE","category":"ship_based_meteorological_sot_vos","ptf_model":"GENERIC MANUAL","wigos_ref":"0-22000-0-9AXLERE","country_name":"JAPAN","country_ship":null,"goos_networks":"VOS","ptf_family_name":"Ship Weather Station","country_iso_reporting":"JP","country_sensor_provider":null}},{"type":"Feature","geometry":{"type":"Point","coordinates":[137,34.5]},"properties":{"ptf_id":1302657,"ptf_ref":"UHCFWJZ","category":"ship_based_meteorological_sot_vos","ptf_model":"GENERIC MANUAL","wigos_ref":"0-22000-0-UHCFWJZ","country_name":"JAPAN","country_ship":null,"goos_networks":"VOS","ptf_family_name":"Ship Weather Station","country_iso_reporting":"JP","country_sensor_provider":null}},{"type":"Feature","geometry":{"type":"Point","coordinates":[127.2,29.7]},"properties":{"ptf_id":1302697,"ptf_ref":"RPX5VSB","category":"ship_based_meteorological_sot_vos","ptf_model":"GENERIC MANUAL","wigos_ref":"0-22000-0-RPX5VSB","country_name":"JAPAN","country_ship":null,"goos_networks":"VOS","ptf_family_name":"Ship Weather Station","country_iso_reporting":"JP","country_sensor_provider":null}},{"type":"Feature","geometry":{"type":"Point","coordinates":[-20.4,-13]},"properties":{"ptf_id":1302717,"ptf_ref":"DYHHMQF","category":"ship_based_meteorological_sot_vos","ptf_model":"GENERIC MANUAL","wigos_ref":"0-22000-0-DYHHMQF","country_name":"JAPAN","country_ship":null,"goos_networks":"VOS","ptf_family_name":"Ship Weather Station","country_iso_reporting":"JP","country_sensor_provider":null}},{"type":"Feature","geometry":{"type":"Point","coordinates":[-2.1,-22.2]},"properties":{"ptf_id":1302737,"ptf_ref":"HSL8VED","category":"ship_based_meteorological_sot_vos","ptf_model":"GENERIC MANUAL","wigos_ref":"0-22000-0-HSL8VED","country_name":"JAPAN","country_ship":null,"goos_networks":"VOS","ptf_family_name":"Ship Weather Station","country_iso_reporting":"JP","country_sensor_provider":null}},{"type":"Feature","geometry":{"type":"Point","coordinates":[56.3,75.8]},"properties":{"ptf_id":1302837,"ptf_ref":"6TQZX8B","category":"ship_based_meteorological_sot_vos","ptf_model":"GENERIC MANUAL","wigos_ref":"0-22000-0-6TQZX8B","country_name":"JAPAN","country_ship":null,"goos_networks":"VOS","ptf_family_name":"Ship Weather Station","country_iso_reporting":"JP","country_sensor_provider":null}},{"type":"Feature","geometry":{"type":"Point","coordinates":[17.9,70.7]},"properties":{"ptf_id":1302857,"ptf_ref":"WKEY8UK","category":"ship_based_meteorological_sot_vos","ptf_model":"GENERIC MANUAL","wigos_ref":"0-22000-0-WKEY8UK","country_name":"JAPAN","country_ship":null,"goos_networks":"VOS","ptf_family_name":"Ship Weather Station","country_iso_reporting":"JP","country_sensor_provider":null}},{"type":"Feature","geometry":{"type":"Point","coordinates":[12.8,69.4]},"properties":{"ptf_id":1302877,"ptf_ref":"ZNJY6BY","category":"ship_based_meteorological_sot_vos","ptf_model":"TURBOWIN+ MANUAL","wigos_ref":"0-22000-0-ZNJY6BY","country_name":"JAPAN","country_ship":null,"goos_networks":"VOS","ptf_family_name":"Ship Weather Station","country_iso_reporting":"JP","country_sensor_provider":null}},{"type":"Feature","geometry":{"type":"Point","coordinates":[-8.1,57.1]},"properties":{"ptf_id":1302897,"ptf_ref":"FCY9EWN","category":"ship_based_meteorological_sot_vos","ptf_model":"GENERIC MANUAL","wigos_ref":"0-22000-0-FCY9EWN","country_name":"JAPAN","country_ship":null,"goos_networks":"VOS","ptf_family_name":"Ship Weather Station","country_iso_reporting":"JP","country_sensor_provider":null}},{"type":"Feature","geometry":{"type":"Point","coordinates":[120.9,35.7]},"properties":{"ptf_id":1302997,"ptf_ref":"BNRNR6P","category":"ship_based_meteorological_sot_vos","ptf_model":"TURBOWIN+ MANUAL","wigos_ref":"0-22000-0-BNRNR6P","country_name":"GERMANY","country_ship":null,"goos_networks":"VOS","ptf_family_name":"Ship Weather Station","country_iso_reporting":"DE","country_sensor_provider":null}},{"type":"Feature","geometry":{"type":"Point","coordinates":[10.17,54.34]},"properties":{"ptf_id":1303877,"ptf_ref":"HMTTQEN","category":"ship_based_meteorological_sot_vos","ptf_model":"EUCAWS/NEPTUNE","wigos_ref":"0-22000-0-HMTTQEN","country_name":"GERMANY","country_ship":null,"goos_networks":"VOS","ptf_family_name":"Ship Weather Station","country_iso_reporting":"DE","country_sensor_provider":null}},{"type":"Feature","geometry":{"type":"Point","coordinates":[-24.07,17.6]},"properties":{"ptf_id":1305097,"ptf_ref":"8YPWSVW","category":"ship_based_meteorological_sot_vos","ptf_model":"Mini-Eucaws/WSM200","wigos_ref":"0-22000-0-8YPWSVW","country_name":"GERMANY","country_ship":null,"goos_networks":"VOS","ptf_family_name":"Ship Weather Station","country_iso_reporting":"DE","country_sensor_provider":null}},{"type":"Feature","geometry":{"type":"Point","coordinates":[45.6,-27.3]},"properties":{"ptf_id":1305917,"ptf_ref":"PTEZBRM","category":"ship_based_meteorological_sot_vos","ptf_model":"TURBOWIN+ MANUAL","wigos_ref":"0-22000-0-PTEZBRM","country_name":"JAPAN","country_ship":null,"goos_networks":"VOS","ptf_family_name":"Ship Weather Station","country_iso_reporting":"JP","country_sensor_provider":null}},{"type":"Feature","geometry":{"type":"Point","coordinates":[65.6,-16.6]},"properties":{"ptf_id":1306217,"ptf_ref":"NQZB68C","category":"ship_based_meteorological_sot_vos","ptf_model":"TURBOWIN+ MANUAL","wigos_ref":"0-22000-0-NQZB68C","country_name":"JAPAN","country_ship":null,"goos_networks":"VOS","ptf_family_name":"Ship Weather Station","country_iso_reporting":"JP","country_sensor_provider":null}},{"type":"Feature","geometry":{"type":"Point","coordinates":[-12.7,35.2]},"properties":{"ptf_id":1306997,"ptf_ref":"LZQCAZR","category":"ship_based_meteorological_sot_vos","ptf_model":"TURBOWIN+ MANUAL","wigos_ref":"0-22000-0-LZQCAZR","country_name":"GERMANY","country_ship":null,"goos_networks":"VOS","ptf_family_name":"Ship Weather Station","country_iso_reporting":"DE","country_sensor_provider":null}},{"type":"Feature","geometry":{"type":"Point","coordinates":[72.8,7.8]},"properties":{"ptf_id":1307157,"ptf_ref":"8XA4LZF","category":"ship_based_meteorological_sot_vos","ptf_model":"TURBOWIN+ MANUAL","wigos_ref":"0-22000-0-8XA4LZF","country_name":"GERMANY","country_ship":null,"goos_networks":"VOS","ptf_family_name":"Ship Weather Station","country_iso_reporting":"DE","country_sensor_provider":null}},{"type":"Feature","geometry":{"type":"Point","coordinates":[18.1,42.6]},"properties":{"ptf_id":1321037,"ptf_ref":"YLGCDSK","category":"ship_based_meteorological_sot_vos","ptf_model":"TURBOWIN","wigos_ref":"0-22000-0-YLGCDSK","country_name":"UK","country_ship":null,"goos_networks":"VOS","ptf_family_name":"Ship Weather Station","country_iso_reporting":"GB","country_sensor_provider":null}},{"type":"Feature","geometry":{"type":"Point","coordinates":[15,36.3]},"properties":{"ptf_id":1321157,"ptf_ref":"FFX7TUU","category":"ship_based_meteorological_sot_vos","ptf_model":"TURBOWIN+ MANUAL","wigos_ref":"0-22000-0-FFX7TUU","country_name":"GERMANY","country_ship":null,"goos_networks":"VOS","ptf_family_name":"Ship Weather Station","country_iso_reporting":"DE","country_sensor_provider":null}},{"type":"Feature","geometry":{"type":"Point","coordinates":[0.1,36.7]},"properties":{"ptf_id":1321237,"ptf_ref":"TFAVSRM","category":"ship_based_meteorological_sot_vos","ptf_model":"TURBOWIN+ MANUAL","wigos_ref":"0-22000-0-TFAVSRM","country_name":"GERMANY","country_ship":null,"goos_networks":"VOS","ptf_family_name":"Ship Weather Station","country_iso_reporting":"DE","country_sensor_provider":null}},{"type":"Feature","geometry":{"type":"Point","coordinates":[-10.74,41.8]},"properties":{"ptf_id":1321337,"ptf_ref":"UXJ6V2N","category":"ship_based_meteorological_sot_vos","ptf_model":"TURBOWIN+ AUTO","wigos_ref":"0-22000-0-UXJ6V2N","country_name":"NETHERLANDS","country_ship":null,"goos_networks":"VOS","ptf_family_name":"Ship Weather Station","country_iso_reporting":"NL","country_sensor_provider":null}},{"type":"Feature","geometry":{"type":"Point","coordinates":[152.5,-24.5]},"properties":{"ptf_id":1339897,"ptf_ref":"DREY6TX","category":"ship_based_meteorological_sot_vos","ptf_model":"EUCAWS/NEPTUNE","wigos_ref":"0-22000-0-DREY6TX","country_name":"AUSTRALIA","country_ship":null,"goos_networks":"VOS","ptf_family_name":"Ship Weather Station","country_iso_reporting":"AU","country_sensor_provider":null}},{"type":"Feature","geometry":{"type":"Point","coordinates":[158.5,45.8]},"properties":{"ptf_id":1343797,"ptf_ref":"CZKXAGN","category":"ship_based_meteorological_sot_vos","ptf_model":"TURBOWIN+ MANUAL","wigos_ref":"0-22000-0-CZKXAGN","country_name":"GERMANY","country_ship":null,"goos_networks":"VOS","ptf_family_name":"Ship Weather Station","country_iso_reporting":"DE","country_sensor_provider":null}},{"type":"Feature","geometry":{"type":"Point","coordinates":[-93.3,28.4]},"properties":{"ptf_id":1346997,"ptf_ref":"NMNUPNV","category":"ship_based_meteorological_sot_vos","ptf_model":"TURBOWIN+ MANUAL","wigos_ref":"0-22000-0-NMNUPNV","country_name":"GERMANY","country_ship":null,"goos_networks":"VOS","ptf_family_name":"Ship Weather Station","country_iso_reporting":"DE","country_sensor_provider":null}},{"type":"Feature","geometry":{"type":"Point","coordinates":[144.92,-37.82]},"properties":{"ptf_id":1347437,"ptf_ref":"3QX8Q2U","category":"ship_based_meteorological_sot_vos","ptf_model":"PACIFIC GYRE_Deck Drifter","wigos_ref":"0-22000-0-3QX8Q2U","country_name":"AUSTRALIA","country_ship":null,"goos_networks":"VOS","ptf_family_name":"Ship Weather Station","country_iso_reporting":"AU","country_sensor_provider":null}},{"type":"Feature","geometry":{"type":"Point","coordinates":[17.3,-33.6]},"properties":{"ptf_id":1348517,"ptf_ref":"YPMPZXT","category":"ship_based_meteorological_sot_vos","ptf_model":"TURBOWIN+ MANUAL","wigos_ref":"0-22000-0-YPMPZXT","country_name":"GERMANY","country_ship":null,"goos_networks":"VOS","ptf_family_name":"Ship Weather Station","country_iso_reporting":"DE","country_sensor_provider":null}},{"type":"Feature","geometry":{"type":"Point","coordinates":[5.42,53.55]},"properties":{"ptf_id":1348537,"ptf_ref":"MHYJV8L","category":"ship_based_meteorological_sot_vos","ptf_model":"TURBOWIN+ MANUAL","wigos_ref":"0-22000-0-MHYJV8L","country_name":"GERMANY","country_ship":null,"goos_networks":"VOS","ptf_family_name":"Ship Weather Station","country_iso_reporting":"DE","country_sensor_provider":null}},{"type":"Feature","geometry":{"type":"Point","coordinates":[167.45,-33.95]},"properties":{"ptf_id":1348557,"ptf_ref":"CEB8HLK","category":"ship_based_meteorological_sot_vos","ptf_model":"TURBOWIN+ MANUAL","wigos_ref":"0-22000-0-CEB8HLK","country_name":"GERMANY","country_ship":null,"goos_networks":"VOS","ptf_family_name":"Ship Weather Station","country_iso_reporting":"DE","country_sensor_provider":null}},{"type":"Feature","geometry":{"type":"Point","coordinates":[-13.99,65.27]},"properties":{"ptf_id":1349137,"ptf_ref":"HWGHE3L","category":"ship_based_meteorological_sot_vos","ptf_model":"Mini-Eucaws/WSM200","wigos_ref":"0-22000-0-HWGHE3L","country_name":"GERMANY","country_ship":null,"goos_networks":"VOS","ptf_family_name":"Ship Weather Station","country_iso_reporting":"DE","country_sensor_provider":null}},{"type":"Feature","geometry":{"type":"Point","coordinates":[99.6,4]},"properties":{"ptf_id":1357597,"ptf_ref":"PAV5BUK","category":"ship_based_meteorological_sot_vos","ptf_model":"TURBOWIN+ MANUAL","wigos_ref":"0-22000-0-PAV5BUK","country_name":"GERMANY","country_ship":null,"goos_networks":"VOS","ptf_family_name":"Ship Weather Station","country_iso_reporting":"DE","country_sensor_provider":null}},{"type":"Feature","geometry":{"type":"Point","coordinates":[-14.6,7.8]},"properties":{"ptf_id":1357877,"ptf_ref":"XQCNSBH","category":"ship_based_meteorological_sot_vos","ptf_model":"TURBOWIN+ MANUAL","wigos_ref":"0-22000-0-XQCNSBH","country_name":"GERMANY","country_ship":null,"goos_networks":"VOS","ptf_family_name":"Ship Weather Station","country_iso_reporting":"DE","country_sensor_provider":null}},{"type":"Feature","geometry":{"type":"Point","coordinates":[4.36,51.25]},"properties":{"ptf_id":1361357,"ptf_ref":"7UDTU3T","category":"ship_based_meteorological_sot_vos","ptf_model":"Mini-Eucaws/WSM200","wigos_ref":"0-22000-0-7UDTU3T","country_name":"GERMANY","country_ship":null,"goos_networks":"VOS","ptf_family_name":"Ship Weather Station","country_iso_reporting":"DE","country_sensor_provider":null}},{"type":"Feature","geometry":{"type":"Point","coordinates":[-161.2,51.5]},"properties":{"ptf_id":1013512,"ptf_ref":"FZHNAMM","category":"ship_based_meteorological_sot_vos","ptf_model":"TURBOWIN+ MANUAL","wigos_ref":"0-22000-0-FZHNAMM","country_name":"JAPAN","country_ship":null,"goos_networks":"VOS","ptf_family_name":"Ship Weather Station","country_iso_reporting":"JP","country_sensor_provider":null}},{"type":"Feature","geometry":{"type":"Point","coordinates":[-148.7,60.7]},"properties":{"ptf_id":1014503,"ptf_ref":"5LPPZ6K","category":"ship_based_meteorological_sot_vos","ptf_model":"TURBOWIN","wigos_ref":"0-22000-0-5LPPZ6K","country_name":"USA","country_ship":null,"goos_networks":"VOS","ptf_family_name":"Ship Weather Station","country_iso_reporting":"US","country_sensor_provider":null}},{"type":"Feature","geometry":{"type":"Point","coordinates":[-18,18.2]},"properties":{"ptf_id":1014543,"ptf_ref":"SFGXCLU","category":"ship_based_meteorological_sot_vos","ptf_model":"TURBOWIN","wigos_ref":"0-22000-0-SFGXCLU","country_name":"USA","country_ship":null,"goos_networks":"VOS","ptf_family_name":"Ship Weather Station","country_iso_reporting":"US","country_sensor_provider":null}},{"type":"Feature","geometry":{"type":"Point","coordinates":[-60.7,38.8]},"properties":{"ptf_id":1014545,"ptf_ref":"6TMQSVJ","category":"ship_based_meteorological_sot_vos","ptf_model":"TURBOWIN","wigos_ref":"0-22000-0-6TMQSVJ","country_name":"USA","country_ship":null,"goos_networks":"VOS","ptf_family_name":"Ship Weather Station","country_iso_reporting":"US","country_sensor_provider":null}},{"type":"Feature","geometry":{"type":"Point","coordinates":[-43.2,2.6]},"properties":{"ptf_id":1014547,"ptf_ref":"4RGY28T","category":"ship_based_meteorological_sot_vos","ptf_model":"TURBOWIN","wigos_ref":"0-22000-0-4RGY28T","country_name":"USA","country_ship":null,"goos_networks":"VOS","ptf_family_name":"Ship Weather Station","country_iso_reporting":"US","country_sensor_provider":null}},{"type":"Feature","geometry":{"type":"Point","coordinates":[8.5,53.3]},"properties":{"ptf_id":1014553,"ptf_ref":"6DC392F","category":"ship_based_meteorological_sot_vos","ptf_model":"TURBOWIN","wigos_ref":"0-22000-0-6DC392F","country_name":"USA","country_ship":null,"goos_networks":"VOS","ptf_family_name":"Ship Weather Station","country_iso_reporting":"US","country_sensor_provider":null}},{"type":"Feature","geometry":{"type":"Point","coordinates":[139.2,34.9]},"properties":{"ptf_id":1014554,"ptf_ref":"TYJHADE","category":"ship_based_meteorological_sot_vos","ptf_model":"TURBOWIN","wigos_ref":"0-22000-0-TYJHADE","country_name":"USA","country_ship":null,"goos_networks":"VOS","ptf_family_name":"Ship Weather Station","country_iso_reporting":"US","country_sensor_provider":null}},{"type":"Feature","geometry":{"type":"Point","coordinates":[-127.2,48.4]},"properties":{"ptf_id":1014555,"ptf_ref":"VDTYGJE","category":"ship_based_meteorological_sot_vos","ptf_model":"TURBOWIN","wigos_ref":"0-22000-0-VDTYGJE","country_name":"USA","country_ship":null,"goos_networks":"VOS","ptf_family_name":"Ship Weather Station","country_iso_reporting":"US","country_sensor_provider":null}},{"type":"Feature","geometry":{"type":"Point","coordinates":[-171.7,-17.1]},"properties":{"ptf_id":1014563,"ptf_ref":"UDMDCYM","category":"ship_based_meteorological_sot_vos","ptf_model":"GENERIC MANUAL","wigos_ref":"0-22000-0-UDMDCYM","country_name":"USA","country_ship":null,"goos_networks":"VOS","ptf_family_name":"Ship Weather Station","country_iso_reporting":"US","country_sensor_provider":null}},{"type":"Feature","geometry":{"type":"Point","coordinates":[-83.2,45.2]},"properties":{"ptf_id":1014574,"ptf_ref":"NEPGFAS","category":"ship_based_meteorological_sot_vos","ptf_model":"DMAWDS","wigos_ref":"0-22000-0-NEPGFAS","country_name":"USA","country_ship":null,"goos_networks":"VOS","ptf_family_name":"Ship Weather Station","country_iso_reporting":"US","country_sensor_provider":null}},{"type":"Feature","geometry":{"type":"Point","coordinates":[-76.5,43.5]},"properties":{"ptf_id":1014592,"ptf_ref":"DKFWVRP","category":"ship_based_meteorological_sot_vos","ptf_model":"GENERIC MANUAL","wigos_ref":"0-22000-0-DKFWVRP","country_name":"USA","country_ship":null,"goos_networks":"VOS","ptf_family_name":"Ship Weather Station","country_iso_reporting":"US","country_sensor_provider":null}},{"type":"Feature","geometry":{"type":"Point","coordinates":[-72.9,-19.3]},"properties":{"ptf_id":1014609,"ptf_ref":"ZFG296J","category":"ship_based_meteorological_sot_vos","ptf_model":"TURBOWIN","wigos_ref":"0-22000-0-ZFG296J","country_name":"USA","country_ship":null,"goos_networks":"VOS","ptf_family_name":"Ship Weather Station","country_iso_reporting":"US","country_sensor_provider":null}},{"type":"Feature","geometry":{"type":"Point","coordinates":[-62.6,47.4]},"properties":{"ptf_id":1014614,"ptf_ref":"DXW57RQ","category":"ship_based_meteorological_sot_vos","ptf_model":"TURBOWIN","wigos_ref":"0-22000-0-DXW57RQ","country_name":"USA","country_ship":null,"goos_networks":"VOS","ptf_family_name":"Ship Weather Station","country_iso_reporting":"US","country_sensor_provider":null}},{"type":"Feature","geometry":{"type":"Point","coordinates":[-122.4,47.8]},"properties":{"ptf_id":1014617,"ptf_ref":"5JJRSTK","category":"ship_based_meteorological_sot_vos","ptf_model":"TURBOWIN","wigos_ref":"0-22000-0-5JJRSTK","country_name":"USA","country_ship":null,"goos_networks":"VOS","ptf_family_name":"Ship Weather Station","country_iso_reporting":"US","country_sensor_provider":null}},{"type":"Feature","geometry":{"type":"Point","coordinates":[10.4,-34.8]},"properties":{"ptf_id":1014832,"ptf_ref":"SCDWXVA","category":"ship_based_meteorological_sot_vos","ptf_model":"TURBOWIN","wigos_ref":"0-22000-0-SCDWXVA","country_name":"SOUTH AFRICA","country_ship":null,"goos_networks":"VOS","ptf_family_name":"Ship Weather Station","country_iso_reporting":"ZA","country_sensor_provider":null}},{"type":"Feature","geometry":{"type":"Point","coordinates":[-160.5,53.9]},"properties":{"ptf_id":1014857,"ptf_ref":"LZY37AR","category":"ship_based_meteorological_sot_vos","ptf_model":"GENERIC MANUAL","wigos_ref":"0-22000-0-LZY37AR","country_name":"USA","country_ship":null,"goos_networks":"VOS","ptf_family_name":"Ship Weather Station","country_iso_reporting":"US","country_sensor_provider":null}},{"type":"Feature","geometry":{"type":"Point","coordinates":[-93.7,29.5]},"properties":{"ptf_id":1014858,"ptf_ref":"9KWZWXB","category":"ship_based_meteorological_sot_vos","ptf_model":"GENERIC MANUAL","wigos_ref":"0-22000-0-9KWZWXB","country_name":"USA","country_ship":null,"goos_networks":"VOS","ptf_family_name":"Ship Weather Station","country_iso_reporting":"US","country_sensor_provider":null}},{"type":"Feature","geometry":{"type":"Point","coordinates":[-83.2,44.9]},"properties":{"ptf_id":1014859,"ptf_ref":"LWLK7VW","category":"ship_based_meteorological_sot_vos","ptf_model":"DMAWDS","wigos_ref":"0-22000-0-LWLK7VW","country_name":"USA","country_ship":null,"goos_networks":"VOS","ptf_family_name":"Ship Weather Station","country_iso_reporting":"US","country_sensor_provider":null}},{"type":"Feature","geometry":{"type":"Point","coordinates":[12.2,44.5]},"properties":{"ptf_id":1014861,"ptf_ref":"7WXH9FU","category":"ship_based_meteorological_sot_vos","ptf_model":"TURBOWIN+ AUTO","wigos_ref":"0-22000-0-7WXH9FU","country_name":"USA","country_ship":null,"goos_networks":"VOS","ptf_family_name":"Ship Weather Station","country_iso_reporting":"US","country_sensor_provider":null}},{"type":"Feature","geometry":{"type":"Point","coordinates":[-165.4,64.5]},"properties":{"ptf_id":1014917,"ptf_ref":"7LUP2KP","category":"ship_based_meteorological_sot_vos","ptf_model":"GENERIC MANUAL","wigos_ref":"0-22000-0-7LUP2KP","country_name":"USA","country_ship":null,"goos_networks":"VOS","ptf_family_name":"Ship Weather Station","country_iso_reporting":"US","country_sensor_provider":null}},{"type":"Feature","geometry":{"type":"Point","coordinates":[-139,27.7]},"properties":{"ptf_id":1014925,"ptf_ref":"KTYRVDB","category":"ship_based_meteorological_sot_vos","ptf_model":"AMVERS/SEAS","wigos_ref":"0-22000-0-KTYRVDB","country_name":"USA","country_ship":null,"goos_networks":"VOS","ptf_family_name":"Ship Weather Station","country_iso_reporting":"US","country_sensor_provider":null}},{"type":"Feature","geometry":{"type":"Point","coordinates":[-87.3,44.5]},"properties":{"ptf_id":1014926,"ptf_ref":"QAXZQ8U","category":"ship_based_meteorological_sot_vos","ptf_model":"DMAWDS","wigos_ref":"0-22000-0-QAXZQ8U","country_name":"USA","country_ship":null,"goos_networks":"VOS","ptf_family_name":"Ship Weather Station","country_iso_reporting":"US","country_sensor_provider":null}},{"type":"Feature","geometry":{"type":"Point","coordinates":[-92,46.7]},"properties":{"ptf_id":1014927,"ptf_ref":"HDY89BN","category":"ship_based_meteorological_sot_vos","ptf_model":"GENERIC MANUAL","wigos_ref":"0-22000-0-HDY89BN","country_name":"USA","country_ship":null,"goos_networks":"VOS","ptf_family_name":"Ship Weather Station","country_iso_reporting":"US","country_sensor_provider":null}},{"type":"Feature","geometry":{"type":"Point","coordinates":[-133.4,52.2]},"properties":{"ptf_id":1014928,"ptf_ref":"VSHX2AM","category":"ship_based_meteorological_sot_vos","ptf_model":"GENERIC MANUAL","wigos_ref":"0-22000-0-VSHX2AM","country_name":"USA","country_ship":null,"goos_networks":"VOS","ptf_family_name":"Ship Weather Station","country_iso_reporting":"US","country_sensor_provider":null}},{"type":"Feature","geometry":{"type":"Point","coordinates":[-151.6,55.7]},"properties":{"ptf_id":1014929,"ptf_ref":"VJNGV2T","category":"ship_based_meteorological_sot_vos","ptf_model":"TURBOWIN","wigos_ref":"0-22000-0-VJNGV2T","country_name":"USA","country_ship":null,"goos_networks":"VOS","ptf_family_name":"Ship Weather Station","country_iso_reporting":"US","country_sensor_provider":null}},{"type":"Feature","geometry":{"type":"Point","coordinates":[-128,51]},"properties":{"ptf_id":1014946,"ptf_ref":"8ZBHTQC","category":"ship_based_meteorological_sot_vos","ptf_model":"TURBOWIN","wigos_ref":"0-22000-0-8ZBHTQC","country_name":"USA","country_ship":null,"goos_networks":"VOS","ptf_family_name":"Ship Weather Station","country_iso_reporting":"US","country_sensor_provider":null}},{"type":"Feature","geometry":{"type":"Point","coordinates":[-81,24.1]},"properties":{"ptf_id":1014948,"ptf_ref":"JLXWFMH","category":"ship_based_meteorological_sot_vos","ptf_model":"GENERIC MANUAL","wigos_ref":"0-22000-0-JLXWFMH","country_name":"USA","country_ship":null,"goos_networks":"VOS","ptf_family_name":"Ship Weather Station","country_iso_reporting":"US","country_sensor_provider":null}},{"type":"Feature","geometry":{"type":"Point","coordinates":[-124.7,48.4]},"properties":{"ptf_id":1014957,"ptf_ref":"TECBVGN","category":"ship_based_meteorological_sot_vos","ptf_model":"TURBOWIN","wigos_ref":"0-22000-0-TECBVGN","country_name":"USA","country_ship":null,"goos_networks":"VOS","ptf_family_name":"Ship Weather Station","country_iso_reporting":"US","country_sensor_provider":null}},{"type":"Feature","geometry":{"type":"Point","coordinates":[153.5,-43.3]},"properties":{"ptf_id":1014958,"ptf_ref":"PFDDNFR","category":"ship_based_meteorological_sot_vos","ptf_model":"TURBOWIN","wigos_ref":"0-22000-0-PFDDNFR","country_name":"USA","country_ship":null,"goos_networks":"VOS","ptf_family_name":"Ship Weather Station","country_iso_reporting":"US","country_sensor_provider":null}},{"type":"Feature","geometry":{"type":"Point","coordinates":[-34.9,-10.6]},"properties":{"ptf_id":1014959,"ptf_ref":"GER3EER","category":"ship_based_meteorological_sot_vos","ptf_model":"TURBOWIN","wigos_ref":"0-22000-0-GER3EER","country_name":"USA","country_ship":null,"goos_networks":"VOS","ptf_family_name":"Ship Weather Station","country_iso_reporting":"US","country_sensor_provider":null}},{"type":"Feature","geometry":{"type":"Point","coordinates":[-134.8,57.7]},"properties":{"ptf_id":1014995,"ptf_ref":"AKQPFHM","category":"ship_based_meteorological_sot_vos","ptf_model":"GENERIC MANUAL","wigos_ref":"0-22000-0-AKQPFHM","country_name":"USA","country_ship":null,"goos_networks":"VOS","ptf_family_name":"Ship Weather Station","country_iso_reporting":"US","country_sensor_provider":null}},{"type":"Feature","geometry":{"type":"Point","coordinates":[-90,47.3]},"properties":{"ptf_id":1014998,"ptf_ref":"BVVTUFY","category":"ship_based_meteorological_sot_vos","ptf_model":"DMAWDS","wigos_ref":"0-22000-0-BVVTUFY","country_name":"USA","country_ship":null,"goos_networks":"VOS","ptf_family_name":"Ship Weather Station","country_iso_reporting":"US","country_sensor_provider":null}},{"type":"Feature","geometry":{"type":"Point","coordinates":[-81.5,41.6]},"properties":{"ptf_id":1014999,"ptf_ref":"ZFRDR2L","category":"ship_based_meteorological_sot_vos","ptf_model":"DMAWDS","wigos_ref":"0-22000-0-ZFRDR2L","country_name":"USA","country_ship":null,"goos_networks":"VOS","ptf_family_name":"Ship Weather Station","country_iso_reporting":"US","country_sensor_provider":null}},{"type":"Feature","geometry":{"type":"Point","coordinates":[25.4,36.4]},"properties":{"ptf_id":1015122,"ptf_ref":"ZMPSPWV","category":"ship_based_meteorological_sot_vos","ptf_model":"TURBOWIN","wigos_ref":"0-22000-0-ZMPSPWV","country_name":"USA","country_ship":null,"goos_networks":"VOS","ptf_family_name":"Ship Weather Station","country_iso_reporting":"US","country_sensor_provider":null}},{"type":"Feature","geometry":{"type":"Point","coordinates":[18.8,38.7]},"properties":{"ptf_id":1015123,"ptf_ref":"8PJFUZP","category":"ship_based_meteorological_sot_vos","ptf_model":"TURBOWIN","wigos_ref":"0-22000-0-8PJFUZP","country_name":"USA","country_ship":null,"goos_networks":"VOS","ptf_family_name":"Ship Weather Station","country_iso_reporting":"US","country_sensor_provider":null}},{"type":"Feature","geometry":{"type":"Point","coordinates":[10.3,43.5]},"properties":{"ptf_id":1015125,"ptf_ref":"TMVVJZA","category":"ship_based_meteorological_sot_vos","ptf_model":"TURBOWIN","wigos_ref":"0-22000-0-TMVVJZA","country_name":"USA","country_ship":null,"goos_networks":"VOS","ptf_family_name":"Ship Weather Station","country_iso_reporting":"US","country_sensor_provider":null}},{"type":"Feature","geometry":{"type":"Point","coordinates":[123.2,29.7]},"properties":{"ptf_id":1015126,"ptf_ref":"YZVRKWQ","category":"ship_based_meteorological_sot_vos","ptf_model":"GENERIC MANUAL","wigos_ref":"0-22000-0-YZVRKWQ","country_name":"USA","country_ship":null,"goos_networks":"VOS","ptf_family_name":"Ship Weather Station","country_iso_reporting":"US","country_sensor_provider":null}},{"type":"Feature","geometry":{"type":"Point","coordinates":[-143.2,58.2]},"properties":{"ptf_id":1015128,"ptf_ref":"JPNPRMP","category":"ship_based_meteorological_sot_vos","ptf_model":"TURBOWIN","wigos_ref":"0-22000-0-JPNPRMP","country_name":"USA","country_ship":null,"goos_networks":"VOS","ptf_family_name":"Ship Weather Station","country_iso_reporting":"US","country_sensor_provider":null}},{"type":"Feature","geometry":{"type":"Point","coordinates":[-126.8,50.6]},"properties":{"ptf_id":1015129,"ptf_ref":"TDAVKSR","category":"ship_based_meteorological_sot_vos","ptf_model":"GENERIC MANUAL","wigos_ref":"0-22000-0-TDAVKSR","country_name":"USA","country_ship":null,"goos_networks":"VOS","ptf_family_name":"Ship Weather Station","country_iso_reporting":"US","country_sensor_provider":null}},{"type":"Feature","geometry":{"type":"Point","coordinates":[-166.6,53.8]},"properties":{"ptf_id":1015131,"ptf_ref":"BMC5FFA","category":"ship_based_meteorological_sot_vos","ptf_model":"TURBOWIN","wigos_ref":"0-22000-0-BMC5FFA","country_name":"USA","country_ship":null,"goos_networks":"VOS","ptf_family_name":"Ship Weather Station","country_iso_reporting":"US","country_sensor_provider":null}},{"type":"Feature","geometry":{"type":"Point","coordinates":[-61.4,45.6]},"properties":{"ptf_id":1015141,"ptf_ref":"QUFTDWQ","category":"ship_based_meteorological_sot_vos","ptf_model":"DMAWDS","wigos_ref":"0-22000-0-QUFTDWQ","country_name":"USA","country_ship":null,"goos_networks":"VOS","ptf_family_name":"Ship Weather Station","country_iso_reporting":"US","country_sensor_provider":null}},{"type":"Feature","geometry":{"type":"Point","coordinates":[-118.4,32.9]},"properties":{"ptf_id":1015154,"ptf_ref":"ZVWN2DJ","category":"ship_based_meteorological_sot_vos","ptf_model":"GENERIC MANUAL","wigos_ref":"0-22000-0-ZVWN2DJ","country_name":"USA","country_ship":null,"goos_networks":"VOS","ptf_family_name":"Ship Weather Station","country_iso_reporting":"US","country_sensor_provider":null}},{"type":"Feature","geometry":{"type":"Point","coordinates":[120.2,22.5]},"properties":{"ptf_id":1017140,"ptf_ref":"JCP83EY","category":"ship_based_meteorological_sot_vos","ptf_model":"TURBOWIN+ MANUAL","wigos_ref":"0-22000-0-JCP83EY","country_name":"UK","country_ship":null,"goos_networks":"VOS","ptf_family_name":"Ship Weather Station","country_iso_reporting":"GB","country_sensor_provider":null}},{"type":"Feature","geometry":{"type":"Point","coordinates":[51.77,25.9]},"properties":{"ptf_id":1017141,"ptf_ref":"SKQ4L3C","category":"ship_based_meteorological_sot_vos","ptf_model":"TURBOWIN+ MANUAL","wigos_ref":"0-22000-0-SKQ4L3C","country_name":"UK","country_ship":null,"goos_networks":"VOS","ptf_family_name":"Ship Weather Station","country_iso_reporting":"GB","country_sensor_provider":null}},{"type":"Feature","geometry":{"type":"Point","coordinates":[114.43,4.77]},"properties":{"ptf_id":1017143,"ptf_ref":"PSZQ7FX","category":"ship_based_meteorological_sot_vos","ptf_model":"TURBOWIN+ MANUAL","wigos_ref":"0-22000-0-PSZQ7FX","country_name":"UK","country_ship":null,"goos_networks":"VOS","ptf_family_name":"Ship Weather Station","country_iso_reporting":"GB","country_sensor_provider":null}},{"type":"Feature","geometry":{"type":"Point","coordinates":[-6.3,58.2]},"properties":{"ptf_id":1017400,"ptf_ref":"XKH49AJ","category":"ship_based_meteorological_sot_vos","ptf_model":"AMOS2X","wigos_ref":"0-22000-0-XKH49AJ","country_name":"UK","country_ship":null,"goos_networks":"VOS","ptf_family_name":"Ship Weather Station","country_iso_reporting":"GB","country_sensor_provider":null}},{"type":"Feature","geometry":{"type":"Point","coordinates":[-2.8,59]},"properties":{"ptf_id":1017420,"ptf_ref":"WQQ6F5T","category":"ship_based_meteorological_sot_vos","ptf_model":"AMOS2X","wigos_ref":"0-22000-0-WQQ6F5T","country_name":"UK","country_ship":null,"goos_networks":"VOS","ptf_family_name":"Ship Weather Station","country_iso_reporting":"GB","country_sensor_provider":null}},{"type":"Feature","geometry":{"type":"Point","coordinates":[-61.54,16.24]},"properties":{"ptf_id":1017440,"ptf_ref":"JFMUSWQ","category":"ship_based_meteorological_sot_vos","ptf_model":"MERCURY","wigos_ref":"0-22000-0-JFMUSWQ","country_name":"FRANCE","country_ship":null,"goos_networks":"VOS","ptf_family_name":"Ship Weather Station","country_iso_reporting":"FR","country_sensor_provider":null}},{"type":"Feature","geometry":{"type":"Point","coordinates":[-4.25,49.12]},"properties":{"ptf_id":1017441,"ptf_ref":"KNKDRWJ","category":"ship_based_meteorological_sot_vos","ptf_model":"MERCURY","wigos_ref":"0-22000-0-KNKDRWJ","country_name":"FRANCE","country_ship":null,"goos_networks":"VOS","ptf_family_name":"Ship Weather Station","country_iso_reporting":"FR","country_sensor_provider":null}},{"type":"Feature","geometry":{"type":"Point","coordinates":[-149.58,-17.53]},"properties":{"ptf_id":1017442,"ptf_ref":"CPTD9EL","category":"ship_based_meteorological_sot_vos","ptf_model":"MERCURY","wigos_ref":"0-22000-0-CPTD9EL","country_name":"FRANCE","country_ship":null,"goos_networks":"VOS","ptf_family_name":"Ship Weather Station","country_iso_reporting":"FR","country_sensor_provider":null}},{"type":"Feature","geometry":{"type":"Point","coordinates":[166.9,-22.85]},"properties":{"ptf_id":1017461,"ptf_ref":"KXAMR9X","category":"ship_based_meteorological_sot_vos","ptf_model":"MERCURY","wigos_ref":"0-22000-0-KXAMR9X","country_name":"FRANCE","country_ship":null,"goos_networks":"VOS","ptf_family_name":"Ship Weather Station","country_iso_reporting":"FR","country_sensor_provider":null}},{"type":"Feature","geometry":{"type":"Point","coordinates":[-1.9,57.2]},"properties":{"ptf_id":1017482,"ptf_ref":"WWTNLUG","category":"ship_based_meteorological_sot_vos","ptf_model":"AMOS2X","wigos_ref":"0-22000-0-WWTNLUG","country_name":"UK","country_ship":null,"goos_networks":"VOS","ptf_family_name":"Ship Weather Station","country_iso_reporting":"GB","country_sensor_provider":null}},{"type":"Feature","geometry":{"type":"Point","coordinates":[-46.25,-24.22]},"properties":{"ptf_id":1023880,"ptf_ref":"3SPA4AK","category":"ship_based_meteorological_sot_vos","ptf_model":"TURBOWIN+ MANUAL","wigos_ref":"0-22000-0-3SPA4AK","country_name":"UK","country_ship":null,"goos_networks":"VOS","ptf_family_name":"Ship Weather Station","country_iso_reporting":"GB","country_sensor_provider":null}},{"type":"Feature","geometry":{"type":"Point","coordinates":[-141.7,41.4]},"properties":{"ptf_id":1023921,"ptf_ref":"NRVRFBP","category":"ship_based_meteorological_sot_vos","ptf_model":"TURBOWIN","wigos_ref":"0-22000-0-NRVRFBP","country_name":"CHINA","country_ship":null,"goos_networks":"VOS","ptf_family_name":"Ship Weather Station","country_iso_reporting":"CN","country_sensor_provider":null}},{"type":"Feature","geometry":{"type":"Point","coordinates":[-3.3,51.2]},"properties":{"ptf_id":1023940,"ptf_ref":"3TUA2CU","category":"ship_based_meteorological_sot_vos","ptf_model":"AMOS2X","wigos_ref":"0-22000-0-3TUA2CU","country_name":"UK","country_ship":null,"goos_networks":"VOS","ptf_family_name":"Ship Weather Station","country_iso_reporting":"GB","country_sensor_provider":null}},{"type":"Feature","geometry":{"type":"Point","coordinates":[56.7,24.5]},"properties":{"ptf_id":1025438,"ptf_ref":"SCY6TVD","category":"ship_based_meteorological_sot_vos","ptf_model":"TURBOWIN","wigos_ref":"0-22000-0-SCY6TVD","country_name":"UK","country_ship":null,"goos_networks":"VOS","ptf_family_name":"Ship Weather Station","country_iso_reporting":"GB","country_sensor_provider":null}},{"type":"Feature","geometry":{"type":"Point","coordinates":[72,15.2]},"properties":{"ptf_id":1026640,"ptf_ref":"8VCA2LK","category":"ship_based_meteorological_sot_vos","ptf_model":"TURBOWIN","wigos_ref":"0-22000-0-8VCA2LK","country_name":"CHINA","country_ship":null,"goos_networks":"VOS","ptf_family_name":"Ship Weather Station","country_iso_reporting":"CN","country_sensor_provider":null}},{"type":"Feature","geometry":{"type":"Point","coordinates":[-1.5,58.6]},"properties":{"ptf_id":1028192,"ptf_ref":"3VULCYK","category":"ship_based_meteorological_sot_vos","ptf_model":"AMOS2X","wigos_ref":"0-22000-0-3VULCYK","country_name":"UK","country_ship":null,"goos_networks":"VOS","ptf_family_name":"Ship Weather Station","country_iso_reporting":"GB","country_sensor_provider":null}},{"type":"Feature","geometry":{"type":"Point","coordinates":[-1.2,58.7]},"properties":{"ptf_id":1028193,"ptf_ref":"EECHNAZ","category":"ship_based_meteorological_sot_vos","ptf_model":"AMOS2X","wigos_ref":"0-22000-0-EECHNAZ","country_name":"UK","country_ship":null,"goos_networks":"VOS","ptf_family_name":"Ship Weather Station","country_iso_reporting":"GB","country_sensor_provider":null}},{"type":"Feature","geometry":{"type":"Point","coordinates":[-68.51,48.74]},"properties":{"ptf_id":1028195,"ptf_ref":"AST6UGQ","category":"ship_based_meteorological_sot_vos","ptf_model":"METOCEAN DECK DRIFTER","wigos_ref":"0-22000-0-AST6UGQ","country_name":"EUMETNET","country_ship":null,"goos_networks":"VOS","ptf_family_name":"Ship Weather Station","country_iso_reporting":"EU","country_sensor_provider":null}},{"type":"Feature","geometry":{"type":"Point","coordinates":[25.1,36.8]},"properties":{"ptf_id":1028780,"ptf_ref":"JFZNMUJ","category":"ship_based_meteorological_sot_vos","ptf_model":"AMOS2X","wigos_ref":"0-22000-0-JFZNMUJ","country_name":"UK","country_ship":null,"goos_networks":"VOS","ptf_family_name":"Ship Weather Station","country_iso_reporting":"GB","country_sensor_provider":null}},{"type":"Feature","geometry":{"type":"Point","coordinates":[-148.15,39.07]},"properties":{"ptf_id":1029045,"ptf_ref":"CJQV3MY","category":"ship_based_meteorological_sot_vos","ptf_model":"TURBOWIN+ MANUAL","wigos_ref":"0-22000-0-CJQV3MY","country_name":"UK","country_ship":null,"goos_networks":"VOS","ptf_family_name":"Ship Weather Station","country_iso_reporting":"GB","country_sensor_provider":null}},{"type":"Feature","geometry":{"type":"Point","coordinates":[153.1,-18.9]},"properties":{"ptf_id":1029260,"ptf_ref":"3XCGEYH","category":"ship_based_meteorological_sot_vos","ptf_model":"TURBOWIN+ MANUAL","wigos_ref":"0-22000-0-3XCGEYH","country_name":"AUSTRALIA","country_ship":null,"goos_networks":"VOS","ptf_family_name":"Ship Weather Station","country_iso_reporting":"AU","country_sensor_provider":null}},{"type":"Feature","geometry":{"type":"Point","coordinates":[-114.3,25.1]},"properties":{"ptf_id":1029909,"ptf_ref":"2PP3NJC","category":"ship_based_meteorological_sot_vos","ptf_model":"TURBOWIN","wigos_ref":"0-22000-0-2PP3NJC","country_name":"CHINA","country_ship":null,"goos_networks":"VOS","ptf_family_name":"Ship Weather Station","country_iso_reporting":"CN","country_sensor_provider":null}},{"type":"Feature","geometry":{"type":"Point","coordinates":[149.8,-37.9]},"properties":{"ptf_id":1098147,"ptf_ref":"3ADH3DJ","category":"ship_based_meteorological_sot_vos","ptf_model":"TURBOWIN+ MANUAL","wigos_ref":"0-22000-0-3ADH3DJ","country_name":"GERMANY","country_ship":null,"goos_networks":"VOS","ptf_family_name":"Ship Weather Station","country_iso_reporting":"DE","country_sensor_provider":null}},{"type":"Feature","geometry":{"type":"Point","coordinates":[-12.1,48.2]},"properties":{"ptf_id":1098148,"ptf_ref":"FNHRXDE","category":"ship_based_meteorological_sot_vos","ptf_model":"TURBOWIN+ MANUAL","wigos_ref":"0-22000-0-FNHRXDE","country_name":"GERMANY","country_ship":null,"goos_networks":"VOS","ptf_family_name":"Ship Weather Station","country_iso_reporting":"DE","country_sensor_provider":null}},{"type":"Feature","geometry":{"type":"Point","coordinates":[-89.2,48.4]},"properties":{"ptf_id":1098640,"ptf_ref":"3WEALPF","category":"ship_based_meteorological_sot_vos","ptf_model":"GENERIC MANUAL","wigos_ref":"0-22000-0-3WEALPF","country_name":"USA","country_ship":null,"goos_networks":"VOS","ptf_family_name":"Ship Weather Station","country_iso_reporting":"US","country_sensor_provider":null}},{"type":"Feature","geometry":{"type":"Point","coordinates":[-82.3,24.2]},"properties":{"ptf_id":1098641,"ptf_ref":"PESPCLG","category":"ship_based_meteorological_sot_vos","ptf_model":"GENERIC MANUAL","wigos_ref":"0-22000-0-PESPCLG","country_name":"USA","country_ship":null,"goos_networks":"VOS","ptf_family_name":"Ship Weather Station","country_iso_reporting":"US","country_sensor_provider":null}},{"type":"Feature","geometry":{"type":"Point","coordinates":[-132.5,55.9]},"properties":{"ptf_id":1098643,"ptf_ref":"QJLAWGM","category":"ship_based_meteorological_sot_vos","ptf_model":"TURBOWIN","wigos_ref":"0-22000-0-QJLAWGM","country_name":"USA","country_ship":null,"goos_networks":"VOS","ptf_family_name":"Ship Weather Station","country_iso_reporting":"US","country_sensor_provider":null}},{"type":"Feature","geometry":{"type":"Point","coordinates":[-7.7,46]},"properties":{"ptf_id":1192577,"ptf_ref":"3WH466J","category":"ship_based_meteorological_sot_vos","ptf_model":"TURBOWIN+ MANUAL","wigos_ref":"0-22000-0-3WH466J","country_name":"GERMANY","country_ship":null,"goos_networks":"VOS","ptf_family_name":"Ship Weather Station","country_iso_reporting":"DE","country_sensor_provider":null}},{"type":"Feature","geometry":{"type":"Point","coordinates":[-9.8,40]},"properties":{"ptf_id":1100035,"ptf_ref":"6CV53CK","category":"ship_based_meteorological_sot_vos","ptf_model":"TURBOWIN+ MANUAL","wigos_ref":"0-22000-0-6CV53CK","country_name":"AUSTRALIA","country_ship":null,"goos_networks":"VOS","ptf_family_name":"Ship Weather Station","country_iso_reporting":"AU","country_sensor_provider":null}},{"type":"Feature","geometry":{"type":"Point","coordinates":[36.9,24]},"properties":{"ptf_id":1100229,"ptf_ref":"4SYY57Q","category":"ship_based_meteorological_sot_vos","ptf_model":"TURBOWIN","wigos_ref":"0-22000-0-4SYY57Q","country_name":"AUSTRALIA","country_ship":null,"goos_networks":"VOS","ptf_family_name":"Ship Weather Station","country_iso_reporting":"AU","country_sensor_provider":null}},{"type":"Feature","geometry":{"type":"Point","coordinates":[-71.4,23.2]},"properties":{"ptf_id":1100375,"ptf_ref":"XMD7RGF","category":"ship_based_meteorological_sot_vos","ptf_model":"AVOS","wigos_ref":"0-22000-0-XMD7RGF","country_name":"CANADA","country_ship":null,"goos_networks":"VOS","ptf_family_name":"Ship Weather Station","country_iso_reporting":"CA","country_sensor_provider":null}},{"type":"Feature","geometry":{"type":"Point","coordinates":[143.8,37.7]},"properties":{"ptf_id":1100379,"ptf_ref":"UWBR5ZS","category":"ship_based_meteorological_sot_vos","ptf_model":"AVOS","wigos_ref":"0-22000-0-UWBR5ZS","country_name":"CANADA","country_ship":null,"goos_networks":"VOS","ptf_family_name":"Ship Weather Station","country_iso_reporting":"CA","country_sensor_provider":null}},{"type":"Feature","geometry":{"type":"Point","coordinates":[-53.1,47.3]},"properties":{"ptf_id":1100495,"ptf_ref":"6AK8NVU","category":"ship_based_meteorological_sot_vos","ptf_model":"AVOS","wigos_ref":"0-22000-0-6AK8NVU","country_name":"CANADA","country_ship":null,"goos_networks":"VOS","ptf_family_name":"Ship Weather Station","country_iso_reporting":"CA","country_sensor_provider":null}},{"type":"Feature","geometry":{"type":"Point","coordinates":[-120.7,61.7]},"properties":{"ptf_id":1100501,"ptf_ref":"USFAPDJ","category":"ship_based_meteorological_sot_vos","ptf_model":"AVOS","wigos_ref":"0-22000-0-USFAPDJ","country_name":"CANADA","country_ship":null,"goos_networks":"VOS","ptf_family_name":"Ship Weather Station","country_iso_reporting":"CA","country_sensor_provider":null}},{"type":"Feature","geometry":{"type":"Point","coordinates":[-129.4,50.9]},"properties":{"ptf_id":1100505,"ptf_ref":"VCHQSQP","category":"ship_based_meteorological_sot_vos","ptf_model":"AVOS","wigos_ref":"0-22000-0-VCHQSQP","country_name":"CANADA","country_ship":null,"goos_networks":"VOS","ptf_family_name":"Ship Weather Station","country_iso_reporting":"CA","country_sensor_provider":null}},{"type":"Feature","geometry":{"type":"Point","coordinates":[-93.6,75.4]},"properties":{"ptf_id":1100520,"ptf_ref":"2CXJVYJ","category":"ship_based_meteorological_sot_vos","ptf_model":"AVOS","wigos_ref":"0-22000-0-2CXJVYJ","country_name":"CANADA","country_ship":null,"goos_networks":"VOS","ptf_family_name":"Ship Weather Station","country_iso_reporting":"CA","country_sensor_provider":null}},{"type":"Feature","geometry":{"type":"Point","coordinates":[-105,69.1]},"properties":{"ptf_id":1100523,"ptf_ref":"ZTNDLFM","category":"ship_based_meteorological_sot_vos","ptf_model":"AVOS","wigos_ref":"0-22000-0-ZTNDLFM","country_name":"CANADA","country_ship":null,"goos_networks":"VOS","ptf_family_name":"Ship Weather Station","country_iso_reporting":"CA","country_sensor_provider":null}},{"type":"Feature","geometry":{"type":"Point","coordinates":[-52.7,47.5]},"properties":{"ptf_id":1100527,"ptf_ref":"YBVEWGM","category":"ship_based_meteorological_sot_vos","ptf_model":"AVOS","wigos_ref":"0-22000-0-YBVEWGM","country_name":"CANADA","country_ship":null,"goos_networks":"VOS","ptf_family_name":"Ship Weather Station","country_iso_reporting":"CA","country_sensor_provider":null}},{"type":"Feature","geometry":{"type":"Point","coordinates":[-63.6,44.6]},"properties":{"ptf_id":1100532,"ptf_ref":"GYJN8YD","category":"ship_based_meteorological_sot_vos","ptf_model":"AVOS","wigos_ref":"0-22000-0-GYJN8YD","country_name":"CANADA","country_ship":null,"goos_networks":"VOS","ptf_family_name":"Ship Weather Station","country_iso_reporting":"CA","country_sensor_provider":null}},{"type":"Feature","geometry":{"type":"Point","coordinates":[-132.9,69.4]},"properties":{"ptf_id":1100535,"ptf_ref":"7SXVXXY","category":"ship_based_meteorological_sot_vos","ptf_model":"AVOS","wigos_ref":"0-22000-0-7SXVXXY","country_name":"CANADA","country_ship":null,"goos_networks":"VOS","ptf_family_name":"Ship Weather Station","country_iso_reporting":"CA","country_sensor_provider":null}},{"type":"Feature","geometry":{"type":"Point","coordinates":[-98.5,53]},"properties":{"ptf_id":1100539,"ptf_ref":"YRQAXKE","category":"ship_based_meteorological_sot_vos","ptf_model":"AVOS","wigos_ref":"0-22000-0-YRQAXKE","country_name":"CANADA","country_ship":null,"goos_networks":"VOS","ptf_family_name":"Ship Weather Station","country_iso_reporting":"CA","country_sensor_provider":null}},{"type":"Feature","geometry":{"type":"Point","coordinates":[-61.2,50.1]},"properties":{"ptf_id":1100540,"ptf_ref":"9BEUB6Y","category":"ship_based_meteorological_sot_vos","ptf_model":"AVOS","wigos_ref":"0-22000-0-9BEUB6Y","country_name":"CANADA","country_ship":null,"goos_networks":"VOS","ptf_family_name":"Ship Weather Station","country_iso_reporting":"CA","country_sensor_provider":null}},{"type":"Feature","geometry":{"type":"Point","coordinates":[-63.5,44.6]},"properties":{"ptf_id":1100560,"ptf_ref":"2QDZMLH","category":"ship_based_meteorological_sot_vos","ptf_model":"AVOS","wigos_ref":"0-22000-0-2QDZMLH","country_name":"CANADA","country_ship":null,"goos_networks":"VOS","ptf_family_name":"Ship Weather Station","country_iso_reporting":"CA","country_sensor_provider":null}},{"type":"Feature","geometry":{"type":"Point","coordinates":[-52.7,47.5]},"properties":{"ptf_id":1100562,"ptf_ref":"KYGEJUP","category":"ship_based_meteorological_sot_vos","ptf_model":"AVOS","wigos_ref":"0-22000-0-KYGEJUP","country_name":"CANADA","country_ship":null,"goos_networks":"VOS","ptf_family_name":"Ship Weather Station","country_iso_reporting":"CA","country_sensor_provider":null}},{"type":"Feature","geometry":{"type":"Point","coordinates":[-113.3,68.2]},"properties":{"ptf_id":1100565,"ptf_ref":"6WUKLPV","category":"ship_based_meteorological_sot_vos","ptf_model":"AVOS","wigos_ref":"0-22000-0-6WUKLPV","country_name":"CANADA","country_ship":null,"goos_networks":"VOS","ptf_family_name":"Ship Weather Station","country_iso_reporting":"CA","country_sensor_provider":null}},{"type":"Feature","geometry":{"type":"Point","coordinates":[-63.6,44.6]},"properties":{"ptf_id":1100568,"ptf_ref":"BAY6U5W","category":"ship_based_meteorological_sot_vos","ptf_model":"AVOS","wigos_ref":"0-22000-0-BAY6U5W","country_name":"CANADA","country_ship":null,"goos_networks":"VOS","ptf_family_name":"Ship Weather Station","country_iso_reporting":"CA","country_sensor_provider":null}},{"type":"Feature","geometry":{"type":"Point","coordinates":[-71.2,46.8]},"properties":{"ptf_id":1100571,"ptf_ref":"8VEUMXY","category":"ship_based_meteorological_sot_vos","ptf_model":"AVOS","wigos_ref":"0-22000-0-8VEUMXY","country_name":"CANADA","country_ship":null,"goos_networks":"VOS","ptf_family_name":"Ship Weather Station","country_iso_reporting":"CA","country_sensor_provider":null}},{"type":"Feature","geometry":{"type":"Point","coordinates":[-63.6,44.6]},"properties":{"ptf_id":1100579,"ptf_ref":"SDTNUWW","category":"ship_based_meteorological_sot_vos","ptf_model":"AVOS","wigos_ref":"0-22000-0-SDTNUWW","country_name":"CANADA","country_ship":null,"goos_networks":"VOS","ptf_family_name":"Ship Weather Station","country_iso_reporting":"CA","country_sensor_provider":null}},{"type":"Feature","geometry":{"type":"Point","coordinates":[-127.3,50.7]},"properties":{"ptf_id":1100585,"ptf_ref":"HUGT78Q","category":"ship_based_meteorological_sot_vos","ptf_model":"AVOS","wigos_ref":"0-22000-0-HUGT78Q","country_name":"CANADA","country_ship":null,"goos_networks":"VOS","ptf_family_name":"Ship Weather Station","country_iso_reporting":"CA","country_sensor_provider":null}},{"type":"Feature","geometry":{"type":"Point","coordinates":[-128.9,53]},"properties":{"ptf_id":1100586,"ptf_ref":"2AZY7HU","category":"ship_based_meteorological_sot_vos","ptf_model":"AVOS","wigos_ref":"0-22000-0-2AZY7HU","country_name":"CANADA","country_ship":null,"goos_networks":"VOS","ptf_family_name":"Ship Weather Station","country_iso_reporting":"CA","country_sensor_provider":null}},{"type":"Feature","geometry":{"type":"Point","coordinates":[-71.2,46.8]},"properties":{"ptf_id":1100593,"ptf_ref":"HCW6ZCH","category":"ship_based_meteorological_sot_vos","ptf_model":"AVOS","wigos_ref":"0-22000-0-HCW6ZCH","country_name":"CANADA","country_ship":null,"goos_networks":"VOS","ptf_family_name":"Ship Weather Station","country_iso_reporting":"CA","country_sensor_provider":null}},{"type":"Feature","geometry":{"type":"Point","coordinates":[-53,47.5]},"properties":{"ptf_id":1100597,"ptf_ref":"ZJMN7RS","category":"ship_based_meteorological_sot_vos","ptf_model":"AVOS","wigos_ref":"0-22000-0-ZJMN7RS","country_name":"CANADA","country_ship":null,"goos_networks":"VOS","ptf_family_name":"Ship Weather Station","country_iso_reporting":"CA","country_sensor_provider":null}},{"type":"Feature","geometry":{"type":"Point","coordinates":[-59.8,46.5]},"properties":{"ptf_id":1100613,"ptf_ref":"QCQAY5M","category":"ship_based_meteorological_sot_vos","ptf_model":"AVOS","wigos_ref":"0-22000-0-QCQAY5M","country_name":"CANADA","country_ship":null,"goos_networks":"VOS","ptf_family_name":"Ship Weather Station","country_iso_reporting":"CA","country_sensor_provider":null}},{"type":"Feature","geometry":{"type":"Point","coordinates":[-57.4,46.9]},"properties":{"ptf_id":1100621,"ptf_ref":"4QUWBFR","category":"ship_based_meteorological_sot_vos","ptf_model":"AVOS","wigos_ref":"0-22000-0-4QUWBFR","country_name":"CANADA","country_ship":null,"goos_networks":"VOS","ptf_family_name":"Ship Weather Station","country_iso_reporting":"CA","country_sensor_provider":null}},{"type":"Feature","geometry":{"type":"Point","coordinates":[-3.6,36.1]},"properties":{"ptf_id":1104763,"ptf_ref":"MJC95XP","category":"ship_based_meteorological_sot_vos","ptf_model":"TURBOWIN","wigos_ref":"0-22000-0-MJC95XP","country_name":"USA","country_ship":null,"goos_networks":"VOS","ptf_family_name":"Ship Weather Station","country_iso_reporting":"US","country_sensor_provider":null}},{"type":"Feature","geometry":{"type":"Point","coordinates":[3.6,53.3]},"properties":{"ptf_id":1104820,"ptf_ref":"YDSFN7E","category":"ship_based_meteorological_sot_vos","ptf_model":"GENERIC MANUAL","wigos_ref":"0-22000-0-YDSFN7E","country_name":"USA","country_ship":null,"goos_networks":"VOS","ptf_family_name":"Ship Weather Station","country_iso_reporting":"US","country_sensor_provider":null}},{"type":"Feature","geometry":{"type":"Point","coordinates":[-85.8,8.9]},"properties":{"ptf_id":1104825,"ptf_ref":"7QEV55E","category":"ship_based_meteorological_sot_vos","ptf_model":"TURBOWIN","wigos_ref":"0-22000-0-7QEV55E","country_name":"USA","country_ship":null,"goos_networks":"VOS","ptf_family_name":"Ship Weather Station","country_iso_reporting":"US","country_sensor_provider":null}},{"type":"Feature","geometry":{"type":"Point","coordinates":[125.3,30.4]},"properties":{"ptf_id":1104873,"ptf_ref":"HTJ9JGU","category":"ship_based_meteorological_sot_vos","ptf_model":"TURBOWIN+ MANUAL","wigos_ref":"0-22000-0-HTJ9JGU","country_name":"USA","country_ship":null,"goos_networks":"VOS","ptf_family_name":"Ship Weather Station","country_iso_reporting":"US","country_sensor_provider":null}},{"type":"Feature","geometry":{"type":"Point","coordinates":[123.9,18.4]},"properties":{"ptf_id":1104877,"ptf_ref":"QHZBL8U","category":"ship_based_meteorological_sot_vos","ptf_model":"GENERIC MANUAL","wigos_ref":"0-22000-0-QHZBL8U","country_name":"USA","country_ship":null,"goos_networks":"VOS","ptf_family_name":"Ship Weather Station","country_iso_reporting":"US","country_sensor_provider":null}},{"type":"Feature","geometry":{"type":"Point","coordinates":[-90.3,9.1]},"properties":{"ptf_id":1104878,"ptf_ref":"LQCXNGP","category":"ship_based_meteorological_sot_vos","ptf_model":"TURBOWIN","wigos_ref":"0-22000-0-LQCXNGP","country_name":"USA","country_ship":null,"goos_networks":"VOS","ptf_family_name":"Ship Weather Station","country_iso_reporting":"US","country_sensor_provider":null}},{"type":"Feature","geometry":{"type":"Point","coordinates":[101.5,2.5]},"properties":{"ptf_id":1104926,"ptf_ref":"SKRFVLE","category":"ship_based_meteorological_sot_vos","ptf_model":"TURBOWIN","wigos_ref":"0-22000-0-SKRFVLE","country_name":"USA","country_ship":null,"goos_networks":"VOS","ptf_family_name":"Ship Weather Station","country_iso_reporting":"US","country_sensor_provider":null}},{"type":"Feature","geometry":{"type":"Point","coordinates":[151.3,46.8]},"properties":{"ptf_id":1104929,"ptf_ref":"WHEDTRW","category":"ship_based_meteorological_sot_vos","ptf_model":"GENERIC MANUAL","wigos_ref":"0-22000-0-WHEDTRW","country_name":"USA","country_ship":null,"goos_networks":"VOS","ptf_family_name":"Ship Weather Station","country_iso_reporting":"US","country_sensor_provider":null}},{"type":"Feature","geometry":{"type":"Point","coordinates":[-123.3,49.3]},"properties":{"ptf_id":1104962,"ptf_ref":"HPU5YDM","category":"ship_based_meteorological_sot_vos","ptf_model":"TURBOWIN","wigos_ref":"0-22000-0-HPU5YDM","country_name":"USA","country_ship":null,"goos_networks":"VOS","ptf_family_name":"Ship Weather Station","country_iso_reporting":"US","country_sensor_provider":null}},{"type":"Feature","geometry":{"type":"Point","coordinates":[-80.1,27.9]},"properties":{"ptf_id":1105077,"ptf_ref":"KZCVCZW","category":"ship_based_meteorological_sot_vos","ptf_model":"GENERIC MANUAL","wigos_ref":"0-22000-0-KZCVCZW","country_name":"USA","country_ship":null,"goos_networks":"VOS","ptf_family_name":"Ship Weather Station","country_iso_reporting":"US","country_sensor_provider":null}},{"type":"Feature","geometry":{"type":"Point","coordinates":[-95,29.6]},"properties":{"ptf_id":1105213,"ptf_ref":"TLMMDGU","category":"ship_based_meteorological_sot_vos","ptf_model":"TURBOWIN+ AUTO","wigos_ref":"0-22000-0-TLMMDGU","country_name":"USA","country_ship":null,"goos_networks":"VOS","ptf_family_name":"Ship Weather Station","country_iso_reporting":"US","country_sensor_provider":null}},{"type":"Feature","geometry":{"type":"Point","coordinates":[100.8,8.6]},"properties":{"ptf_id":1106897,"ptf_ref":"9QLJ93G","category":"ship_based_meteorological_sot_vos","ptf_model":"TURBOWIN+ MANUAL","wigos_ref":"0-22000-0-9QLJ93G","country_name":"UK","country_ship":null,"goos_networks":"VOS","ptf_family_name":"Ship Weather Station","country_iso_reporting":"GB","country_sensor_provider":null}},{"type":"Feature","geometry":{"type":"Point","coordinates":[-65.28,49.78]},"properties":{"ptf_id":1112216,"ptf_ref":"YWG5SAU","category":"ship_based_meteorological_sot_vos","ptf_model":"EUCAWS/NEPTUNE","wigos_ref":"0-22000-0-YWG5SAU","country_name":"GERMANY","country_ship":null,"goos_networks":"VOS","ptf_family_name":"Ship Weather Station","country_iso_reporting":"DE","country_sensor_provider":null}},{"type":"Feature","geometry":{"type":"Point","coordinates":[-1,45.6]},"properties":{"ptf_id":1112260,"ptf_ref":"VYDDKYM","category":"ship_based_meteorological_sot_vos","ptf_model":"MERCURY","wigos_ref":"0-22000-0-VYDDKYM","country_name":"FRANCE","country_ship":null,"goos_networks":"VOS","ptf_family_name":"Ship Weather Station","country_iso_reporting":"FR","country_sensor_provider":null}},{"type":"Feature","geometry":{"type":"Point","coordinates":[114.1,21.5]},"properties":{"ptf_id":1112488,"ptf_ref":"JRPVTNT","category":"ship_based_meteorological_sot_vos","ptf_model":"TURBOWIN","wigos_ref":"0-22000-0-JRPVTNT","country_name":"CHINA","country_ship":null,"goos_networks":"VOS","ptf_family_name":"Ship Weather Station","country_iso_reporting":"CN","country_sensor_provider":null}},{"type":"Feature","geometry":{"type":"Point","coordinates":[129.2,33.8]},"properties":{"ptf_id":1112499,"ptf_ref":"VJTQP2V","category":"ship_based_meteorological_sot_vos","ptf_model":"TURBOWIN","wigos_ref":"0-22000-0-VJTQP2V","country_name":"CHINA","country_ship":null,"goos_networks":"VOS","ptf_family_name":"Ship Weather Station","country_iso_reporting":"CN","country_sensor_provider":null}},{"type":"Feature","geometry":{"type":"Point","coordinates":[116.2,20.6]},"properties":{"ptf_id":1112500,"ptf_ref":"XDBF9WB","category":"ship_based_meteorological_sot_vos","ptf_model":"TURBOWIN","wigos_ref":"0-22000-0-XDBF9WB","country_name":"CHINA","country_ship":null,"goos_networks":"VOS","ptf_family_name":"Ship Weather Station","country_iso_reporting":"CN","country_sensor_provider":null}},{"type":"Feature","geometry":{"type":"Point","coordinates":[-171.6,23.6]},"properties":{"ptf_id":1112504,"ptf_ref":"KMUTD7F","category":"ship_based_meteorological_sot_vos","ptf_model":"GENERIC MANUAL","wigos_ref":"0-22000-0-KMUTD7F","country_name":"JAPAN","country_ship":null,"goos_networks":"VOS","ptf_family_name":"Ship Weather Station","country_iso_reporting":"JP","country_sensor_provider":null}},{"type":"Feature","geometry":{"type":"Point","coordinates":[131.7,18.8]},"properties":{"ptf_id":1112508,"ptf_ref":"3CE5J9B","category":"ship_based_meteorological_sot_vos","ptf_model":"TURBOWIN+ MANUAL","wigos_ref":"0-22000-0-3CE5J9B","country_name":"JAPAN","country_ship":null,"goos_networks":"VOS","ptf_family_name":"Ship Weather Station","country_iso_reporting":"JP","country_sensor_provider":null}},{"type":"Feature","geometry":{"type":"Point","coordinates":[61.5,22]},"properties":{"ptf_id":1112510,"ptf_ref":"3MPQHZZ","category":"ship_based_meteorological_sot_vos","ptf_model":"TURBOWIN+ MANUAL","wigos_ref":"0-22000-0-3MPQHZZ","country_name":"JAPAN","country_ship":null,"goos_networks":"VOS","ptf_family_name":"Ship Weather Station","country_iso_reporting":"JP","country_sensor_provider":null}},{"type":"Feature","geometry":{"type":"Point","coordinates":[115.7,15]},"properties":{"ptf_id":1112512,"ptf_ref":"BHSVYWP","category":"ship_based_meteorological_sot_vos","ptf_model":"TURBOWIN+ MANUAL","wigos_ref":"0-22000-0-BHSVYWP","country_name":"JAPAN","country_ship":null,"goos_networks":"VOS","ptf_family_name":"Ship Weather Station","country_iso_reporting":"JP","country_sensor_provider":null}},{"type":"Feature","geometry":{"type":"Point","coordinates":[145.2,10.2]},"properties":{"ptf_id":1112515,"ptf_ref":"8SX224W","category":"ship_based_meteorological_sot_vos","ptf_model":"TURBOWIN","wigos_ref":"0-22000-0-8SX224W","country_name":"JAPAN","country_ship":null,"goos_networks":"VOS","ptf_family_name":"Ship Weather Station","country_iso_reporting":"JP","country_sensor_provider":null}},{"type":"Feature","geometry":{"type":"Point","coordinates":[136.9,33.8]},"properties":{"ptf_id":1112534,"ptf_ref":"NVFJEAV","category":"ship_based_meteorological_sot_vos","ptf_model":"TURBOWIN+ MANUAL","wigos_ref":"0-22000-0-NVFJEAV","country_name":"JAPAN","country_ship":null,"goos_networks":"VOS","ptf_family_name":"Ship Weather Station","country_iso_reporting":"JP","country_sensor_provider":null}},{"type":"Feature","geometry":{"type":"Point","coordinates":[147.3,-5.2]},"properties":{"ptf_id":1112536,"ptf_ref":"HGQ5DYM","category":"ship_based_meteorological_sot_vos","ptf_model":"TURBOWIN+ MANUAL","wigos_ref":"0-22000-0-HGQ5DYM","country_name":"JAPAN","country_ship":null,"goos_networks":"VOS","ptf_family_name":"Ship Weather Station","country_iso_reporting":"JP","country_sensor_provider":null}},{"type":"Feature","geometry":{"type":"Point","coordinates":[8.09,66.03]},"properties":{"ptf_id":1112545,"ptf_ref":"VNQTB8V","category":"ship_based_meteorological_sot_vos","ptf_model":"MIROS","wigos_ref":"0-22000-0-VNQTB8V","country_name":"NORWAY","country_ship":null,"goos_networks":"VOS","ptf_family_name":"Ship Weather Station","country_iso_reporting":"NO","country_sensor_provider":null}},{"type":"Feature","geometry":{"type":"Point","coordinates":[-156.1,45.2]},"properties":{"ptf_id":1112559,"ptf_ref":"WGM7JGJ","category":"ship_based_meteorological_sot_vos","ptf_model":"TURBOWIN","wigos_ref":"0-22000-0-WGM7JGJ","country_name":"USA","country_ship":null,"goos_networks":"VOS","ptf_family_name":"Ship Weather Station","country_iso_reporting":"US","country_sensor_provider":null}},{"type":"Feature","geometry":{"type":"Point","coordinates":[-135,58.2]},"properties":{"ptf_id":1112587,"ptf_ref":"6VN7DSN","category":"ship_based_meteorological_sot_vos","ptf_model":"TURBOWIN","wigos_ref":"0-22000-0-6VN7DSN","country_name":"USA","country_ship":null,"goos_networks":"VOS","ptf_family_name":"Ship Weather Station","country_iso_reporting":"US","country_sensor_provider":null}},{"type":"Feature","geometry":{"type":"Point","coordinates":[140.1,34.8]},"properties":{"ptf_id":1112588,"ptf_ref":"WYYMRKH","category":"ship_based_meteorological_sot_vos","ptf_model":"TURBOWIN","wigos_ref":"0-22000-0-WYYMRKH","country_name":"USA","country_ship":null,"goos_networks":"VOS","ptf_family_name":"Ship Weather Station","country_iso_reporting":"US","country_sensor_provider":null}},{"type":"Feature","geometry":{"type":"Point","coordinates":[70.5,-13.5]},"properties":{"ptf_id":1112597,"ptf_ref":"UVQVMFS","category":"ship_based_meteorological_sot_vos","ptf_model":"AMVERS/SEAS","wigos_ref":"0-22000-0-UVQVMFS","country_name":"USA","country_ship":null,"goos_networks":"VOS","ptf_family_name":"Ship Weather Station","country_iso_reporting":"US","country_sensor_provider":null}},{"type":"Feature","geometry":{"type":"Point","coordinates":[-136.5,48.8]},"properties":{"ptf_id":1112604,"ptf_ref":"7UC984N","category":"ship_based_meteorological_sot_vos","ptf_model":"GENERIC MANUAL","wigos_ref":"0-22000-0-7UC984N","country_name":"USA","country_ship":null,"goos_networks":"VOS","ptf_family_name":"Ship Weather Station","country_iso_reporting":"US","country_sensor_provider":null}},{"type":"Feature","geometry":{"type":"Point","coordinates":[173.5,51.6]},"properties":{"ptf_id":1112893,"ptf_ref":"PRNWGLT","category":"ship_based_meteorological_sot_vos","ptf_model":"GENERIC MANUAL","wigos_ref":"0-22000-0-PRNWGLT","country_name":"USA","country_ship":null,"goos_networks":"VOS","ptf_family_name":"Ship Weather Station","country_iso_reporting":"US","country_sensor_provider":null}},{"type":"Feature","geometry":{"type":"Point","coordinates":[-78.9,26.1]},"properties":{"ptf_id":1112909,"ptf_ref":"UDCAFRU","category":"ship_based_meteorological_sot_vos","ptf_model":"TURBOWIN","wigos_ref":"0-22000-0-UDCAFRU","country_name":"USA","country_ship":null,"goos_networks":"VOS","ptf_family_name":"Ship Weather Station","country_iso_reporting":"US","country_sensor_provider":null}},{"type":"Feature","geometry":{"type":"Point","coordinates":[137.9,39.8]},"properties":{"ptf_id":1113275,"ptf_ref":"HQKXXBN","category":"ship_based_meteorological_sot_vos","ptf_model":"TURBOWIN","wigos_ref":"0-22000-0-HQKXXBN","country_name":"USA","country_ship":null,"goos_networks":"VOS","ptf_family_name":"Ship Weather Station","country_iso_reporting":"US","country_sensor_provider":null}},{"type":"Feature","geometry":{"type":"Point","coordinates":[15.39,80.04]},"properties":{"ptf_id":1113382,"ptf_ref":"PGMAV4G","category":"ship_based_meteorological_sot_vos","ptf_model":"MERCURY","wigos_ref":"0-22000-0-PGMAV4G","country_name":"FRANCE","country_ship":null,"goos_networks":"VOS","ptf_family_name":"Ship Weather Station","country_iso_reporting":"FR","country_sensor_provider":null}},{"type":"Feature","geometry":{"type":"Point","coordinates":[-146.6,60.6]},"properties":{"ptf_id":1114232,"ptf_ref":"RYVPNUT","category":"ship_based_meteorological_sot_vos","ptf_model":"GENERIC MANUAL","wigos_ref":"0-22000-0-RYVPNUT","country_name":"USA","country_ship":null,"goos_networks":"VOS","ptf_family_name":"Ship Weather Station","country_iso_reporting":"US","country_sensor_provider":null}},{"type":"Feature","geometry":{"type":"Point","coordinates":[-151.4,59.6]},"properties":{"ptf_id":1114234,"ptf_ref":"MBA4XBT","category":"ship_based_meteorological_sot_vos","ptf_model":"GENERIC MANUAL","wigos_ref":"0-22000-0-MBA4XBT","country_name":"USA","country_ship":null,"goos_networks":"VOS","ptf_family_name":"Ship Weather Station","country_iso_reporting":"US","country_sensor_provider":null}},{"type":"Feature","geometry":{"type":"Point","coordinates":[-28.3,57.8]},"properties":{"ptf_id":1114252,"ptf_ref":"2PARHQU","category":"ship_based_meteorological_sot_vos","ptf_model":"GENERIC MANUAL","wigos_ref":"0-22000-0-2PARHQU","country_name":"USA","country_ship":null,"goos_networks":"VOS","ptf_family_name":"Ship Weather Station","country_iso_reporting":"US","country_sensor_provider":null}},{"type":"Feature","geometry":{"type":"Point","coordinates":[-137.8,58.6]},"properties":{"ptf_id":1114254,"ptf_ref":"RPW3SWU","category":"ship_based_meteorological_sot_vos","ptf_model":"GENERIC MANUAL","wigos_ref":"0-22000-0-RPW3SWU","country_name":"USA","country_ship":null,"goos_networks":"VOS","ptf_family_name":"Ship Weather Station","country_iso_reporting":"US","country_sensor_provider":null}},{"type":"Feature","geometry":{"type":"Point","coordinates":[-123.8,49.1]},"properties":{"ptf_id":1114261,"ptf_ref":"6NUGAAR","category":"ship_based_meteorological_sot_vos","ptf_model":"GENERIC MANUAL","wigos_ref":"0-22000-0-6NUGAAR","country_name":"USA","country_ship":null,"goos_networks":"VOS","ptf_family_name":"Ship Weather Station","country_iso_reporting":"US","country_sensor_provider":null}},{"type":"Feature","geometry":{"type":"Point","coordinates":[173.2,-44.2]},"properties":{"ptf_id":1114275,"ptf_ref":"VNMHWHH","category":"ship_based_meteorological_sot_vos","ptf_model":"TURBOWIN+ MANUAL","wigos_ref":"0-22000-0-VNMHWHH","country_name":"GERMANY","country_ship":null,"goos_networks":"VOS","ptf_family_name":"Ship Weather Station","country_iso_reporting":"DE","country_sensor_provider":null}},{"type":"Feature","geometry":{"type":"Point","coordinates":[132.8,2]},"properties":{"ptf_id":1114276,"ptf_ref":"XDBM8CQ","category":"ship_based_meteorological_sot_vos","ptf_model":"TURBOWIN+ MANUAL","wigos_ref":"0-22000-0-XDBM8CQ","country_name":"GERMANY","country_ship":null,"goos_networks":"VOS","ptf_family_name":"Ship Weather Station","country_iso_reporting":"DE","country_sensor_provider":null}},{"type":"Feature","geometry":{"type":"Point","coordinates":[-144.38,41.46]},"properties":{"ptf_id":1114281,"ptf_ref":"QWNB9QF","category":"ship_based_meteorological_sot_vos","ptf_model":"EUCAWS/NEPTUNE","wigos_ref":"0-22000-0-QWNB9QF","country_name":"GERMANY","country_ship":null,"goos_networks":"VOS","ptf_family_name":"Ship Weather Station","country_iso_reporting":"DE","country_sensor_provider":null}},{"type":"Feature","geometry":{"type":"Point","coordinates":[30.6,-30.7]},"properties":{"ptf_id":1114288,"ptf_ref":"MQFQKBM","category":"ship_based_meteorological_sot_vos","ptf_model":"TURBOWIN+ MANUAL","wigos_ref":"0-22000-0-MQFQKBM","country_name":"GERMANY","country_ship":null,"goos_networks":"VOS","ptf_family_name":"Ship Weather Station","country_iso_reporting":"DE","country_sensor_provider":null}},{"type":"Feature","geometry":{"type":"Point","coordinates":[-121.5,28.3]},"properties":{"ptf_id":1114300,"ptf_ref":"GRTSVMU","category":"ship_based_meteorological_sot_vos","ptf_model":"TURBOWIN","wigos_ref":"0-22000-0-GRTSVMU","country_name":"USA","country_ship":null,"goos_networks":"VOS","ptf_family_name":"Ship Weather Station","country_iso_reporting":"US","country_sensor_provider":null}},{"type":"Feature","geometry":{"type":"Point","coordinates":[-164.2,67.6]},"properties":{"ptf_id":1114471,"ptf_ref":"7PYR52J","category":"ship_based_meteorological_sot_vos","ptf_model":"GENERIC MANUAL","wigos_ref":"0-22000-0-7PYR52J","country_name":"USA","country_ship":null,"goos_networks":"VOS","ptf_family_name":"Ship Weather Station","country_iso_reporting":"US","country_sensor_provider":null}},{"type":"Feature","geometry":{"type":"Point","coordinates":[116.7,22.4]},"properties":{"ptf_id":1114473,"ptf_ref":"YASBK5B","category":"ship_based_meteorological_sot_vos","ptf_model":"TURBOWIN","wigos_ref":"0-22000-0-YASBK5B","country_name":"USA","country_ship":null,"goos_networks":"VOS","ptf_family_name":"Ship Weather Station","country_iso_reporting":"US","country_sensor_provider":null}},{"type":"Feature","geometry":{"type":"Point","coordinates":[72.7,9]},"properties":{"ptf_id":1114474,"ptf_ref":"FFACGMV","category":"ship_based_meteorological_sot_vos","ptf_model":"TURBOWIN","wigos_ref":"0-22000-0-FFACGMV","country_name":"USA","country_ship":null,"goos_networks":"VOS","ptf_family_name":"Ship Weather Station","country_iso_reporting":"US","country_sensor_provider":null}},{"type":"Feature","geometry":{"type":"Point","coordinates":[131.4,22]},"properties":{"ptf_id":1114488,"ptf_ref":"DTQ84UW","category":"ship_based_meteorological_sot_vos","ptf_model":"TURBOWIN","wigos_ref":"0-22000-0-DTQ84UW","country_name":"USA","country_ship":null,"goos_networks":"VOS","ptf_family_name":"Ship Weather Station","country_iso_reporting":"US","country_sensor_provider":null}},{"type":"Feature","geometry":{"type":"Point","coordinates":[88.3,6]},"properties":{"ptf_id":1114583,"ptf_ref":"QQGCLLN","category":"ship_based_meteorological_sot_vos","ptf_model":"TURBOWIN","wigos_ref":"0-22000-0-QQGCLLN","country_name":"USA","country_ship":null,"goos_networks":"VOS","ptf_family_name":"Ship Weather Station","country_iso_reporting":"US","country_sensor_provider":null}},{"type":"Feature","geometry":{"type":"Point","coordinates":[168.1,36.9]},"properties":{"ptf_id":1114698,"ptf_ref":"6FJ5Z3S","category":"ship_based_meteorological_sot_vos","ptf_model":"TURBOWIN","wigos_ref":"0-22000-0-6FJ5Z3S","country_name":"USA","country_ship":null,"goos_networks":"VOS","ptf_family_name":"Ship Weather Station","country_iso_reporting":"US","country_sensor_provider":null}},{"type":"Feature","geometry":{"type":"Point","coordinates":[93.9,5.2]},"properties":{"ptf_id":1116210,"ptf_ref":"NXQN69F","category":"ship_based_meteorological_sot_vos","ptf_model":"TURBOWIN+ MANUAL","wigos_ref":"0-22000-0-NXQN69F","country_name":"GERMANY","country_ship":null,"goos_networks":"VOS","ptf_family_name":"Ship Weather Station","country_iso_reporting":"DE","country_sensor_provider":null}},{"type":"Feature","geometry":{"type":"Point","coordinates":[-73.14,-36.73]},"properties":{"ptf_id":1116213,"ptf_ref":"7HHNMXX","category":"ship_based_meteorological_sot_vos","ptf_model":"EUCAWS/NEPTUNE","wigos_ref":"0-22000-0-7HHNMXX","country_name":"GERMANY","country_ship":null,"goos_networks":"VOS","ptf_family_name":"Ship Weather Station","country_iso_reporting":"DE","country_sensor_provider":null}},{"type":"Feature","geometry":{"type":"Point","coordinates":[56.59,-24.62]},"properties":{"ptf_id":1116757,"ptf_ref":"YNQZRGA","category":"ship_based_meteorological_sot_vos","ptf_model":"MERCURY","wigos_ref":"0-22000-0-YNQZRGA","country_name":"FRANCE","country_ship":null,"goos_networks":"VOS","ptf_family_name":"Ship Weather Station","country_iso_reporting":"FR","country_sensor_provider":null}},{"type":"Feature","geometry":{"type":"Point","coordinates":[-89,47]},"properties":{"ptf_id":1118669,"ptf_ref":"MFTW9ZM","category":"ship_based_meteorological_sot_vos","ptf_model":"AVOS","wigos_ref":"0-22000-0-MFTW9ZM","country_name":"CANADA","country_ship":null,"goos_networks":"VOS","ptf_family_name":"Ship Weather Station","country_iso_reporting":"CA","country_sensor_provider":null}},{"type":"Feature","geometry":{"type":"Point","coordinates":[-134.9,68.2]},"properties":{"ptf_id":1118672,"ptf_ref":"ADC9EHA","category":"ship_based_meteorological_sot_vos","ptf_model":"AVOS","wigos_ref":"0-22000-0-ADC9EHA","country_name":"CANADA","country_ship":null,"goos_networks":"VOS","ptf_family_name":"Ship Weather Station","country_iso_reporting":"CA","country_sensor_provider":null}},{"type":"Feature","geometry":{"type":"Point","coordinates":[-140.7,74]},"properties":{"ptf_id":1118675,"ptf_ref":"SGGQ4QX","category":"ship_based_meteorological_sot_vos","ptf_model":"AVOS","wigos_ref":"0-22000-0-SGGQ4QX","country_name":"CANADA","country_ship":null,"goos_networks":"VOS","ptf_family_name":"Ship Weather Station","country_iso_reporting":"CA","country_sensor_provider":null}},{"type":"Feature","geometry":{"type":"Point","coordinates":[-59.4,46.2]},"properties":{"ptf_id":1118676,"ptf_ref":"2MXEY3K","category":"ship_based_meteorological_sot_vos","ptf_model":"AVOS","wigos_ref":"0-22000-0-2MXEY3K","country_name":"CANADA","country_ship":null,"goos_networks":"VOS","ptf_family_name":"Ship Weather Station","country_iso_reporting":"CA","country_sensor_provider":null}},{"type":"Feature","geometry":{"type":"Point","coordinates":[-126.7,70.2]},"properties":{"ptf_id":1118690,"ptf_ref":"8UWN4HQ","category":"ship_based_meteorological_sot_vos","ptf_model":"AVOS","wigos_ref":"0-22000-0-8UWN4HQ","country_name":"CANADA","country_ship":null,"goos_networks":"VOS","ptf_family_name":"Ship Weather Station","country_iso_reporting":"CA","country_sensor_provider":null}},{"type":"Feature","geometry":{"type":"Point","coordinates":[-56.5,50.2]},"properties":{"ptf_id":1118692,"ptf_ref":"QSHL7RV","category":"ship_based_meteorological_sot_vos","ptf_model":"AVOS","wigos_ref":"0-22000-0-QSHL7RV","country_name":"CANADA","country_ship":null,"goos_networks":"VOS","ptf_family_name":"Ship Weather Station","country_iso_reporting":"CA","country_sensor_provider":null}},{"type":"Feature","geometry":{"type":"Point","coordinates":[-89.9,-31.4]},"properties":{"ptf_id":1118700,"ptf_ref":"GDXNU9F","category":"ship_based_meteorological_sot_vos","ptf_model":"C5-SAM","wigos_ref":"0-22000-0-GDXNU9F","country_name":"CHILE","country_ship":null,"goos_networks":"VOS","ptf_family_name":"Ship Weather Station","country_iso_reporting":"CL","country_sensor_provider":null}},{"type":"Feature","geometry":{"type":"Point","coordinates":[-77.7,-30.5]},"properties":{"ptf_id":1118701,"ptf_ref":"6SN55EW","category":"ship_based_meteorological_sot_vos","ptf_model":"TURBOWIN","wigos_ref":"0-22000-0-6SN55EW","country_name":"CHILE","country_ship":null,"goos_networks":"VOS","ptf_family_name":"Ship Weather Station","country_iso_reporting":"CL","country_sensor_provider":null}},{"type":"Feature","geometry":{"type":"Point","coordinates":[-12.1,48.8]},"properties":{"ptf_id":1118703,"ptf_ref":"BMXTGKN","category":"ship_based_meteorological_sot_vos","ptf_model":"TURBOWIN+ MANUAL","wigos_ref":"0-22000-0-BMXTGKN","country_name":"GERMANY","country_ship":null,"goos_networks":"VOS","ptf_family_name":"Ship Weather Station","country_iso_reporting":"DE","country_sensor_provider":null}},{"type":"Feature","geometry":{"type":"Point","coordinates":[-54.1,17.8]},"properties":{"ptf_id":1118704,"ptf_ref":"LBXN94P","category":"ship_based_meteorological_sot_vos","ptf_model":"TURBOWIN+ MANUAL","wigos_ref":"0-22000-0-LBXN94P","country_name":"GERMANY","country_ship":null,"goos_networks":"VOS","ptf_family_name":"Ship Weather Station","country_iso_reporting":"DE","country_sensor_provider":null}},{"type":"Feature","geometry":{"type":"Point","coordinates":[112.7,-28.8]},"properties":{"ptf_id":1118708,"ptf_ref":"LEKUMZD","category":"ship_based_meteorological_sot_vos","ptf_model":"TURBOWIN+ MANUAL","wigos_ref":"0-22000-0-LEKUMZD","country_name":"GERMANY","country_ship":null,"goos_networks":"VOS","ptf_family_name":"Ship Weather Station","country_iso_reporting":"DE","country_sensor_provider":null}},{"type":"Feature","geometry":{"type":"Point","coordinates":[172.2,-34.2]},"properties":{"ptf_id":1118709,"ptf_ref":"XXNUSWD","category":"ship_based_meteorological_sot_vos","ptf_model":"TURBOWIN+ MANUAL","wigos_ref":"0-22000-0-XXNUSWD","country_name":"GERMANY","country_ship":null,"goos_networks":"VOS","ptf_family_name":"Ship Weather Station","country_iso_reporting":"DE","country_sensor_provider":null}},{"type":"Feature","geometry":{"type":"Point","coordinates":[-45.8,36.5]},"properties":{"ptf_id":1118711,"ptf_ref":"CSJUY3X","category":"ship_based_meteorological_sot_vos","ptf_model":"TURBOWIN+ MANUAL","wigos_ref":"0-22000-0-CSJUY3X","country_name":"GERMANY","country_ship":null,"goos_networks":"VOS","ptf_family_name":"Ship Weather Station","country_iso_reporting":"DE","country_sensor_provider":null}},{"type":"Feature","geometry":{"type":"Point","coordinates":[-15.7,26.2]},"properties":{"ptf_id":1118715,"ptf_ref":"4MPG7CY","category":"ship_based_meteorological_sot_vos","ptf_model":"TURBOWIN+ MANUAL","wigos_ref":"0-22000-0-4MPG7CY","country_name":"GERMANY","country_ship":null,"goos_networks":"VOS","ptf_family_name":"Ship Weather Station","country_iso_reporting":"DE","country_sensor_provider":null}},{"type":"Feature","geometry":{"type":"Point","coordinates":[117,-5.5]},"properties":{"ptf_id":1118771,"ptf_ref":"NXJ7ESE","category":"ship_based_meteorological_sot_vos","ptf_model":"TURBOWIN+ MANUAL","wigos_ref":"0-22000-0-NXJ7ESE","country_name":"JAPAN","country_ship":null,"goos_networks":"VOS","ptf_family_name":"Ship Weather Station","country_iso_reporting":"JP","country_sensor_provider":null}},{"type":"Feature","geometry":{"type":"Point","coordinates":[131.5,29.4]},"properties":{"ptf_id":1118774,"ptf_ref":"HYHWP5W","category":"ship_based_meteorological_sot_vos","ptf_model":"TURBOWIN+ MANUAL","wigos_ref":"0-22000-0-HYHWP5W","country_name":"JAPAN","country_ship":null,"goos_networks":"VOS","ptf_family_name":"Ship Weather Station","country_iso_reporting":"JP","country_sensor_provider":null}},{"type":"Feature","geometry":{"type":"Point","coordinates":[-146.7,60.3]},"properties":{"ptf_id":1119043,"ptf_ref":"QNH32UP","category":"ship_based_meteorological_sot_vos","ptf_model":"TURBOWIN","wigos_ref":"0-22000-0-QNH32UP","country_name":"USA","country_ship":null,"goos_networks":"VOS","ptf_family_name":"Ship Weather Station","country_iso_reporting":"US","country_sensor_provider":null}},{"type":"Feature","geometry":{"type":"Point","coordinates":[159.1,45]},"properties":{"ptf_id":1119044,"ptf_ref":"5XBNWUT","category":"ship_based_meteorological_sot_vos","ptf_model":"TURBOWIN","wigos_ref":"0-22000-0-5XBNWUT","country_name":"USA","country_ship":null,"goos_networks":"VOS","ptf_family_name":"Ship Weather Station","country_iso_reporting":"US","country_sensor_provider":null}},{"type":"Feature","geometry":{"type":"Point","coordinates":[-122.3,37.8]},"properties":{"ptf_id":1119055,"ptf_ref":"5HLUHLE","category":"ship_based_meteorological_sot_vos","ptf_model":"GENERIC MANUAL","wigos_ref":"0-22000-0-5HLUHLE","country_name":"USA","country_ship":null,"goos_networks":"VOS","ptf_family_name":"Ship Weather Station","country_iso_reporting":"US","country_sensor_provider":null}},{"type":"Feature","geometry":{"type":"Point","coordinates":[-147.5,60.6]},"properties":{"ptf_id":1119099,"ptf_ref":"TCM5MVP","category":"ship_based_meteorological_sot_vos","ptf_model":"GENERIC MANUAL","wigos_ref":"0-22000-0-TCM5MVP","country_name":"USA","country_ship":null,"goos_networks":"VOS","ptf_family_name":"Ship Weather Station","country_iso_reporting":"US","country_sensor_provider":null}},{"type":"Feature","geometry":{"type":"Point","coordinates":[-146.7,60.3]},"properties":{"ptf_id":1119100,"ptf_ref":"UQCW45B","category":"ship_based_meteorological_sot_vos","ptf_model":"GENERIC MANUAL","wigos_ref":"0-22000-0-UQCW45B","country_name":"USA","country_ship":null,"goos_networks":"VOS","ptf_family_name":"Ship Weather Station","country_iso_reporting":"US","country_sensor_provider":null}},{"type":"Feature","geometry":{"type":"Point","coordinates":[147.5,60.6]},"properties":{"ptf_id":1119101,"ptf_ref":"ELCUMWU","category":"ship_based_meteorological_sot_vos","ptf_model":"GENERIC MANUAL","wigos_ref":"0-22000-0-ELCUMWU","country_name":"USA","country_ship":null,"goos_networks":"VOS","ptf_family_name":"Ship Weather Station","country_iso_reporting":"US","country_sensor_provider":null}},{"type":"Feature","geometry":{"type":"Point","coordinates":[-152.25,-16.46]},"properties":{"ptf_id":1119376,"ptf_ref":"XBGVE2Y","category":"ship_based_meteorological_sot_vos","ptf_model":"MERCURY","wigos_ref":"0-22000-0-XBGVE2Y","country_name":"FRANCE","country_ship":null,"goos_networks":"VOS","ptf_family_name":"Ship Weather Station","country_iso_reporting":"FR","country_sensor_provider":null}},{"type":"Feature","geometry":{"type":"Point","coordinates":[-131,40.1]},"properties":{"ptf_id":1119677,"ptf_ref":"PBCZ7QM","category":"ship_based_meteorological_sot_vos","ptf_model":"TURBOWIN","wigos_ref":"0-22000-0-PBCZ7QM","country_name":"USA","country_ship":null,"goos_networks":"VOS","ptf_family_name":"Ship Weather Station","country_iso_reporting":"US","country_sensor_provider":null}},{"type":"Feature","geometry":{"type":"Point","coordinates":[7.4,54.1]},"properties":{"ptf_id":1119684,"ptf_ref":"MCJJKVQ","category":"ship_based_meteorological_sot_vos","ptf_model":"TURBOWIN","wigos_ref":"0-22000-0-MCJJKVQ","country_name":"USA","country_ship":null,"goos_networks":"VOS","ptf_family_name":"Ship Weather Station","country_iso_reporting":"US","country_sensor_provider":null}},{"type":"Feature","geometry":{"type":"Point","coordinates":[13.7,45.5]},"properties":{"ptf_id":1119685,"ptf_ref":"ERVKVWU","category":"ship_based_meteorological_sot_vos","ptf_model":"TURBOWIN","wigos_ref":"0-22000-0-ERVKVWU","country_name":"USA","country_ship":null,"goos_networks":"VOS","ptf_family_name":"Ship Weather Station","country_iso_reporting":"US","country_sensor_provider":null}},{"type":"Feature","geometry":{"type":"Point","coordinates":[29.4,31.7]},"properties":{"ptf_id":1119686,"ptf_ref":"2TCKACB","category":"ship_based_meteorological_sot_vos","ptf_model":"TURBOWIN","wigos_ref":"0-22000-0-2TCKACB","country_name":"USA","country_ship":null,"goos_networks":"VOS","ptf_family_name":"Ship Weather Station","country_iso_reporting":"US","country_sensor_provider":null}},{"type":"Feature","geometry":{"type":"Point","coordinates":[-79.1,27.5]},"properties":{"ptf_id":1119687,"ptf_ref":"HNZK7YR","category":"ship_based_meteorological_sot_vos","ptf_model":"TURBOWIN","wigos_ref":"0-22000-0-HNZK7YR","country_name":"USA","country_ship":null,"goos_networks":"VOS","ptf_family_name":"Ship Weather Station","country_iso_reporting":"US","country_sensor_provider":null}},{"type":"Feature","geometry":{"type":"Point","coordinates":[77.2,7.5]},"properties":{"ptf_id":1119692,"ptf_ref":"VJZDX5D","category":"ship_based_meteorological_sot_vos","ptf_model":"GENERIC MANUAL","wigos_ref":"0-22000-0-VJZDX5D","country_name":"USA","country_ship":null,"goos_networks":"VOS","ptf_family_name":"Ship Weather Station","country_iso_reporting":"US","country_sensor_provider":null}},{"type":"Feature","geometry":{"type":"Point","coordinates":[179.9,47]},"properties":{"ptf_id":1119694,"ptf_ref":"PNYD8ME","category":"ship_based_meteorological_sot_vos","ptf_model":"GENERIC MANUAL","wigos_ref":"0-22000-0-PNYD8ME","country_name":"USA","country_ship":null,"goos_networks":"VOS","ptf_family_name":"Ship Weather Station","country_iso_reporting":"US","country_sensor_provider":null}},{"type":"Feature","geometry":{"type":"Point","coordinates":[-138.3,42.9]},"properties":{"ptf_id":1119699,"ptf_ref":"ADAAUVG","category":"ship_based_meteorological_sot_vos","ptf_model":"GENERIC MANUAL","wigos_ref":"0-22000-0-ADAAUVG","country_name":"USA","country_ship":null,"goos_networks":"VOS","ptf_family_name":"Ship Weather Station","country_iso_reporting":"US","country_sensor_provider":null}},{"type":"Feature","geometry":{"type":"Point","coordinates":[-147.5,60.6]},"properties":{"ptf_id":1119700,"ptf_ref":"4PQFHNJ","category":"ship_based_meteorological_sot_vos","ptf_model":"GENERIC MANUAL","wigos_ref":"0-22000-0-4PQFHNJ","country_name":"USA","country_ship":null,"goos_networks":"VOS","ptf_family_name":"Ship Weather Station","country_iso_reporting":"US","country_sensor_provider":null}},{"type":"Feature","geometry":{"type":"Point","coordinates":[-131.9,40.5]},"properties":{"ptf_id":1119701,"ptf_ref":"NZM568Q","category":"ship_based_meteorological_sot_vos","ptf_model":"GENERIC MANUAL","wigos_ref":"0-22000-0-NZM568Q","country_name":"USA","country_ship":null,"goos_networks":"VOS","ptf_family_name":"Ship Weather Station","country_iso_reporting":"US","country_sensor_provider":null}},{"type":"Feature","geometry":{"type":"Point","coordinates":[-78.9,6.7]},"properties":{"ptf_id":1120402,"ptf_ref":"7ZD5UGW","category":"ship_based_meteorological_sot_vos","ptf_model":"TURBOWIN","wigos_ref":"0-22000-0-7ZD5UGW","country_name":"GERMANY","country_ship":null,"goos_networks":"VOS","ptf_family_name":"Ship Weather Station","country_iso_reporting":"DE","country_sensor_provider":null}},{"type":"Feature","geometry":{"type":"Point","coordinates":[-66.5,18.3]},"properties":{"ptf_id":1120405,"ptf_ref":"6BVFMWP","category":"ship_based_meteorological_sot_vos","ptf_model":"TURBOWIN+ MANUAL","wigos_ref":"0-22000-0-6BVFMWP","country_name":"GERMANY","country_ship":null,"goos_networks":"VOS","ptf_family_name":"Ship Weather Station","country_iso_reporting":"DE","country_sensor_provider":null}},{"type":"Feature","geometry":{"type":"Point","coordinates":[-153.7,21.5]},"properties":{"ptf_id":1120419,"ptf_ref":"4LEHZAG","category":"ship_based_meteorological_sot_vos","ptf_model":"GENERIC MANUAL","wigos_ref":"0-22000-0-4LEHZAG","country_name":"USA","country_ship":null,"goos_networks":"VOS","ptf_family_name":"Ship Weather Station","country_iso_reporting":"US","country_sensor_provider":null}},{"type":"Feature","geometry":{"type":"Point","coordinates":[-172.7,35.9]},"properties":{"ptf_id":1120428,"ptf_ref":"9VAXTAN","category":"ship_based_meteorological_sot_vos","ptf_model":"TURBOWIN","wigos_ref":"0-22000-0-9VAXTAN","country_name":"USA","country_ship":null,"goos_networks":"VOS","ptf_family_name":"Ship Weather Station","country_iso_reporting":"US","country_sensor_provider":null}},{"type":"Feature","geometry":{"type":"Point","coordinates":[-11.49,36.93]},"properties":{"ptf_id":1120819,"ptf_ref":"MKLGVDT","category":"ship_based_meteorological_sot_vos","ptf_model":"EUCAWS/NEPTUNE","wigos_ref":"0-22000-0-MKLGVDT","country_name":"PORTUGAL","country_ship":null,"goos_networks":"VOS","ptf_family_name":"Ship Weather Station","country_iso_reporting":"PT","country_sensor_provider":null}},{"type":"Feature","geometry":{"type":"Point","coordinates":[-67.83,30.26]},"properties":{"ptf_id":1121522,"ptf_ref":"QZY8NPC","category":"ship_based_meteorological_sot_vos","ptf_model":"EUCAWS/NEPTUNE","wigos_ref":"0-22000-0-QZY8NPC","country_name":"FRANCE","country_ship":null,"goos_networks":"VOS","ptf_family_name":"Ship Weather Station","country_iso_reporting":"FR","country_sensor_provider":null}},{"type":"Feature","geometry":{"type":"Point","coordinates":[68.7,22.3]},"properties":{"ptf_id":1121531,"ptf_ref":"APAZL3D","category":"ship_based_meteorological_sot_vos","ptf_model":"TURBOWIN","wigos_ref":"0-22000-0-APAZL3D","country_name":"USA","country_ship":null,"goos_networks":"VOS","ptf_family_name":"Ship Weather Station","country_iso_reporting":"US","country_sensor_provider":null}},{"type":"Feature","geometry":{"type":"Point","coordinates":[68.7,22.2]},"properties":{"ptf_id":1121549,"ptf_ref":"7ZDTFTB","category":"ship_based_meteorological_sot_vos","ptf_model":"GENERIC MANUAL","wigos_ref":"0-22000-0-7ZDTFTB","country_name":"USA","country_ship":null,"goos_networks":"VOS","ptf_family_name":"Ship Weather Station","country_iso_reporting":"US","country_sensor_provider":null}},{"type":"Feature","geometry":{"type":"Point","coordinates":[123.1,29.6]},"properties":{"ptf_id":1121552,"ptf_ref":"ZMZBJWA","category":"ship_based_meteorological_sot_vos","ptf_model":"TURBOWIN","wigos_ref":"0-22000-0-ZMZBJWA","country_name":"USA","country_ship":null,"goos_networks":"VOS","ptf_family_name":"Ship Weather Station","country_iso_reporting":"US","country_sensor_provider":null}},{"type":"Feature","geometry":{"type":"Point","coordinates":[-48.6,17.9]},"properties":{"ptf_id":1122066,"ptf_ref":"CEGFKXA","category":"ship_based_meteorological_sot_vos","ptf_model":"TURBOWIN","wigos_ref":"0-22000-0-CEGFKXA","country_name":"USA","country_ship":null,"goos_networks":"VOS","ptf_family_name":"Ship Weather Station","country_iso_reporting":"US","country_sensor_provider":null}},{"type":"Feature","geometry":{"type":"Point","coordinates":[-171.1,40.4]},"properties":{"ptf_id":1122561,"ptf_ref":"XMGHMRA","category":"ship_based_meteorological_sot_vos","ptf_model":"OBSJMA","wigos_ref":"0-22000-0-XMGHMRA","country_name":"JAPAN","country_ship":null,"goos_networks":"VOS","ptf_family_name":"Ship Weather Station","country_iso_reporting":"JP","country_sensor_provider":null}},{"type":"Feature","geometry":{"type":"Point","coordinates":[130.9,16.4]},"properties":{"ptf_id":1122568,"ptf_ref":"6WCH42R","category":"ship_based_meteorological_sot_vos","ptf_model":"TURBOWIN","wigos_ref":"0-22000-0-6WCH42R","country_name":"JAPAN","country_ship":null,"goos_networks":"VOS","ptf_family_name":"Ship Weather Station","country_iso_reporting":"JP","country_sensor_provider":null}},{"type":"Feature","geometry":{"type":"Point","coordinates":[55.5,-8]},"properties":{"ptf_id":1122577,"ptf_ref":"DHNVGNR","category":"ship_based_meteorological_sot_vos","ptf_model":"TURBOWIN+ MANUAL","wigos_ref":"0-22000-0-DHNVGNR","country_name":"JAPAN","country_ship":null,"goos_networks":"VOS","ptf_family_name":"Ship Weather Station","country_iso_reporting":"JP","country_sensor_provider":null}},{"type":"Feature","geometry":{"type":"Point","coordinates":[126.4,5.4]},"properties":{"ptf_id":1122591,"ptf_ref":"7PVMPDE","category":"ship_based_meteorological_sot_vos","ptf_model":"GENERIC MANUAL","wigos_ref":"0-22000-0-7PVMPDE","country_name":"JAPAN","country_ship":null,"goos_networks":"VOS","ptf_family_name":"Ship Weather Station","country_iso_reporting":"JP","country_sensor_provider":null}},{"type":"Feature","geometry":{"type":"Point","coordinates":[132,31.9]},"properties":{"ptf_id":1122596,"ptf_ref":"FZZPP9W","category":"ship_based_meteorological_sot_vos","ptf_model":"TURBOWIN+ MANUAL","wigos_ref":"0-22000-0-FZZPP9W","country_name":"JAPAN","country_ship":null,"goos_networks":"VOS","ptf_family_name":"Ship Weather Station","country_iso_reporting":"JP","country_sensor_provider":null}},{"type":"Feature","geometry":{"type":"Point","coordinates":[117.2,17.7]},"properties":{"ptf_id":1122602,"ptf_ref":"AAFZU2S","category":"ship_based_meteorological_sot_vos","ptf_model":"TURBOWIN+ MANUAL","wigos_ref":"0-22000-0-AAFZU2S","country_name":"JAPAN","country_ship":null,"goos_networks":"VOS","ptf_family_name":"Ship Weather Station","country_iso_reporting":"JP","country_sensor_provider":null}},{"type":"Feature","geometry":{"type":"Point","coordinates":[-59,11.7]},"properties":{"ptf_id":1122607,"ptf_ref":"UKXLEYX","category":"ship_based_meteorological_sot_vos","ptf_model":"TURBOWIN+ MANUAL","wigos_ref":"0-22000-0-UKXLEYX","country_name":"JAPAN","country_ship":null,"goos_networks":"VOS","ptf_family_name":"Ship Weather Station","country_iso_reporting":"JP","country_sensor_provider":null}},{"type":"Feature","geometry":{"type":"Point","coordinates":[-42.5,41.3]},"properties":{"ptf_id":1122697,"ptf_ref":"8DJZ5YB","category":"ship_based_meteorological_sot_vos","ptf_model":"GENERIC MANUAL","wigos_ref":"0-22000-0-8DJZ5YB","country_name":"USA","country_ship":null,"goos_networks":"VOS","ptf_family_name":"Ship Weather Station","country_iso_reporting":"US","country_sensor_provider":null}},{"type":"Feature","geometry":{"type":"Point","coordinates":[147.2,43.2]},"properties":{"ptf_id":1122725,"ptf_ref":"CRCCQ7Y","category":"ship_based_meteorological_sot_vos","ptf_model":"TURBOWIN+ MANUAL","wigos_ref":"0-22000-0-CRCCQ7Y","country_name":"GERMANY","country_ship":null,"goos_networks":"VOS","ptf_family_name":"Ship Weather Station","country_iso_reporting":"DE","country_sensor_provider":null}},{"type":"Feature","geometry":{"type":"Point","coordinates":[121.8,26.9]},"properties":{"ptf_id":1122727,"ptf_ref":"TWQZHTC","category":"ship_based_meteorological_sot_vos","ptf_model":"TURBOWIN+ MANUAL","wigos_ref":"0-22000-0-TWQZHTC","country_name":"GERMANY","country_ship":null,"goos_networks":"VOS","ptf_family_name":"Ship Weather Station","country_iso_reporting":"DE","country_sensor_provider":null}},{"type":"Feature","geometry":{"type":"Point","coordinates":[-70.52,-22.89]},"properties":{"ptf_id":1122729,"ptf_ref":"7PB8V9X","category":"ship_based_meteorological_sot_vos","ptf_model":"EUCAWS/NEPTUNE","wigos_ref":"0-22000-0-7PB8V9X","country_name":"GERMANY","country_ship":null,"goos_networks":"VOS","ptf_family_name":"Ship Weather Station","country_iso_reporting":"DE","country_sensor_provider":null}},{"type":"Feature","geometry":{"type":"Point","coordinates":[121.84,29.99]},"properties":{"ptf_id":1122730,"ptf_ref":"AUY83CT","category":"ship_based_meteorological_sot_vos","ptf_model":"EUCAWS/NEPTUNE","wigos_ref":"0-22000-0-AUY83CT","country_name":"GERMANY","country_ship":null,"goos_networks":"VOS","ptf_family_name":"Ship Weather Station","country_iso_reporting":"DE","country_sensor_provider":null}},{"type":"Feature","geometry":{"type":"Point","coordinates":[-45.08,1.67]},"properties":{"ptf_id":1122731,"ptf_ref":"FHEJPYS","category":"ship_based_meteorological_sot_vos","ptf_model":"EUCAWS/NEPTUNE","wigos_ref":"0-22000-0-FHEJPYS","country_name":"GERMANY","country_ship":null,"goos_networks":"VOS","ptf_family_name":"Ship Weather Station","country_iso_reporting":"DE","country_sensor_provider":null}},{"type":"Feature","geometry":{"type":"Point","coordinates":[8.77,53.1]},"properties":{"ptf_id":1122732,"ptf_ref":"DJWPQ7D","category":"ship_based_meteorological_sot_vos","ptf_model":"EUCAWS/NEPTUNE","wigos_ref":"0-22000-0-DJWPQ7D","country_name":"GERMANY","country_ship":null,"goos_networks":"VOS","ptf_family_name":"Ship Weather Station","country_iso_reporting":"DE","country_sensor_provider":null}},{"type":"Feature","geometry":{"type":"Point","coordinates":[8.1,-17.7]},"properties":{"ptf_id":1123796,"ptf_ref":"GXULPAV","category":"ship_based_meteorological_sot_vos","ptf_model":"TURBOWIN+ MANUAL","wigos_ref":"0-22000-0-GXULPAV","country_name":"GERMANY","country_ship":null,"goos_networks":"VOS","ptf_family_name":"Ship Weather Station","country_iso_reporting":"DE","country_sensor_provider":null}},{"type":"Feature","geometry":{"type":"Point","coordinates":[104.8,2.5]},"properties":{"ptf_id":1123797,"ptf_ref":"DJNCPWR","category":"ship_based_meteorological_sot_vos","ptf_model":"TURBOWIN+ MANUAL","wigos_ref":"0-22000-0-DJNCPWR","country_name":"GERMANY","country_ship":null,"goos_networks":"VOS","ptf_family_name":"Ship Weather Station","country_iso_reporting":"DE","country_sensor_provider":null}},{"type":"Feature","geometry":{"type":"Point","coordinates":[84.2,-2.4]},"properties":{"ptf_id":1123800,"ptf_ref":"YLKET8R","category":"ship_based_meteorological_sot_vos","ptf_model":"TURBOWIN+ MANUAL","wigos_ref":"0-22000-0-YLKET8R","country_name":"GERMANY","country_ship":null,"goos_networks":"VOS","ptf_family_name":"Ship Weather Station","country_iso_reporting":"DE","country_sensor_provider":null}},{"type":"Feature","geometry":{"type":"Point","coordinates":[3.5,-0.3]},"properties":{"ptf_id":1123802,"ptf_ref":"2BD3DVL","category":"ship_based_meteorological_sot_vos","ptf_model":"TURBOWIN+ MANUAL","wigos_ref":"0-22000-0-2BD3DVL","country_name":"GERMANY","country_ship":null,"goos_networks":"VOS","ptf_family_name":"Ship Weather Station","country_iso_reporting":"DE","country_sensor_provider":null}},{"type":"Feature","geometry":{"type":"Point","coordinates":[-3.82,43.41]},"properties":{"ptf_id":1123855,"ptf_ref":"4EEWQMW","category":"ship_based_meteorological_sot_vos","ptf_model":"GENERIC AUTO","wigos_ref":"0-22000-0-4EEWQMW","country_name":"SPAIN","country_ship":null,"goos_networks":"VOS","ptf_family_name":"Ship Weather Station","country_iso_reporting":"ES","country_sensor_provider":null}},{"type":"Feature","geometry":{"type":"Point","coordinates":[-2.9,36.2]},"properties":{"ptf_id":1123917,"ptf_ref":"FKURGGC","category":"ship_based_meteorological_sot_vos","ptf_model":"TURBOWIN+ MANUAL","wigos_ref":"0-22000-0-FKURGGC","country_name":"GERMANY","country_ship":null,"goos_networks":"VOS","ptf_family_name":"Ship Weather Station","country_iso_reporting":"DE","country_sensor_provider":null}},{"type":"Feature","geometry":{"type":"Point","coordinates":[72.7,9]},"properties":{"ptf_id":1123918,"ptf_ref":"5CSD8GG","category":"ship_based_meteorological_sot_vos","ptf_model":"TURBOWIN+ MANUAL","wigos_ref":"0-22000-0-5CSD8GG","country_name":"GERMANY","country_ship":null,"goos_networks":"VOS","ptf_family_name":"Ship Weather Station","country_iso_reporting":"DE","country_sensor_provider":null}},{"type":"Feature","geometry":{"type":"Point","coordinates":[53.1,-0.3]},"properties":{"ptf_id":1123919,"ptf_ref":"KKSKE2N","category":"ship_based_meteorological_sot_vos","ptf_model":"TURBOWIN+ MANUAL","wigos_ref":"0-22000-0-KKSKE2N","country_name":"GERMANY","country_ship":null,"goos_networks":"VOS","ptf_family_name":"Ship Weather Station","country_iso_reporting":"DE","country_sensor_provider":null}},{"type":"Feature","geometry":{"type":"Point","coordinates":[-80.5,6.9]},"properties":{"ptf_id":1124453,"ptf_ref":"TNXNNFX","category":"ship_based_meteorological_sot_vos","ptf_model":"TURBOWIN+ MANUAL","wigos_ref":"0-22000-0-TNXNNFX","country_name":"UK","country_ship":null,"goos_networks":"VOS","ptf_family_name":"Ship Weather Station","country_iso_reporting":"GB","country_sensor_provider":null}},{"type":"Feature","geometry":{"type":"Point","coordinates":[123.5,26.4]},"properties":{"ptf_id":1124518,"ptf_ref":"DLWB5LA","category":"ship_based_meteorological_sot_vos","ptf_model":"TURBOWIN+ MANUAL","wigos_ref":"0-22000-0-DLWB5LA","country_name":"UK","country_ship":null,"goos_networks":"VOS","ptf_family_name":"Ship Weather Station","country_iso_reporting":"GB","country_sensor_provider":null}},{"type":"Feature","geometry":{"type":"Point","coordinates":[-1.7,56.1]},"properties":{"ptf_id":1124525,"ptf_ref":"KYT67YR","category":"ship_based_meteorological_sot_vos","ptf_model":"TURBOWIN","wigos_ref":"0-22000-0-KYT67YR","country_name":"USA","country_ship":null,"goos_networks":"VOS","ptf_family_name":"Ship Weather Station","country_iso_reporting":"US","country_sensor_provider":null}},{"type":"Feature","geometry":{"type":"Point","coordinates":[-79.3,7.6]},"properties":{"ptf_id":1124527,"ptf_ref":"KQLRPKY","category":"ship_based_meteorological_sot_vos","ptf_model":"TURBOWIN","wigos_ref":"0-22000-0-KQLRPKY","country_name":"USA","country_ship":null,"goos_networks":"VOS","ptf_family_name":"Ship Weather Station","country_iso_reporting":"US","country_sensor_provider":null}},{"type":"Feature","geometry":{"type":"Point","coordinates":[81.8,8.8]},"properties":{"ptf_id":1124528,"ptf_ref":"5PW3MPE","category":"ship_based_meteorological_sot_vos","ptf_model":"TURBOWIN","wigos_ref":"0-22000-0-5PW3MPE","country_name":"USA","country_ship":null,"goos_networks":"VOS","ptf_family_name":"Ship Weather Station","country_iso_reporting":"US","country_sensor_provider":null}},{"type":"Feature","geometry":{"type":"Point","coordinates":[-0.4,50.5]},"properties":{"ptf_id":1124641,"ptf_ref":"LYHH6ZZ","category":"ship_based_meteorological_sot_vos","ptf_model":"TURBOWIN+ MANUAL","wigos_ref":"0-22000-0-LYHH6ZZ","country_name":"UK","country_ship":null,"goos_networks":"VOS","ptf_family_name":"Ship Weather Station","country_iso_reporting":"GB","country_sensor_provider":null}},{"type":"Feature","geometry":{"type":"Point","coordinates":[-27.53,44.99]},"properties":{"ptf_id":1124677,"ptf_ref":"FLUMX9U","category":"ship_based_meteorological_sot_vos","ptf_model":"EUCAWS/NEPTUNE","wigos_ref":"0-22000-0-FLUMX9U","country_name":"GERMANY","country_ship":null,"goos_networks":"VOS","ptf_family_name":"Ship Weather Station","country_iso_reporting":"DE","country_sensor_provider":null}},{"type":"Feature","geometry":{"type":"Point","coordinates":[37.4,23.2]},"properties":{"ptf_id":1124679,"ptf_ref":"ENDJTLV","category":"ship_based_meteorological_sot_vos","ptf_model":"TURBOWIN+ MANUAL","wigos_ref":"0-22000-0-ENDJTLV","country_name":"GERMANY","country_ship":null,"goos_networks":"VOS","ptf_family_name":"Ship Weather Station","country_iso_reporting":"DE","country_sensor_provider":null}},{"type":"Feature","geometry":{"type":"Point","coordinates":[110.1,8.8]},"properties":{"ptf_id":1124680,"ptf_ref":"JGHKCEA","category":"ship_based_meteorological_sot_vos","ptf_model":"TURBOWIN+ MANUAL","wigos_ref":"0-22000-0-JGHKCEA","country_name":"GERMANY","country_ship":null,"goos_networks":"VOS","ptf_family_name":"Ship Weather Station","country_iso_reporting":"DE","country_sensor_provider":null}},{"type":"Feature","geometry":{"type":"Point","coordinates":[-133.1,39.1]},"properties":{"ptf_id":1124687,"ptf_ref":"ECST3PB","category":"ship_based_meteorological_sot_vos","ptf_model":"TURBOWIN","wigos_ref":"0-22000-0-ECST3PB","country_name":"USA","country_ship":null,"goos_networks":"VOS","ptf_family_name":"Ship Weather Station","country_iso_reporting":"US","country_sensor_provider":null}},{"type":"Feature","geometry":{"type":"Point","coordinates":[-141.5,59.6]},"properties":{"ptf_id":1124693,"ptf_ref":"TBHTT4Z","category":"ship_based_meteorological_sot_vos","ptf_model":"GENERIC MANUAL","wigos_ref":"0-22000-0-TBHTT4Z","country_name":"USA","country_ship":null,"goos_networks":"VOS","ptf_family_name":"Ship Weather Station","country_iso_reporting":"US","country_sensor_provider":null}},{"type":"Feature","geometry":{"type":"Point","coordinates":[89.2,5.7]},"properties":{"ptf_id":1125098,"ptf_ref":"GZF8NZQ","category":"ship_based_meteorological_sot_vos","ptf_model":"TURBOWIN+ MANUAL","wigos_ref":"0-22000-0-GZF8NZQ","country_name":"GERMANY","country_ship":null,"goos_networks":"VOS","ptf_family_name":"Ship Weather Station","country_iso_reporting":"DE","country_sensor_provider":null}},{"type":"Feature","geometry":{"type":"Point","coordinates":[-75.2,14.2]},"properties":{"ptf_id":1125161,"ptf_ref":"HBQP7YL","category":"ship_based_meteorological_sot_vos","ptf_model":"TURBOWIN+ MANUAL","wigos_ref":"0-22000-0-HBQP7YL","country_name":"GERMANY","country_ship":null,"goos_networks":"VOS","ptf_family_name":"Ship Weather Station","country_iso_reporting":"DE","country_sensor_provider":null}},{"type":"Feature","geometry":{"type":"Point","coordinates":[14.69,38.86]},"properties":{"ptf_id":1125162,"ptf_ref":"GPP23MW","category":"ship_based_meteorological_sot_vos","ptf_model":"EUCAWS/NEPTUNE","wigos_ref":"0-22000-0-GPP23MW","country_name":"GERMANY","country_ship":null,"goos_networks":"VOS","ptf_family_name":"Ship Weather Station","country_iso_reporting":"DE","country_sensor_provider":null}},{"type":"Feature","geometry":{"type":"Point","coordinates":[123.06,30.02]},"properties":{"ptf_id":1125163,"ptf_ref":"RUQGHAC","category":"ship_based_meteorological_sot_vos","ptf_model":"EUCAWS/NEPTUNE","wigos_ref":"0-22000-0-RUQGHAC","country_name":"GERMANY","country_ship":null,"goos_networks":"VOS","ptf_family_name":"Ship Weather Station","country_iso_reporting":"DE","country_sensor_provider":null}},{"type":"Feature","geometry":{"type":"Point","coordinates":[-16.9,9.1]},"properties":{"ptf_id":1125164,"ptf_ref":"CFPNY8Y","category":"ship_based_meteorological_sot_vos","ptf_model":"TURBOWIN+ MANUAL","wigos_ref":"0-22000-0-CFPNY8Y","country_name":"GERMANY","country_ship":null,"goos_networks":"VOS","ptf_family_name":"Ship Weather Station","country_iso_reporting":"DE","country_sensor_provider":null}},{"type":"Feature","geometry":{"type":"Point","coordinates":[-89.1,73.2]},"properties":{"ptf_id":1125166,"ptf_ref":"RLG8DXG","category":"ship_based_meteorological_sot_vos","ptf_model":"TURBOWIN+ MANUAL","wigos_ref":"0-22000-0-RLG8DXG","country_name":"NETHERLANDS","country_ship":null,"goos_networks":"VOS","ptf_family_name":"Ship Weather Station","country_iso_reporting":"NL","country_sensor_provider":null}},{"type":"Feature","geometry":{"type":"Point","coordinates":[-83,41.5]},"properties":{"ptf_id":1125169,"ptf_ref":"WAGJVKP","category":"ship_based_meteorological_sot_vos","ptf_model":"DMAWDS","wigos_ref":"0-22000-0-WAGJVKP","country_name":"USA","country_ship":null,"goos_networks":"VOS","ptf_family_name":"Ship Weather Station","country_iso_reporting":"US","country_sensor_provider":null}},{"type":"Feature","geometry":{"type":"Point","coordinates":[103.6,1.2]},"properties":{"ptf_id":1125170,"ptf_ref":"5PJN4FA","category":"ship_based_meteorological_sot_vos","ptf_model":"TURBOWIN+ AUTO","wigos_ref":"0-22000-0-5PJN4FA","country_name":"USA","country_ship":null,"goos_networks":"VOS","ptf_family_name":"Ship Weather Station","country_iso_reporting":"US","country_sensor_provider":null}},{"type":"Feature","geometry":{"type":"Point","coordinates":[-12.2,29.6]},"properties":{"ptf_id":1125238,"ptf_ref":"9BSNXGR","category":"ship_based_meteorological_sot_vos","ptf_model":"TURBOWIN","wigos_ref":"0-22000-0-9BSNXGR","country_name":"USA","country_ship":null,"goos_networks":"VOS","ptf_family_name":"Ship Weather Station","country_iso_reporting":"US","country_sensor_provider":null}},{"type":"Feature","geometry":{"type":"Point","coordinates":[67,-27.6]},"properties":{"ptf_id":1125254,"ptf_ref":"DCBUEYA","category":"ship_based_meteorological_sot_vos","ptf_model":"TURBOWIN","wigos_ref":"0-22000-0-DCBUEYA","country_name":"USA","country_ship":null,"goos_networks":"VOS","ptf_family_name":"Ship Weather Station","country_iso_reporting":"US","country_sensor_provider":null}},{"type":"Feature","geometry":{"type":"Point","coordinates":[-136.57,-18.43]},"properties":{"ptf_id":1125672,"ptf_ref":"STYGZNL","category":"ship_based_meteorological_sot_vos","ptf_model":"MERCURY","wigos_ref":"0-22000-0-STYGZNL","country_name":"FRANCE","country_ship":null,"goos_networks":"VOS","ptf_family_name":"Ship Weather Station","country_iso_reporting":"FR","country_sensor_provider":null}},{"type":"Feature","geometry":{"type":"Point","coordinates":[-10.11,38.02]},"properties":{"ptf_id":1125680,"ptf_ref":"8VBM55D","category":"ship_based_meteorological_sot_vos","ptf_model":"GENERIC AUTO","wigos_ref":"0-22000-0-8VBM55D","country_name":"NETHERLANDS","country_ship":null,"goos_networks":"VOS","ptf_family_name":"Ship Weather Station","country_iso_reporting":"NL","country_sensor_provider":null}},{"type":"Feature","geometry":{"type":"Point","coordinates":[91.6,5.9]},"properties":{"ptf_id":1125684,"ptf_ref":"DKNGCQT","category":"ship_based_meteorological_sot_vos","ptf_model":"TURBOWIN+ MANUAL","wigos_ref":"0-22000-0-DKNGCQT","country_name":"GERMANY","country_ship":null,"goos_networks":"VOS","ptf_family_name":"Ship Weather Station","country_iso_reporting":"DE","country_sensor_provider":null}},{"type":"Feature","geometry":{"type":"Point","coordinates":[-7.3,46.8]},"properties":{"ptf_id":1125733,"ptf_ref":"AFHXZFY","category":"ship_based_meteorological_sot_vos","ptf_model":"TURBOWIN+ MANUAL","wigos_ref":"0-22000-0-AFHXZFY","country_name":"GERMANY","country_ship":null,"goos_networks":"VOS","ptf_family_name":"Ship Weather Station","country_iso_reporting":"DE","country_sensor_provider":null}},{"type":"Feature","geometry":{"type":"Point","coordinates":[-3.4,4.4]},"properties":{"ptf_id":1125735,"ptf_ref":"VCDJG9K","category":"ship_based_meteorological_sot_vos","ptf_model":"TURBOWIN+ MANUAL","wigos_ref":"0-22000-0-VCDJG9K","country_name":"GERMANY","country_ship":null,"goos_networks":"VOS","ptf_family_name":"Ship Weather Station","country_iso_reporting":"DE","country_sensor_provider":null}},{"type":"Feature","geometry":{"type":"Point","coordinates":[-73.9,39.1]},"properties":{"ptf_id":1125742,"ptf_ref":"MYSELSE","category":"ship_based_meteorological_sot_vos","ptf_model":"TURBOWIN+ MANUAL","wigos_ref":"0-22000-0-MYSELSE","country_name":"GERMANY","country_ship":null,"goos_networks":"VOS","ptf_family_name":"Ship Weather Station","country_iso_reporting":"DE","country_sensor_provider":null}},{"type":"Feature","geometry":{"type":"Point","coordinates":[59.1,13.2]},"properties":{"ptf_id":1125749,"ptf_ref":"TRRF7ZR","category":"ship_based_meteorological_sot_vos","ptf_model":"TURBOWIN+ MANUAL","wigos_ref":"0-22000-0-TRRF7ZR","country_name":"GERMANY","country_ship":null,"goos_networks":"VOS","ptf_family_name":"Ship Weather Station","country_iso_reporting":"DE","country_sensor_provider":null}},{"type":"Feature","geometry":{"type":"Point","coordinates":[5.63,-33.16]},"properties":{"ptf_id":1125752,"ptf_ref":"HNF3MLD","category":"ship_based_meteorological_sot_vos","ptf_model":"EUCAWS/NEPTUNE","wigos_ref":"0-22000-0-HNF3MLD","country_name":"GERMANY","country_ship":null,"goos_networks":"VOS","ptf_family_name":"Ship Weather Station","country_iso_reporting":"DE","country_sensor_provider":null}},{"type":"Feature","geometry":{"type":"Point","coordinates":[3.53,52.65]},"properties":{"ptf_id":1125753,"ptf_ref":"4XHS2LM","category":"ship_based_meteorological_sot_vos","ptf_model":"EUCAWS/NEPTUNE","wigos_ref":"0-22000-0-4XHS2LM","country_name":"GERMANY","country_ship":null,"goos_networks":"VOS","ptf_family_name":"Ship Weather Station","country_iso_reporting":"DE","country_sensor_provider":null}},{"type":"Feature","geometry":{"type":"Point","coordinates":[123.53,30.24]},"properties":{"ptf_id":1125754,"ptf_ref":"DYBJBBS","category":"ship_based_meteorological_sot_vos","ptf_model":"EUCAWS/NEPTUNE","wigos_ref":"0-22000-0-DYBJBBS","country_name":"GERMANY","country_ship":null,"goos_networks":"VOS","ptf_family_name":"Ship Weather Station","country_iso_reporting":"DE","country_sensor_provider":null}},{"type":"Feature","geometry":{"type":"Point","coordinates":[120.31,25.26]},"properties":{"ptf_id":1125755,"ptf_ref":"9YBQ2LW","category":"ship_based_meteorological_sot_vos","ptf_model":"EUCAWS/NEPTUNE","wigos_ref":"0-22000-0-9YBQ2LW","country_name":"GERMANY","country_ship":null,"goos_networks":"VOS","ptf_family_name":"Ship Weather Station","country_iso_reporting":"DE","country_sensor_provider":null}},{"type":"Feature","geometry":{"type":"Point","coordinates":[82.9,11.9]},"properties":{"ptf_id":1125879,"ptf_ref":"SQLA9FU","category":"ship_based_meteorological_sot_vos","ptf_model":"GENERIC MANUAL","wigos_ref":"0-22000-0-SQLA9FU","country_name":"JAPAN","country_ship":null,"goos_networks":"VOS","ptf_family_name":"Ship Weather Station","country_iso_reporting":"JP","country_sensor_provider":null}},{"type":"Feature","geometry":{"type":"Point","coordinates":[-8.3,1.1]},"properties":{"ptf_id":1125889,"ptf_ref":"4EHV7WJ","category":"ship_based_meteorological_sot_vos","ptf_model":"GENERIC MANUAL","wigos_ref":"0-22000-0-4EHV7WJ","country_name":"JAPAN","country_ship":null,"goos_networks":"VOS","ptf_family_name":"Ship Weather Station","country_iso_reporting":"JP","country_sensor_provider":null}},{"type":"Feature","geometry":{"type":"Point","coordinates":[76,9.9]},"properties":{"ptf_id":1125896,"ptf_ref":"WXXHMUK","category":"ship_based_meteorological_sot_vos","ptf_model":"GENERIC MANUAL","wigos_ref":"0-22000-0-WXXHMUK","country_name":"USA","country_ship":null,"goos_networks":"VOS","ptf_family_name":"Ship Weather Station","country_iso_reporting":"US","country_sensor_provider":null}},{"type":"Feature","geometry":{"type":"Point","coordinates":[-80.1,26.1]},"properties":{"ptf_id":1125916,"ptf_ref":"XLBDNHH","category":"ship_based_meteorological_sot_vos","ptf_model":"TURBOWIN","wigos_ref":"0-22000-0-XLBDNHH","country_name":"USA","country_ship":null,"goos_networks":"VOS","ptf_family_name":"Ship Weather Station","country_iso_reporting":"US","country_sensor_provider":null}},{"type":"Feature","geometry":{"type":"Point","coordinates":[149.42,-7.04]},"properties":{"ptf_id":1125930,"ptf_ref":"DJXYQXH","category":"ship_based_meteorological_sot_vos","ptf_model":"EUCAWS/NEPTUNE","wigos_ref":"0-22000-0-DJXYQXH","country_name":"GERMANY","country_ship":null,"goos_networks":"VOS","ptf_family_name":"Ship Weather Station","country_iso_reporting":"DE","country_sensor_provider":null}},{"type":"Feature","geometry":{"type":"Point","coordinates":[89.5,1.7]},"properties":{"ptf_id":1125936,"ptf_ref":"YCAAYCC","category":"ship_based_meteorological_sot_vos","ptf_model":"TURBOWIN+ MANUAL","wigos_ref":"0-22000-0-YCAAYCC","country_name":"GERMANY","country_ship":null,"goos_networks":"VOS","ptf_family_name":"Ship Weather Station","country_iso_reporting":"DE","country_sensor_provider":null}},{"type":"Feature","geometry":{"type":"Point","coordinates":[-7.61,33.6]},"properties":{"ptf_id":1126266,"ptf_ref":"ADFBKUM","category":"ship_based_meteorological_sot_vos","ptf_model":"EUCAWS/NEPTUNE","wigos_ref":"0-22000-0-ADFBKUM","country_name":"FRANCE","country_ship":null,"goos_networks":"VOS","ptf_family_name":"Ship Weather Station","country_iso_reporting":"FR","country_sensor_provider":null}},{"type":"Feature","geometry":{"type":"Point","coordinates":[134.58,7.81]},"properties":{"ptf_id":1126325,"ptf_ref":"ZQBVSBE","category":"ship_based_meteorological_sot_vos","ptf_model":"MERCURY","wigos_ref":"0-22000-0-ZQBVSBE","country_name":"FRANCE","country_ship":null,"goos_networks":"VOS","ptf_family_name":"Ship Weather Station","country_iso_reporting":"FR","country_sensor_provider":null}},{"type":"Feature","geometry":{"type":"Point","coordinates":[-97.33,20.96]},"properties":{"ptf_id":1126518,"ptf_ref":"AWCB8HZ","category":"ship_based_meteorological_sot_vos","ptf_model":"EUCAWS/NEPTUNE","wigos_ref":"0-22000-0-AWCB8HZ","country_name":"GERMANY","country_ship":null,"goos_networks":"VOS","ptf_family_name":"Ship Weather Station","country_iso_reporting":"DE","country_sensor_provider":null}},{"type":"Feature","geometry":{"type":"Point","coordinates":[42.4,-16.6]},"properties":{"ptf_id":1126520,"ptf_ref":"JFZ6SXK","category":"ship_based_meteorological_sot_vos","ptf_model":"TURBOWIN+ MANUAL","wigos_ref":"0-22000-0-JFZ6SXK","country_name":"GERMANY","country_ship":null,"goos_networks":"VOS","ptf_family_name":"Ship Weather Station","country_iso_reporting":"DE","country_sensor_provider":null}},{"type":"Feature","geometry":{"type":"Point","coordinates":[43.8,11.7]},"properties":{"ptf_id":1126521,"ptf_ref":"TBAGLYM","category":"ship_based_meteorological_sot_vos","ptf_model":"TURBOWIN+ MANUAL","wigos_ref":"0-22000-0-TBAGLYM","country_name":"GERMANY","country_ship":null,"goos_networks":"VOS","ptf_family_name":"Ship Weather Station","country_iso_reporting":"DE","country_sensor_provider":null}},{"type":"Feature","geometry":{"type":"Point","coordinates":[114.4,14.3]},"properties":{"ptf_id":1126524,"ptf_ref":"URRXF7Z","category":"ship_based_meteorological_sot_vos","ptf_model":"TURBOWIN+ MANUAL","wigos_ref":"0-22000-0-URRXF7Z","country_name":"GERMANY","country_ship":null,"goos_networks":"VOS","ptf_family_name":"Ship Weather Station","country_iso_reporting":"DE","country_sensor_provider":null}},{"type":"Feature","geometry":{"type":"Point","coordinates":[86.8,-0.5]},"properties":{"ptf_id":1126525,"ptf_ref":"FFRGBAS","category":"ship_based_meteorological_sot_vos","ptf_model":"TURBOWIN+ MANUAL","wigos_ref":"0-22000-0-FFRGBAS","country_name":"GERMANY","country_ship":null,"goos_networks":"VOS","ptf_family_name":"Ship Weather Station","country_iso_reporting":"DE","country_sensor_provider":null}},{"type":"Feature","geometry":{"type":"Point","coordinates":[59,19.9]},"properties":{"ptf_id":1126527,"ptf_ref":"BQMC7QD","category":"ship_based_meteorological_sot_vos","ptf_model":"TURBOWIN+ MANUAL","wigos_ref":"0-22000-0-BQMC7QD","country_name":"GERMANY","country_ship":null,"goos_networks":"VOS","ptf_family_name":"Ship Weather Station","country_iso_reporting":"DE","country_sensor_provider":null}},{"type":"Feature","geometry":{"type":"Point","coordinates":[132.1,32.2]},"properties":{"ptf_id":1126595,"ptf_ref":"DGTHCFK","category":"ship_based_meteorological_sot_vos","ptf_model":"TURBOWIN+ MANUAL","wigos_ref":"0-22000-0-DGTHCFK","country_name":"AUSTRALIA","country_ship":null,"goos_networks":"VOS","ptf_family_name":"Ship Weather Station","country_iso_reporting":"AU","country_sensor_provider":null}},{"type":"Feature","geometry":{"type":"Point","coordinates":[114.3,-15.4]},"properties":{"ptf_id":1126596,"ptf_ref":"YRU6UKM","category":"ship_based_meteorological_sot_vos","ptf_model":"TURBOWIN+ MANUAL","wigos_ref":"0-22000-0-YRU6UKM","country_name":"AUSTRALIA","country_ship":null,"goos_networks":"VOS","ptf_family_name":"Ship Weather Station","country_iso_reporting":"AU","country_sensor_provider":null}},{"type":"Feature","geometry":{"type":"Point","coordinates":[10.1,38.8]},"properties":{"ptf_id":1126660,"ptf_ref":"FMMBJMB","category":"ship_based_meteorological_sot_vos","ptf_model":"TURBOWIN","wigos_ref":"0-22000-0-FMMBJMB","country_name":"USA","country_ship":null,"goos_networks":"VOS","ptf_family_name":"Ship Weather Station","country_iso_reporting":"US","country_sensor_provider":null}},{"type":"Feature","geometry":{"type":"Point","coordinates":[-67.8,11.5]},"properties":{"ptf_id":1126661,"ptf_ref":"ZRG295P","category":"ship_based_meteorological_sot_vos","ptf_model":"TURBOWIN","wigos_ref":"0-22000-0-ZRG295P","country_name":"USA","country_ship":null,"goos_networks":"VOS","ptf_family_name":"Ship Weather Station","country_iso_reporting":"US","country_sensor_provider":null}},{"type":"Feature","geometry":{"type":"Point","coordinates":[-88.7,10.4]},"properties":{"ptf_id":1126664,"ptf_ref":"KRRN3JT","category":"ship_based_meteorological_sot_vos","ptf_model":"GENERIC MANUAL","wigos_ref":"0-22000-0-KRRN3JT","country_name":"USA","country_ship":null,"goos_networks":"VOS","ptf_family_name":"Ship Weather Station","country_iso_reporting":"US","country_sensor_provider":null}},{"type":"Feature","geometry":{"type":"Point","coordinates":[-37.6,42.4]},"properties":{"ptf_id":1126672,"ptf_ref":"VJSEWFX","category":"ship_based_meteorological_sot_vos","ptf_model":"TURBOWIN","wigos_ref":"0-22000-0-VJSEWFX","country_name":"USA","country_ship":null,"goos_networks":"VOS","ptf_family_name":"Ship Weather Station","country_iso_reporting":"US","country_sensor_provider":null}},{"type":"Feature","geometry":{"type":"Point","coordinates":[127.8,31.9]},"properties":{"ptf_id":1126674,"ptf_ref":"NGV8RYV","category":"ship_based_meteorological_sot_vos","ptf_model":"TURBOWIN","wigos_ref":"0-22000-0-NGV8RYV","country_name":"USA","country_ship":null,"goos_networks":"VOS","ptf_family_name":"Ship Weather Station","country_iso_reporting":"US","country_sensor_provider":null}},{"type":"Feature","geometry":{"type":"Point","coordinates":[-135.6,58.2]},"properties":{"ptf_id":1126682,"ptf_ref":"DXJDDUT","category":"ship_based_meteorological_sot_vos","ptf_model":"GENERIC MANUAL","wigos_ref":"0-22000-0-DXJDDUT","country_name":"USA","country_ship":null,"goos_networks":"VOS","ptf_family_name":"Ship Weather Station","country_iso_reporting":"US","country_sensor_provider":null}},{"type":"Feature","geometry":{"type":"Point","coordinates":[-138.5,58.6]},"properties":{"ptf_id":1126683,"ptf_ref":"JCAHZHN","category":"ship_based_meteorological_sot_vos","ptf_model":"TURBOWIN","wigos_ref":"0-22000-0-JCAHZHN","country_name":"USA","country_ship":null,"goos_networks":"VOS","ptf_family_name":"Ship Weather Station","country_iso_reporting":"US","country_sensor_provider":null}},{"type":"Feature","geometry":{"type":"Point","coordinates":[167.6,43.6]},"properties":{"ptf_id":1126687,"ptf_ref":"LXRWK7C","category":"ship_based_meteorological_sot_vos","ptf_model":"TURBOWIN+ MANUAL","wigos_ref":"0-22000-0-LXRWK7C","country_name":"USA","country_ship":null,"goos_networks":"VOS","ptf_family_name":"Ship Weather Station","country_iso_reporting":"US","country_sensor_provider":null}},{"type":"Feature","geometry":{"type":"Point","coordinates":[104.4,8.3]},"properties":{"ptf_id":1126689,"ptf_ref":"QPKWDLE","category":"ship_based_meteorological_sot_vos","ptf_model":"TURBOWIN","wigos_ref":"0-22000-0-QPKWDLE","country_name":"USA","country_ship":null,"goos_networks":"VOS","ptf_family_name":"Ship Weather Station","country_iso_reporting":"US","country_sensor_provider":null}},{"type":"Feature","geometry":{"type":"Point","coordinates":[11.4,41.7]},"properties":{"ptf_id":1126694,"ptf_ref":"PGBLJZA","category":"ship_based_meteorological_sot_vos","ptf_model":"GENERIC MANUAL","wigos_ref":"0-22000-0-PGBLJZA","country_name":"USA","country_ship":null,"goos_networks":"VOS","ptf_family_name":"Ship Weather Station","country_iso_reporting":"US","country_sensor_provider":null}},{"type":"Feature","geometry":{"type":"Point","coordinates":[5.8,42.6]},"properties":{"ptf_id":1126695,"ptf_ref":"3MBBUTQ","category":"ship_based_meteorological_sot_vos","ptf_model":"TURBOWIN","wigos_ref":"0-22000-0-3MBBUTQ","country_name":"USA","country_ship":null,"goos_networks":"VOS","ptf_family_name":"Ship Weather Station","country_iso_reporting":"US","country_sensor_provider":null}},{"type":"Feature","geometry":{"type":"Point","coordinates":[-141.2,40.9]},"properties":{"ptf_id":1126706,"ptf_ref":"SAFWBSK","category":"ship_based_meteorological_sot_vos","ptf_model":"TURBOWIN","wigos_ref":"0-22000-0-SAFWBSK","country_name":"USA","country_ship":null,"goos_networks":"VOS","ptf_family_name":"Ship Weather Station","country_iso_reporting":"US","country_sensor_provider":null}},{"type":"Feature","geometry":{"type":"Point","coordinates":[94.2,5.4]},"properties":{"ptf_id":1126715,"ptf_ref":"9PQEW8S","category":"ship_based_meteorological_sot_vos","ptf_model":"TURBOWIN","wigos_ref":"0-22000-0-9PQEW8S","country_name":"USA","country_ship":null,"goos_networks":"VOS","ptf_family_name":"Ship Weather Station","country_iso_reporting":"US","country_sensor_provider":null}},{"type":"Feature","geometry":{"type":"Point","coordinates":[17.6,-35]},"properties":{"ptf_id":1126794,"ptf_ref":"LZRSRQZ","category":"ship_based_meteorological_sot_vos","ptf_model":"TURBOWIN","wigos_ref":"0-22000-0-LZRSRQZ","country_name":"CHINA","country_ship":null,"goos_networks":"VOS","ptf_family_name":"Ship Weather Station","country_iso_reporting":"CN","country_sensor_provider":null}},{"type":"Feature","geometry":{"type":"Point","coordinates":[105.8,4.3]},"properties":{"ptf_id":1126796,"ptf_ref":"YLCMGLW","category":"ship_based_meteorological_sot_vos","ptf_model":"TURBOWIN","wigos_ref":"0-22000-0-YLCMGLW","country_name":"CHINA","country_ship":null,"goos_networks":"VOS","ptf_family_name":"Ship Weather Station","country_iso_reporting":"CN","country_sensor_provider":null}},{"type":"Feature","geometry":{"type":"Point","coordinates":[25.8,36.9]},"properties":{"ptf_id":1126922,"ptf_ref":"BFUGCQQ","category":"ship_based_meteorological_sot_vos","ptf_model":"TURBOWIN+ MANUAL","wigos_ref":"0-22000-0-BFUGCQQ","country_name":"UK","country_ship":null,"goos_networks":"VOS","ptf_family_name":"Ship Weather Station","country_iso_reporting":"GB","country_sensor_provider":null}},{"type":"Feature","geometry":{"type":"Point","coordinates":[1.6,51.1]},"properties":{"ptf_id":1126923,"ptf_ref":"WUKJN8R","category":"ship_based_meteorological_sot_vos","ptf_model":"TURBOWIN+ MANUAL","wigos_ref":"0-22000-0-WUKJN8R","country_name":"UK","country_ship":null,"goos_networks":"VOS","ptf_family_name":"Ship Weather Station","country_iso_reporting":"GB","country_sensor_provider":null}},{"type":"Feature","geometry":{"type":"Point","coordinates":[-46.9,-25]},"properties":{"ptf_id":1127112,"ptf_ref":"MUW2BKU","category":"ship_based_meteorological_sot_vos","ptf_model":"TURBOWIN","wigos_ref":"0-22000-0-MUW2BKU","country_name":"USA","country_ship":null,"goos_networks":"VOS","ptf_family_name":"Ship Weather Station","country_iso_reporting":"US","country_sensor_provider":null}},{"type":"Feature","geometry":{"type":"Point","coordinates":[-50.1,-31.2]},"properties":{"ptf_id":1127114,"ptf_ref":"WVCFSWR","category":"ship_based_meteorological_sot_vos","ptf_model":"GENERIC MANUAL","wigos_ref":"0-22000-0-WVCFSWR","country_name":"USA","country_ship":null,"goos_networks":"VOS","ptf_family_name":"Ship Weather Station","country_iso_reporting":"US","country_sensor_provider":null}},{"type":"Feature","geometry":{"type":"Point","coordinates":[-75.4,25.9]},"properties":{"ptf_id":1127116,"ptf_ref":"4SLZM4X","category":"ship_based_meteorological_sot_vos","ptf_model":"GENERIC MANUAL","wigos_ref":"0-22000-0-4SLZM4X","country_name":"USA","country_ship":null,"goos_networks":"VOS","ptf_family_name":"Ship Weather Station","country_iso_reporting":"US","country_sensor_provider":null}},{"type":"Feature","geometry":{"type":"Point","coordinates":[1.67,51.17]},"properties":{"ptf_id":1127916,"ptf_ref":"ZDLK2QL","category":"ship_based_meteorological_sot_vos","ptf_model":"EUCAWS/NEPTUNE","wigos_ref":"0-22000-0-ZDLK2QL","country_name":"NETHERLANDS","country_ship":null,"goos_networks":"VOS","ptf_family_name":"Ship Weather Station","country_iso_reporting":"NL","country_sensor_provider":null}},{"type":"Feature","geometry":{"type":"Point","coordinates":[109.9,9.1]},"properties":{"ptf_id":1128319,"ptf_ref":"GZU6L8G","category":"ship_based_meteorological_sot_vos","ptf_model":"TURBOWIN+ MANUAL","wigos_ref":"0-22000-0-GZU6L8G","country_name":"GERMANY","country_ship":null,"goos_networks":"VOS","ptf_family_name":"Ship Weather Station","country_iso_reporting":"DE","country_sensor_provider":null}},{"type":"Feature","geometry":{"type":"Point","coordinates":[14.1,-27.1]},"properties":{"ptf_id":1128323,"ptf_ref":"SJGS5AE","category":"ship_based_meteorological_sot_vos","ptf_model":"TURBOWIN+ MANUAL","wigos_ref":"0-22000-0-SJGS5AE","country_name":"GERMANY","country_ship":null,"goos_networks":"VOS","ptf_family_name":"Ship Weather Station","country_iso_reporting":"DE","country_sensor_provider":null}},{"type":"Feature","geometry":{"type":"Point","coordinates":[0.5,4.2]},"properties":{"ptf_id":1128325,"ptf_ref":"ZSSS5XX","category":"ship_based_meteorological_sot_vos","ptf_model":"TURBOWIN+ MANUAL","wigos_ref":"0-22000-0-ZSSS5XX","country_name":"GERMANY","country_ship":null,"goos_networks":"VOS","ptf_family_name":"Ship Weather Station","country_iso_reporting":"DE","country_sensor_provider":null}},{"type":"Feature","geometry":{"type":"Point","coordinates":[-7.9,34.2]},"properties":{"ptf_id":1128326,"ptf_ref":"KHVEVKQ","category":"ship_based_meteorological_sot_vos","ptf_model":"TURBOWIN+ MANUAL","wigos_ref":"0-22000-0-KHVEVKQ","country_name":"GERMANY","country_ship":null,"goos_networks":"VOS","ptf_family_name":"Ship Weather Station","country_iso_reporting":"DE","country_sensor_provider":null}},{"type":"Feature","geometry":{"type":"Point","coordinates":[13.6,-24.5]},"properties":{"ptf_id":1128327,"ptf_ref":"GWBWFCJ","category":"ship_based_meteorological_sot_vos","ptf_model":"TURBOWIN+ MANUAL","wigos_ref":"0-22000-0-GWBWFCJ","country_name":"GERMANY","country_ship":null,"goos_networks":"VOS","ptf_family_name":"Ship Weather Station","country_iso_reporting":"DE","country_sensor_provider":null}},{"type":"Feature","geometry":{"type":"Point","coordinates":[51.3,5.6]},"properties":{"ptf_id":1128330,"ptf_ref":"2SJFXLU","category":"ship_based_meteorological_sot_vos","ptf_model":"TURBOWIN+ MANUAL","wigos_ref":"0-22000-0-2SJFXLU","country_name":"GERMANY","country_ship":null,"goos_networks":"VOS","ptf_family_name":"Ship Weather Station","country_iso_reporting":"DE","country_sensor_provider":null}},{"type":"Feature","geometry":{"type":"Point","coordinates":[-77.8,-11.5]},"properties":{"ptf_id":1128331,"ptf_ref":"4JQM68X","category":"ship_based_meteorological_sot_vos","ptf_model":"TURBOWIN+ MANUAL","wigos_ref":"0-22000-0-4JQM68X","country_name":"GERMANY","country_ship":null,"goos_networks":"VOS","ptf_family_name":"Ship Weather Station","country_iso_reporting":"DE","country_sensor_provider":null}},{"type":"Feature","geometry":{"type":"Point","coordinates":[171.6,-44.3]},"properties":{"ptf_id":1128332,"ptf_ref":"3JPBBPQ","category":"ship_based_meteorological_sot_vos","ptf_model":"TURBOWIN+ MANUAL","wigos_ref":"0-22000-0-3JPBBPQ","country_name":"GERMANY","country_ship":null,"goos_networks":"VOS","ptf_family_name":"Ship Weather Station","country_iso_reporting":"DE","country_sensor_provider":null}},{"type":"Feature","geometry":{"type":"Point","coordinates":[83.4,5.5]},"properties":{"ptf_id":1128333,"ptf_ref":"5YYAYMH","category":"ship_based_meteorological_sot_vos","ptf_model":"TURBOWIN+ MANUAL","wigos_ref":"0-22000-0-5YYAYMH","country_name":"GERMANY","country_ship":null,"goos_networks":"VOS","ptf_family_name":"Ship Weather Station","country_iso_reporting":"DE","country_sensor_provider":null}},{"type":"Feature","geometry":{"type":"Point","coordinates":[94.6,5.6]},"properties":{"ptf_id":1128335,"ptf_ref":"NSSZH9D","category":"ship_based_meteorological_sot_vos","ptf_model":"TURBOWIN+ MANUAL","wigos_ref":"0-22000-0-NSSZH9D","country_name":"GERMANY","country_ship":null,"goos_networks":"VOS","ptf_family_name":"Ship Weather Station","country_iso_reporting":"DE","country_sensor_provider":null}},{"type":"Feature","geometry":{"type":"Point","coordinates":[11.1,-18.4]},"properties":{"ptf_id":1128336,"ptf_ref":"JNQRHCK","category":"ship_based_meteorological_sot_vos","ptf_model":"TURBOWIN+ MANUAL","wigos_ref":"0-22000-0-JNQRHCK","country_name":"GERMANY","country_ship":null,"goos_networks":"VOS","ptf_family_name":"Ship Weather Station","country_iso_reporting":"DE","country_sensor_provider":null}},{"type":"Feature","geometry":{"type":"Point","coordinates":[70.1,20.5]},"properties":{"ptf_id":1128337,"ptf_ref":"CJUPDZS","category":"ship_based_meteorological_sot_vos","ptf_model":"TURBOWIN+ MANUAL","wigos_ref":"0-22000-0-CJUPDZS","country_name":"GERMANY","country_ship":null,"goos_networks":"VOS","ptf_family_name":"Ship Weather Station","country_iso_reporting":"DE","country_sensor_provider":null}},{"type":"Feature","geometry":{"type":"Point","coordinates":[0.8,3.6]},"properties":{"ptf_id":1128338,"ptf_ref":"FGY2LLN","category":"ship_based_meteorological_sot_vos","ptf_model":"TURBOWIN+ MANUAL","wigos_ref":"0-22000-0-FGY2LLN","country_name":"GERMANY","country_ship":null,"goos_networks":"VOS","ptf_family_name":"Ship Weather Station","country_iso_reporting":"DE","country_sensor_provider":null}},{"type":"Feature","geometry":{"type":"Point","coordinates":[50,3.2]},"properties":{"ptf_id":1128339,"ptf_ref":"ZWPN2LV","category":"ship_based_meteorological_sot_vos","ptf_model":"TURBOWIN+ MANUAL","wigos_ref":"0-22000-0-ZWPN2LV","country_name":"GERMANY","country_ship":null,"goos_networks":"VOS","ptf_family_name":"Ship Weather Station","country_iso_reporting":"DE","country_sensor_provider":null}},{"type":"Feature","geometry":{"type":"Point","coordinates":[60,24.1]},"properties":{"ptf_id":1128340,"ptf_ref":"KVEPLQU","category":"ship_based_meteorological_sot_vos","ptf_model":"TURBOWIN","wigos_ref":"0-22000-0-KVEPLQU","country_name":"GERMANY","country_ship":null,"goos_networks":"VOS","ptf_family_name":"Ship Weather Station","country_iso_reporting":"DE","country_sensor_provider":null}},{"type":"Feature","geometry":{"type":"Point","coordinates":[12.8,-23.7]},"properties":{"ptf_id":1128342,"ptf_ref":"YPGWNMH","category":"ship_based_meteorological_sot_vos","ptf_model":"TURBOWIN+ MANUAL","wigos_ref":"0-22000-0-YPGWNMH","country_name":"GERMANY","country_ship":null,"goos_networks":"VOS","ptf_family_name":"Ship Weather Station","country_iso_reporting":"DE","country_sensor_provider":null}},{"type":"Feature","geometry":{"type":"Point","coordinates":[5.8,37.2]},"properties":{"ptf_id":1128343,"ptf_ref":"LZGZ56S","category":"ship_based_meteorological_sot_vos","ptf_model":"TURBOWIN+ MANUAL","wigos_ref":"0-22000-0-LZGZ56S","country_name":"GERMANY","country_ship":null,"goos_networks":"VOS","ptf_family_name":"Ship Weather Station","country_iso_reporting":"DE","country_sensor_provider":null}},{"type":"Feature","geometry":{"type":"Point","coordinates":[5.08,36.74]},"properties":{"ptf_id":1128349,"ptf_ref":"CMXXXKP","category":"ship_based_meteorological_sot_vos","ptf_model":"EUCAWS/NEPTUNE","wigos_ref":"0-22000-0-CMXXXKP","country_name":"GERMANY","country_ship":null,"goos_networks":"VOS","ptf_family_name":"Ship Weather Station","country_iso_reporting":"DE","country_sensor_provider":null}},{"type":"Feature","geometry":{"type":"Point","coordinates":[172.3,47.5]},"properties":{"ptf_id":1128350,"ptf_ref":"UECHRFL","category":"ship_based_meteorological_sot_vos","ptf_model":"TURBOWIN+ MANUAL","wigos_ref":"0-22000-0-UECHRFL","country_name":"GERMANY","country_ship":null,"goos_networks":"VOS","ptf_family_name":"Ship Weather Station","country_iso_reporting":"DE","country_sensor_provider":null}},{"type":"Feature","geometry":{"type":"Point","coordinates":[0,5.5]},"properties":{"ptf_id":1128351,"ptf_ref":"3CTUYJF","category":"ship_based_meteorological_sot_vos","ptf_model":"TURBOWIN+ MANUAL","wigos_ref":"0-22000-0-3CTUYJF","country_name":"GERMANY","country_ship":null,"goos_networks":"VOS","ptf_family_name":"Ship Weather Station","country_iso_reporting":"DE","country_sensor_provider":null}},{"type":"Feature","geometry":{"type":"Point","coordinates":[-9.2,-0.3]},"properties":{"ptf_id":1128358,"ptf_ref":"7THX2LP","category":"ship_based_meteorological_sot_vos","ptf_model":"TURBOWIN+ MANUAL","wigos_ref":"0-22000-0-7THX2LP","country_name":"GERMANY","country_ship":null,"goos_networks":"VOS","ptf_family_name":"Ship Weather Station","country_iso_reporting":"DE","country_sensor_provider":null}},{"type":"Feature","geometry":{"type":"Point","coordinates":[-4.9,49]},"properties":{"ptf_id":1128360,"ptf_ref":"3BBJMML","category":"ship_based_meteorological_sot_vos","ptf_model":"TURBOWIN+ MANUAL","wigos_ref":"0-22000-0-3BBJMML","country_name":"GERMANY","country_ship":null,"goos_networks":"VOS","ptf_family_name":"Ship Weather Station","country_iso_reporting":"DE","country_sensor_provider":null}},{"type":"Feature","geometry":{"type":"Point","coordinates":[65.3,10.5]},"properties":{"ptf_id":1128361,"ptf_ref":"LNM53LS","category":"ship_based_meteorological_sot_vos","ptf_model":"TURBOWIN+ MANUAL","wigos_ref":"0-22000-0-LNM53LS","country_name":"GERMANY","country_ship":null,"goos_networks":"VOS","ptf_family_name":"Ship Weather Station","country_iso_reporting":"DE","country_sensor_provider":null}},{"type":"Feature","geometry":{"type":"Point","coordinates":[106.4,5.2]},"properties":{"ptf_id":1128363,"ptf_ref":"KEP23GP","category":"ship_based_meteorological_sot_vos","ptf_model":"TURBOWIN+ MANUAL","wigos_ref":"0-22000-0-KEP23GP","country_name":"GERMANY","country_ship":null,"goos_networks":"VOS","ptf_family_name":"Ship Weather Station","country_iso_reporting":"DE","country_sensor_provider":null}},{"type":"Feature","geometry":{"type":"Point","coordinates":[-55.2,9.8]},"properties":{"ptf_id":1128365,"ptf_ref":"LWQPWTY","category":"ship_based_meteorological_sot_vos","ptf_model":"TURBOWIN+ MANUAL","wigos_ref":"0-22000-0-LWQPWTY","country_name":"GERMANY","country_ship":null,"goos_networks":"VOS","ptf_family_name":"Ship Weather Station","country_iso_reporting":"DE","country_sensor_provider":null}},{"type":"Feature","geometry":{"type":"Point","coordinates":[101.9,2.1]},"properties":{"ptf_id":1128366,"ptf_ref":"4RJRTLJ","category":"ship_based_meteorological_sot_vos","ptf_model":"TURBOWIN+ MANUAL","wigos_ref":"0-22000-0-4RJRTLJ","country_name":"GERMANY","country_ship":null,"goos_networks":"VOS","ptf_family_name":"Ship Weather Station","country_iso_reporting":"DE","country_sensor_provider":null}},{"type":"Feature","geometry":{"type":"Point","coordinates":[41.6,-17]},"properties":{"ptf_id":1128367,"ptf_ref":"AZGM4MC","category":"ship_based_meteorological_sot_vos","ptf_model":"TURBOWIN+ MANUAL","wigos_ref":"0-22000-0-AZGM4MC","country_name":"GERMANY","country_ship":null,"goos_networks":"VOS","ptf_family_name":"Ship Weather Station","country_iso_reporting":"DE","country_sensor_provider":null}},{"type":"Feature","geometry":{"type":"Point","coordinates":[-38.2,-16]},"properties":{"ptf_id":1128368,"ptf_ref":"7GMP8KL","category":"ship_based_meteorological_sot_vos","ptf_model":"TURBOWIN+ MANUAL","wigos_ref":"0-22000-0-7GMP8KL","country_name":"GERMANY","country_ship":null,"goos_networks":"VOS","ptf_family_name":"Ship Weather Station","country_iso_reporting":"DE","country_sensor_provider":null}},{"type":"Feature","geometry":{"type":"Point","coordinates":[170.2,47.3]},"properties":{"ptf_id":1128396,"ptf_ref":"FPF8SSG","category":"ship_based_meteorological_sot_vos","ptf_model":"TURBOWIN","wigos_ref":"0-22000-0-FPF8SSG","country_name":"USA","country_ship":null,"goos_networks":"VOS","ptf_family_name":"Ship Weather Station","country_iso_reporting":"US","country_sensor_provider":null}},{"type":"Feature","geometry":{"type":"Point","coordinates":[146.8,-5.5]},"properties":{"ptf_id":1128488,"ptf_ref":"PAPMSMJ","category":"ship_based_meteorological_sot_vos","ptf_model":"GENERIC MANUAL","wigos_ref":"0-22000-0-PAPMSMJ","country_name":"JAPAN","country_ship":null,"goos_networks":"VOS","ptf_family_name":"Ship Weather Station","country_iso_reporting":"JP","country_sensor_provider":null}},{"type":"Feature","geometry":{"type":"Point","coordinates":[134.5,32.8]},"properties":{"ptf_id":1128494,"ptf_ref":"NVWR4KQ","category":"ship_based_meteorological_sot_vos","ptf_model":"GENERIC MANUAL","wigos_ref":"0-22000-0-NVWR4KQ","country_name":"JAPAN","country_ship":null,"goos_networks":"VOS","ptf_family_name":"Ship Weather Station","country_iso_reporting":"JP","country_sensor_provider":null}},{"type":"Feature","geometry":{"type":"Point","coordinates":[-82.4,43.8]},"properties":{"ptf_id":1128669,"ptf_ref":"AYXZ6WP","category":"ship_based_meteorological_sot_vos","ptf_model":"DMAWDS","wigos_ref":"0-22000-0-AYXZ6WP","country_name":"USA","country_ship":null,"goos_networks":"VOS","ptf_family_name":"Ship Weather Station","country_iso_reporting":"US","country_sensor_provider":null}},{"type":"Feature","geometry":{"type":"Point","coordinates":[-77,43.8]},"properties":{"ptf_id":1128670,"ptf_ref":"APUMP2L","category":"ship_based_meteorological_sot_vos","ptf_model":"DMAWDS","wigos_ref":"0-22000-0-APUMP2L","country_name":"USA","country_ship":null,"goos_networks":"VOS","ptf_family_name":"Ship Weather Station","country_iso_reporting":"US","country_sensor_provider":null}},{"type":"Feature","geometry":{"type":"Point","coordinates":[152.8,-33.8]},"properties":{"ptf_id":1128675,"ptf_ref":"ZPN4GXP","category":"ship_based_meteorological_sot_vos","ptf_model":"TURBOWIN","wigos_ref":"0-22000-0-ZPN4GXP","country_name":"USA","country_ship":null,"goos_networks":"VOS","ptf_family_name":"Ship Weather Station","country_iso_reporting":"US","country_sensor_provider":null}},{"type":"Feature","geometry":{"type":"Point","coordinates":[58.1,24.8]},"properties":{"ptf_id":1128679,"ptf_ref":"9BT3LYB","category":"ship_based_meteorological_sot_vos","ptf_model":"GENERIC MANUAL","wigos_ref":"0-22000-0-9BT3LYB","country_name":"USA","country_ship":null,"goos_networks":"VOS","ptf_family_name":"Ship Weather Station","country_iso_reporting":"US","country_sensor_provider":null}},{"type":"Feature","geometry":{"type":"Point","coordinates":[13.22,54.68]},"properties":{"ptf_id":1128739,"ptf_ref":"HAMGBUL","category":"ship_based_meteorological_sot_vos","ptf_model":"EUCAWS/NEPTUNE","wigos_ref":"0-22000-0-HAMGBUL","country_name":"GERMANY","country_ship":null,"goos_networks":"VOS","ptf_family_name":"Ship Weather Station","country_iso_reporting":"DE","country_sensor_provider":null}},{"type":"Feature","geometry":{"type":"Point","coordinates":[-66.8,50]},"properties":{"ptf_id":1129030,"ptf_ref":"FLGM64B","category":"ship_based_meteorological_sot_vos","ptf_model":"GENERIC MANUAL","wigos_ref":"0-22000-0-FLGM64B","country_name":"USA","country_ship":null,"goos_networks":"VOS","ptf_family_name":"Ship Weather Station","country_iso_reporting":"US","country_sensor_provider":null}},{"type":"Feature","geometry":{"type":"Point","coordinates":[8.58,53.53]},"properties":{"ptf_id":1129248,"ptf_ref":"EHHTB7Q","category":"ship_based_meteorological_sot_vos","ptf_model":"EUCAWS/NEPTUNE","wigos_ref":"0-22000-0-EHHTB7Q","country_name":"GERMANY","country_ship":null,"goos_networks":"VOS","ptf_family_name":"Ship Weather Station","country_iso_reporting":"DE","country_sensor_provider":null}},{"type":"Feature","geometry":{"type":"Point","coordinates":[9.98,57.59]},"properties":{"ptf_id":1129249,"ptf_ref":"ZGXRBQD","category":"ship_based_meteorological_sot_vos","ptf_model":"EUCAWS/NEPTUNE","wigos_ref":"0-22000-0-ZGXRBQD","country_name":"GERMANY","country_ship":null,"goos_networks":"VOS","ptf_family_name":"Ship Weather Station","country_iso_reporting":"DE","country_sensor_provider":null}},{"type":"Feature","geometry":{"type":"Point","coordinates":[-135.6,58.2]},"properties":{"ptf_id":1129262,"ptf_ref":"DRMLC3P","category":"ship_based_meteorological_sot_vos","ptf_model":"GENERIC MANUAL","wigos_ref":"0-22000-0-DRMLC3P","country_name":"USA","country_ship":null,"goos_networks":"VOS","ptf_family_name":"Ship Weather Station","country_iso_reporting":"US","country_sensor_provider":null}},{"type":"Feature","geometry":{"type":"Point","coordinates":[8.58,53.52]},"properties":{"ptf_id":1129317,"ptf_ref":"CVTKCAL","category":"ship_based_meteorological_sot_vos","ptf_model":"EUCAWS/NEPTUNE","wigos_ref":"0-22000-0-CVTKCAL","country_name":"GERMANY","country_ship":null,"goos_networks":"VOS","ptf_family_name":"Ship Weather Station","country_iso_reporting":"DE","country_sensor_provider":null}},{"type":"Feature","geometry":{"type":"Point","coordinates":[-71.36,46.73]},"properties":{"ptf_id":1129563,"ptf_ref":"XWFA5JQ","category":"ship_based_meteorological_sot_vos","ptf_model":"EUCAWS/NEPTUNE","wigos_ref":"0-22000-0-XWFA5JQ","country_name":"GERMANY","country_ship":null,"goos_networks":"VOS","ptf_family_name":"Ship Weather Station","country_iso_reporting":"DE","country_sensor_provider":null}},{"type":"Feature","geometry":{"type":"Point","coordinates":[107.7,7.6]},"properties":{"ptf_id":1129579,"ptf_ref":"WEJYQ8W","category":"ship_based_meteorological_sot_vos","ptf_model":"TURBOWIN","wigos_ref":"0-22000-0-WEJYQ8W","country_name":"USA","country_ship":null,"goos_networks":"VOS","ptf_family_name":"Ship Weather Station","country_iso_reporting":"US","country_sensor_provider":null}},{"type":"Feature","geometry":{"type":"Point","coordinates":[-116.2,26.4]},"properties":{"ptf_id":1129591,"ptf_ref":"UGAEMBY","category":"ship_based_meteorological_sot_vos","ptf_model":"TURBOWIN","wigos_ref":"0-22000-0-UGAEMBY","country_name":"USA","country_ship":null,"goos_networks":"VOS","ptf_family_name":"Ship Weather Station","country_iso_reporting":"US","country_sensor_provider":null}},{"type":"Feature","geometry":{"type":"Point","coordinates":[103.5,1.2]},"properties":{"ptf_id":1129595,"ptf_ref":"JDEJ8GM","category":"ship_based_meteorological_sot_vos","ptf_model":"TURBOWIN","wigos_ref":"0-22000-0-JDEJ8GM","country_name":"USA","country_ship":null,"goos_networks":"VOS","ptf_family_name":"Ship Weather Station","country_iso_reporting":"US","country_sensor_provider":null}},{"type":"Feature","geometry":{"type":"Point","coordinates":[-79.8,43.3]},"properties":{"ptf_id":1129599,"ptf_ref":"CSKHPUN","category":"ship_based_meteorological_sot_vos","ptf_model":"GENERIC MANUAL","wigos_ref":"0-22000-0-CSKHPUN","country_name":"USA","country_ship":null,"goos_networks":"VOS","ptf_family_name":"Ship Weather Station","country_iso_reporting":"US","country_sensor_provider":null}},{"type":"Feature","geometry":{"type":"Point","coordinates":[-89.2,48.4]},"properties":{"ptf_id":1129600,"ptf_ref":"LQZ54CE","category":"ship_based_meteorological_sot_vos","ptf_model":"DMAWDS","wigos_ref":"0-22000-0-LQZ54CE","country_name":"USA","country_ship":null,"goos_networks":"VOS","ptf_family_name":"Ship Weather Station","country_iso_reporting":"US","country_sensor_provider":null}},{"type":"Feature","geometry":{"type":"Point","coordinates":[-94.5,29.3]},"properties":{"ptf_id":1129611,"ptf_ref":"4JWFDEW","category":"ship_based_meteorological_sot_vos","ptf_model":"GENERIC MANUAL","wigos_ref":"0-22000-0-4JWFDEW","country_name":"USA","country_ship":null,"goos_networks":"VOS","ptf_family_name":"Ship Weather Station","country_iso_reporting":"US","country_sensor_provider":null}},{"type":"Feature","geometry":{"type":"Point","coordinates":[38.95,-30.04]},"properties":{"ptf_id":1129662,"ptf_ref":"JGKVTNH","category":"ship_based_meteorological_sot_vos","ptf_model":"EUCAWS/NEPTUNE","wigos_ref":"0-22000-0-JGKVTNH","country_name":"GERMANY","country_ship":null,"goos_networks":"VOS","ptf_family_name":"Ship Weather Station","country_iso_reporting":"DE","country_sensor_provider":null}},{"type":"Feature","geometry":{"type":"Point","coordinates":[105.55,3.29]},"properties":{"ptf_id":1129663,"ptf_ref":"DLXT34Y","category":"ship_based_meteorological_sot_vos","ptf_model":"EUCAWS/NEPTUNE","wigos_ref":"0-22000-0-DLXT34Y","country_name":"GERMANY","country_ship":null,"goos_networks":"VOS","ptf_family_name":"Ship Weather Station","country_iso_reporting":"DE","country_sensor_provider":null}},{"type":"Feature","geometry":{"type":"Point","coordinates":[-133.4,44.4]},"properties":{"ptf_id":1129669,"ptf_ref":"2PPWGSQ","category":"ship_based_meteorological_sot_vos","ptf_model":"TURBOWIN","wigos_ref":"0-22000-0-2PPWGSQ","country_name":"USA","country_ship":null,"goos_networks":"VOS","ptf_family_name":"Ship Weather Station","country_iso_reporting":"US","country_sensor_provider":null}},{"type":"Feature","geometry":{"type":"Point","coordinates":[-62.3,49.5]},"properties":{"ptf_id":1129672,"ptf_ref":"8BRDGRB","category":"ship_based_meteorological_sot_vos","ptf_model":"TURBOWIN","wigos_ref":"0-22000-0-8BRDGRB","country_name":"USA","country_ship":null,"goos_networks":"VOS","ptf_family_name":"Ship Weather Station","country_iso_reporting":"US","country_sensor_provider":null}},{"type":"Feature","geometry":{"type":"Point","coordinates":[-70.4,22.1]},"properties":{"ptf_id":1129673,"ptf_ref":"7SBVTTB","category":"ship_based_meteorological_sot_vos","ptf_model":"TURBOWIN+ AUTO","wigos_ref":"0-22000-0-7SBVTTB","country_name":"USA","country_ship":null,"goos_networks":"VOS","ptf_family_name":"Ship Weather Station","country_iso_reporting":"US","country_sensor_provider":null}},{"type":"Feature","geometry":{"type":"Point","coordinates":[-79.9,32.9]},"properties":{"ptf_id":1129680,"ptf_ref":"EWCB26J","category":"ship_based_meteorological_sot_vos","ptf_model":"TURBOWIN+ AUTO","wigos_ref":"0-22000-0-EWCB26J","country_name":"USA","country_ship":null,"goos_networks":"VOS","ptf_family_name":"Ship Weather Station","country_iso_reporting":"US","country_sensor_provider":null}},{"type":"Feature","geometry":{"type":"Point","coordinates":[-74.7,25.6]},"properties":{"ptf_id":1129682,"ptf_ref":"TWYLY6Q","category":"ship_based_meteorological_sot_vos","ptf_model":"TURBOWIN+ AUTO","wigos_ref":"0-22000-0-TWYLY6Q","country_name":"USA","country_ship":null,"goos_networks":"VOS","ptf_family_name":"Ship Weather Station","country_iso_reporting":"US","country_sensor_provider":null}},{"type":"Feature","geometry":{"type":"Point","coordinates":[103.9,1.2]},"properties":{"ptf_id":1129683,"ptf_ref":"CBQ6KLA","category":"ship_based_meteorological_sot_vos","ptf_model":"GENERIC MANUAL","wigos_ref":"0-22000-0-CBQ6KLA","country_name":"USA","country_ship":null,"goos_networks":"VOS","ptf_family_name":"Ship Weather Station","country_iso_reporting":"US","country_sensor_provider":null}},{"type":"Feature","geometry":{"type":"Point","coordinates":[-79.5,25.9]},"properties":{"ptf_id":1129684,"ptf_ref":"5RH4C7F","category":"ship_based_meteorological_sot_vos","ptf_model":"TURBOWIN+ AUTO","wigos_ref":"0-22000-0-5RH4C7F","country_name":"USA","country_ship":null,"goos_networks":"VOS","ptf_family_name":"Ship Weather Station","country_iso_reporting":"US","country_sensor_provider":null}},{"type":"Feature","geometry":{"type":"Point","coordinates":[-71.98,40.46]},"properties":{"ptf_id":1129734,"ptf_ref":"AKNQJ6N","category":"ship_based_meteorological_sot_vos","ptf_model":"EUCAWS/NEPTUNE","wigos_ref":"0-22000-0-AKNQJ6N","country_name":"GERMANY","country_ship":null,"goos_networks":"VOS","ptf_family_name":"Ship Weather Station","country_iso_reporting":"DE","country_sensor_provider":null}},{"type":"Feature","geometry":{"type":"Point","coordinates":[130.8,36.8]},"properties":{"ptf_id":1130530,"ptf_ref":"4ZGA9AA","category":"ship_based_meteorological_sot_vos","ptf_model":"GENERIC AUTO","wigos_ref":"0-22000-0-4ZGA9AA","country_name":"SOUTH KOREA","country_ship":null,"goos_networks":"VOS","ptf_family_name":"Ship Weather Station","country_iso_reporting":"KR","country_sensor_provider":null}},{"type":"Feature","geometry":{"type":"Point","coordinates":[107.6,7.2]},"properties":{"ptf_id":1130532,"ptf_ref":"LPYXPCL","category":"ship_based_meteorological_sot_vos","ptf_model":"GENERIC MANUAL","wigos_ref":"0-22000-0-LPYXPCL","country_name":"SOUTH KOREA","country_ship":null,"goos_networks":"VOS","ptf_family_name":"Ship Weather Station","country_iso_reporting":"KR","country_sensor_provider":null}},{"type":"Feature","geometry":{"type":"Point","coordinates":[108.7,8]},"properties":{"ptf_id":1130534,"ptf_ref":"LKTC9CK","category":"ship_based_meteorological_sot_vos","ptf_model":"GENERIC AUTO","wigos_ref":"0-22000-0-LKTC9CK","country_name":"SOUTH KOREA","country_ship":null,"goos_networks":"VOS","ptf_family_name":"Ship Weather Station","country_iso_reporting":"KR","country_sensor_provider":null}},{"type":"Feature","geometry":{"type":"Point","coordinates":[128.1,9.2]},"properties":{"ptf_id":1130545,"ptf_ref":"NQZJSUH","category":"ship_based_meteorological_sot_vos","ptf_model":"GENERIC MANUAL","wigos_ref":"0-22000-0-NQZJSUH","country_name":"SOUTH KOREA","country_ship":null,"goos_networks":"VOS","ptf_family_name":"Ship Weather Station","country_iso_reporting":"KR","country_sensor_provider":null}},{"type":"Feature","geometry":{"type":"Point","coordinates":[-172.8,47.7]},"properties":{"ptf_id":1130549,"ptf_ref":"2WT7CES","category":"ship_based_meteorological_sot_vos","ptf_model":"GENERIC AUTO","wigos_ref":"0-22000-0-2WT7CES","country_name":"SOUTH KOREA","country_ship":null,"goos_networks":"VOS","ptf_family_name":"Ship Weather Station","country_iso_reporting":"KR","country_sensor_provider":null}},{"type":"Feature","geometry":{"type":"Point","coordinates":[123.3,24.3]},"properties":{"ptf_id":1130552,"ptf_ref":"KFAKXBK","category":"ship_based_meteorological_sot_vos","ptf_model":"GENERIC MANUAL","wigos_ref":"0-22000-0-KFAKXBK","country_name":"SOUTH KOREA","country_ship":null,"goos_networks":"VOS","ptf_family_name":"Ship Weather Station","country_iso_reporting":"KR","country_sensor_provider":null}},{"type":"Feature","geometry":{"type":"Point","coordinates":[126.1,37]},"properties":{"ptf_id":1130555,"ptf_ref":"BMY8QUT","category":"ship_based_meteorological_sot_vos","ptf_model":"GENERIC AUTO","wigos_ref":"0-22000-0-BMY8QUT","country_name":"SOUTH KOREA","country_ship":null,"goos_networks":"VOS","ptf_family_name":"Ship Weather Station","country_iso_reporting":"KR","country_sensor_provider":null}},{"type":"Feature","geometry":{"type":"Point","coordinates":[126.6,37.5]},"properties":{"ptf_id":1130556,"ptf_ref":"AWXJR2T","category":"ship_based_meteorological_sot_vos","ptf_model":"GENERIC AUTO","wigos_ref":"0-22000-0-AWXJR2T","country_name":"SOUTH KOREA","country_ship":null,"goos_networks":"VOS","ptf_family_name":"Ship Weather Station","country_iso_reporting":"KR","country_sensor_provider":null}},{"type":"Feature","geometry":{"type":"Point","coordinates":[122.4,36.9]},"properties":{"ptf_id":1130558,"ptf_ref":"5SWNXKB","category":"ship_based_meteorological_sot_vos","ptf_model":"GENERIC MANUAL","wigos_ref":"0-22000-0-5SWNXKB","country_name":"SOUTH KOREA","country_ship":null,"goos_networks":"VOS","ptf_family_name":"Ship Weather Station","country_iso_reporting":"KR","country_sensor_provider":null}},{"type":"Feature","geometry":{"type":"Point","coordinates":[-164.7,49.3]},"properties":{"ptf_id":1130595,"ptf_ref":"FUNPY3K","category":"ship_based_meteorological_sot_vos","ptf_model":"GENERIC MANUAL","wigos_ref":"0-22000-0-FUNPY3K","country_name":"USA","country_ship":null,"goos_networks":"VOS","ptf_family_name":"Ship Weather Station","country_iso_reporting":"US","country_sensor_provider":null}},{"type":"Feature","geometry":{"type":"Point","coordinates":[-81.7,43.7]},"properties":{"ptf_id":1130600,"ptf_ref":"FKF3KHT","category":"ship_based_meteorological_sot_vos","ptf_model":"DMAWDS","wigos_ref":"0-22000-0-FKF3KHT","country_name":"USA","country_ship":null,"goos_networks":"VOS","ptf_family_name":"Ship Weather Station","country_iso_reporting":"US","country_sensor_provider":null}},{"type":"Feature","geometry":{"type":"Point","coordinates":[-38.9,-20.5]},"properties":{"ptf_id":1130602,"ptf_ref":"CTE5KEF","category":"ship_based_meteorological_sot_vos","ptf_model":"GENERIC MANUAL","wigos_ref":"0-22000-0-CTE5KEF","country_name":"USA","country_ship":null,"goos_networks":"VOS","ptf_family_name":"Ship Weather Station","country_iso_reporting":"US","country_sensor_provider":null}},{"type":"Feature","geometry":{"type":"Point","coordinates":[-149.4,58.4]},"properties":{"ptf_id":1130612,"ptf_ref":"5GDDVGW","category":"ship_based_meteorological_sot_vos","ptf_model":"TURBOWIN+ AUTO","wigos_ref":"0-22000-0-5GDDVGW","country_name":"USA","country_ship":null,"goos_networks":"VOS","ptf_family_name":"Ship Weather Station","country_iso_reporting":"US","country_sensor_provider":null}},{"type":"Feature","geometry":{"type":"Point","coordinates":[-166,33.9]},"properties":{"ptf_id":1130615,"ptf_ref":"DVLARUF","category":"ship_based_meteorological_sot_vos","ptf_model":"TURBOWIN","wigos_ref":"0-22000-0-DVLARUF","country_name":"GERMANY","country_ship":null,"goos_networks":"VOS","ptf_family_name":"Ship Weather Station","country_iso_reporting":"DE","country_sensor_provider":null}},{"type":"Feature","geometry":{"type":"Point","coordinates":[24.92,65.36]},"properties":{"ptf_id":1130616,"ptf_ref":"HFYNWWX","category":"ship_based_meteorological_sot_vos","ptf_model":"EUCAWS/NEPTUNE","wigos_ref":"0-22000-0-HFYNWWX","country_name":"GERMANY","country_ship":null,"goos_networks":"VOS","ptf_family_name":"Ship Weather Station","country_iso_reporting":"DE","country_sensor_provider":null}},{"type":"Feature","geometry":{"type":"Point","coordinates":[31.03,-29.88]},"properties":{"ptf_id":1130617,"ptf_ref":"WPSTZMY","category":"ship_based_meteorological_sot_vos","ptf_model":"EUCAWS/NEPTUNE","wigos_ref":"0-22000-0-WPSTZMY","country_name":"GERMANY","country_ship":null,"goos_networks":"VOS","ptf_family_name":"Ship Weather Station","country_iso_reporting":"DE","country_sensor_provider":null}},{"type":"Feature","geometry":{"type":"Point","coordinates":[-62.66,28.5]},"properties":{"ptf_id":1130618,"ptf_ref":"9GGVSAT","category":"ship_based_meteorological_sot_vos","ptf_model":"EUCAWS/NEPTUNE","wigos_ref":"0-22000-0-9GGVSAT","country_name":"GERMANY","country_ship":null,"goos_networks":"VOS","ptf_family_name":"Ship Weather Station","country_iso_reporting":"DE","country_sensor_provider":null}},{"type":"Feature","geometry":{"type":"Point","coordinates":[-5.5,35.89]},"properties":{"ptf_id":1130619,"ptf_ref":"7VCSW9W","category":"ship_based_meteorological_sot_vos","ptf_model":"EUCAWS/NEPTUNE","wigos_ref":"0-22000-0-7VCSW9W","country_name":"GERMANY","country_ship":null,"goos_networks":"VOS","ptf_family_name":"Ship Weather Station","country_iso_reporting":"DE","country_sensor_provider":null}},{"type":"Feature","geometry":{"type":"Point","coordinates":[-74.04,35.81]},"properties":{"ptf_id":1130620,"ptf_ref":"YUQ9J4P","category":"ship_based_meteorological_sot_vos","ptf_model":"EUCAWS/NEPTUNE","wigos_ref":"0-22000-0-YUQ9J4P","country_name":"GERMANY","country_ship":null,"goos_networks":"VOS","ptf_family_name":"Ship Weather Station","country_iso_reporting":"DE","country_sensor_provider":null}},{"type":"Feature","geometry":{"type":"Point","coordinates":[114.58,22.37]},"properties":{"ptf_id":1130621,"ptf_ref":"9EPE7CW","category":"ship_based_meteorological_sot_vos","ptf_model":"EUCAWS/NEPTUNE","wigos_ref":"0-22000-0-9EPE7CW","country_name":"GERMANY","country_ship":null,"goos_networks":"VOS","ptf_family_name":"Ship Weather Station","country_iso_reporting":"DE","country_sensor_provider":null}},{"type":"Feature","geometry":{"type":"Point","coordinates":[25.78,33.55]},"properties":{"ptf_id":1130622,"ptf_ref":"PQS7KJB","category":"ship_based_meteorological_sot_vos","ptf_model":"EUCAWS/NEPTUNE","wigos_ref":"0-22000-0-PQS7KJB","country_name":"GERMANY","country_ship":null,"goos_networks":"VOS","ptf_family_name":"Ship Weather Station","country_iso_reporting":"DE","country_sensor_provider":null}},{"type":"Feature","geometry":{"type":"Point","coordinates":[-76.77,7.94]},"properties":{"ptf_id":1130771,"ptf_ref":"PNN3LBX","category":"ship_based_meteorological_sot_vos","ptf_model":"EUCAWS/NEPTUNE","wigos_ref":"0-22000-0-PNN3LBX","country_name":"GERMANY","country_ship":null,"goos_networks":"VOS","ptf_family_name":"Ship Weather Station","country_iso_reporting":"DE","country_sensor_provider":null}},{"type":"Feature","geometry":{"type":"Point","coordinates":[122.08,30.61]},"properties":{"ptf_id":1130772,"ptf_ref":"2LZ9L7X","category":"ship_based_meteorological_sot_vos","ptf_model":"EUCAWS/NEPTUNE","wigos_ref":"0-22000-0-2LZ9L7X","country_name":"GERMANY","country_ship":null,"goos_networks":"VOS","ptf_family_name":"Ship Weather Station","country_iso_reporting":"DE","country_sensor_provider":null}},{"type":"Feature","geometry":{"type":"Point","coordinates":[85.64,-1.38]},"properties":{"ptf_id":1130773,"ptf_ref":"YTWRDKK","category":"ship_based_meteorological_sot_vos","ptf_model":"EUCAWS/NEPTUNE","wigos_ref":"0-22000-0-YTWRDKK","country_name":"GERMANY","country_ship":null,"goos_networks":"VOS","ptf_family_name":"Ship Weather Station","country_iso_reporting":"DE","country_sensor_provider":null}},{"type":"Feature","geometry":{"type":"Point","coordinates":[-179.6,53.4]},"properties":{"ptf_id":1130995,"ptf_ref":"9QGHQJB","category":"ship_based_meteorological_sot_vos","ptf_model":"GENERIC MANUAL","wigos_ref":"0-22000-0-9QGHQJB","country_name":"USA","country_ship":null,"goos_networks":"VOS","ptf_family_name":"Ship Weather Station","country_iso_reporting":"US","country_sensor_provider":null}},{"type":"Feature","geometry":{"type":"Point","coordinates":[-119.1,22.1]},"properties":{"ptf_id":1131018,"ptf_ref":"SNY5B3E","category":"ship_based_meteorological_sot_vos","ptf_model":"TURBOWIN","wigos_ref":"0-22000-0-SNY5B3E","country_name":"USA","country_ship":null,"goos_networks":"VOS","ptf_family_name":"Ship Weather Station","country_iso_reporting":"US","country_sensor_provider":null}},{"type":"Feature","geometry":{"type":"Point","coordinates":[-153.7,54.2]},"properties":{"ptf_id":1131026,"ptf_ref":"HKY4APF","category":"ship_based_meteorological_sot_vos","ptf_model":"GENERIC MANUAL","wigos_ref":"0-22000-0-HKY4APF","country_name":"USA","country_ship":null,"goos_networks":"VOS","ptf_family_name":"Ship Weather Station","country_iso_reporting":"US","country_sensor_provider":null}},{"type":"Feature","geometry":{"type":"Point","coordinates":[124.2,35.7]},"properties":{"ptf_id":1131027,"ptf_ref":"FWV54GR","category":"ship_based_meteorological_sot_vos","ptf_model":"GENERIC MANUAL","wigos_ref":"0-22000-0-FWV54GR","country_name":"USA","country_ship":null,"goos_networks":"VOS","ptf_family_name":"Ship Weather Station","country_iso_reporting":"US","country_sensor_provider":null}},{"type":"Feature","geometry":{"type":"Point","coordinates":[85.49,-13.85]},"properties":{"ptf_id":1131353,"ptf_ref":"KQEHSJS","category":"ship_based_meteorological_sot_vos","ptf_model":"EUCAWS/NEPTUNE","wigos_ref":"0-22000-0-KQEHSJS","country_name":"GERMANY","country_ship":null,"goos_networks":"VOS","ptf_family_name":"Ship Weather Station","country_iso_reporting":"DE","country_sensor_provider":null}},{"type":"Feature","geometry":{"type":"Point","coordinates":[116.45,22.27]},"properties":{"ptf_id":1131354,"ptf_ref":"7LZRVLB","category":"ship_based_meteorological_sot_vos","ptf_model":"EUCAWS/NEPTUNE","wigos_ref":"0-22000-0-7LZRVLB","country_name":"GERMANY","country_ship":null,"goos_networks":"VOS","ptf_family_name":"Ship Weather Station","country_iso_reporting":"DE","country_sensor_provider":null}},{"type":"Feature","geometry":{"type":"Point","coordinates":[101.82,2.3]},"properties":{"ptf_id":1131355,"ptf_ref":"CMZ6JJD","category":"ship_based_meteorological_sot_vos","ptf_model":"EUCAWS/NEPTUNE","wigos_ref":"0-22000-0-CMZ6JJD","country_name":"GERMANY","country_ship":null,"goos_networks":"VOS","ptf_family_name":"Ship Weather Station","country_iso_reporting":"DE","country_sensor_provider":null}},{"type":"Feature","geometry":{"type":"Point","coordinates":[-37.43,-3.81]},"properties":{"ptf_id":1131356,"ptf_ref":"CFH5DAT","category":"ship_based_meteorological_sot_vos","ptf_model":"EUCAWS/NEPTUNE","wigos_ref":"0-22000-0-CFH5DAT","country_name":"GERMANY","country_ship":null,"goos_networks":"VOS","ptf_family_name":"Ship Weather Station","country_iso_reporting":"DE","country_sensor_provider":null}},{"type":"Feature","geometry":{"type":"Point","coordinates":[-143.8,43.6]},"properties":{"ptf_id":1131365,"ptf_ref":"EVGJ5MX","category":"ship_based_meteorological_sot_vos","ptf_model":"GENERIC MANUAL","wigos_ref":"0-22000-0-EVGJ5MX","country_name":"USA","country_ship":null,"goos_networks":"VOS","ptf_family_name":"Ship Weather Station","country_iso_reporting":"US","country_sensor_provider":null}},{"type":"Feature","geometry":{"type":"Point","coordinates":[8.71,53.86]},"properties":{"ptf_id":1131848,"ptf_ref":"3DZWCKX","category":"ship_based_meteorological_sot_vos","ptf_model":"EUCAWS/NEPTUNE","wigos_ref":"0-22000-0-3DZWCKX","country_name":"GERMANY","country_ship":null,"goos_networks":"VOS","ptf_family_name":"Ship Weather Station","country_iso_reporting":"DE","country_sensor_provider":null}},{"type":"Feature","geometry":{"type":"Point","coordinates":[8.18,54.86]},"properties":{"ptf_id":1131849,"ptf_ref":"3ZLJERM","category":"ship_based_meteorological_sot_vos","ptf_model":"EUCAWS/NEPTUNE","wigos_ref":"0-22000-0-3ZLJERM","country_name":"GERMANY","country_ship":null,"goos_networks":"VOS","ptf_family_name":"Ship Weather Station","country_iso_reporting":"DE","country_sensor_provider":null}},{"type":"Feature","geometry":{"type":"Point","coordinates":[118.7,-1.9]},"properties":{"ptf_id":1132567,"ptf_ref":"KZY7TQV","category":"ship_based_meteorological_sot_vos","ptf_model":"TURBOWIN","wigos_ref":"0-22000-0-KZY7TQV","country_name":"USA","country_ship":null,"goos_networks":"VOS","ptf_family_name":"Ship Weather Station","country_iso_reporting":"US","country_sensor_provider":null}},{"type":"Feature","geometry":{"type":"Point","coordinates":[-3.2,49.8]},"properties":{"ptf_id":1132571,"ptf_ref":"AKYGMVU","category":"ship_based_meteorological_sot_vos","ptf_model":"TURBOWIN","wigos_ref":"0-22000-0-AKYGMVU","country_name":"USA","country_ship":null,"goos_networks":"VOS","ptf_family_name":"Ship Weather Station","country_iso_reporting":"US","country_sensor_provider":null}},{"type":"Feature","geometry":{"type":"Point","coordinates":[-113.7,19.2]},"properties":{"ptf_id":1132572,"ptf_ref":"MXUWHEB","category":"ship_based_meteorological_sot_vos","ptf_model":"TURBOWIN","wigos_ref":"0-22000-0-MXUWHEB","country_name":"USA","country_ship":null,"goos_networks":"VOS","ptf_family_name":"Ship Weather Station","country_iso_reporting":"US","country_sensor_provider":null}},{"type":"Feature","geometry":{"type":"Point","coordinates":[-122.3,37.8]},"properties":{"ptf_id":1132576,"ptf_ref":"5SCGFYE","category":"ship_based_meteorological_sot_vos","ptf_model":"GENERIC MANUAL","wigos_ref":"0-22000-0-5SCGFYE","country_name":"USA","country_ship":null,"goos_networks":"VOS","ptf_family_name":"Ship Weather Station","country_iso_reporting":"US","country_sensor_provider":null}},{"type":"Feature","geometry":{"type":"Point","coordinates":[-128,49.8]},"properties":{"ptf_id":1132578,"ptf_ref":"WETQ2MY","category":"ship_based_meteorological_sot_vos","ptf_model":"TURBOWIN+ AUTO","wigos_ref":"0-22000-0-WETQ2MY","country_name":"USA","country_ship":null,"goos_networks":"VOS","ptf_family_name":"Ship Weather Station","country_iso_reporting":"US","country_sensor_provider":null}},{"type":"Feature","geometry":{"type":"Point","coordinates":[-79,11.1]},"properties":{"ptf_id":1132592,"ptf_ref":"XCH7Z5R","category":"ship_based_meteorological_sot_vos","ptf_model":"GENERIC MANUAL","wigos_ref":"0-22000-0-XCH7Z5R","country_name":"USA","country_ship":null,"goos_networks":"VOS","ptf_family_name":"Ship Weather Station","country_iso_reporting":"US","country_sensor_provider":null}},{"type":"Feature","geometry":{"type":"Point","coordinates":[-115.3,25.6]},"properties":{"ptf_id":1132607,"ptf_ref":"DSCVXJW","category":"ship_based_meteorological_sot_vos","ptf_model":"TURBOWIN","wigos_ref":"0-22000-0-DSCVXJW","country_name":"USA","country_ship":null,"goos_networks":"VOS","ptf_family_name":"Ship Weather Station","country_iso_reporting":"US","country_sensor_provider":null}},{"type":"Feature","geometry":{"type":"Point","coordinates":[-88.5,47.7]},"properties":{"ptf_id":1132623,"ptf_ref":"TPM3MUL","category":"ship_based_meteorological_sot_vos","ptf_model":"DMAWDS","wigos_ref":"0-22000-0-TPM3MUL","country_name":"USA","country_ship":null,"goos_networks":"VOS","ptf_family_name":"Ship Weather Station","country_iso_reporting":"US","country_sensor_provider":null}},{"type":"Feature","geometry":{"type":"Point","coordinates":[96.1,5.8]},"properties":{"ptf_id":1132642,"ptf_ref":"FCZBGLA","category":"ship_based_meteorological_sot_vos","ptf_model":"TURBOWIN+ MANUAL","wigos_ref":"0-22000-0-FCZBGLA","country_name":"GERMANY","country_ship":null,"goos_networks":"VOS","ptf_family_name":"Ship Weather Station","country_iso_reporting":"DE","country_sensor_provider":null}},{"type":"Feature","geometry":{"type":"Point","coordinates":[110.9,12.4]},"properties":{"ptf_id":1132648,"ptf_ref":"ZTCFC6K","category":"ship_based_meteorological_sot_vos","ptf_model":"TURBOWIN+ MANUAL","wigos_ref":"0-22000-0-ZTCFC6K","country_name":"GERMANY","country_ship":null,"goos_networks":"VOS","ptf_family_name":"Ship Weather Station","country_iso_reporting":"DE","country_sensor_provider":null}},{"type":"Feature","geometry":{"type":"Point","coordinates":[-70.1,-20.2]},"properties":{"ptf_id":1132651,"ptf_ref":"QHXYKSM","category":"ship_based_meteorological_sot_vos","ptf_model":"TURBOWIN+ MANUAL","wigos_ref":"0-22000-0-QHXYKSM","country_name":"GERMANY","country_ship":null,"goos_networks":"VOS","ptf_family_name":"Ship Weather Station","country_iso_reporting":"DE","country_sensor_provider":null}},{"type":"Feature","geometry":{"type":"Point","coordinates":[123.3,30.6]},"properties":{"ptf_id":1132661,"ptf_ref":"CEQY65N","category":"ship_based_meteorological_sot_vos","ptf_model":"TURBOWIN+ MANUAL","wigos_ref":"0-22000-0-CEQY65N","country_name":"GERMANY","country_ship":null,"goos_networks":"VOS","ptf_family_name":"Ship Weather Station","country_iso_reporting":"DE","country_sensor_provider":null}},{"type":"Feature","geometry":{"type":"Point","coordinates":[168.6,48.21]},"properties":{"ptf_id":1132664,"ptf_ref":"STU4HSH","category":"ship_based_meteorological_sot_vos","ptf_model":"EUCAWS/NEPTUNE","wigos_ref":"0-22000-0-STU4HSH","country_name":"GERMANY","country_ship":null,"goos_networks":"VOS","ptf_family_name":"Ship Weather Station","country_iso_reporting":"DE","country_sensor_provider":null}},{"type":"Feature","geometry":{"type":"Point","coordinates":[123.18,35.01]},"properties":{"ptf_id":1132665,"ptf_ref":"KER7UNY","category":"ship_based_meteorological_sot_vos","ptf_model":"EUCAWS/NEPTUNE","wigos_ref":"0-22000-0-KER7UNY","country_name":"GERMANY","country_ship":null,"goos_networks":"VOS","ptf_family_name":"Ship Weather Station","country_iso_reporting":"DE","country_sensor_provider":null}},{"type":"Feature","geometry":{"type":"Point","coordinates":[33.88,27.66]},"properties":{"ptf_id":1132666,"ptf_ref":"VLEUQVY","category":"ship_based_meteorological_sot_vos","ptf_model":"EUCAWS/NEPTUNE","wigos_ref":"0-22000-0-VLEUQVY","country_name":"GERMANY","country_ship":null,"goos_networks":"VOS","ptf_family_name":"Ship Weather Station","country_iso_reporting":"DE","country_sensor_provider":null}},{"type":"Feature","geometry":{"type":"Point","coordinates":[2.64,51.87]},"properties":{"ptf_id":1132667,"ptf_ref":"8SXZZAL","category":"ship_based_meteorological_sot_vos","ptf_model":"EUCAWS/NEPTUNE","wigos_ref":"0-22000-0-8SXZZAL","country_name":"GERMANY","country_ship":null,"goos_networks":"VOS","ptf_family_name":"Ship Weather Station","country_iso_reporting":"DE","country_sensor_provider":null}},{"type":"Feature","geometry":{"type":"Point","coordinates":[-0.98,-10.65]},"properties":{"ptf_id":1132668,"ptf_ref":"YJT6NYU","category":"ship_based_meteorological_sot_vos","ptf_model":"EUCAWS/NEPTUNE","wigos_ref":"0-22000-0-YJT6NYU","country_name":"GERMANY","country_ship":null,"goos_networks":"VOS","ptf_family_name":"Ship Weather Station","country_iso_reporting":"DE","country_sensor_provider":null}},{"type":"Feature","geometry":{"type":"Point","coordinates":[99.94,3.69]},"properties":{"ptf_id":1132669,"ptf_ref":"MBKHXUQ","category":"ship_based_meteorological_sot_vos","ptf_model":"EUCAWS/NEPTUNE","wigos_ref":"0-22000-0-MBKHXUQ","country_name":"GERMANY","country_ship":null,"goos_networks":"VOS","ptf_family_name":"Ship Weather Station","country_iso_reporting":"DE","country_sensor_provider":null}},{"type":"Feature","geometry":{"type":"Point","coordinates":[-70.16,-20.2]},"properties":{"ptf_id":1132670,"ptf_ref":"KCHQ6XB","category":"ship_based_meteorological_sot_vos","ptf_model":"EUCAWS/NEPTUNE","wigos_ref":"0-22000-0-KCHQ6XB","country_name":"GERMANY","country_ship":null,"goos_networks":"VOS","ptf_family_name":"Ship Weather Station","country_iso_reporting":"DE","country_sensor_provider":null}},{"type":"Feature","geometry":{"type":"Point","coordinates":[-117.4,48.6]},"properties":{"ptf_id":1132842,"ptf_ref":"4HVUU6S","category":"ship_based_meteorological_sot_vos","ptf_model":"GENERIC MANUAL","wigos_ref":"0-22000-0-4HVUU6S","country_name":"USA","country_ship":null,"goos_networks":"VOS","ptf_family_name":"Ship Weather Station","country_iso_reporting":"US","country_sensor_provider":null}},{"type":"Feature","geometry":{"type":"Point","coordinates":[-32,39.9]},"properties":{"ptf_id":1132848,"ptf_ref":"PHJGXVE","category":"ship_based_meteorological_sot_vos","ptf_model":"TURBOWIN","wigos_ref":"0-22000-0-PHJGXVE","country_name":"USA","country_ship":null,"goos_networks":"VOS","ptf_family_name":"Ship Weather Station","country_iso_reporting":"US","country_sensor_provider":null}},{"type":"Feature","geometry":{"type":"Point","coordinates":[152.9,-22.5]},"properties":{"ptf_id":1133294,"ptf_ref":"GHPF8WM","category":"ship_based_meteorological_sot_vos","ptf_model":"AMVERS/SEAS","wigos_ref":"0-22000-0-GHPF8WM","country_name":"USA","country_ship":null,"goos_networks":"VOS","ptf_family_name":"Ship Weather Station","country_iso_reporting":"US","country_sensor_provider":null}},{"type":"Feature","geometry":{"type":"Point","coordinates":[137.9,39.9]},"properties":{"ptf_id":1133383,"ptf_ref":"5EUQHRR","category":"ship_based_meteorological_sot_vos","ptf_model":"TURBOWIN+ MANUAL","wigos_ref":"0-22000-0-5EUQHRR","country_name":"GERMANY","country_ship":null,"goos_networks":"VOS","ptf_family_name":"Ship Weather Station","country_iso_reporting":"DE","country_sensor_provider":null}},{"type":"Feature","geometry":{"type":"Point","coordinates":[43.31,-27.83]},"properties":{"ptf_id":1133385,"ptf_ref":"YZYRDCF","category":"ship_based_meteorological_sot_vos","ptf_model":"EUCAWS/NEPTUNE","wigos_ref":"0-22000-0-YZYRDCF","country_name":"GERMANY","country_ship":null,"goos_networks":"VOS","ptf_family_name":"Ship Weather Station","country_iso_reporting":"DE","country_sensor_provider":null}},{"type":"Feature","geometry":{"type":"Point","coordinates":[-5.53,35.88]},"properties":{"ptf_id":1133386,"ptf_ref":"TXWN4PV","category":"ship_based_meteorological_sot_vos","ptf_model":"EUCAWS/NEPTUNE","wigos_ref":"0-22000-0-TXWN4PV","country_name":"GERMANY","country_ship":null,"goos_networks":"VOS","ptf_family_name":"Ship Weather Station","country_iso_reporting":"DE","country_sensor_provider":null}},{"type":"Feature","geometry":{"type":"Point","coordinates":[-74.46,31.76]},"properties":{"ptf_id":1133387,"ptf_ref":"AFE735V","category":"ship_based_meteorological_sot_vos","ptf_model":"EUCAWS/NEPTUNE","wigos_ref":"0-22000-0-AFE735V","country_name":"GERMANY","country_ship":null,"goos_networks":"VOS","ptf_family_name":"Ship Weather Station","country_iso_reporting":"DE","country_sensor_provider":null}},{"type":"Feature","geometry":{"type":"Point","coordinates":[1.77,51.19]},"properties":{"ptf_id":1133388,"ptf_ref":"ZZB5AKK","category":"ship_based_meteorological_sot_vos","ptf_model":"EUCAWS/NEPTUNE","wigos_ref":"0-22000-0-ZZB5AKK","country_name":"GERMANY","country_ship":null,"goos_networks":"VOS","ptf_family_name":"Ship Weather Station","country_iso_reporting":"DE","country_sensor_provider":null}},{"type":"Feature","geometry":{"type":"Point","coordinates":[38.17,22.25]},"properties":{"ptf_id":1133389,"ptf_ref":"6NV2S7Y","category":"ship_based_meteorological_sot_vos","ptf_model":"EUCAWS/NEPTUNE","wigos_ref":"0-22000-0-6NV2S7Y","country_name":"GERMANY","country_ship":null,"goos_networks":"VOS","ptf_family_name":"Ship Weather Station","country_iso_reporting":"DE","country_sensor_provider":null}},{"type":"Feature","geometry":{"type":"Point","coordinates":[26.06,-33.85]},"properties":{"ptf_id":1133390,"ptf_ref":"CZATWGH","category":"ship_based_meteorological_sot_vos","ptf_model":"EUCAWS/NEPTUNE","wigos_ref":"0-22000-0-CZATWGH","country_name":"GERMANY","country_ship":null,"goos_networks":"VOS","ptf_family_name":"Ship Weather Station","country_iso_reporting":"DE","country_sensor_provider":null}},{"type":"Feature","geometry":{"type":"Point","coordinates":[9.59,53.6]},"properties":{"ptf_id":1133391,"ptf_ref":"2XAKVHD","category":"ship_based_meteorological_sot_vos","ptf_model":"EUCAWS/NEPTUNE","wigos_ref":"0-22000-0-2XAKVHD","country_name":"GERMANY","country_ship":null,"goos_networks":"VOS","ptf_family_name":"Ship Weather Station","country_iso_reporting":"DE","country_sensor_provider":null}},{"type":"Feature","geometry":{"type":"Point","coordinates":[-11.05,50.31]},"properties":{"ptf_id":1133392,"ptf_ref":"MWY3SBU","category":"ship_based_meteorological_sot_vos","ptf_model":"EUCAWS/NEPTUNE","wigos_ref":"0-22000-0-MWY3SBU","country_name":"GERMANY","country_ship":null,"goos_networks":"VOS","ptf_family_name":"Ship Weather Station","country_iso_reporting":"DE","country_sensor_provider":null}},{"type":"Feature","geometry":{"type":"Point","coordinates":[-122.41,47.28]},"properties":{"ptf_id":1133444,"ptf_ref":"PNGLMHV","category":"ship_based_meteorological_sot_vos","ptf_model":"EUCAWS/NEPTUNE","wigos_ref":"0-22000-0-PNGLMHV","country_name":"GERMANY","country_ship":null,"goos_networks":"VOS","ptf_family_name":"Ship Weather Station","country_iso_reporting":"DE","country_sensor_provider":null}},{"type":"Feature","geometry":{"type":"Point","coordinates":[8.58,53.53]},"properties":{"ptf_id":1133446,"ptf_ref":"XBDYVRP","category":"ship_based_meteorological_sot_vos","ptf_model":"EUCAWS/NEPTUNE","wigos_ref":"0-22000-0-XBDYVRP","country_name":"GERMANY","country_ship":null,"goos_networks":"VOS","ptf_family_name":"Ship Weather Station","country_iso_reporting":"DE","country_sensor_provider":null}},{"type":"Feature","geometry":{"type":"Point","coordinates":[-111.6,23.4]},"properties":{"ptf_id":1133466,"ptf_ref":"DEQTGZT","category":"ship_based_meteorological_sot_vos","ptf_model":"TURBOWIN","wigos_ref":"0-22000-0-DEQTGZT","country_name":"USA","country_ship":null,"goos_networks":"VOS","ptf_family_name":"Ship Weather Station","country_iso_reporting":"US","country_sensor_provider":null}},{"type":"Feature","geometry":{"type":"Point","coordinates":[-3.38,47.69]},"properties":{"ptf_id":1133538,"ptf_ref":"CNGUSYM","category":"ship_based_meteorological_sot_vos","ptf_model":"MERCURY","wigos_ref":"0-22000-0-CNGUSYM","country_name":"FRANCE","country_ship":null,"goos_networks":"VOS","ptf_family_name":"Ship Weather Station","country_iso_reporting":"FR","country_sensor_provider":null}},{"type":"Feature","geometry":{"type":"Point","coordinates":[-123.08,49.31]},"properties":{"ptf_id":1133717,"ptf_ref":"BLSFV3U","category":"ship_based_meteorological_sot_vos","ptf_model":"EUCAWS/NEPTUNE","wigos_ref":"0-22000-0-BLSFV3U","country_name":"GERMANY","country_ship":null,"goos_networks":"VOS","ptf_family_name":"Ship Weather Station","country_iso_reporting":"DE","country_sensor_provider":null}},{"type":"Feature","geometry":{"type":"Point","coordinates":[141.6,36.1]},"properties":{"ptf_id":1133781,"ptf_ref":"YKDQKEE","category":"ship_based_meteorological_sot_vos","ptf_model":"TURBOWIN","wigos_ref":"0-22000-0-YKDQKEE","country_name":"JAPAN","country_ship":null,"goos_networks":"VOS","ptf_family_name":"Ship Weather Station","country_iso_reporting":"JP","country_sensor_provider":null}},{"type":"Feature","geometry":{"type":"Point","coordinates":[-174.7,32.6]},"properties":{"ptf_id":1133787,"ptf_ref":"GNFH8JS","category":"ship_based_meteorological_sot_vos","ptf_model":"TURBOWIN+ MANUAL","wigos_ref":"0-22000-0-GNFH8JS","country_name":"JAPAN","country_ship":null,"goos_networks":"VOS","ptf_family_name":"Ship Weather Station","country_iso_reporting":"JP","country_sensor_provider":null}},{"type":"Feature","geometry":{"type":"Point","coordinates":[125.8,35.5]},"properties":{"ptf_id":1133790,"ptf_ref":"8PV8XVJ","category":"ship_based_meteorological_sot_vos","ptf_model":"TURBOWIN","wigos_ref":"0-22000-0-8PV8XVJ","country_name":"JAPAN","country_ship":null,"goos_networks":"VOS","ptf_family_name":"Ship Weather Station","country_iso_reporting":"JP","country_sensor_provider":null}},{"type":"Feature","geometry":{"type":"Point","coordinates":[66.1,17.7]},"properties":{"ptf_id":1133813,"ptf_ref":"EBGA3UK","category":"ship_based_meteorological_sot_vos","ptf_model":"TURBOWIN+ MANUAL","wigos_ref":"0-22000-0-EBGA3UK","country_name":"JAPAN","country_ship":null,"goos_networks":"VOS","ptf_family_name":"Ship Weather Station","country_iso_reporting":"JP","country_sensor_provider":null}},{"type":"Feature","geometry":{"type":"Point","coordinates":[123.7,30.3]},"properties":{"ptf_id":1133814,"ptf_ref":"2FPKC8W","category":"ship_based_meteorological_sot_vos","ptf_model":"GENERIC MANUAL","wigos_ref":"0-22000-0-2FPKC8W","country_name":"JAPAN","country_ship":null,"goos_networks":"VOS","ptf_family_name":"Ship Weather Station","country_iso_reporting":"JP","country_sensor_provider":null}},{"type":"Feature","geometry":{"type":"Point","coordinates":[134.9,17.2]},"properties":{"ptf_id":1133818,"ptf_ref":"AUM7GFX","category":"ship_based_meteorological_sot_vos","ptf_model":"GENERIC MANUAL","wigos_ref":"0-22000-0-AUM7GFX","country_name":"JAPAN","country_ship":null,"goos_networks":"VOS","ptf_family_name":"Ship Weather Station","country_iso_reporting":"JP","country_sensor_provider":null}},{"type":"Feature","geometry":{"type":"Point","coordinates":[7.28,43.7]},"properties":{"ptf_id":1133825,"ptf_ref":"SYBXXSM","category":"ship_based_meteorological_sot_vos","ptf_model":"MERCURY","wigos_ref":"0-22000-0-SYBXXSM","country_name":"FRANCE","country_ship":null,"goos_networks":"VOS","ptf_family_name":"Ship Weather Station","country_iso_reporting":"FR","country_sensor_provider":null}},{"type":"Feature","geometry":{"type":"Point","coordinates":[132.8,36.3]},"properties":{"ptf_id":1133907,"ptf_ref":"CLAEXMN","category":"ship_based_meteorological_sot_vos","ptf_model":"TURBOWIN","wigos_ref":"0-22000-0-CLAEXMN","country_name":"USA","country_ship":null,"goos_networks":"VOS","ptf_family_name":"Ship Weather Station","country_iso_reporting":"US","country_sensor_provider":null}},{"type":"Feature","geometry":{"type":"Point","coordinates":[-4.1,5.2]},"properties":{"ptf_id":1133995,"ptf_ref":"DRA4TBH","category":"ship_based_meteorological_sot_vos","ptf_model":"TURBOWIN","wigos_ref":"0-22000-0-DRA4TBH","country_name":"USA","country_ship":null,"goos_networks":"VOS","ptf_family_name":"Ship Weather Station","country_iso_reporting":"US","country_sensor_provider":null}},{"type":"Feature","geometry":{"type":"Point","coordinates":[-67.3,49]},"properties":{"ptf_id":1134017,"ptf_ref":"WLZ9WHS","category":"ship_based_meteorological_sot_vos","ptf_model":"TURBOWIN+ MANUAL","wigos_ref":"0-22000-0-WLZ9WHS","country_name":"UK","country_ship":null,"goos_networks":"VOS","ptf_family_name":"Ship Weather Station","country_iso_reporting":"GB","country_sensor_provider":null}},{"type":"Feature","geometry":{"type":"Point","coordinates":[-64.51,44.37]},"properties":{"ptf_id":1134018,"ptf_ref":"YXM6NRK","category":"ship_based_meteorological_sot_vos","ptf_model":"EUCAWS/NEPTUNE","wigos_ref":"0-22000-0-YXM6NRK","country_name":"GERMANY","country_ship":null,"goos_networks":"VOS","ptf_family_name":"Ship Weather Station","country_iso_reporting":"DE","country_sensor_provider":null}},{"type":"Feature","geometry":{"type":"Point","coordinates":[5.3,43.3]},"properties":{"ptf_id":1134094,"ptf_ref":"2QEDX7R","category":"ship_based_meteorological_sot_vos","ptf_model":"GENERIC MANUAL","wigos_ref":"0-22000-0-2QEDX7R","country_name":"USA","country_ship":null,"goos_networks":"VOS","ptf_family_name":"Ship Weather Station","country_iso_reporting":"US","country_sensor_provider":null}},{"type":"Feature","geometry":{"type":"Point","coordinates":[-6,-21.9]},"properties":{"ptf_id":1134095,"ptf_ref":"LCAVSVX","category":"ship_based_meteorological_sot_vos","ptf_model":"GENERIC MANUAL","wigos_ref":"0-22000-0-LCAVSVX","country_name":"USA","country_ship":null,"goos_networks":"VOS","ptf_family_name":"Ship Weather Station","country_iso_reporting":"US","country_sensor_provider":null}},{"type":"Feature","geometry":{"type":"Point","coordinates":[-10.13,42.9]},"properties":{"ptf_id":1134614,"ptf_ref":"MMZT85X","category":"ship_based_meteorological_sot_vos","ptf_model":"EUCAWS/NEPTUNE","wigos_ref":"0-22000-0-MMZT85X","country_name":"GERMANY","country_ship":null,"goos_networks":"VOS","ptf_family_name":"Ship Weather Station","country_iso_reporting":"DE","country_sensor_provider":null}},{"type":"Feature","geometry":{"type":"Point","coordinates":[-16.25,25.3]},"properties":{"ptf_id":1134615,"ptf_ref":"JZHZSQT","category":"ship_based_meteorological_sot_vos","ptf_model":"EUCAWS/NEPTUNE","wigos_ref":"0-22000-0-JZHZSQT","country_name":"GERMANY","country_ship":null,"goos_networks":"VOS","ptf_family_name":"Ship Weather Station","country_iso_reporting":"DE","country_sensor_provider":null}},{"type":"Feature","geometry":{"type":"Point","coordinates":[-65.09,21.84]},"properties":{"ptf_id":1134616,"ptf_ref":"7MHELEB","category":"ship_based_meteorological_sot_vos","ptf_model":"EUCAWS/NEPTUNE","wigos_ref":"0-22000-0-7MHELEB","country_name":"GERMANY","country_ship":null,"goos_networks":"VOS","ptf_family_name":"Ship Weather Station","country_iso_reporting":"DE","country_sensor_provider":null}},{"type":"Feature","geometry":{"type":"Point","coordinates":[56.01,14.28]},"properties":{"ptf_id":1134617,"ptf_ref":"ZSWCQRH","category":"ship_based_meteorological_sot_vos","ptf_model":"EUCAWS/NEPTUNE","wigos_ref":"0-22000-0-ZSWCQRH","country_name":"GERMANY","country_ship":null,"goos_networks":"VOS","ptf_family_name":"Ship Weather Station","country_iso_reporting":"DE","country_sensor_provider":null}},{"type":"Feature","geometry":{"type":"Point","coordinates":[-34.2,-2.9]},"properties":{"ptf_id":1134618,"ptf_ref":"2NF3WWD","category":"ship_based_meteorological_sot_vos","ptf_model":"TURBOWIN","wigos_ref":"0-22000-0-2NF3WWD","country_name":"USA","country_ship":null,"goos_networks":"VOS","ptf_family_name":"Ship Weather Station","country_iso_reporting":"US","country_sensor_provider":null}},{"type":"Feature","geometry":{"type":"Point","coordinates":[122.9,29.9]},"properties":{"ptf_id":1134632,"ptf_ref":"QSRUFJU","category":"ship_based_meteorological_sot_vos","ptf_model":"TURBOWIN+ MANUAL","wigos_ref":"0-22000-0-QSRUFJU","country_name":"GERMANY","country_ship":null,"goos_networks":"VOS","ptf_family_name":"Ship Weather Station","country_iso_reporting":"DE","country_sensor_provider":null}},{"type":"Feature","geometry":{"type":"Point","coordinates":[97.06,5.61]},"properties":{"ptf_id":1134635,"ptf_ref":"LBYJ7GD","category":"ship_based_meteorological_sot_vos","ptf_model":"EUCAWS/NEPTUNE","wigos_ref":"0-22000-0-LBYJ7GD","country_name":"GERMANY","country_ship":null,"goos_networks":"VOS","ptf_family_name":"Ship Weather Station","country_iso_reporting":"DE","country_sensor_provider":null}},{"type":"Feature","geometry":{"type":"Point","coordinates":[10.7,53.6]},"properties":{"ptf_id":1134663,"ptf_ref":"BAWPAEG","category":"ship_based_meteorological_sot_vos","ptf_model":"EUCAWS/NEPTUNE","wigos_ref":"0-22000-0-BAWPAEG","country_name":"GERMANY","country_ship":null,"goos_networks":"VOS","ptf_family_name":"Ship Weather Station","country_iso_reporting":"DE","country_sensor_provider":null}},{"type":"Feature","geometry":{"type":"Point","coordinates":[-71.2,35.8]},"properties":{"ptf_id":1134841,"ptf_ref":"KJXXNAE","category":"ship_based_meteorological_sot_vos","ptf_model":"TURBOWIN+ MANUAL","wigos_ref":"0-22000-0-KJXXNAE","country_name":"GERMANY","country_ship":null,"goos_networks":"VOS","ptf_family_name":"Ship Weather Station","country_iso_reporting":"DE","country_sensor_provider":null}},{"type":"Feature","geometry":{"type":"Point","coordinates":[122.76,25.21]},"properties":{"ptf_id":1134844,"ptf_ref":"ZDLBGTP","category":"ship_based_meteorological_sot_vos","ptf_model":"EUCAWS/NEPTUNE","wigos_ref":"0-22000-0-ZDLBGTP","country_name":"GERMANY","country_ship":null,"goos_networks":"VOS","ptf_family_name":"Ship Weather Station","country_iso_reporting":"DE","country_sensor_provider":null}},{"type":"Feature","geometry":{"type":"Point","coordinates":[115.7,-32]},"properties":{"ptf_id":1134880,"ptf_ref":"UNG7H7R","category":"ship_based_meteorological_sot_vos","ptf_model":"TURBOWIN+ AUTO","wigos_ref":"0-22000-0-UNG7H7R","country_name":"AUSTRALIA","country_ship":null,"goos_networks":"VOS","ptf_family_name":"Ship Weather Station","country_iso_reporting":"AU","country_sensor_provider":null}},{"type":"Feature","geometry":{"type":"Point","coordinates":[151.5,-23.9]},"properties":{"ptf_id":1135066,"ptf_ref":"DPKAUZQ","category":"ship_based_meteorological_sot_vos","ptf_model":"TURBOWIN+ AUTO","wigos_ref":"0-22000-0-DPKAUZQ","country_name":"AUSTRALIA","country_ship":null,"goos_networks":"VOS","ptf_family_name":"Ship Weather Station","country_iso_reporting":"AU","country_sensor_provider":null}},{"type":"Feature","geometry":{"type":"Point","coordinates":[122.51,34.51]},"properties":{"ptf_id":1135069,"ptf_ref":"GKSXM9P","category":"ship_based_meteorological_sot_vos","ptf_model":"EUCAWS/NEPTUNE","wigos_ref":"0-22000-0-GKSXM9P","country_name":"GERMANY","country_ship":null,"goos_networks":"VOS","ptf_family_name":"Ship Weather Station","country_iso_reporting":"DE","country_sensor_provider":null}},{"type":"Feature","geometry":{"type":"Point","coordinates":[137.3,33.8]},"properties":{"ptf_id":1135073,"ptf_ref":"DVZ37HG","category":"ship_based_meteorological_sot_vos","ptf_model":"TURBOWIN","wigos_ref":"0-22000-0-DVZ37HG","country_name":"JAPAN","country_ship":null,"goos_networks":"VOS","ptf_family_name":"Ship Weather Station","country_iso_reporting":"JP","country_sensor_provider":null}},{"type":"Feature","geometry":{"type":"Point","coordinates":[23.62,37.17]},"properties":{"ptf_id":1135077,"ptf_ref":"YHJGMJM","category":"ship_based_meteorological_sot_vos","ptf_model":"EUCAWS/NEPTUNE","wigos_ref":"0-22000-0-YHJGMJM","country_name":"GERMANY","country_ship":null,"goos_networks":"VOS","ptf_family_name":"Ship Weather Station","country_iso_reporting":"DE","country_sensor_provider":null}},{"type":"Feature","geometry":{"type":"Point","coordinates":[-49.9,27.3]},"properties":{"ptf_id":1135081,"ptf_ref":"CMFFKPS","category":"ship_based_meteorological_sot_vos","ptf_model":"GENERIC MANUAL","wigos_ref":"0-22000-0-CMFFKPS","country_name":"JAPAN","country_ship":null,"goos_networks":"VOS","ptf_family_name":"Ship Weather Station","country_iso_reporting":"JP","country_sensor_provider":null}},{"type":"Feature","geometry":{"type":"Point","coordinates":[31.2,-29.6]},"properties":{"ptf_id":1135084,"ptf_ref":"PZDMAJB","category":"ship_based_meteorological_sot_vos","ptf_model":"TURBOWIN+ MANUAL","wigos_ref":"0-22000-0-PZDMAJB","country_name":"GERMANY","country_ship":null,"goos_networks":"VOS","ptf_family_name":"Ship Weather Station","country_iso_reporting":"DE","country_sensor_provider":null}},{"type":"Feature","geometry":{"type":"Point","coordinates":[-5.1,-31.6]},"properties":{"ptf_id":1135085,"ptf_ref":"QPS2M4A","category":"ship_based_meteorological_sot_vos","ptf_model":"TURBOWIN+ MANUAL","wigos_ref":"0-22000-0-QPS2M4A","country_name":"GERMANY","country_ship":null,"goos_networks":"VOS","ptf_family_name":"Ship Weather Station","country_iso_reporting":"DE","country_sensor_provider":null}},{"type":"Feature","geometry":{"type":"Point","coordinates":[34.7,-27.9]},"properties":{"ptf_id":1135086,"ptf_ref":"XTYKCAR","category":"ship_based_meteorological_sot_vos","ptf_model":"TURBOWIN+ MANUAL","wigos_ref":"0-22000-0-XTYKCAR","country_name":"JAPAN","country_ship":null,"goos_networks":"VOS","ptf_family_name":"Ship Weather Station","country_iso_reporting":"JP","country_sensor_provider":null}},{"type":"Feature","geometry":{"type":"Point","coordinates":[-0.7,50.4]},"properties":{"ptf_id":1135105,"ptf_ref":"FVUVHDN","category":"ship_based_meteorological_sot_vos","ptf_model":"TURBOWIN","wigos_ref":"0-22000-0-FVUVHDN","country_name":"USA","country_ship":null,"goos_networks":"VOS","ptf_family_name":"Ship Weather Station","country_iso_reporting":"US","country_sensor_provider":null}},{"type":"Feature","geometry":{"type":"Point","coordinates":[-66.1,18.5]},"properties":{"ptf_id":1135108,"ptf_ref":"RFQ73BM","category":"ship_based_meteorological_sot_vos","ptf_model":"TURBOWIN+ AUTO","wigos_ref":"0-22000-0-RFQ73BM","country_name":"USA","country_ship":null,"goos_networks":"VOS","ptf_family_name":"Ship Weather Station","country_iso_reporting":"US","country_sensor_provider":null}},{"type":"Feature","geometry":{"type":"Point","coordinates":[-10.8,40.7]},"properties":{"ptf_id":1135109,"ptf_ref":"USHY23B","category":"ship_based_meteorological_sot_vos","ptf_model":"TURBOWIN","wigos_ref":"0-22000-0-USHY23B","country_name":"USA","country_ship":null,"goos_networks":"VOS","ptf_family_name":"Ship Weather Station","country_iso_reporting":"US","country_sensor_provider":null}},{"type":"Feature","geometry":{"type":"Point","coordinates":[-78.2,31.4]},"properties":{"ptf_id":1135133,"ptf_ref":"JXJ72XL","category":"ship_based_meteorological_sot_vos","ptf_model":"TURBOWIN+ AUTO","wigos_ref":"0-22000-0-JXJ72XL","country_name":"USA","country_ship":null,"goos_networks":"VOS","ptf_family_name":"Ship Weather Station","country_iso_reporting":"US","country_sensor_provider":null}},{"type":"Feature","geometry":{"type":"Point","coordinates":[-81.3,19.3]},"properties":{"ptf_id":1135134,"ptf_ref":"YDRLKTQ","category":"ship_based_meteorological_sot_vos","ptf_model":"TURBOWIN+ AUTO","wigos_ref":"0-22000-0-YDRLKTQ","country_name":"USA","country_ship":null,"goos_networks":"VOS","ptf_family_name":"Ship Weather Station","country_iso_reporting":"US","country_sensor_provider":null}},{"type":"Feature","geometry":{"type":"Point","coordinates":[-94.7,29.3]},"properties":{"ptf_id":1135143,"ptf_ref":"9NJKUCL","category":"ship_based_meteorological_sot_vos","ptf_model":"TURBOWIN+ AUTO","wigos_ref":"0-22000-0-9NJKUCL","country_name":"USA","country_ship":null,"goos_networks":"VOS","ptf_family_name":"Ship Weather Station","country_iso_reporting":"US","country_sensor_provider":null}},{"type":"Feature","geometry":{"type":"Point","coordinates":[-76.8,25.6]},"properties":{"ptf_id":1135144,"ptf_ref":"EBC8GHG","category":"ship_based_meteorological_sot_vos","ptf_model":"TURBOWIN+ AUTO","wigos_ref":"0-22000-0-EBC8GHG","country_name":"USA","country_ship":null,"goos_networks":"VOS","ptf_family_name":"Ship Weather Station","country_iso_reporting":"US","country_sensor_provider":null}},{"type":"Feature","geometry":{"type":"Point","coordinates":[-97.4,27.8]},"properties":{"ptf_id":1135145,"ptf_ref":"EVGANMS","category":"ship_based_meteorological_sot_vos","ptf_model":"TURBOWIN+ AUTO","wigos_ref":"0-22000-0-EVGANMS","country_name":"USA","country_ship":null,"goos_networks":"VOS","ptf_family_name":"Ship Weather Station","country_iso_reporting":"US","country_sensor_provider":null}},{"type":"Feature","geometry":{"type":"Point","coordinates":[-95,27.1]},"properties":{"ptf_id":1135147,"ptf_ref":"DBEYF2H","category":"ship_based_meteorological_sot_vos","ptf_model":"TURBOWIN+ AUTO","wigos_ref":"0-22000-0-DBEYF2H","country_name":"USA","country_ship":null,"goos_networks":"VOS","ptf_family_name":"Ship Weather Station","country_iso_reporting":"US","country_sensor_provider":null}},{"type":"Feature","geometry":{"type":"Point","coordinates":[-136.3,54.4]},"properties":{"ptf_id":1135151,"ptf_ref":"DHFW3SM","category":"ship_based_meteorological_sot_vos","ptf_model":"TURBOWIN+ AUTO","wigos_ref":"0-22000-0-DHFW3SM","country_name":"USA","country_ship":null,"goos_networks":"VOS","ptf_family_name":"Ship Weather Station","country_iso_reporting":"US","country_sensor_provider":null}},{"type":"Feature","geometry":{"type":"Point","coordinates":[-78.9,42.9]},"properties":{"ptf_id":1135153,"ptf_ref":"8CJWRKY","category":"ship_based_meteorological_sot_vos","ptf_model":"DMAWDS","wigos_ref":"0-22000-0-8CJWRKY","country_name":"USA","country_ship":null,"goos_networks":"VOS","ptf_family_name":"Ship Weather Station","country_iso_reporting":"US","country_sensor_provider":null}},{"type":"Feature","geometry":{"type":"Point","coordinates":[-130.3,50.1]},"properties":{"ptf_id":1135155,"ptf_ref":"VCRSMQG","category":"ship_based_meteorological_sot_vos","ptf_model":"TURBOWIN+ AUTO","wigos_ref":"0-22000-0-VCRSMQG","country_name":"USA","country_ship":null,"goos_networks":"VOS","ptf_family_name":"Ship Weather Station","country_iso_reporting":"US","country_sensor_provider":null}},{"type":"Feature","geometry":{"type":"Point","coordinates":[150.1,45.3]},"properties":{"ptf_id":1135158,"ptf_ref":"ZTKNCMX","category":"ship_based_meteorological_sot_vos","ptf_model":"TURBOWIN+ AUTO","wigos_ref":"0-22000-0-ZTKNCMX","country_name":"USA","country_ship":null,"goos_networks":"VOS","ptf_family_name":"Ship Weather Station","country_iso_reporting":"US","country_sensor_provider":null}},{"type":"Feature","geometry":{"type":"Point","coordinates":[11.4,57.4]},"properties":{"ptf_id":1135159,"ptf_ref":"MEZW6MU","category":"ship_based_meteorological_sot_vos","ptf_model":"TURBOWIN+ AUTO","wigos_ref":"0-22000-0-MEZW6MU","country_name":"USA","country_ship":null,"goos_networks":"VOS","ptf_family_name":"Ship Weather Station","country_iso_reporting":"US","country_sensor_provider":null}},{"type":"Feature","geometry":{"type":"Point","coordinates":[154,-16.2]},"properties":{"ptf_id":1135183,"ptf_ref":"7ZSVMCP","category":"ship_based_meteorological_sot_vos","ptf_model":"GENERIC MANUAL","wigos_ref":"0-22000-0-7ZSVMCP","country_name":"JAPAN","country_ship":null,"goos_networks":"VOS","ptf_family_name":"Ship Weather Station","country_iso_reporting":"JP","country_sensor_provider":null}},{"type":"Feature","geometry":{"type":"Point","coordinates":[-71.1,16.8]},"properties":{"ptf_id":1135196,"ptf_ref":"JUNYLBW","category":"ship_based_meteorological_sot_vos","ptf_model":"TURBOWIN+ MANUAL","wigos_ref":"0-22000-0-JUNYLBW","country_name":"JAPAN","country_ship":null,"goos_networks":"VOS","ptf_family_name":"Ship Weather Station","country_iso_reporting":"JP","country_sensor_provider":null}},{"type":"Feature","geometry":{"type":"Point","coordinates":[150.7,7.9]},"properties":{"ptf_id":1135201,"ptf_ref":"UKKWX9P","category":"ship_based_meteorological_sot_vos","ptf_model":"GENERIC MANUAL","wigos_ref":"0-22000-0-UKKWX9P","country_name":"JAPAN","country_ship":null,"goos_networks":"VOS","ptf_family_name":"Ship Weather Station","country_iso_reporting":"JP","country_sensor_provider":null}},{"type":"Feature","geometry":{"type":"Point","coordinates":[-18.8,19.4]},"properties":{"ptf_id":1135203,"ptf_ref":"XERUA3D","category":"ship_based_meteorological_sot_vos","ptf_model":"TURBOWIN+ MANUAL","wigos_ref":"0-22000-0-XERUA3D","country_name":"JAPAN","country_ship":null,"goos_networks":"VOS","ptf_family_name":"Ship Weather Station","country_iso_reporting":"JP","country_sensor_provider":null}},{"type":"Feature","geometry":{"type":"Point","coordinates":[-103.1,10.8]},"properties":{"ptf_id":1135208,"ptf_ref":"JSVMTWU","category":"ship_based_meteorological_sot_vos","ptf_model":"TURBOWIN+ MANUAL","wigos_ref":"0-22000-0-JSVMTWU","country_name":"JAPAN","country_ship":null,"goos_networks":"VOS","ptf_family_name":"Ship Weather Station","country_iso_reporting":"JP","country_sensor_provider":null}},{"type":"Feature","geometry":{"type":"Point","coordinates":[121.8,26.5]},"properties":{"ptf_id":1135209,"ptf_ref":"ZBWCLYL","category":"ship_based_meteorological_sot_vos","ptf_model":"TURBOWIN+ MANUAL","wigos_ref":"0-22000-0-ZBWCLYL","country_name":"JAPAN","country_ship":null,"goos_networks":"VOS","ptf_family_name":"Ship Weather Station","country_iso_reporting":"JP","country_sensor_provider":null}},{"type":"Feature","geometry":{"type":"Point","coordinates":[132.8,24.8]},"properties":{"ptf_id":1135216,"ptf_ref":"REC9E6J","category":"ship_based_meteorological_sot_vos","ptf_model":"TURBOWIN+ MANUAL","wigos_ref":"0-22000-0-REC9E6J","country_name":"JAPAN","country_ship":null,"goos_networks":"VOS","ptf_family_name":"Ship Weather Station","country_iso_reporting":"JP","country_sensor_provider":null}},{"type":"Feature","geometry":{"type":"Point","coordinates":[130.9,30.9]},"properties":{"ptf_id":1135226,"ptf_ref":"QDHH4WW","category":"ship_based_meteorological_sot_vos","ptf_model":"TURBOWIN+ MANUAL","wigos_ref":"0-22000-0-QDHH4WW","country_name":"JAPAN","country_ship":null,"goos_networks":"VOS","ptf_family_name":"Ship Weather Station","country_iso_reporting":"JP","country_sensor_provider":null}},{"type":"Feature","geometry":{"type":"Point","coordinates":[150.5,1.1]},"properties":{"ptf_id":1135229,"ptf_ref":"FLWX97L","category":"ship_based_meteorological_sot_vos","ptf_model":"TURBOWIN+ MANUAL","wigos_ref":"0-22000-0-FLWX97L","country_name":"JAPAN","country_ship":null,"goos_networks":"VOS","ptf_family_name":"Ship Weather Station","country_iso_reporting":"JP","country_sensor_provider":null}},{"type":"Feature","geometry":{"type":"Point","coordinates":[52.9,24.1]},"properties":{"ptf_id":1135235,"ptf_ref":"ZKY627U","category":"ship_based_meteorological_sot_vos","ptf_model":"TURBOWIN+ MANUAL","wigos_ref":"0-22000-0-ZKY627U","country_name":"JAPAN","country_ship":null,"goos_networks":"VOS","ptf_family_name":"Ship Weather Station","country_iso_reporting":"JP","country_sensor_provider":null}},{"type":"Feature","geometry":{"type":"Point","coordinates":[25.7,32.9]},"properties":{"ptf_id":1135238,"ptf_ref":"KEJ4V6D","category":"ship_based_meteorological_sot_vos","ptf_model":"TURBOWIN+ MANUAL","wigos_ref":"0-22000-0-KEJ4V6D","country_name":"JAPAN","country_ship":null,"goos_networks":"VOS","ptf_family_name":"Ship Weather Station","country_iso_reporting":"JP","country_sensor_provider":null}},{"type":"Feature","geometry":{"type":"Point","coordinates":[126.6,37.48]},"properties":{"ptf_id":1135240,"ptf_ref":"FDWKMSB","category":"ship_based_meteorological_sot_vos","ptf_model":"TURBOWIN+ MANUAL","wigos_ref":"0-22000-0-FDWKMSB","country_name":"UK","country_ship":null,"goos_networks":"VOS","ptf_family_name":"Ship Weather Station","country_iso_reporting":"GB","country_sensor_provider":null}},{"type":"Feature","geometry":{"type":"Point","coordinates":[-17.14,9.46]},"properties":{"ptf_id":1135256,"ptf_ref":"YRZSQRB","category":"ship_based_meteorological_sot_vos","ptf_model":"EUCAWS/NEPTUNE","wigos_ref":"0-22000-0-YRZSQRB","country_name":"GERMANY","country_ship":null,"goos_networks":"VOS","ptf_family_name":"Ship Weather Station","country_iso_reporting":"DE","country_sensor_provider":null}},{"type":"Feature","geometry":{"type":"Point","coordinates":[58.96,15.41]},"properties":{"ptf_id":1135257,"ptf_ref":"FTN49LX","category":"ship_based_meteorological_sot_vos","ptf_model":"EUCAWS/NEPTUNE","wigos_ref":"0-22000-0-FTN49LX","country_name":"GERMANY","country_ship":null,"goos_networks":"VOS","ptf_family_name":"Ship Weather Station","country_iso_reporting":"DE","country_sensor_provider":null}},{"type":"Feature","geometry":{"type":"Point","coordinates":[103.77,1.27]},"properties":{"ptf_id":1135258,"ptf_ref":"3HPZXMS","category":"ship_based_meteorological_sot_vos","ptf_model":"EUCAWS/NEPTUNE","wigos_ref":"0-22000-0-3HPZXMS","country_name":"GERMANY","country_ship":null,"goos_networks":"VOS","ptf_family_name":"Ship Weather Station","country_iso_reporting":"DE","country_sensor_provider":null}},{"type":"Feature","geometry":{"type":"Point","coordinates":[97.59,6.05]},"properties":{"ptf_id":1135259,"ptf_ref":"RLAGC4C","category":"ship_based_meteorological_sot_vos","ptf_model":"EUCAWS/NEPTUNE","wigos_ref":"0-22000-0-RLAGC4C","country_name":"GERMANY","country_ship":null,"goos_networks":"VOS","ptf_family_name":"Ship Weather Station","country_iso_reporting":"DE","country_sensor_provider":null}},{"type":"Feature","geometry":{"type":"Point","coordinates":[1.2,51.9]},"properties":{"ptf_id":1135275,"ptf_ref":"7LLZZWH","category":"ship_based_meteorological_sot_vos","ptf_model":"TURBOWIN+ MANUAL","wigos_ref":"0-22000-0-7LLZZWH","country_name":"UK","country_ship":null,"goos_networks":"VOS","ptf_family_name":"Ship Weather Station","country_iso_reporting":"GB","country_sensor_provider":null}},{"type":"Feature","geometry":{"type":"Point","coordinates":[6.5,55]},"properties":{"ptf_id":1135279,"ptf_ref":"EZEWVFD","category":"ship_based_meteorological_sot_vos","ptf_model":"EUCAWS/NEPTUNE","wigos_ref":"0-22000-0-EZEWVFD","country_name":"GERMANY","country_ship":null,"goos_networks":"VOS","ptf_family_name":"Ship Weather Station","country_iso_reporting":"DE","country_sensor_provider":null}},{"type":"Feature","geometry":{"type":"Point","coordinates":[6.76,54.68]},"properties":{"ptf_id":1135280,"ptf_ref":"KQXP7JX","category":"ship_based_meteorological_sot_vos","ptf_model":"EUCAWS/NEPTUNE","wigos_ref":"0-22000-0-KQXP7JX","country_name":"GERMANY","country_ship":null,"goos_networks":"VOS","ptf_family_name":"Ship Weather Station","country_iso_reporting":"DE","country_sensor_provider":null}},{"type":"Feature","geometry":{"type":"Point","coordinates":[-11.7,33.9]},"properties":{"ptf_id":1135299,"ptf_ref":"QTLQSUC","category":"ship_based_meteorological_sot_vos","ptf_model":"TURBOWIN+ MANUAL","wigos_ref":"0-22000-0-QTLQSUC","country_name":"UK","country_ship":null,"goos_networks":"VOS","ptf_family_name":"Ship Weather Station","country_iso_reporting":"GB","country_sensor_provider":null}},{"type":"Feature","geometry":{"type":"Point","coordinates":[-95,29.68]},"properties":{"ptf_id":1135320,"ptf_ref":"DZSWUHG","category":"ship_based_meteorological_sot_vos","ptf_model":"EUCAWS/NEPTUNE","wigos_ref":"0-22000-0-DZSWUHG","country_name":"GERMANY","country_ship":null,"goos_networks":"VOS","ptf_family_name":"Ship Weather Station","country_iso_reporting":"DE","country_sensor_provider":null}},{"type":"Feature","geometry":{"type":"Point","coordinates":[-77.4,25.5]},"properties":{"ptf_id":1135361,"ptf_ref":"7RMMTCA","category":"ship_based_meteorological_sot_vos","ptf_model":"TURBOWIN+ AUTO","wigos_ref":"0-22000-0-7RMMTCA","country_name":"USA","country_ship":null,"goos_networks":"VOS","ptf_family_name":"Ship Weather Station","country_iso_reporting":"US","country_sensor_provider":null}},{"type":"Feature","geometry":{"type":"Point","coordinates":[-71.7,22.1]},"properties":{"ptf_id":1135362,"ptf_ref":"UUSYFYE","category":"ship_based_meteorological_sot_vos","ptf_model":"TURBOWIN+ AUTO","wigos_ref":"0-22000-0-UUSYFYE","country_name":"USA","country_ship":null,"goos_networks":"VOS","ptf_family_name":"Ship Weather Station","country_iso_reporting":"US","country_sensor_provider":null}},{"type":"Feature","geometry":{"type":"Point","coordinates":[-60.5,17.1]},"properties":{"ptf_id":1135365,"ptf_ref":"UEGYJVW","category":"ship_based_meteorological_sot_vos","ptf_model":"TURBOWIN","wigos_ref":"0-22000-0-UEGYJVW","country_name":"USA","country_ship":null,"goos_networks":"VOS","ptf_family_name":"Ship Weather Station","country_iso_reporting":"US","country_sensor_provider":null}},{"type":"Feature","geometry":{"type":"Point","coordinates":[-169.9,47]},"properties":{"ptf_id":1135370,"ptf_ref":"YUJW4NJ","category":"ship_based_meteorological_sot_vos","ptf_model":"GENERIC MANUAL","wigos_ref":"0-22000-0-YUJW4NJ","country_name":"USA","country_ship":null,"goos_networks":"VOS","ptf_family_name":"Ship Weather Station","country_iso_reporting":"US","country_sensor_provider":null}},{"type":"Feature","geometry":{"type":"Point","coordinates":[-118.1,33.7]},"properties":{"ptf_id":1135373,"ptf_ref":"KBZVF8K","category":"ship_based_meteorological_sot_vos","ptf_model":"TURBOWIN+ AUTO","wigos_ref":"0-22000-0-KBZVF8K","country_name":"USA","country_ship":null,"goos_networks":"VOS","ptf_family_name":"Ship Weather Station","country_iso_reporting":"US","country_sensor_provider":null}},{"type":"Feature","geometry":{"type":"Point","coordinates":[-89.1,28.4]},"properties":{"ptf_id":1135376,"ptf_ref":"9WY3WMY","category":"ship_based_meteorological_sot_vos","ptf_model":"TURBOWIN+ AUTO","wigos_ref":"0-22000-0-9WY3WMY","country_name":"USA","country_ship":null,"goos_networks":"VOS","ptf_family_name":"Ship Weather Station","country_iso_reporting":"US","country_sensor_provider":null}},{"type":"Feature","geometry":{"type":"Point","coordinates":[-27.6,49.1]},"properties":{"ptf_id":1135381,"ptf_ref":"6STYNMM","category":"ship_based_meteorological_sot_vos","ptf_model":"TURBOWIN+ AUTO","wigos_ref":"0-22000-0-6STYNMM","country_name":"USA","country_ship":null,"goos_networks":"VOS","ptf_family_name":"Ship Weather Station","country_iso_reporting":"US","country_sensor_provider":null}},{"type":"Feature","geometry":{"type":"Point","coordinates":[-82.2,6.9]},"properties":{"ptf_id":1135385,"ptf_ref":"DTHTG6W","category":"ship_based_meteorological_sot_vos","ptf_model":"TURBOWIN+ AUTO","wigos_ref":"0-22000-0-DTHTG6W","country_name":"USA","country_ship":null,"goos_networks":"VOS","ptf_family_name":"Ship Weather Station","country_iso_reporting":"US","country_sensor_provider":null}},{"type":"Feature","geometry":{"type":"Point","coordinates":[-94.1,7.6]},"properties":{"ptf_id":1135400,"ptf_ref":"RNLUJNF","category":"ship_based_meteorological_sot_vos","ptf_model":"TURBOWIN+ AUTO","wigos_ref":"0-22000-0-RNLUJNF","country_name":"USA","country_ship":null,"goos_networks":"VOS","ptf_family_name":"Ship Weather Station","country_iso_reporting":"US","country_sensor_provider":null}},{"type":"Feature","geometry":{"type":"Point","coordinates":[3.3,51.8]},"properties":{"ptf_id":1135401,"ptf_ref":"HEB5S4N","category":"ship_based_meteorological_sot_vos","ptf_model":"TURBOWIN+ AUTO","wigos_ref":"0-22000-0-HEB5S4N","country_name":"USA","country_ship":null,"goos_networks":"VOS","ptf_family_name":"Ship Weather Station","country_iso_reporting":"US","country_sensor_provider":null}},{"type":"Feature","geometry":{"type":"Point","coordinates":[-58.8,48.4]},"properties":{"ptf_id":1135408,"ptf_ref":"SBESXGT","category":"ship_based_meteorological_sot_vos","ptf_model":"GENERIC MANUAL","wigos_ref":"0-22000-0-SBESXGT","country_name":"USA","country_ship":null,"goos_networks":"VOS","ptf_family_name":"Ship Weather Station","country_iso_reporting":"US","country_sensor_provider":null}},{"type":"Feature","geometry":{"type":"Point","coordinates":[-74,40.6]},"properties":{"ptf_id":1135420,"ptf_ref":"6WDMX5E","category":"ship_based_meteorological_sot_vos","ptf_model":"TURBOWIN+ AUTO","wigos_ref":"0-22000-0-6WDMX5E","country_name":"USA","country_ship":null,"goos_networks":"VOS","ptf_family_name":"Ship Weather Station","country_iso_reporting":"US","country_sensor_provider":null}},{"type":"Feature","geometry":{"type":"Point","coordinates":[123.2,27.9]},"properties":{"ptf_id":1135422,"ptf_ref":"LQTFDEY","category":"ship_based_meteorological_sot_vos","ptf_model":"TURBOWIN+ AUTO","wigos_ref":"0-22000-0-LQTFDEY","country_name":"USA","country_ship":null,"goos_networks":"VOS","ptf_family_name":"Ship Weather Station","country_iso_reporting":"US","country_sensor_provider":null}},{"type":"Feature","geometry":{"type":"Point","coordinates":[-129.3,47.4]},"properties":{"ptf_id":1135423,"ptf_ref":"VHSDSKD","category":"ship_based_meteorological_sot_vos","ptf_model":"TURBOWIN+ AUTO","wigos_ref":"0-22000-0-VHSDSKD","country_name":"USA","country_ship":null,"goos_networks":"VOS","ptf_family_name":"Ship Weather Station","country_iso_reporting":"US","country_sensor_provider":null}},{"type":"Feature","geometry":{"type":"Point","coordinates":[-1.6,36.4]},"properties":{"ptf_id":1135426,"ptf_ref":"ZPXXCKC","category":"ship_based_meteorological_sot_vos","ptf_model":"TURBOWIN+ AUTO","wigos_ref":"0-22000-0-ZPXXCKC","country_name":"USA","country_ship":null,"goos_networks":"VOS","ptf_family_name":"Ship Weather Station","country_iso_reporting":"US","country_sensor_provider":null}},{"type":"Feature","geometry":{"type":"Point","coordinates":[-63.4,40.1]},"properties":{"ptf_id":1135428,"ptf_ref":"WFH5V9Y","category":"ship_based_meteorological_sot_vos","ptf_model":"TURBOWIN+ AUTO","wigos_ref":"0-22000-0-WFH5V9Y","country_name":"USA","country_ship":null,"goos_networks":"VOS","ptf_family_name":"Ship Weather Station","country_iso_reporting":"US","country_sensor_provider":null}},{"type":"Feature","geometry":{"type":"Point","coordinates":[33.9,27.5]},"properties":{"ptf_id":1135431,"ptf_ref":"WZDAQJU","category":"ship_based_meteorological_sot_vos","ptf_model":"TURBOWIN+ AUTO","wigos_ref":"0-22000-0-WZDAQJU","country_name":"USA","country_ship":null,"goos_networks":"VOS","ptf_family_name":"Ship Weather Station","country_iso_reporting":"US","country_sensor_provider":null}},{"type":"Feature","geometry":{"type":"Point","coordinates":[-93.6,29.1]},"properties":{"ptf_id":1135437,"ptf_ref":"4JECM2S","category":"ship_based_meteorological_sot_vos","ptf_model":"TURBOWIN+ AUTO","wigos_ref":"0-22000-0-4JECM2S","country_name":"USA","country_ship":null,"goos_networks":"VOS","ptf_family_name":"Ship Weather Station","country_iso_reporting":"US","country_sensor_provider":null}},{"type":"Feature","geometry":{"type":"Point","coordinates":[-90.3,29.9]},"properties":{"ptf_id":1135438,"ptf_ref":"ZKKTR6H","category":"ship_based_meteorological_sot_vos","ptf_model":"TURBOWIN+ AUTO","wigos_ref":"0-22000-0-ZKKTR6H","country_name":"USA","country_ship":null,"goos_networks":"VOS","ptf_family_name":"Ship Weather Station","country_iso_reporting":"US","country_sensor_provider":null}},{"type":"Feature","geometry":{"type":"Point","coordinates":[-83.8,23.9]},"properties":{"ptf_id":1135444,"ptf_ref":"GKHXP6R","category":"ship_based_meteorological_sot_vos","ptf_model":"TURBOWIN+ AUTO","wigos_ref":"0-22000-0-GKHXP6R","country_name":"USA","country_ship":null,"goos_networks":"VOS","ptf_family_name":"Ship Weather Station","country_iso_reporting":"US","country_sensor_provider":null}},{"type":"Feature","geometry":{"type":"Point","coordinates":[-97.5,27.8]},"properties":{"ptf_id":1135445,"ptf_ref":"5YP6DQU","category":"ship_based_meteorological_sot_vos","ptf_model":"GENERIC MANUAL","wigos_ref":"0-22000-0-5YP6DQU","country_name":"USA","country_ship":null,"goos_networks":"VOS","ptf_family_name":"Ship Weather Station","country_iso_reporting":"US","country_sensor_provider":null}},{"type":"Feature","geometry":{"type":"Point","coordinates":[133.8,32.2]},"properties":{"ptf_id":1135446,"ptf_ref":"4SPJQMP","category":"ship_based_meteorological_sot_vos","ptf_model":"TURBOWIN+ AUTO","wigos_ref":"0-22000-0-4SPJQMP","country_name":"USA","country_ship":null,"goos_networks":"VOS","ptf_family_name":"Ship Weather Station","country_iso_reporting":"US","country_sensor_provider":null}},{"type":"Feature","geometry":{"type":"Point","coordinates":[-97.4,27.8]},"properties":{"ptf_id":1135447,"ptf_ref":"UPUVYTL","category":"ship_based_meteorological_sot_vos","ptf_model":"TURBOWIN+ AUTO","wigos_ref":"0-22000-0-UPUVYTL","country_name":"USA","country_ship":null,"goos_networks":"VOS","ptf_family_name":"Ship Weather Station","country_iso_reporting":"US","country_sensor_provider":null}},{"type":"Feature","geometry":{"type":"Point","coordinates":[-93.5,29]},"properties":{"ptf_id":1135448,"ptf_ref":"GGE45LE","category":"ship_based_meteorological_sot_vos","ptf_model":"TURBOWIN+ AUTO","wigos_ref":"0-22000-0-GGE45LE","country_name":"USA","country_ship":null,"goos_networks":"VOS","ptf_family_name":"Ship Weather Station","country_iso_reporting":"US","country_sensor_provider":null}},{"type":"Feature","geometry":{"type":"Point","coordinates":[-77.4,14]},"properties":{"ptf_id":1135449,"ptf_ref":"VAMBQEM","category":"ship_based_meteorological_sot_vos","ptf_model":"TURBOWIN+ AUTO","wigos_ref":"0-22000-0-VAMBQEM","country_name":"USA","country_ship":null,"goos_networks":"VOS","ptf_family_name":"Ship Weather Station","country_iso_reporting":"US","country_sensor_provider":null}},{"type":"Feature","geometry":{"type":"Point","coordinates":[170.63,-45.81]},"properties":{"ptf_id":1135458,"ptf_ref":"9RM2K8C","category":"ship_based_meteorological_sot_vos","ptf_model":"EUCAWS/NEPTUNE","wigos_ref":"0-22000-0-9RM2K8C","country_name":"GERMANY","country_ship":null,"goos_networks":"VOS","ptf_family_name":"Ship Weather Station","country_iso_reporting":"DE","country_sensor_provider":null}},{"type":"Feature","geometry":{"type":"Point","coordinates":[-77.62,-17.32]},"properties":{"ptf_id":1135459,"ptf_ref":"TAKFBTD","category":"ship_based_meteorological_sot_vos","ptf_model":"EUCAWS/NEPTUNE","wigos_ref":"0-22000-0-TAKFBTD","country_name":"GERMANY","country_ship":null,"goos_networks":"VOS","ptf_family_name":"Ship Weather Station","country_iso_reporting":"DE","country_sensor_provider":null}},{"type":"Feature","geometry":{"type":"Point","coordinates":[110.9,13]},"properties":{"ptf_id":1135461,"ptf_ref":"WBPK7AV","category":"ship_based_meteorological_sot_vos","ptf_model":"TURBOWIN+ MANUAL","wigos_ref":"0-22000-0-WBPK7AV","country_name":"GERMANY","country_ship":null,"goos_networks":"VOS","ptf_family_name":"Ship Weather Station","country_iso_reporting":"DE","country_sensor_provider":null}}]}
